batch	author	quote	verdict	reason_or_source
batch_d01	John Rawls	Justice is the first virtue of social institutions, as truth is of systems of thought.	accepted	A Theory of Justice (1971), opening sentence
batch_d01	John Rawls	A theory however elegant and economical must be rejected or revised if it is untrue; likewise laws and institutions no m	accepted	A Theory of Justice (1971)
batch_d01	John Rawls	Being first virtues of human activities, truth and justice are uncompromising.	accepted	A Theory of Justice (1971)
batch_d01	Hannah Arendt	The sad truth is that most evil is done by people who never make up their minds to be good or evil.	accepted	The Life of the Mind (1978), "Thinking"
batch_d01	Hannah Arendt	The fearsome, word-and-thought-defying banality of evil.	accepted	Eichmann in Jerusalem (1963), ch. 15
batch_d01	Hannah Arendt	There are no dangerous thoughts, thinking itself is dangerous.	accepted	"Thinking and Moral Considerations: A Lecture", Social Research, Vol. 38, No. 3 (Autumn 1971), p. 435
batch_d01	Hannah Arendt	Man cannot be free if he does not know that he is subject to necessity, because his freedom is always won in his never w	accepted	The Human Condition (1958), part 3, chapter 16
batch_d01	Hannah Arendt	If a given science accidentally reached its goal, this would by no means stop the workers in the field, who would be dri	accepted	The Life of the Mind, p. 55
batch_d01	Hannah Arendt	The defiance of established authority, religious and secular, social and political, as a world-wide phenomenon may well 	accepted	Crises of the Republic, "Civil Disobedience"
batch_d01	Simone Weil	Attachment is a manufacturer of illusions and whoever wants reality ought to be detached.	accepted	Gravity and Grace (1947)
batch_d01	Simone Weil	Human misery would be intolerable if it were not diluted in time. We have to prevent it from being diluted in order that	accepted	Gravity and Grace (1947)
batch_d01	Simone Weil	Imaginary evil is romantic and varied; real evil is gloomy, monotonous, barren, boring. Imaginary good is boring; real g	accepted	Gravity and Grace (1947)
batch_d01	Baruch Spinoza	A free man thinks of death least of all things; and his wisdom is a meditation not of death but of life	accepted	Ethics (1677), Part IV, Prop. LXVII
batch_d01	Baruch Spinoza	Truth is a standard both of itself and of falsity	accepted	Ethics (1677), Part II, Prop. XLIII, Scholium
batch_d01	Baruch Spinoza	God is the Immanent Cause of all things, never truly transcendent from them	accepted	Ethics (1677), Part I, Prop. XVIII
batch_d01	Baruch Spinoza	The object of government is not to change men from rational beings into beasts or puppets, but to enable them to develop	accepted	Tractatus Theologico-Politicus (1670)
batch_d01	John Stuart Mill	The only purpose for which power can be rightfully exercised over any member of a civilized community, against his will,	accepted	On Liberty (1859), Ch. 1: Introductory
batch_d01	John Stuart Mill	If all mankind minus one, were of one opinion, and only one person were of the contrary opinion, mankind would be no mor	accepted	On Liberty (1859), Ch. 2: Of the Liberty of Thought and Discussion
batch_d01	John Stuart Mill	I regard utility as the ultimate appeal on all ethical questions; but it must be utility in the largest sense, grounded 	accepted	On Liberty (1859), Ch. 1: Introductory
batch_d01	John Stuart Mill	The only freedom which deserves the name, is that of pursuing our own good in our own way, so long as we do not attempt 	accepted	On Liberty (1859), Ch. 1: Introductory
batch_d01	John Stuart Mill	The creed which accepts as the foundation of morals, Utility, or the Greatest Happiness Principle, holds that actions ar	accepted	Utilitarianism (1861), Ch. 2
batch_d01	John Stuart Mill	It is better to be a human being dissatisfied than a pig satisfied; better to be Socrates dissatisfied than a fool satis	accepted	Utilitarianism (1861), Ch. 2
batch_d01	Jean-Jacques Rousseau	Man is born free; and everywhere he is in chains. One thinks himself the master of others, and still remains a greater s	accepted	The Social Contract (1762), Book I, Ch. 3
batch_d01	Jean-Jacques Rousseau	The strongest is never strong enough always to be master, unless he transforms strength into right, and obedience into d	accepted	The Social Contract (1762), Book I, Ch. 3
batch_d01	Jean-Jacques Rousseau	To renounce liberty is to renounce being a man, to surrender the rights of humanity and even its duties. For him who ren	accepted	The Social Contract (1762), Book I, Ch. 4
batch_d01	Jean-Jacques Rousseau	There are two kinds of dependence: dependence on things, which is the work of nature; and dependence on men, which is th	accepted	Emile, or On Education (1762)
batch_d01	Jean-Jacques Rousseau	Nature never deceives us; it is always we who deceive ourselves.	accepted	Emile, or On Education (1762), Book III
batch_d01	Thomas Hobbes	Hereby it is manifest, that during the time men live without a common Power to keep them all in awe, they are in that co	accepted	Leviathan (1651), Part I, Ch. 13
batch_d01	Thomas Hobbes	And because the condition of Man, is a condition of Warre of every one against everyone; in which case every one is gove	accepted	Leviathan (1651), Part I, Ch. 14
batch_d01	Michel Foucault	The soul is the prison of the body	accepted	Discipline and Punish (1977 Alan Sheridan translation), p. 30
batch_d01	Michel Foucault	Is it surprising that prisons resemble factories, schools, barracks, hospitals, which all resemble prisons?	accepted	Discipline and Punish (1977 Alan Sheridan translation), p. 228
batch_d01	Georg Wilhelm Friedrich Hegel	The force of mind is only as great as its expression; its depth only as deep as its power to expand and lose itself.	accepted	The Phenomenology of Spirit (1807), Preface
batch_d01	Georg Wilhelm Friedrich Hegel	To help bring philosophy closer to the form of Science, to the goal where it can lay aside the title 'love of knowing' a	accepted	The Phenomenology of Spirit (1807), Preface
batch_d01	Georg Wilhelm Friedrich Hegel	The Spirit shows itself as so impoverished that, like a wanderer in the desert craving for a mere mouthful of water, it 	accepted	The Phenomenology of Spirit (1807), Preface
batch_d01	Georg Wilhelm Friedrich Hegel	The owl of Minerva spreads its wings only with the falling of the dusk	accepted	Elements of the Philosophy of Right (1820), Preface
batch_d01	Isaiah Berlin	Everything is what it is: liberty is liberty, not equality or fairness or justice or culture, or human happiness or a qu	accepted	"Two Concepts of Liberty" (1958)
batch_d01	Immanuel Kant	Human reason has the peculiar fate that in one species of its knowledge it is burdened by questions which it is not able	accepted	Critique of Pure Reason (1781), Preface (A vii)
batch_d01	Mary Wollstonecraft	In the present state of society it appears necessary to go back to first principles in search of the most simple truths,	accepted	A Vindication of the Rights of Woman (1792), Ch. 1
batch_d01	Mary Wollstonecraft	Should it be proved that woman is naturally weaker than man, from whence does it follow that it is natural for her to la	accepted	A Vindication of the Rights of Woman (1792), Ch. 3
batch_d01	Mary Wollstonecraft	Taught from their infancy that beauty is woman's sceptre, the mind shapes itself to the body, and roaming round its gilt	accepted	A Vindication of the Rights of Woman (1792), Ch. 3
batch_d01	Mary Wollstonecraft	It is justice, not charity, that is wanting in the world.	accepted	A Vindication of the Rights of Woman (1792), Ch. 4
batch_d01	Mary Wollstonecraft	It would be an endless task to trace the variety of meannesses, cares, and sorrows, into which women are plunged by the 	accepted	A Vindication of the Rights of Woman (1792), Ch. 4
batch_d01	Mary Wollstonecraft	A modest man is steady, an humble man timid, and a vain one presumptuous.	accepted	A Vindication of the Rights of Woman (1792), Ch. 7
batch_d01	Mary Wollstonecraft	It is vain to expect virtue from women till they are in some degree independent of men; nay, it is vain to expect that s	accepted	A Vindication of the Rights of Woman (1792), Ch. 9
batch_d01	Ludwig Wittgenstein	Philosophy aims at the logical clarification of thoughts. Philosophy is not a body of doctrine but an activity.	accepted	Tractatus Logico-Philosophicus (1921), proposition 4.112
batch_d01	Ludwig Wittgenstein	It is quite impossible for a proposition to state that it itself is true.	accepted	Tractatus Logico-Philosophicus (1921)
batch_d01	David Hume	It is certain that the easy and obvious philosophy will always, with the generality of mankind, have the preference abov	accepted	An Enquiry Concerning Human Understanding (1748), Section I: Of the Different Species of Philosophy
batch_d01	David Hume	Be a philosopher; but amidst all your philosophy, be still a man.	accepted	An Enquiry Concerning Human Understanding (1748), Section I: Of the Different Species of Philosophy
batch_d01	David Hume	All our ideas or more feeble perceptions are copies of our impressions or more lively ones	accepted	An Enquiry Concerning Human Understanding (1748), Section II: Of the Origin of Ideas
batch_d01	David Hume	When we analyze our thoughts or ideas, however compounded or sublime, we always find that they resolve themselves into s	accepted	An Enquiry Concerning Human Understanding (1748), Section II: Of the Origin of Ideas
batch_d01	David Hume	No testimony is sufficient to establish a miracle, unless the testimony be of such a kind, that its falsehood would be m	accepted	An Enquiry Concerning Human Understanding (1748), Section X: Of Miracles
batch_d01	David Hume	Nothing is more usual and more natural for those, who pretend to discover anything new to the world in philosophy and th	accepted	A Treatise of Human Nature (1739-40), Introduction
batch_d01	David Hume	no truth appears to me more evident, than that beasts are endow'd with thought and reason as well as men	accepted	A Treatise of Human Nature (1739-40), Book 1, Part 3, Section 16
batch_d01	Emma Goldman	The philosophy of a new social order based on liberty unrestricted by man-made law; the theory that all forms of governm	accepted	Anarchism and Other Essays (1910), "Anarchism: What It Really Stands For"
batch_d01	Emma Goldman	People are either not familiar with their history, or they have not yet learned that revolution is but thought carried i	accepted	Anarchism and Other Essays (1910)
batch_d01	Emma Goldman	There is no greater fallacy than the belief that aims and purposes are one thing, while methods and tactics are another.	accepted	My Disillusionment in Russia (1923)
batch_d01	Emma Goldman	Revolution is the negation of the existing, a violent protest against man's inhumanity to man with all the thousand and 	accepted	My Disillusionment in Russia (1923)
batch_d01	Adam Smith	As to love our neighbour as we love ourselves is the great law of Christianity, so it is the great precept of nature to 	accepted	The Theory of Moral Sentiments (1759), Section I, Ch. 5
batch_d01	Montesquieu	Liberty is the right of doing whatever the laws permit	accepted	The Spirit of the Laws (1748), Book XI, Ch. 3
batch_d01	Montesquieu	Useless laws weaken the necessary laws	accepted	The Spirit of the Laws (1748), Book XXIX, Ch. 16
batch_d01	Montesquieu	As virtue is necessary in a republic, and in a monarchy honour, so fear is necessary in a despotic government	accepted	The Spirit of the Laws (1748), Book III, Ch. 9
batch_d01	Montesquieu	Peace is the natural effect of trade. Two nations who traffic with each other become reciprocally dependent	accepted	The Spirit of the Laws (1748), Book XX, Ch. 2
batch_d01	Montesquieu	The public business must be carried on with a certain motion, neither too quick nor too slow	accepted	The Spirit of the Laws (1748), Book II, Ch. 2
batch_d01	Montesquieu	One must give one power a ballast, so to speak, to put it in a position to resist another	accepted	The Spirit of the Laws (1748), Book V, Ch. 14
batch_d01	Karl Popper	The game of science is, in principle, without end. He who decides one day that scientific statements do not call for any	accepted	The Logic of Scientific Discovery, Ch. 2: On the Problem of a Theory of Scientific Method, Sect. 11, p. 32
batch_d01	Karl Popper	no matter how many instances of white swans we may have observed, this does not justify the conclusion that all swans ar	accepted	The Logic of Scientific Discovery, Ch. 1: A Survey of Some Fundamental Problems, Sect. 1: The Problem of Induction, p. 4
batch_d01	Karl Popper	We must plan for freedom, and not only for security.	accepted	The Open Society and Its Enemies (1945)
batch_d01	Karl Popper	The open society is one in which men have learned to be to some extent critical of taboos, and to base decisions on the 	accepted	The Open Society and Its Enemies (1945), Vol. 1, Notes to the Introduction
batch_d02	Sandra Day O'Connor	I do not believe it is the function of the judiciary to step in and change the law because the times have changed. I do 	accepted	The Washington Post (1981), 10 September 1981
batch_d02	Sandra Day O'Connor	The proper role of the judiciary is one of interpreting and applying the law, not making it.	accepted	Testimony at her confirmation hearing, as reported in The New York Times (1984), 23 February 1984
batch_d02	Sandra Day O'Connor	It is difficult to discern a serious threat to religious liberty from a room of silent, thoughtful schoolchildren.	accepted	Wallace v. Jaffree, 472 U.S. 38 (1985), concurring opinion
batch_d02	Sandra Day O'Connor	The Constitution does not protect the sovereignty of States for the benefit of the States or state governments as abstra	accepted	New York v. United States, 505 U.S. 144 (1992)
batch_d02	Barbara Jordan	Earlier today we heard the beginning of the Preamble to the Constitution of the United States. 'We the people.' It is a 	accepted	Statement before the House Judiciary Committee considering the impeachment of President Richard M. Nixon (1974), 25 July 1974
batch_d02	Barbara Jordan	My faith in the Constitution is whole; it is complete; it is total. I am not going to sit here and be an idle spectator 	accepted	Statement before the House Judiciary Committee considering the impeachment of President Richard M. Nixon (1974), 25 July 1974
batch_d02	Barbara Jordan	This country can ill afford to continue to function using less than half of its human resources, less than half its kine	accepted	Keynote address, Democratic National Convention (1992), 13 July 1992
batch_d02	Thurgood Marshall	But, above all else, the First Amendment means that government has no power to restrict expression because of its messag	accepted	Police Department of the City of Chicago v. Mosley, 408 U.S. 92 (1972)
batch_d02	Thurgood Marshall	To permit the continued building of our politics and culture, and to assure self-fulfillment for each individual, our pe	accepted	Police Department of the City of Chicago v. Mosley, 408 U.S. 92 (1972)
batch_d02	Thurgood Marshall	When the prison gates slam behind an inmate, he does not lose his human quality; his mind does not become closed to idea	accepted	Procunier v. Martinez, 416 U.S. 396 (1974), concurring opinion
batch_d02	Thurgood Marshall	The experience of Negroes in America has been different in kind, not just in degree, from that of other ethnic groups. I	accepted	Regents of the University of California v. Bakke, 438 U.S. 265 (1978), at 400-401
batch_d02	Thurgood Marshall	We will only attain freedom if we learn to appreciate what is different, and muster the courage to discover what is fund	accepted	Speech before the Annual Judicial Conference of the Second Circuit (1990), 6 September 1990
batch_d02	Louis D. Brandeis	Publicity is justly commended as a remedy for social and industrial diseases. Sunlight is said to be the best of disinfe	accepted	Other People's Money - and How Bankers Use It (1914)
batch_d02	Louis D. Brandeis	If we would guide by the light of reason, we must let our minds be bold	accepted	New State Ice Co. v. Liebmann, 285 U.S. 262 (1932), dissenting opinion
batch_d02	Louis D. Brandeis	The intensity and complexity of life, attendant upon advancing civilization, have rendered necessary some retreat from t	accepted	The Right to Privacy (1890), 4 Harvard Law Review 193, 196
batch_d02	Louis D. Brandeis	What are the American ideals? They are the development of the individual for his own and the common good; the developmen	accepted	True Americanism (1915)
batch_d02	Ruth Bader Ginsburg	In sum, the Court's conclusion that a constitutionally adequate recount is impractical is a prophecy the Court's own jud	accepted	Bush v. Gore, 531 U.S. 98 (2000), dissenting opinion
batch_d02	Ruth Bader Ginsburg	Throwing out preclearance when it has worked and is continuing to work to stop discriminatory changes is like throwing a	accepted	Shelby County v. Holder, 570 U.S. 529 (2013), dissenting opinion
batch_d02	Robert H. Jackson	The very purpose of a Bill of Rights was to withdraw certain subjects from the vicissitudes of political controversy, to	accepted	West Virginia State Board of Education v. Barnette, 319 U.S. 624 (1943), at 638
batch_d02	Robert H. Jackson	We set up government by consent of the governed, and the Bill of Rights denies those in power any legal opportunity to c	accepted	West Virginia State Board of Education v. Barnette, 319 U.S. 624 (1943), at 641
batch_d02	Earl Warren	We conclude that, in the field of public education, the doctrine of 'separate but equal' has no place. Separate educatio	accepted	Brown v. Board of Education, 347 U.S. 483 (1954), opinion of the Court
batch_d02	Earl Warren	In these days, it is doubtful that any child may reasonably be expected to succeed in life if he is denied the opportuni	accepted	Brown v. Board of Education, 347 U.S. 483 (1954), opinion of the Court
batch_d02	Robert F. Kennedy	This is a Day of Affirmation, a celebration of liberty. We stand here in the name of freedom. At the heart of that Weste	accepted	Day of Affirmation Address, University of Cape Town (1966), 6 June 1966; Congressional Record, vol. 112, p. 12430
batch_d02	Robert F. Kennedy	The essential humanity of men can be protected and preserved only where government must answer - not just to the wealthy	accepted	Day of Affirmation Address, University of Cape Town (1966), 6 June 1966
batch_d02	Robert F. Kennedy	We must recognize the full human equality of all of our people before God, before the law, and in the councils of govern	accepted	Day of Affirmation Address, University of Cape Town (1966), 6 June 1966
batch_d02	Adlai Stevenson	Words calculated to catch everyone may catch no one	accepted	Address to the Democratic National Convention, Chicago, Illinois (1952), 21 July 1952; published in Speeches of Adlai Stevenson (1952)
batch_d02	Shirley Chisholm	I was well on the way to forming my present attitude toward politics as it is practiced in the United States; it is a be	accepted	Unbought and Unbossed (1970)
batch_d02	Shirley Chisholm	Congress seems drugged and inert most of the time. Even when the problems it ignores build up to crises and erupt in str	accepted	Unbought and Unbossed (1970)
batch_d02	Shirley Chisholm	I don't measure America by its achievement but by its potential.	accepted	Unbought and Unbossed (1970)
batch_d02	Shirley Chisholm	When I wrote my campaign slogan, 'Unbossed and Unbought,' it was an expression of what I believe I was and what I want t	accepted	Unbought and Unbossed (1970)
batch_d02	Ulysses S. Grant	For the present, and so long as there are living witnesses of the great war of sections, there will be people who will n	accepted	Personal Memoirs of General U. S. Grant (1885), Ch. 12
batch_d02	Ulysses S. Grant	The right of revolution is an inherent one. When people are oppressed by their government, it is a natural right they en	accepted	Personal Memoirs of General U. S. Grant (1885), Ch. 16
batch_d02	Ulysses S. Grant	The Southern rebellion was largely the outgrowth of the Mexican war. Nations, like individuals, are punished for their t	accepted	Personal Memoirs of General U. S. Grant (1885), Ch. 3
batch_d02	Learned Hand	The spirit of liberty is the spirit which is not too sure that it is right; the spirit of liberty is the spirit which se	accepted	Speech at the 'I Am an American Day' ceremony, Central Park, New York City (1944), 21 May 1944; published in The Spirit of Liberty, 3rd edition (1960), ed. Irving Dilliard, p. 190
batch_d02	Learned Hand	Liberty lies in the hearts of men and women; when it dies there, no constitution, no law, no court can save it	accepted	Speech at the 'I Am an American Day' ceremony, Central Park, New York City (1944), 21 May 1944; published in The Spirit of Liberty, 3rd edition (1960), ed. Irving Dilliard, p. 190
batch_d02	Learned Hand	It is not the ruthless, the unbridled will; it is not the freedom to do as one likes. That is the denial of liberty and 	accepted	Speech at the 'I Am an American Day' ceremony, Central Park, New York City (1944), 21 May 1944; published in The Spirit of Liberty, 3rd edition (1960), ed. Irving Dilliard, p. 190
batch_d02	Hugo Black	The First Amendment has erected a wall between church and state. That wall must be kept high and impregnable. We could n	accepted	Everson v. Board of Education, 330 U.S. 1 (1947), opinion of the Court
batch_d02	Hugo Black	An unconditional right to say what one pleases about public affairs is what I consider to be the minimum guarantee of th	accepted	New York Times Co. v. United States, 403 U.S. 713 (1971), concurring opinion
batch_d02	Margaret Chase Smith	I do not want to see the Republican party ride to political victory on the Four Horsemen of Calumny—Fear, Ignorance, Big	accepted	Declaration of Conscience, speech in the United States Senate (1950), 1 June 1950
batch_d02	Margaret Chase Smith	The American people are sick and tired of being afraid to speak their minds lest they be politically smeared as 'Communi	accepted	Declaration of Conscience, speech in the United States Senate (1950), 1 June 1950
batch_d02	Margaret Chase Smith	The Constitution, as amended, speaks not only of the freedom of speech but also of trial by jury instead of trial by acc	accepted	Declaration of Conscience, speech in the United States Senate (1950), 1 June 1950
batch_d02	Margaret Chase Smith	We are Republicans. But we are Americans first. It is as Americans that we express our concern with the growing confusio	accepted	Declaration of Conscience, speech in the United States Senate (1950), 1 June 1950
batch_d02	Margaret Chase Smith	As a United States senator, I am not proud of the way in which the Senate has been made a publicity platform for irrespo	accepted	Declaration of Conscience, speech in the United States Senate (1950), 1 June 1950
batch_d02	John Marshall	It is emphatically the province and duty of the judicial department to say what the law is.	accepted	Marbury v. Madison, 5 U.S. (1 Cranch) 137 (1803), opinion of the Court
batch_d02	John Marshall	Let the end be legitimate, let it be within the scope of the constitution, and all means which are appropriate, which ar	accepted	McCulloch v. Maryland, 17 U.S. (4 Wheat.) 316 (1819), opinion of the Court
batch_d02	John Marshall	The power to tax involves the power to destroy.	accepted	McCulloch v. Maryland, 17 U.S. (4 Wheat.) 316 (1819), opinion of the Court
batch_d02	John Marshall	We must never forget that it is a constitution we are expounding.	accepted	McCulloch v. Maryland, 17 U.S. (4 Wheat.) 316 (1819), opinion of the Court
batch_d02	Daniel Webster	The people's government, made for the people, made by the people, and answerable to the people.	accepted	Second Reply to Hayne, speech in the United States Senate (1830), 26-27 January 1830; Gales & Seaton's Register of Debates in Congress, Vol. VI, p. 58
batch_d02	Daniel Webster	And now, Mr. President, instead of speaking of the possibility or utility of secession, instead of dwelling in these cav	rejected	quote length 719 chars / 133 words outside 20-600 and >=4
batch_d02	Daniel Webster	Liberty and Union, now and forever, one and inseparable!	accepted	Second Reply to Hayne, speech in the United States Senate (1830), 26-27 January 1830
batch_d02	Hubert Humphrey	My friends, to those who say that we are rushing this issue of civil rights, I say to them we are 172 years late. To tho	accepted	Address to the Democratic National Convention, Convention Hall, Philadelphia (1948), 14 July 1948
batch_d02	Hubert Humphrey	We can't use a double standard — there's no room for double standards in American politics — for measuring our own and o	accepted	Address to the Democratic National Convention, Convention Hall, Philadelphia (1948), 14 July 1948
batch_d02	Sonia Sotomayor	Awareness that the Government may be watching chills associational and expressive freedoms. And the Government's unrestr	accepted	United States v. Jones, 565 U.S. 400 (2012), concurring opinion
batch_d02	Sonia Sotomayor	I would hope that a wise Latina woman with the richness of her experiences would more often than not reach a better conc	accepted	Address to the Raising the Bar symposium (2001)
batch_d02	Woodrow Wilson	It is a fearful thing to lead this great peaceful people into war, into the most terrible and disastrous of all wars, ci	accepted	War Message to Congress (1917), 2 April 1917
batch_d02	Woodrow Wilson	To such a task we can dedicate our lives and our fortunes, everything that we are and everything that we have, with the 	accepted	War Message to Congress (1917), 2 April 1917
batch_d02	Woodrow Wilson	We have no quarrel with the German people. We have no feeling towards them but one of sympathy and friendship. It was no	accepted	Address to a Joint Session of Congress requesting a Declaration of War against Germany (1917), 2 April 1917
batch_d02	John Lewis	I appeal to all of you to get into this great revolution that is sweeping this nation. Get in and stay in the streets of	accepted	Speech at the March on Washington for Jobs and Freedom (1963), 28 August 1963
batch_d02	Oliver Wendell Holmes Jr.	It is a question of proximity and degree.	accepted	Schenck v. United States, 249 U.S. 47 (1919), opinion of the Court
batch_d02	Oliver Wendell Holmes Jr.	It is an experiment, as all life is an experiment.	accepted	Abrams v. United States, 250 U.S. 616 (1919), dissenting opinion
batch_d02	Oliver Wendell Holmes Jr.	Only the emergency that makes it immediately dangerous to leave the correction of evil counsels to time warrants making 	accepted	Abrams v. United States, 250 U.S. 616 (1919), dissenting opinion
batch_d02	Frederick Douglass	What, to the American slave, is your 4th of July? I answer: a day that reveals to him, more than all other days in the y	accepted	What to the Slave Is the Fourth of July?, speech at Corinthian Hall, Rochester, New York (1852), 5 July 1852
batch_d02	Frederick Douglass	The 4th of July is the first great fact in your nation's history — the very ring-bolt in the chain of your yet undevelop	accepted	What to the Slave Is the Fourth of July?, speech at Corinthian Hall, Rochester, New York (1852), 5 July 1852
batch_d02	Frederick Douglass	This Fourth of July is yours, not mine. You may rejoice, I must mourn. To drag a man in fetters into the grand illuminat	accepted	What to the Slave Is the Fourth of July?, speech at Corinthian Hall, Rochester, New York (1852), 5 July 1852
batch_d02	Frederick Douglass	For it is not light that is needed, but fire; it is not the gentle shower, but thunder. We need the storm, the whirlwind	accepted	What to the Slave Is the Fourth of July?, speech at Corinthian Hall, Rochester, New York (1852), 5 July 1852
batch_d03	Jawaharlal Nehru	Long years ago, we made a tryst with destiny; and now the time comes when we shall redeem our pledge, not wholly or in f	accepted	Tryst with Destiny, speech to the Indian Constituent Assembly, Parliament House, New Delhi (14 August 1947)
batch_d03	Jawaharlal Nehru	At the stroke of the midnight hour, when the world sleeps, India will awake to life and freedom.	accepted	Tryst with Destiny, speech to the Indian Constituent Assembly, Parliament House, New Delhi (14 August 1947)
batch_d03	Jawaharlal Nehru	A moment comes, which comes but rarely in history, when we step out from the old to the new -- when an age ends, and whe	accepted	Tryst with Destiny, speech to the Indian Constituent Assembly, Parliament House, New Delhi (14 August 1947)
batch_d03	Jawaharlal Nehru	It is fitting that at this solemn moment we take the pledge of dedication to the service of India, and her people, and t	accepted	Tryst with Destiny, speech to the Indian Constituent Assembly, Parliament House, New Delhi (14 August 1947)
batch_d03	Václav Havel	Anyone who takes himself too seriously always runs the risk of looking ridiculous; anyone who can consistently laugh at 	accepted	Disturbing the Peace (1986)
batch_d03	Václav Havel	Hope is definitely not the same thing as optimism. It is not the conviction that something will turn out well, but the c	accepted	Disturbing the Peace (1986)
batch_d03	Václav Havel	Modern man must descend the spiral of his own absurdity to the lowest point; only then can he look beyond it.	accepted	Disturbing the Peace (1986)
batch_d03	Václav Havel	If the world is to change for the better it must start with a change in human consciousness, in the very humanness of mo	accepted	Disturbing the Peace (1986)
batch_d03	Václav Havel	Human beings are compelled to live within a lie, but they can be compelled to do so only because they are in fact capabl	accepted	The Power of the Powerless (1978), essay
batch_d03	Václav Havel	The worst thing is that we live in a contaminated moral environment. We fell morally ill because we became used to sayin	accepted	New Year's Address to the Nation (1 January 1990)
batch_d03	Václav Havel	We had all become used to the totalitarian system and accepted it as an unchangeable fact and thus helped to perpetuate 	accepted	New Year's Address to the Nation (1 January 1990)
batch_d03	Nelson Mandela	During my lifetime I have dedicated my life to this struggle of the African people. I have fought against white dominati	accepted	I Am Prepared to Die, statement from the dock at the opening of the defence case, Rivonia Trial, Pretoria Supreme Court (20 April 1964)
batch_d03	Lee Kuan Yew	If Singapore is a nanny state, then I am proud to have fostered one.	accepted	From Third World to First: The Singapore Story, 1965-2000 (2000)
batch_d03	Charles de Gaulle	Believe me, I speak to you with full knowledge of the facts and tell you that nothing is lost for France. The same means	accepted	Appeal of 18 June (Appel du 18 juin), BBC radio broadcast from London (18 June 1940)
batch_d03	Charles de Gaulle	Whatever happens, the flame of the French resistance must not be extinguished and will not be extinguished. Tomorrow, as	accepted	Appeal of 18 June (Appel du 18 juin), BBC radio broadcast from London (18 June 1940)
batch_d03	Charles de Gaulle	All my life, I have had a certain idea of France	accepted	Mémoires de guerre (War Memoirs), opening words
batch_d03	Charles de Gaulle	France cannot be France without greatness	accepted	Mémoires de guerre (War Memoirs)
batch_d03	Charles de Gaulle	Difficulty attracts a man of character, for it is by embracing it that he fulfills himself	accepted	Mémoires de guerre (War Memoirs)
batch_d03	Kwame Nkrumah	Capitalism is too complicated a system for a newly independent nation. Hence the need for a socialistic society.	accepted	Ghana: The Autobiography of Kwame Nkrumah (1957)
batch_d03	Kwame Nkrumah	African states must unite or sell themselves out to imperialist and colonialist exploiters for a mess of pottage.	accepted	Handbook of Revolutionary Warfare (1968)
batch_d03	Mahatma Gandhi	We were one nation before they came to India. One thought inspired us. Our mode of life was the same. It was because we 	accepted	Hind Swaraj (1909)
batch_d03	Mahatma Gandhi	Civilization is that mode of conduct which points out to man the path of duty. Performance of duty and observance of mor	accepted	Hind Swaraj (1909)
batch_d03	Mahatma Gandhi	Good government is no substitute for self-government.	accepted	Young India
batch_d03	Mahatma Gandhi	Politics without principle, wealth without work, pleasure without conscience, knowledge without character, commerce with	accepted	Young India, the Seven Social Sins
batch_d03	Mikhail Gorbachev	If the Russian word "perestroika" has easily entered the international lexicon, this is due to more than just interest i	accepted	Perestroika: New Thinking for Our Country and the World (1987)
batch_d03	Mikhail Gorbachev	The essence of perestroika lies in the fact that it unites socialism with democracy and revives the Leninist concept of 	accepted	Perestroika: New Thinking for Our Country and the World (1987)
batch_d03	Mikhail Gorbachev	For all the contradictions of the present-day world, for all the diversity of social and political systems in it, and fo	accepted	Perestroika: New Thinking for Our Country and the World (1987)
batch_d03	Mustafa Kemal Atatürk	O Turkish child of future generations! As you see, even under these circumstances and conditions, it is your duty to sav	accepted	Address to Turkish Youth, closing of the Nutuk (20 October 1927)
batch_d03	Mustafa Kemal Atatürk	You are the oldest democracy of the New World. We are the youngest democracy of the Old World. You, the great democracy 	accepted	Remarks to the American Ambassador (1927)
batch_d03	Mao Zedong	A revolution is an insurrection, an act of violence by which one class overthrows another	accepted	Report on an Investigation of the Peasant Movement in Hunan (March 1927), Selected Works, Vol. I, p. 28
batch_d03	Zhou Enlai	All diplomacy is a continuation of war by other means.	accepted	Saturday Evening Post (27 March 1954)
batch_d03	Sun Yat-sen	The Chinese people have only family and clan solidarity; they do not have national spirit...they are just a heap of loos	accepted	China as a Heap of Loose Sand, lecture (1924)
batch_d03	Sun Yat-sen	China is now suffering from poverty, not from unequal distribution of wealth. Where there are inequalities of wealth, th	accepted	Capital and the State, lecture (1924)
batch_d03	Margaret Thatcher	To those waiting with bated breath for that favourite media catchphrase, the U-turn, I have only one thing to say: You t	accepted	Speech to the Conservative Party Conference, Brighton (10 October 1980)
batch_d03	David Ben-Gurion	To maintain the status quo will not do. We have set up a dynamic State, bent upon creation and reform, building and expa	accepted	Rebirth and Destiny of Israel (1954)
batch_d03	David Ben-Gurion	The State is not in itself an aim: it is a means to an end, the end of Zionism	accepted	Speech (13 August 1948), in Rebirth and Destiny of Israel (1954)
batch_d03	Lech Wałęsa	It is hardly possible to build anything if frustration, bitterness and a mood of helplessness prevail.	accepted	Nobel Peace Prize Lecture (11 December 1983)
batch_d03	Dag Hammarskjold	Never look down to test the ground before taking your next step; only he who keeps his eye fixed on the far horizon will	accepted	Markings (1963)
batch_d03	Dag Hammarskjold	Respect for the word is the first commandment in the discipline by which a man can be educated to maturity — intellectua	accepted	Markings (1963)
batch_d03	Jomo Kenyatta	We have to recognize the fact that an African who looks at things from the tribal point of view and at the same time fro	accepted	Facing Mount Kenya (1938)
batch_d03	Jomo Kenyatta	For the extinction of a kinship groups means cutting off the ancestral spirits from visiting the earth, because there is	accepted	Facing Mount Kenya (1938)
batch_d03	Jomo Kenyatta	The Gikuyu lost most of their lands through their magnanimity, for the Gikuyu country was never wholly conquered by forc	accepted	Facing Mount Kenya (1938)
batch_d03	Jomo Kenyatta	To us, Communism is as bad as imperialism. What we want is to develop the Kenya Nationalism which helped us to win the s	accepted	Suffering Without Bitterness: The Founding of the Kenya Nation (1968)
batch_d03	Indira Gandhi	I shall continue to serve until my last breath and when I die, I can say, that every drop of my blood will invigorate In	accepted	Selected Speeches of Indira Gandhi: January 1, 1982-October 30, 1984
batch_d03	Indira Gandhi	India wants to avoid a war at all costs but it is not a one-sided affair, you cannot shake hands with a clenched fist	accepted	Press conference, New Delhi (19 October 1971)
batch_d03	Muhammad Ali Jinnah	If we want to make this great State of Pakistan happy and prosperous we should wholly and solely concentrate on the well	accepted	Presidential address to the Constituent Assembly of Pakistan (11 August 1947)
batch_d03	Muhammad Ali Jinnah	We should begin to work in that spirit and in course of time all these angularities of the majority and minority communi	accepted	Presidential address to the Constituent Assembly of Pakistan (11 August 1947)
batch_d03	Simón Bolívar	A state too expensive in itself, or by virtue of its dependencies, ultimately falls into decay; its free government is t	accepted	Letter from Jamaica (Summer 1815)
batch_d03	Simón Bolívar	Among the popular and representative systems of government I do not approve of the federal system: it is too perfect; an	accepted	Letter from Jamaica (Summer 1815)
batch_d03	Simón Bolívar	We have been ruled more by deceit than by force, and we have been degraded more by vice than by superstition. Slavery is	accepted	Angostura Address (15 February 1819)
batch_d03	Simón Bolívar	proper morals, and not force, are the bases of law; and to practice justice is to practice liberty.	accepted	Angostura Address (15 February 1819)
batch_d03	Aung San Suu Kyi	It is not power that corrupts but fear. Fear of losing power corrupts those who wield it and fear of the scourge of powe	accepted	Freedom from Fear (1991), essay
batch_d03	Aung San Suu Kyi	it would be difficult to dispel ignorance unless there is freedom to pursue the truth unfettered by fear.	accepted	Freedom from Fear (1991), essay
batch_d03	Aung San Suu Kyi	Among the basic freedoms to which men aspire that their lives might be full and uncramped, freedom from fear stands out 	accepted	Freedom from Fear (1991), essay
batch_d03	Benjamin Disraeli	Manners are easy, and life is hard	accepted	Coningsby (1844), Book 3, Chapter 4
batch_d03	Benjamin Disraeli	No government can be long secure without a formidable opposition	accepted	Coningsby (1844), Book II, Chapter i
batch_d03	Benjamin Disraeli	To be conscious that you are ignorant of the facts is a great step to knowledge	accepted	Sybil (1845), Book 1, Chapter 5
batch_d03	Benjamin Disraeli	A popular assembly without parties—500 isolated individuals—cannot stand five years against a Minister with an organized	accepted	Speech in the House of Commons (11 April 1845)
batch_d03	Nelson Mandela	Today we are entering a new era for our country and its people. Today we celebrate not the victory of a party, but a vic	accepted	Inaugural address as President of South Africa, Pretoria (10 May 1994)
batch_d03	Nelson Mandela	The time for the healing of the wounds has come. The moment to bridge the chasms that divide us has come. The time to bu	accepted	Inaugural address as President of South Africa, Pretoria (10 May 1994)
batch_d03	Nelson Mandela	Never, never and never again shall it be that this beautiful land will again experience the oppression of one by another	accepted	Inaugural address as President of South Africa, Pretoria (10 May 1994)
batch_d03	Nelson Mandela	No one is born hating another person because of the color of his skin, or his background, or his religion. People must l	accepted	Long Walk to Freedom (1994)
batch_d03	Winston Churchill	The truth is that Clemenceau embodied and expressed France.	accepted	Great Contemporaries (1937), on Georges Clemenceau
batch_d03	Éamon de Valera	The ideal Ireland that we would have, the Ireland that we dreamed of, would be the home of a people who valued material 	rejected	quote length 856 chars / 150 words outside 20-600 and >=4
batch_d03	Willy Brandt	Those who adhere to the past won't be able to cope with the future	accepted	Speech at the extraordinary convention of the Social Democratic Party of Germany (18 November 1971)
batch_d03	Anwar Sadat	Any life lost in war is the life of a human being, irrespective of whether it is an Arab or an Israeli. The wife who bec	accepted	Address to the Knesset, Jerusalem (20 November 1977)
batch_d03	Anwar Sadat	Today I tell you, and I declare it to the whole world, that we accept to live with you in permanent peace based on justi	accepted	Address to the Knesset, Jerusalem (20 November 1977)
batch_d03	Salvador Allende	Placed in a historic transition, I will pay for loyalty to the people with my life. And I say to them that I am certain 	accepted	Last address to the nation, Radio Magallanes, Santiago (11 September 1973)
batch_d03	Salvador Allende	Workers of my country, I have faith in Chile and its destiny. Other men will overcome this dark and bitter moment when t	accepted	Last address to the nation, Radio Magallanes, Santiago (11 September 1973)
batch_d03	Salvador Allende	Another factor that should be regarded as more favorable stems from the increasingly obvious conflicts between the publi	rejected	quote length 661 chars / 93 words outside 20-600 and >=4
batch_d05	Chinua Achebe	Proverbs are the palm-oil with which words are eaten.	accepted	Things Fall Apart (1958), Chapter 1
batch_d05	Chinua Achebe	When the moon is shining the cripple becomes hungry for a walk.	accepted	Things Fall Apart (1958), Chapter 2
batch_d05	Chinua Achebe	You will have what is good for you and I will have what is good for me. Let the kite perch and let the egret perch too. 	accepted	Things Fall Apart (1958), Chapter 3
batch_d05	Chinua Achebe	A proud heart can survive general failure because such a failure does not prick its pride. It is more difficult and more	accepted	Things Fall Apart (1958), Chapter 3
batch_d05	Chinua Achebe	The white man is very clever. He came quietly with his religion. We were amused at his foolishness and allowed him to st	accepted	Things Fall Apart (1958), Chapter 20
batch_d05	Chinua Achebe	No matter how prosperous a man was, if he was unable to rule his women and his children (and especially his women) he wa	accepted	Things Fall Apart (1958), Chapter 7
batch_d05	Ursula K. Le Guin	The only thing that makes life possible is permanent, intolerable uncertainty: not knowing what comes next.	accepted	The Left Hand of Darkness (1969), Chapter 5
batch_d05	Ursula K. Le Guin	If civilization has an opposite, it is war.	accepted	The Left Hand of Darkness (1969), Chapter 8
batch_d05	Ursula K. Le Guin	Light is the left hand of darkness and darkness the right hand of light. Two are one, life and death, lying together lik	accepted	The Left Hand of Darkness (1969), Chapter 16
batch_d05	Ursula K. Le Guin	To make a thief, make an owner; to create crime, create laws.	accepted	The Dispossessed (1974), Chapter 5
batch_d05	Ursula K. Le Guin	You cannot buy the Revolution. You cannot make the Revolution. You can only be the Revolution. It is in your spirit or, 	accepted	The Dispossessed (1974), Chapter 9
batch_d05	Ursula K. Le Guin	The sunlights differ, but there is only one darkness.	accepted	The Dispossessed (1974), Chapter 13
batch_d05	Toni Morrison	Like any artist with no art form, she became dangerous.	accepted	Sula (1973)
batch_d05	Toni Morrison	It was a fine cry — loud and long — but it had no bottom and it had no top, just circles and circles of sorrow.	accepted	Sula (1973)
batch_d05	Toni Morrison	In that place, where they tore the nightshade and blackberry patches from their roots to make room for the Medallion Cit	accepted	Sula (1973), opening lines
batch_d05	Toni Morrison	What difference do it make if the thing you scared of is real or not?	accepted	Song of Solomon (1977)
batch_d05	Toni Morrison	Wanna fly, you got to give up the shit that weighs you down.	accepted	Song of Solomon (1977)
batch_d05	Toni Morrison	124 was spiteful. Full of a baby's venom.	accepted	Beloved (1987), opening lines
batch_d05	James Baldwin	All over Harlem, Negro boys and girls are growing into stunted maturity, trying desperately to find a place to stand; an	accepted	Notes of a Native Son (1955)
batch_d05	James Baldwin	One writes out of one thing only — one's own experience. Everything depends on how relentlessly one forces from this exp	accepted	Notes of a Native Son (1955)
batch_d05	James Baldwin	Whatever white people do not know about Negroes reveals, precisely and inexorably, what they do not know about themselve	accepted	The Fire Next Time (1963)
batch_d05	Jorge Luis Borges	Every novel is an ideal plane inserted into the realm of reality.	accepted	"Partial Magic in the Quixote", in Labyrinths (1964)
batch_d05	Jane Austen	A lady's imagination is very rapid; it jumps from admiration to love, from love to matrimony, in a moment.	accepted	Pride and Prejudice (1813), Vol. 1, Ch. 6
batch_d05	Jane Austen	There is a stubbornness about me that never can bear to be frightened at the will of others. My courage always rises at 	accepted	Pride and Prejudice (1813)
batch_d05	Jane Austen	You pierce my soul. I am half agony, half hope.	accepted	Persuasion (1817), Ch. 23
batch_d05	Jane Austen	Vanity was the beginning and the end of Sir Walter Elliot's character.	accepted	Persuasion (1817), Ch. 1
batch_d05	Jane Austen	Where shall we see a better daughter, or a kinder sister, or a truer friend?	accepted	Emma (1815), Vol. I, Ch. 5
batch_d05	Leo Tolstoy	Seize the moments of happiness, love and be loved! That is the only reality in the world, all else is folly.	accepted	War and Peace (1869)
batch_d05	Leo Tolstoy	Everything comes in time to him who knows how to wait.	accepted	War and Peace (1869)
batch_d05	Leo Tolstoy	The strongest of all warriors are these two — Time and Patience.	accepted	War and Peace (1869), Book X, Ch. 16
batch_d05	Leo Tolstoy	Pure and complete sorrow is as impossible as pure and complete joy.	accepted	War and Peace (1869), Book XV, Ch. 1
batch_d05	Leo Tolstoy	War is not a courtesy but the most horrible thing in life.	accepted	War and Peace (1869), Book X, Ch. 25
batch_d05	Leo Tolstoy	He stepped down, trying not to look long at her, as if she were the sun.	accepted	Anna Karenina (1878), Part I, Ch. 9
batch_d05	Haruki Murakami	And once the storm is over you won't remember how you made it through, how you managed to survive.	accepted	Kafka on the Shore (2002)
batch_d05	Haruki Murakami	Sometimes fate is like a small sandstorm that keeps changing directions. You change direction but the sandstorm chases y	accepted	Kafka on the Shore (2002)
batch_d05	Haruki Murakami	If you're in pitch blackness, all you can do is sit tight until your eyes get used to the dark.	accepted	Norwegian Wood (1987)
batch_d05	Haruki Murakami	But who can say what's best? That's why you need to grab whatever chance you have of happiness where you find it, and no	accepted	Norwegian Wood (1987)
batch_d05	Haruki Murakami	Money had no name of course. And if it did have a name, it would no longer be money. What gave money its true meaning wa	accepted	The Wind-Up Bird Chronicle (1994)
batch_d05	Virginia Woolf	A woman must have money and a room of her own if she is to write fiction.	accepted	A Room of One's Own (1929), Ch. 1, p. 4
batch_d05	Virginia Woolf	Fiction is like a spider's web, attached ever so lightly perhaps, but still attached to life at all four corners.	accepted	A Room of One's Own (1929), Ch. 3, pp. 43-44
batch_d05	Virginia Woolf	Mrs Dalloway said she would buy the flowers herself.	accepted	Mrs Dalloway (1925), opening line
batch_d05	Virginia Woolf	It was enemies one wanted, not friends.	accepted	Mrs Dalloway (1925)
batch_d05	Virginia Woolf	A light here required a shadow there.	accepted	To the Lighthouse (1927), Part I, Ch. 9
batch_d05	Virginia Woolf	There were the eternal problems: suffering; death; the poor.	accepted	To the Lighthouse (1927), Part I, Ch. 10
batch_d05	Virginia Woolf	Who knows what we are, what we feel? Who knows even at the moment of intimacy, This is knowledge?	accepted	To the Lighthouse (1927), Part III, Ch. 5
batch_d05	Fyodor Dostoevsky	Taking a new step, uttering a new word is what they fear most.	accepted	Crime and Punishment (1866), Ch. 1
batch_d05	Fyodor Dostoevsky	I like it when people lie! Lying is man's only privilege over all other organisms. If you lie—you get to the truth! Lyin	accepted	Crime and Punishment (1866), Part II, Ch. 6
batch_d05	Fyodor Dostoevsky	Nothing in the world is harder than speaking the truth and nothing easier than flattery.	accepted	Crime and Punishment (1866), Part VI
batch_d05	Fyodor Dostoevsky	A fool with a heart and no sense is just as unhappy as a fool with sense and no heart.	accepted	The Idiot (1869), Part 1, Ch. 7
batch_d05	Fyodor Dostoevsky	Pass by us, and forgive us our happiness.	accepted	The Idiot (1869), Part 4, Ch. 5
batch_d05	Fyodor Dostoevsky	To kill for murder is a punishment incomparably worse than the crime itself. Murder by legal sentence is immeasurably mo	accepted	The Idiot (1869), Ch. 2
batch_d05	Franz Kafka	As Gregor Samsa awoke one morning from uneasy dreams he found himself transformed in his bed into an enormous insect.	accepted	The Metamorphosis (1915), opening line
batch_d05	Franz Kafka	Someone must have been telling lies about Joseph K., for without having done anything wrong he was arrested one fine mor	accepted	The Trial (1925), opening line
batch_d05	Franz Kafka	Logic may indeed be unshakeable, but it cannot withstand a man who is determined to live.	accepted	The Trial (1925)
batch_d05	Franz Kafka	A book must be the axe for the frozen sea inside us.	accepted	Letter to Oskar Pollak (27 January 1904)
batch_d05	Franz Kafka	Perhaps it isn't love when I say you are what I love the most — you are the knife I turn inside myself, this is love.	accepted	Letter to Milena Jesenská (14 September 1920)
batch_d05	Gabriel García Márquez	The lesson was not interrupted, but the girl raised her eyes to see who was passing by the window, and that casual glanc	accepted	Love in the Time of Cholera (1985), Ch. II, p. 80
batch_d05	Gabriel García Márquez	He was still too young to know that the heart's memory eliminates the bad and magnifies the good, and that thanks to thi	accepted	Love in the Time of Cholera (1985), Ch. III, p. 146
batch_d05	Gabriel García Márquez	He liked to say that this love was the result of a clinical error.	accepted	Love in the Time of Cholera (1985), Ch. III, p. 145
batch_d05	Gabriel García Márquez	He allowed himself to be swayed by his conviction that human beings are not born once and for all on the day their mothe	accepted	Love in the Time of Cholera (1985), Ch. IV, p. 221
batch_d05	Gabriel García Márquez	The world was so recent that many things lacked names, and in order to indicate them it was necessary to point.	accepted	One Hundred Years of Solitude (1967), Ch. I, p. 1
batch_d05	Italo Calvino	Cities, like dreams, are made of desires and fears, even if the thread of their discourse is secret, their rules are abs	accepted	Invisible Cities (1972)
batch_d05	Italo Calvino	What makes lovemaking and reading resemble each other most is that within both of them times and spaces open, different 	accepted	If on a winter's night a traveler (1979)
batch_d05	Italo Calvino	Reading is going toward something that is about to be, and no one yet knows what it will be.	accepted	If on a winter's night a traveler (1979)
batch_d05	Zora Neale Hurston	Janie saw her life like a great tree in leaf with the things suffered, things enjoyed, things done and undone. Dawn and 	accepted	Their Eyes Were Watching God (1937), Ch. 2, p. 8
batch_d05	Zora Neale Hurston	Mama exhorted her children at every opportunity to 'jump at de sun.' We might not land on the sun, but at least we would	accepted	Dust Tracks on a Road (1942), Ch. 2: My Folks, p. 13
batch_d05	George Eliot	Our life is determined for us — and it makes the mind very free when we give up wishing and only think of bearing what i	accepted	The Mill on the Floss (1860), Book V, Ch. 1
batch_d05	George Eliot	He seemed to weave, like the spider, from pure impulse, without reflection. Every man's work, pursued steadily, tends in	accepted	Silas Marner (1861), Ch. 2
batch_d05	George Eliot	In old days there were angels who came and took men by the hand and led them away from the city of destruction. We see n	accepted	Silas Marner (1861), Ch. 14
batch_d05	Herman Melville	I have no objection to any person's religion, be it what it may, so long as that person does not kill or insult any othe	accepted	Moby-Dick (1851), Ch. 17: The Ramadan
batch_d05	Herman Melville	Old age is always wakeful; as if, the longer linked with life, the less man has to do with aught that looks like death.	accepted	Moby-Dick (1851), Ch. 29: Enter Ahab; to Him, Stubb
batch_d05	Herman Melville	Nothing so aggravates an earnest person as a passive resistance.	accepted	Bartleby, the Scrivener (1853)
batch_d05	Octavia Butler	Sometimes, one must become a master to avoid becoming a slave.	accepted	Wild Seed (1980), Ch. 1
batch_d05	Octavia Butler	Short-lived people, people who could die, did not know what enemies loneliness and boredom could be.	accepted	Wild Seed (1980)
batch_d05	Octavia Butler	All that you touch You Change. All that you Change Changes you. The only lasting truth Is Change. God Is Change.	accepted	Parable of the Sower (1993), Ch. 1
batch_d05	Octavia Butler	Intelligence is ongoing, individual adaptability. Adaptations that an intelligent species may make in a single generatio	accepted	Parable of the Sower (1993), Ch. 4
batch_d05	Octavia Butler	I lost an arm on my last trip home. My left arm.	accepted	Kindred (1979), opening lines
batch_d05	Octavia Butler	Slavery was a long slow process of dulling.	accepted	Kindred (1979)
batch_d05	Anton Chekhov	If you really think about it, everything is wonderful in this world, everything except for our thoughts and deeds when w	accepted	"The Lady with the Dog" (1899)
batch_d05	Edith Wharton	The only way not to think about money is to have a great deal of it.	accepted	The House of Mirth (1905), Book 1, Ch. 6
batch_d05	Edith Wharton	No insect hangs its nest on threads as frail as those which will sustain the weight of human vanity.	accepted	The House of Mirth (1905), Ch. X, p. 69
batch_d05	Edith Wharton	I wonder why rich people always grow fat—I suppose it's because there's nothing to worry them.	accepted	The House of Mirth (1905)
batch_d05	Edith Wharton	The worst of doing one's duty was that it apparently unfitted one for doing anything else.	accepted	The Age of Innocence (1920)
batch_d05	Edith Wharton	It frightened him to think what must have gone to the making of her eyes.	accepted	The Age of Innocence (1920), Ch. 8
batch_d05	Edith Wharton	I can't love you unless I give you up.	accepted	The Age of Innocence (1920), Ch. 18
batch_d05	Edith Wharton	It was the old New York way of taking life 'without effusion of blood': the way of people who dreaded scandal more than 	accepted	The Age of Innocence (1920)
batch_d05	Salman Rushdie	I learned: the first lesson of my life: nobody can face the world with his eyes open all the time.	accepted	Midnight's Children (1981), Ch. 9: "The Fisherman's Pointing Finger"
batch_d05	Salman Rushdie	I repeat for the last time: to understand me, you'll have to swallow a world.	accepted	Midnight's Children (1981), Ch. 26: "Sam and the Tiger"
batch_d05	Salman Rushdie	Children are vessels where adults pour their poison.	accepted	Midnight's Children (1981), Ch. 27: "The Shadow of the Mosque"
batch_d05	Salman Rushdie	What is freedom of expression? Without the freedom to offend, it ceases to exist.	accepted	Imaginary Homelands (1992), p. 391
batch_d06	Wole Soyinka	The man dies in all who keep silent in the face of tyranny	accepted	The Man Died: Prison Notes (1972)
batch_d06	Wole Soyinka	Books and all forms of writing have always been objects of terror to those who seek to suppress truth.	accepted	The Man Died: Prison Notes (1972)
batch_d06	Wole Soyinka	I do not hate progress, only its nature / Which makes all roofs and faces look the same.	accepted	The Lion and the Jewel (1959), spoken by Baroka
batch_d06	Wislawa Szymborska	There's no life that couldn't be immortal if only for a moment.	accepted	"On Death, without Exaggeration", The People on the Bridge (1986)
batch_d06	Octavio Paz	Solitude is the profoundest fact of the human condition. Man is the only being who knows he is alone, and the only one w	accepted	The Labyrinth of Solitude (1950; English translation 1961)
batch_d06	Octavio Paz	The word "death" is not pronounced in New York, in Paris, in London, because it burns the lips. The Mexican, in contrast	accepted	The Labyrinth of Solitude (1950; English translation 1961), "The Day of the Dead"
batch_d06	Octavio Paz	Modern man likes to pretend that his thinking is wide-awake. But this wide-awake thinking has led us into the mazes of a	accepted	The Labyrinth of Solitude (1950; English translation 1961)
batch_d06	Joseph Brodsky	The surest defense against Evil is extreme individualism, originality of thinking, whimsicality, even - if you will - ec	accepted	"A Commencement Address" (1984), Williams College; collected in Less Than One: Selected Essays (1986)
batch_d06	Joseph Brodsky	It is the army that finally makes a citizen of you; without it you still have a chance, however slim, to remain a human 	accepted	Less Than One: Selected Essays (1986)
batch_d06	Joseph Brodsky	The formula for prison is a lack of space counterbalanced by a surplus of time.	accepted	Less Than One: Selected Essays (1986)
batch_d06	Pablo Neruda	Tonight I can write the saddest lines.	accepted	Twenty Love Poems and a Song of Despair (1924), poem XX
batch_d06	Pablo Neruda	Love is so short, forgetting is so long.	accepted	Twenty Love Poems and a Song of Despair (1924), poem XX
batch_d06	Pablo Neruda	I want to do with you what spring does with cherry trees.	accepted	Twenty Love Poems and a Song of Despair (1924), poem XIV ("Every Day You Play")
batch_d06	Anna Akhmatova	Today I have so much to do: I must kill memory once and for all, I must turn my soul to stone, I must learn to live agai	accepted	Requiem (written 1935-1940; published 1963), "The Sentence"
batch_d06	Anna Akhmatova	No foreign sky protected me, no stranger's wing shielded my face. I stand as witness to the common lot, survivor of that	accepted	Requiem (written 1935-1940; published 1963), Prologue
batch_d06	Anna Akhmatova	I have learned how faces fall to bone, how under the eyelids terror lurks, how suffering inscribes on cheeks the hard li	accepted	Requiem (written 1935-1940; published 1963), Epilogue
batch_d06	Harold Pinter	But the real truth is that there never is any such thing as one truth to be found in dramatic art. There are many. These	accepted	Nobel Lecture, "Art, Truth & Politics" (7 December 2005)
batch_d06	Harold Pinter	It's a strange moment, the moment of creating characters who up to that moment have had no existence. What follows is fi	accepted	Nobel Lecture, "Art, Truth & Politics" (7 December 2005)
batch_d06	Marina Tsvetaeva	There are books so alive that you're always afraid that while you weren't reading, the book has gone and changed.	accepted	"Pushkin and Pugachev" (1937)
batch_d06	Audre Lorde	Your silence will not protect you.	accepted	"The Transformation of Silence into Language and Action" (1977); collected in Sister Outsider: Essays and Speeches (1984)
batch_d06	Audre Lorde	For the master's tools will never dismantle the master's house. They may allow us temporarily to beat him at his own gam	accepted	"The Master's Tools Will Never Dismantle the Master's House"; collected in Sister Outsider: Essays and Speeches (1984)
batch_d06	Audre Lorde	We have been socialized to respect fear more than our own needs for language and definition, and while we wait in silenc	accepted	"The Transformation of Silence into Language and Action" (1977); collected in Sister Outsider: Essays and Speeches (1984)
batch_d06	Audre Lorde	When I dare to be powerful, to use my strength in the service of my vision, then it becomes less and less important whet	accepted	Sister Outsider: Essays and Speeches (1984)
batch_d06	Adrienne Rich	Poems are like dreams: in them you put what you don't know you know.	accepted	"When We Dead Awaken: Writing as Re-Vision" (1971); collected in On Lies, Secrets, and Silence: Selected Prose 1966-1978 (1979)
batch_d06	Adrienne Rich	Re-vision - the act of looking back, of seeing with fresh eyes, of entering an old text from a new critical direction - 	accepted	"When We Dead Awaken: Writing as Re-Vision" (1971); collected in On Lies, Secrets, and Silence: Selected Prose 1966-1978 (1979)
batch_d06	Adrienne Rich	I think that passion for survival is the great theme of women's poetry.	accepted	"Power and Danger: Works of a Common Woman"; collected in On Lies, Secrets, and Silence: Selected Prose 1966-1978 (1979)
batch_d06	Adrienne Rich	Motherhood is the great mesh in which all human relations are entangled, in which lurk our most elemental assumptions ab	accepted	"Motherhood: The Contemporary Emergency and the Quantum Leap"; collected in On Lies, Secrets, and Silence: Selected Prose 1966-1978 (1979)
batch_d06	W.B. Yeats	The years like great black oxen tread the world, And God the herdsman goads them on behind, And I am broken by their pas	accepted	The Countess Cathleen (1892)
batch_d06	W.B. Yeats	We can make our minds so like still water that beings gather about us that they may see, it may be, their own images, an	accepted	The Celtic Twilight (1893)
batch_d06	Gwendolyn Brooks	We are each other's harvest: we are each other's business: we are each other's magnitude and bond.	accepted	"Paul Robeson", Family Pictures (1971)
batch_d06	Gwendolyn Brooks	Exhaust the little moment. Soon it dies. And be it gash or gold it will not come Again in this identical guise.	accepted	Annie Allen (1949), "exhaust the little moment"
batch_d06	Gwendolyn Brooks	It is brave to be involved To be not fearful to be unresolved.	accepted	Annie Allen (1949), "do not be afraid of no"
batch_d06	Lorraine Hansberry	There is always something left to love. And if you ain't learned that, you ain't learned nothing.	accepted	A Raisin in the Sun (1959), Act III, spoken by Mama
batch_d06	Lorraine Hansberry	Eventually it comes to you: the thing that makes you exceptional, if you are at all, is inevitably that which must also 	accepted	To Be Young, Gifted and Black: Lorraine Hansberry in Her Own Words (1969)
batch_d06	Lorraine Hansberry	I wish to live because life has within it that which is good, that which is beautiful and that which is love. Therefore,	accepted	To Be Young, Gifted and Black: Lorraine Hansberry in Her Own Words (1969)
batch_d06	Langston Hughes	I, too, sing America. I am the darker brother. They send me to eat in the kitchen When company comes	accepted	"I, Too", Survey Graphic (March 1925); reprinted in Selected Poems (1959)
batch_d06	Langston Hughes	For poems are like rainbows; they escape you quickly.	accepted	The Big Sea (1940)
batch_d06	Langston Hughes	You see, unfortunately, I am not black. There are lots of different kinds of blood in our family. But here in the United	accepted	The Big Sea (1940); The Collected Works of Langston Hughes, vol. 13 (2002), p. 36
batch_d06	Seamus Heaney	Between my finger and my thumb The squat pen rests. I'll dig with it.	accepted	"Digging", Death of a Naturalist (1966)
batch_d06	Seamus Heaney	I rhyme To see myself, to set the darkness echoing.	accepted	"Personal Helicon", Death of a Naturalist (1966)
batch_d06	Seamus Heaney	Is there life before death? That's chalked up In Ballymurphy.	accepted	"Whatever You Say, Say Nothing", North (1975)
batch_d06	Seamus Heaney	God is a foreman with certain definite views Who orders life in shifts of work and leisure.	accepted	"Docker", Death of a Naturalist (1966)
batch_d06	Derek Walcott	I try to forget what happiness was, and when that don't work, I study the stars.	accepted	"The Schooner Flight" (1980)
batch_d06	Derek Walcott	Then silence is sawn in half by a dragonfly as eels sign their names along the bottom-sand when the sunrise brightens th	accepted	Omeros (1990)
batch_d06	Philip Larkin	What will survive of us is love.	accepted	"An Arundel Tomb", The Whitsun Weddings (1964)
batch_d06	Philip Larkin	I thought of London spread out in the sun, Its postal districts packed like squares of wheat.	accepted	"The Whitsun Weddings", The Whitsun Weddings (1964)
batch_d06	Philip Larkin	Get stewed: Books are a load of crap.	accepted	"A Study of Reading Habits", The Whitsun Weddings (1964)
batch_d06	Philip Larkin	Rather than words comes the thought of high windows: The sun-comprehending glass, And beyond it, the deep blue air, that	accepted	"High Windows", High Windows (1974)
batch_d06	Philip Larkin	They fuck you up, your mum and dad. They may not mean to, but they do.	accepted	"This Be The Verse", High Windows (1974)
batch_d06	August Strindberg	I'd love to see the whole of your sex swimming in a sea of blood. The way I feel I could drink out of your skull.	accepted	Miss Julie (1888), spoken by Julie
batch_d06	Fernando Pessoa	To write is to forget. Literature is the most agreeable way of ignoring life.	accepted	The Book of Disquiet (published 1982)
batch_d06	Fernando Pessoa	Renunciation is liberation. Not wanting is power.	accepted	The Book of Disquiet (published 1982)
batch_d06	Fernando Pessoa	The feelings that hurt most, the emotions that sting most, are those that are absurd: the longing for impossible things,	accepted	The Book of Disquiet (published 1982)
batch_d06	Fernando Pessoa	Life is the hesitation between an exclamation and a question. Doubt is resolved by a period.	accepted	The Book of Disquiet (published 1982)
batch_d06	Fernando Pessoa	We never know self-realization. We are two abysses - a well staring at the sky.	accepted	The Book of Disquiet (published 1982)
batch_d06	Václav Havel	Even a purely moral act that has no hope of any immediate and visible political effect can gradually and indirectly, ove	accepted	Letter to Alexander Dubcek (August 1969), as translated in Disturbing the Peace (1986), Ch. 5: The Politics of Hope, p. 115
batch_d06	Osip Mandelstam	We live, but we do not feel the land beneath us, Ten steps away and our words cannot be heard.	accepted	"Stalin Epigram" (November 1933)
batch_d06	Osip Mandelstam	I want Ovid, Pushkin, and Catullus to live once more, and I am not satisfied with the historical Ovid, Pushkin, and Catu	accepted	"The Word and Culture"
batch_d06	J. M. Synge	What is the price of a thousand horses against a son where there is one son only?	accepted	Riders to the Sea (1904)
batch_d06	J. M. Synge	In a good play every speech should be as fully flavoured as a nut or apple.	accepted	Preface to The Playboy of the Western World (1907)
batch_d06	J. M. Synge	When I was writing The Shadow of the Glen I got more aid than any learning could have given me from a chink in the floor	accepted	Preface to The Playboy of the Western World (1907)
batch_d06	Gabriela Mistral	Love beauty, which is God's shadow across the universe.	accepted	"Decalogo del artista" ("Decalogue of the Artist"), Desolacion (1922)
batch_d06	Gabriela Mistral	There is no atheist art. Even if you do not love the Creator, you will affirm him, creating in his likeness.	accepted	"Decalogo del artista" ("Decalogue of the Artist"), Desolacion (1922)
batch_d06	Gabriela Mistral	Life is the gold and sweetness of wheat, hate is brief and love immense.	accepted	"Palabras Serenas", Desolacion (1922)
batch_d06	Gabriela Mistral	Little feet of children, two tiny suffering jewels, how can people pass and not see you!	accepted	"Piececitos de Nino", Desolacion (1922)
batch_d07	Christopher Hitchens	What can be asserted without evidence can also be dismissed without evidence.	accepted	God Is Not Great: How Religion Poisons Everything (2007)
batch_d07	Susan Sontag	Illness is the night-side of life, a more onerous citizenship.	accepted	Illness as Metaphor (1978), opening sentence
batch_d07	Ida B. Wells	The people must know before they can act, and there is no educator to compare with the press.	accepted	Southern Horrors: Lynch Law in All Its Phases (1892), "Self-Help"
batch_d07	Christopher Hitchens	I became a journalist because I did not want to rely on newspapers for information.	accepted	Love, Poverty, and War: Journeys and Essays (2004), introduction
batch_d07	George Orwell	Every line of serious work that I have written since 1936 has been written, directly or indirectly, against totalitarian	accepted	Why I Write (1946), Gangrel
batch_d07	George Orwell	Writing a book is a horrible, exhausting struggle, like a long bout of some painful illness.	accepted	Why I Write (1946), Gangrel
batch_d07	George Orwell	If liberty means anything at all, it means the right to tell people what they do not want to hear.	accepted	The Freedom of the Press (written 1945), proposed preface to Animal Farm, first published in the Times Literary Supplement, 15 September 1972
batch_d07	Joan Didion	Writers are always selling somebody out.	accepted	Slouching Towards Bethlehem (1968), preface
batch_d07	Joan Didion	We tell ourselves stories in order to live.	accepted	The White Album (1979), opening sentence of the title essay
batch_d07	John Berger	To be naked is to be oneself. To be nude is to be seen naked by others and yet not recognised for oneself.	accepted	Ways of Seeing (1972), chapter 3
batch_d07	George Orwell	The opinion that art should have nothing to do with politics is itself a political attitude.	accepted	Why I Write (1946), Gangrel
batch_d07	George Orwell	Freedom is the freedom to say that two plus two make four.	accepted	Nineteen Eighty-Four (1949), Part 1, Chapter 7
batch_d07	John Berger	The nude is condemned to never being naked. Nudity is a form of dress.	accepted	Ways of Seeing (1972), chapter 3
batch_d07	Alexis de Tocqueville	In order to enjoy the inestimable benefits which the liberty of the press ensures, it is necessary to submit to the inev	accepted	Democracy in America, Volume I (1835), Chapter XI, "Liberty of the Press in the United States"
batch_d07	Alexis de Tocqueville	In America the majority raises formidable barriers around the liberty of opinion; within these barriers an author may wr	accepted	Democracy in America, Volume I (1835), "Unlimited Power of the Majority in the United States, and Its Consequences"
batch_d07	Alexis de Tocqueville	In democratic countries knowledge of how to combine is the mother of all other forms of knowledge; on its progress depen	accepted	Democracy in America, Volume II (1840), Book 2, Chapter V
batch_d07	Hannah Arendt	Mass propaganda discovered that its audience was ready at all times to believe the worst, no matter how absurd, and did 	accepted	The Origins of Totalitarianism (1951)
batch_d07	Edward Said	Ideas, cultures, and histories cannot seriously be understood or studied without their force, or more precisely their co	accepted	Orientalism (1978)
batch_d09	Akira Kurosawa	Although human beings are incapable of talking about themselves with total honesty, it is much harder to avoid the truth	accepted	Something Like an Autobiography (1982), trans. Audie E. Bock; on the making of Rashomon
batch_d09	Akira Kurosawa	There is nothing that says more about its creator than the work itself.	accepted	Something Like an Autobiography (1982), trans. Audie E. Bock
batch_d09	Akira Kurosawa	You say that you can't understand this script at all, but that is because the human heart itself is impossible to unders	accepted	Something Like an Autobiography (1982), trans. Audie E. Bock; on Rashomon
batch_d09	Hayao Miyazaki	We depict hatred, but it is to depict that there are more important things. We depict a curse, to depict the joy of libe	accepted	Princess Mononoke project proposal (April 1995); reprinted in Starting Point: 1979-1996
batch_d09	Duke Ellington	Roaming through the jungle of 'oohs' and 'ahs,' searching for a more agreeable noise, I live a life of primitivity with 	accepted	Music Is My Mistress (1973)
batch_d09	Duke Ellington	I loved and respected Louis Armstrong. He was born poor, died rich, and never hurt anyone along the way.	accepted	Music Is My Mistress (1973), p. 236
batch_d09	Nina Simone	What kept me sane was knowing that things would change, and it was a question of keeping myself together until they did.	accepted	I Put a Spell on You: The Autobiography of Nina Simone (1991)
batch_d09	Nina Simone	This is the world you have made yourself, now you have to live in it.	accepted	I Put a Spell on You: The Autobiography of Nina Simone (1991)
batch_d09	Andrei Tarkovsky	The allotted function of art is not, as is often assumed, to put across ideas, to propagate thoughts, to serve as an exa	accepted	Sculpting in Time: Reflections on the Cinema (1986), trans. Kitty Hunter-Blair
batch_d09	Andrei Tarkovsky	Art is realistic when it strives to express an ethical ideal. Realism is striving for truth, and truth is always beautif	accepted	Sculpting in Time: Reflections on the Cinema (1986), trans. Kitty Hunter-Blair
batch_d09	Andrei Tarkovsky	Art is born and takes hold wherever there is a timeless and insatiable longing for the spiritual, for the ideal: that lo	accepted	Sculpting in Time: Reflections on the Cinema (1986), trans. Kitty Hunter-Blair
batch_d09	Ingmar Bergman	When film is not a document, it is dream. That is why Tarkovsky is the greatest of them all. He moves with such naturaln	accepted	Laterna Magica (1987); The Magic Lantern: An Autobiography (1988), trans. Joan Tate
batch_d09	Ingmar Bergman	Film has dream, film has music. No form of art goes beyond ordinary consciousness as film does, straight to our emotions	accepted	Laterna Magica (1987); The Magic Lantern: An Autobiography (1988), trans. Joan Tate
batch_d09	Ingmar Bergman	I'm planning, you see, to try to confine myself to the truth. That's hard for an old, inveterate fantasy martyr and liar	accepted	Laterna Magica (1987); The Magic Lantern: An Autobiography (1988), trans. Joan Tate
batch_d09	Luis Bunuel	You have to begin to lose your memory, if only in bits and pieces, to realize that memory is what makes our lives. Life 	accepted	Mon dernier soupir (1982); My Last Breath / My Last Sigh (1983), chapter on memory
batch_d09	Leonard Bernstein	Perhaps the chief requirement of [the conductor] is that he be humble before the composer; that he never interpose himse	accepted	The Joy of Music (1959)
batch_d09	Orson Welles	A long-playing full shot is what always separates the men from the boys. Anybody can make movies with a pair of scissors	accepted	This Is Orson Welles (1992), conversations with Peter Bogdanovich, 1969-1972
batch_d09	Alfred Hitchcock	Dialogue should simply be a sound among other sounds, just something that comes out of the mouths of people whose eyes t	accepted	Hitchcock (1967), interviews with François Truffaut
batch_d09	Alfred Hitchcock	The silent pictures were the purest form of cinema.	accepted	Hitchcock (1967), interviews with François Truffaut
batch_d09	Charlie Chaplin	My prodigious sin was, and still is, being a non-conformist.	accepted	My Autobiography (1964)
batch_d09	Charlie Chaplin	I believe that faith is a precursor of all our ideas.	accepted	My Autobiography (1964), p. 291
batch_d09	Charlie Chaplin	My faith is in the unknown, in all that we do not understand by reason; I believe that what is beyond our comprehension 	accepted	My Autobiography (1964), p. 291
batch_d09	Charlie Chaplin	I am what I am: an individual, unique and different	accepted	My Autobiography (1964), p. 271 (Simon and Schuster edition)
batch_d09	Bette Davis	To look back is to relax one's vigil	accepted	The Lonely Life: An Autobiography (1962)
batch_d09	Bette Davis	The act of sex, gratifying though it may be, is God's joke on humanity. It is man's last desperate stand at superintende	accepted	The Lonely Life: An Autobiography (1962)
batch_d09	Bette Davis	To fulfill a dream, to be allowed to sweat over lonely labor, to be given a chance to create, is the meat and potatoes o	accepted	The Lonely Life: An Autobiography (1962)
batch_d09	Bette Davis	Her instinct, her mastery over the machine, was pure witchcraft. I cannot analyze this woman's acting. I only know that 	accepted	The Lonely Life: An Autobiography (1962), on Greta Garbo
batch_d09	John Cage	Which is more musical, a truck passing by a factory or a truck passing by a music school?	accepted	Silence: Lectures and Writings (1961), "Communication", third of the Composition as Process lectures given at Darmstadt in 1958
batch_d09	Robert Bresson	My movie is born first in my head, dies on paper; is resuscitated by the living persons and real objects I use, which ar	accepted	Notes sur le cinématographe (1975); Notes on the Cinematographer (1977), trans. Jonathan Griffin
batch_d09	Federico Fellini	Cinema is an old whore, like circus and variety, who knows how to give many kinds of pleasure.	accepted	Fellini on Fellini (1976), ed. Anna Keel and Christian Strich, trans. Isabel Quigly
batch_d09	Federico Fellini	Talking about dreams is like talking about movies, since the cinema uses the language of dreams; years can pass in a sec	accepted	Fellini on Fellini (1976), ed. Anna Keel and Christian Strich, trans. Isabel Quigly
batch_d09	Federico Fellini	There is no end. There is no beginning. There is only the infinite passion of life.	accepted	Fellini on Fellini (1976), ed. Anna Keel and Christian Strich, trans. Isabel Quigly
batch_d09	Jean-Luc Godard	The truth is that there is no terror untempered by some great moral idea.	accepted	"Strangers on a Train", Cahiers du Cinéma (Paris, 10 March 1952); collected in Godard on Godard
batch_d09	Werner Herzog	By dint of declaration the so-called Cinema Verité is devoid of verité. It reaches a merely superficial truth, the truth	accepted	Minnesota Declaration: Truth and fact in documentary cinema (1999), read at the Walker Art Center, Minneapolis, 30 April 1999
batch_d09	Werner Herzog	If we do not develop adequate images we will die out like dinosaurs.	accepted	Herzog on Herzog (2002), ed. Paul Cronin
batch_d09	Werner Herzog	You can fight a rumour only with an even wilder rumour.	accepted	Herzog on Herzog (2002), ed. Paul Cronin
batch_d09	Werner Herzog	We had mutual respect for each other, even as we both planned each other's murder.	accepted	Herzog on Herzog (2002), ed. Paul Cronin, "On Klaus Kinski"
batch_d09	Marlon Brando	Even today I meet people who think of me automatically as a tough, insensitive, coarse guy named Stanley Kowalski.	accepted	Songs My Mother Taught Me (1994)
batch_d09	Marlon Brando	The power and influence of a movie star is curious: I didn't ask for it or take it; people gave it to me. Simply because	accepted	Songs My Mother Taught Me (1994)
batch_d09	Miles Davis	For me, music and life are all about style	accepted	Miles: The Autobiography (1989), with Quincy Troupe, p. 398
batch_d09	Miles Davis	I've changed music four or five times. What have you done of any importance other than be white?	accepted	Miles: The Autobiography (1989), with Quincy Troupe, p. 371
batch_d09	Peter Brook	I can take any empty space and call it a bare stage. A man walks across this empty space whilst someone else is watching	accepted	The Empty Space (1968), opening lines
batch_d09	Frank Zappa	If you wind up with a boring, miserable life because you listened to your mom, your dad, your teacher, your priest, or s	accepted	The Real Frank Zappa Book (1989), with Peter Occhiogrosso
batch_d09	Bob Dylan	It wasn't money or love that I was looking for. I had a heightened sense of awareness, was set in my ways, impractical a	accepted	Chronicles: Volume One (2004)
batch_d09	Bob Dylan	I'd come from a long ways off and had started from a long ways down. But now destiny was about to manifest itself. I fel	accepted	Chronicles: Volume One (2004)
batch_d09	Bob Dylan	Morality has nothing in common with politics.	accepted	Chronicles: Volume One (2004)
batch_d09	Bob Dylan	What was the future? The future was a solid wall, not promising, not threatening—all bunk. No guarantees of anything, no	accepted	Chronicles: Volume One (2004)
batch_d09	Bob Dylan	I had been in a motorcycle accident and I'd been hurt, but I recovered. Truth was that I wanted to get out of the rat ra	accepted	Chronicles: Volume One (2004)
batch_d09	Arthur Miller	The Crucible became by far my most frequently produced play, both abroad and at home. Its meaning is somewhat different 	accepted	Timebends: A Life (1987)
batch_d09	Dmitri Shostakovich	I feel eternal pain for those who were killed by Hitler, but I feel no less pain for those killed on Stalin's orders. I 	rejected	disputed work: Testimony (1979) is a contested source: musicologists including Laurel Fay and Richard Taruskin have shown that passages Volkov presents as dictated recollection reproduce articles Shostakovich published earlier, and the manuscript he initialled cannot be matched to the book as printed
batch_d09	Dmitri Shostakovich	The majority of my symphonies are tombstones.	rejected	disputed work: Testimony (1979) is a contested source: musicologists including Laurel Fay and Richard Taruskin have shown that passages Volkov presents as dictated recollection reproduce articles Shostakovich published earlier, and the manuscript he initialled cannot be matched to the book as printed
batch_d09	Dmitri Shostakovich	I think it is clear to everyone what happens in the Fifth. The rejoicing is forced, created under threat, as in Boris Go	rejected	disputed work: Testimony (1979) is a contested source: musicologists including Laurel Fay and Richard Taruskin have shown that passages Volkov presents as dictated recollection reproduce articles Shostakovich published earlier, and the manuscript he initialled cannot be matched to the book as printed
batch_d09	Harold Pinter	Language in art remains a highly ambiguous transaction, a quicksand, a trampoline, a frozen pool which might give way un	accepted	Nobel Lecture "Art, Truth & Politics" (7 December 2005)
batch_d09	Harold Pinter	The search for the truth can never stop. It cannot be adjourned, it cannot be postponed. It has to be faced, right there	accepted	Nobel Lecture "Art, Truth & Politics" (7 December 2005)
batch_d09	David Lynch	Ideas are like fish. If you want to catch little fish, you can stay in the shallow water. But if you want to catch the b	accepted	Catching the Big Fish: Meditation, Consciousness, and Creativity (2006)
batch_d09	David Lynch	Anger and depression and sorrow are beautiful things in a story, but they are like poison to the filmmaker or artist.	accepted	Catching the Big Fish: Meditation, Consciousness, and Creativity (2006)
batch_d09	David Lynch	An idea is a thought. It's a thought that holds more than you think it does when you receive it. But in that first momen	accepted	Catching the Big Fish: Meditation, Consciousness, and Creativity (2006)
batch_d09	Aaron Copland	The whole problem can be stated quite simply by asking, 'Is there a meaning to music?' My answer would be, 'Yes.' And 'C	accepted	What to Listen for in Music (1939), "How We Listen to Music"
batch_d09	Groucho Marx	Although it is generally known, I think it's about time to announce that I was born at a very early age	accepted	Groucho and Me (1959)
batch_d09	Groucho Marx	Please accept my resignation. I don't want to belong to any club that will accept people like me as a member	accepted	Groucho and Me (1959), p. 321; telegram to the Friar's Club of Beverly Hills
batch_d09	Groucho Marx	No one is completely unhappy at the failure of his best friend	accepted	Groucho and Me (1959)
batch_d10	Edsger W. Dijkstra	The competent programmer is fully aware of the strictly limited size of his own skull; therefore he approaches the progr	accepted	The Humble Programmer (1972), ACM Turing Award lecture
batch_d10	Edsger W. Dijkstra	Program testing can be used to show the presence of bugs, but never to show their absence!	accepted	Notes on Structured Programming (1970), EWD249, section 3 'On the Reliability of Mechanisms'
batch_d10	Edsger W. Dijkstra	Those who want really reliable software will discover that they must find means of avoiding the majority of bugs to star	accepted	The Humble Programmer (1972), ACM Turing Award lecture
batch_d10	Friedrich Hayek	The curious task of economics is to demonstrate to men how little they really know about what they imagine they can desi	accepted	The Fatal Conceit: The Errors of Socialism (1988)
batch_d10	Friedrich Hayek	The more the state 'plans' the more difficult planning becomes for the individual.	accepted	The Road to Serfdom (1944)
batch_d10	Friedrich Hayek	To be controlled in our economic pursuits means to be always controlled unless we declare our specific purpose. Or, sinc	accepted	The Road to Serfdom (1944)
batch_d10	Friedrich Hayek	To understand our civilisation, one must appreciate that the extended order resulted not from human design or intention 	accepted	The Fatal Conceit: The Errors of Socialism (1988)
batch_d10	John Maynard Keynes	There is no subtler, no surer means of overturning the existing basis of society than to debauch the currency. The proce	accepted	The Economic Consequences of the Peace (1919), Ch. VI
batch_d10	Ernest Shackleton	The floe has been a good friend to us, but it is reaching the end of its journey, and it is liable at any time now to br	accepted	South (1919), diary entry during the drift toward Elephant Island
batch_d10	Peter Drucker	A man should never be appointed into a managerial position if his vision focuses on people's weaknesses rather than on t	accepted	The Practice of Management (1954), p. 157
batch_d10	Peter Drucker	The better a man is, the more mistakes will he make - for the more new things he will try. I would never promote a man i	accepted	The Practice of Management (1954), p. 147
batch_d10	Peter Drucker	The fundamental reality for every worker, from sweeper to executive vice-president, is the eight hours or so that he spe	accepted	The Practice of Management (1954), p. 327
batch_d10	Peter Drucker	Morale in an organization does not mean that 'people get along together'; the test is performance not conformance.	accepted	The Effective Executive (1966)
batch_d10	Peter Drucker	There is only one valid definition of a business purpose: to create a customer.	accepted	The Practice of Management (1954)
batch_d10	Warren Buffett	When we own portions of outstanding businesses with outstanding managements, our favorite holding period is forever.	accepted	Berkshire Hathaway Chairman's Letter (1988)
batch_d10	Warren Buffett	After 25 years of buying and supervising a great variety of businesses, Charlie and I have not learned how to solve diff	accepted	Berkshire Hathaway Chairman's Letter (1989)
batch_d10	Warren Buffett	The most common cause of low prices is pessimism - sometimes pervasive, sometimes specific to a company or industry. We 	accepted	Berkshire Hathaway Chairman's Letter (1990)
batch_d10	Muhammad Ali	I hated every minute of it. But I said to myself, 'Suffer now, and live the rest of your life as a champion'	accepted	Newsweek (25 September 1978), 'Ali: Born Again!' by Pete Axthelm and Peter Bonventre
batch_d10	Muhammad Ali	I am America; I am the part you won't recognize. But, get used to me	accepted	The Greatest: My Own Story (1975)
batch_d10	Alan Turing	I believe that at the end of the century the use of words and general educated opinion will have altered so much that on	accepted	Computing Machinery and Intelligence (1950), Mind 59 (236), p. 442
batch_d10	Alan Turing	Machines take me by surprise with great frequency.	accepted	Computing Machinery and Intelligence (1950), Mind 59 (236), p. 450
batch_d10	Alan Turing	Presumably the child-brain is something like a note-book as one buys it from the stationer's. Rather little mechanism, a	accepted	Computing Machinery and Intelligence (1950), Mind 59 (236), p. 456
batch_d10	Alan Turing	We can only see a short distance ahead, but we can see plenty there that needs to be done.	accepted	Computing Machinery and Intelligence (1950), Mind 59 (236), p. 460
batch_d10	Donald Knuth	The real problem is that programmers have spent far too much time worrying about efficiency in the wrong places and at t	accepted	Structured Programming with go to Statements (1974), Computing Surveys 6 (4), pp. 261-301, sec. 1
batch_d10	Donald Knuth	Science is knowledge which we understand so well that we can teach it to a computer; and if we don't fully understand so	accepted	Computer Programming as an Art (1974), ACM Turing Award lecture, Communications of the ACM 17 (12), pp. 667-673
batch_d10	Donald Knuth	In this sense, we should continually be striving to transform every art into a science: in the process, we advance the a	accepted	Computer Programming as an Art (1974), ACM Turing Award lecture, Communications of the ACM 17 (12), pp. 667-673
batch_d10	Fred Brooks	Adding manpower to a late software project makes it later.	accepted	The Mythical Man-Month (1975), p. 25
batch_d10	Fred Brooks	The bearing of a child takes nine months, no matter how many women are assigned.	accepted	The Mythical Man-Month (1975), p. 17
batch_d10	Fred Brooks	Show me your flowcharts and conceal your tables, and I shall continue to be mystified. Show me your tables, and I won't 	accepted	The Mythical Man-Month (1975)
batch_d10	Fred Brooks	I believe the hard part of building software to be the specification, design, and testing of this conceptual construct, 	accepted	No Silver Bullet: Essence and Accidents of Software Engineering (1986)
batch_d10	Fred Brooks	Study after study shows that the very best designers produce structures that are faster, smaller, simpler, clearer, and 	accepted	No Silver Bullet: Essence and Accidents of Software Engineering (1986)
batch_d10	Alan Kay	The best way to predict the future is to invent it	accepted	Remark at a Xerox PARC meeting with Xerox planners (1971), recounted by Kay in email (1998)
batch_d10	Adam Smith	How selfish soever man may be supposed, there are evidently some principles in his nature, which interest him in the for	accepted	The Theory of Moral Sentiments (1759), Section I, Chapter I
batch_d10	Adam Smith	Every faculty in one man is the measure by which he judges of the like faculty in another. I judge of your sight by my s	accepted	The Theory of Moral Sentiments (1759), Section I, Chapter III
batch_d10	Milton Friedman	The great threat to freedom is the concentration of power. Government is necessary to preserve our freedom, it is an ins	accepted	Capitalism and Freedom (1962)
batch_d10	Milton Friedman	Because we live in a largely free society, we tend to forget how limited is the span of time and the part of the globe f	accepted	Capitalism and Freedom (1962)
batch_d10	Milton Friedman	History suggests only that capitalism is a necessary condition for political freedom. Clearly it is not a sufficient con	accepted	Capitalism and Freedom (1962)
batch_d10	Milton Friedman	The key insight of Adam Smith's Wealth of Nations is misleadingly simple: if an exchange between two parties is voluntar	accepted	Free to Choose (1980)
batch_d10	Milton Friedman	The society that puts equality before freedom will end up with neither. The society that puts freedom before equality wi	accepted	Free to Choose (1980)
batch_d10	John Kenneth Galbraith	No one was responsible for the great Wall Street crash. No one engineered the speculation that preceded it. Both were th	accepted	The Great Crash, 1929 (1954), Ch. I 'A Year To Remember', p. 4
batch_d10	John Kenneth Galbraith	In the autumn of 1929 the mightiest of Americans were, for a brief time, revealed as human beings.	accepted	The Great Crash, 1929 (1954), Ch. I 'A Year To Remember', p. 5
batch_d10	John Kenneth Galbraith	Men have been swindled by other men on many occasions. The autumn of 1929 was, perhaps, the first occasion when men succ	accepted	The Great Crash, 1929 (1954), Ch. VII 'Things Become More Serious', sect. VIII, p. 130
batch_d10	John Kenneth Galbraith	The enemy of the conventional wisdom is not ideas but the march of events.	accepted	The Affluent Society (1958), Ch. 2, sect. IV, p. 21
batch_d10	Thorstein Veblen	The possession of wealth confers honor; it is an invidious distinction.	accepted	The Theory of the Leisure Class (1899), p. 26
batch_d10	Thorstein Veblen	In order to stand well in the eyes of the community, it is necessary to come up to a certain, somewhat indefinite, conve	accepted	The Theory of the Leisure Class (1899), p. 19
batch_d10	Thorstein Veblen	In itself and in its consequences the life of leisure is beautiful and ennobling in all civilized men's eyes.	accepted	The Theory of the Leisure Class (1899), p. 38
batch_d10	Thorstein Veblen	While the proximate ground of discrimination may be of another kind, still the pervading principle and abiding test of g	accepted	The Theory of the Leisure Class (1899), p. 51
batch_d10	Thorstein Veblen	The superior gratification derived from the use and contemplation of costly and supposedly beautiful products is, common	accepted	The Theory of the Leisure Class (1899), p. 128
batch_d10	Amelia Earhart	In soloing-as in other activities-it is far easier to start something than it is to finish it. Almost every beginner hop	accepted	20 Hrs., 40 Min.: Our Flight in the Friendship (1928)
batch_d10	Amelia Earhart	As I look back on the flight I think two questions have been asked me most frequently. First: Was I afraid? Secondly: Wh	accepted	20 Hrs., 40 Min.: Our Flight in the Friendship (1928)
batch_d10	Amelia Earhart	Ours is the commencement of a flying age, and I am happy to have popped into existence at a period so interesting.	accepted	20 Hrs., 40 Min.: Our Flight in the Friendship (1928)
batch_d10	Robert Falcon Scott	Great God! this is an awful place and terrible enough for us to have laboured to it without the reward of priority.	accepted	Journal, 17 January 1912; Scott's Last Expedition (1913), vol. 1, ch. 18
batch_d10	Robert Falcon Scott	He said, 'I am just going outside and may be some time.' He went out into the blizzard and we have not seen him since.	accepted	Journal, 16-17 March 1912; Scott's Last Expedition (1913)
batch_d10	Robert Falcon Scott	Had we lived, I should have had a tale to tell of the hardihood, endurance, and courage of my companions which would hav	accepted	Journal, 29 March 1912; Scott's Last Expedition (1913), vol. 1, ch. 20
batch_d10	Robert Falcon Scott	For God's sake look after our people.	accepted	Journal (1912), last words written in his diary
batch_d10	Apsley Cherry-Garrard	Polar exploration is at once the cleanest and most isolated way of having a bad time which has been devised.	accepted	The Worst Journey in the World (1922), vol. 1, Introduction, p. xvii
batch_d10	Apsley Cherry-Garrard	For a joint scientific and geographical piece of organization, give me Scott; for a Winter Journey, Wilson; for a dash t	accepted	The Worst Journey in the World (1922), vol. 1, Preface, p. viii
batch_d10	Apsley Cherry-Garrard	They are extraordinarily like children, these little people of the Antarctic world, either like children, or like old me	accepted	The Worst Journey in the World (1922), vol. 1, Ch. IV, p. 64
batch_d10	Roald Amundsen	Victory awaits him who has everything in order - luck, people call it. Defeat is certain for him who has neglected to ta	accepted	The South Pole (1912), trans. A. G. Chater
batch_d10	Roald Amundsen	Glad as we were to leave it behind, I cannot deny that it was with a certain feeling of melancholy that we saw it vanish	accepted	The South Pole (1912), trans. A. G. Chater
batch_d10	Jackie Robinson	I'm not concerned with your liking or disliking me. All I ask is that you respect me as a human being.	accepted	I Never Had It Made: An Autobiography of Jackie Robinson (1972)
batch_d10	Jackie Robinson	A life is not important except in the impact it has on other lives.	accepted	I Never Had It Made: An Autobiography of Jackie Robinson (1972), Epilogue
batch_d10	Jackie Robinson	I am not ashamed of my dark skin. You and every other white American should understand that we believe our color is an a	accepted	I Never Had It Made: An Autobiography of Jackie Robinson (1972)
batch_d10	Jackie Robinson	I am not an Uncle Tom. I am in this fight to stay.	accepted	I Never Had It Made: An Autobiography of Jackie Robinson (1972)
batch_d10	Edmund Hillary	My solar plexus was tight with fear as I ploughed on. Halfway up I stopped, exhausted. I could look down 10,000 feet bet	accepted	High Adventure: The True Story of the First Ascent of Everest (1955)
batch_d10	Edmund Hillary	Well, we knocked the bastard off!	accepted	Remark to George Lowe on returning from the summit of Everest, 29 May 1953; recounted in Nothing Venture, Nothing Win (1975)
batch_d10	Edmund Hillary	Having just paid our respects to the highest mountain in the world, I then had no choice but to urinate on it.	accepted	View from the Summit (2000)
batch_d10	Andrew Carnegie	The problem of our age is the proper administration of wealth, so that the ties of brotherhood may still bind together t	accepted	Wealth (1889), p. 653
batch_d10	Andrew Carnegie	While the law of competition may be sometimes hard for the individual, it is best for the race, because it insures the s	accepted	Wealth (1889), p. 655
batch_d10	Andrew Carnegie	The millionaire will be but a trustee of the poor; entrusted for a season with a great part of the increased wealth of t	accepted	Wealth (1889), pp. 663-664
batch_d10	Andrew Carnegie	The man who dies thus rich dies disgraced.	accepted	Wealth (1889)
batch_d10	Andrew Carnegie	"All is well since all grows better" became my motto, my true source of comfort.	accepted	Autobiography of Andrew Carnegie (1920), Ch. XXV, p. 339
batch_d10	Grace Hopper	We're flooding people with information. We need to feed it through a processor. A human must turn information into intel	accepted	The Wit and Wisdom of Grace Hopper (1987)
batch_d10	Grace Hopper	You manage things, you lead people. We went overboard on management and forgot about leadership.	accepted	The Wit and Wisdom of Grace Hopper (1987)
batch_d10	W. Edwards Deming	Defects are not free. Somebody makes them, and gets paid for making them.	accepted	Out of the Crisis (1986)
batch_d10	W. Edwards Deming	What is a system? A system is a network of interdependent components that work together to try to accomplish the aim of 	accepted	The New Economics for Industry, Government, Education (1993)
batch_d10	W. Edwards Deming	It is wrong to suppose that if you can't measure it, you can't manage it – a costly myth.	accepted	The New Economics for Industry, Government, Education (1993)
batch_d10	David Ogilvy	Never Write an Advertisement Which You Wouldn't Want Your Own Family To Read. You wouldn't tell lies to your own wife. D	accepted	Confessions of an Advertising Man (1963)
batch_d10	David Ogilvy	When I write an advertisement, I don't want you to tell me that you find it 'creative'. I want you to find it so interes	accepted	Ogilvy on Advertising (1983)
batch_d10	David Ogilvy	Always hold your sales meetings in rooms too small for the audience, even if it means holding them in the WC. 'Standing 	accepted	Ogilvy on Advertising (1983)
batch_d10	Henry Ford	Any customer can have a car painted any color that he wants so long as it is black.	accepted	My Life and Work (1922), p. 72
batch_d10	Henry Ford	Money is only a tool in business. It is just a part of the machinery. You might as well borrow 100,000 lathes as $100,00	accepted	My Life and Work (1922)
batch_d10	Henry Ford	The economic fundamental is labour. Labour is the human element which makes the fruitful seasons of the earth useful to 	accepted	My Life and Work (1922)
batch_d10	Bill Shankly	Someone said to me 'To you football is a matter of life or death!' and I said 'Listen, it's more important than that'	accepted	Interview on a Granada Television chat-show hosted by Shelley Rohde, 20 May 1981
batch_d10	Tim Berners-Lee	The web is more a social creation than a technical one. I designed it for a social effect — to help people work together	accepted	Weaving the Web (1999)
batch_d10	Tim Berners-Lee	In an extreme view, the world can be seen as only connections, nothing else. I liked the idea that a piece of informatio	accepted	Weaving the Web (1999)
batch_d10	Tim Berners-Lee	Despite the buy don't build credo I came to the conclusion that I was going to have to create the web on my own.	accepted	Weaving the Web (1999)
batch_d10	Tim Berners-Lee	I don't mind there being biased information out there. The important thing is that you should know, when you're on the w	accepted	Interview on Fresh Air, NPR (16 September 1999)
batch_d12	Alan Turing	Mathematical reasoning may be regarded rather schematically as the exercise of a combination of two facilities, which we	accepted	Systems of Logic Based on Ordinals (1938), section 11: The purpose of ordinal logics; Proceedings of the London Mathematical Society, series 2, vol. 45 (1939)
batch_d12	Alan Turing	Instruction tables will have to be made up by mathematicians with computing experience and perhaps a certain puzzle-solv	accepted	Proposed Electronic Calculator (1946), report for the National Physical Laboratory, Teddington
batch_d12	Alan Turing	There is a remarkably close parallel between the problems of the physicist and those of the cryptographer.	accepted	Intelligent Machinery: A Report by A. M. Turing (1948), National Physical Laboratory
batch_d12	Alan Turing	I propose to consider the question, 'Can machines think?'	accepted	Computing Machinery and Intelligence (1950), Mind 59 (236), opening sentence
batch_d12	Alan Turing	I believe that in about fifty years' time it will be possible to programme computers ... to make them play the imitation	accepted	Computing Machinery and Intelligence (1950), Mind 59 (236)
batch_d12	David Hilbert	We must not believe those, who today, with philosophical bearing and deliberative tone, prophesy the fall of culture and	accepted	Address to the Society of German Scientists and Physicians, Königsberg, 8 September 1930
batch_d12	David Hilbert	History teaches the continuity of the development of science. We know that every age has its own problems, which the fol	accepted	Mathematical Problems (1900), address to the International Congress of Mathematicians at Paris; trans. Maby Winton Newson, Bulletin of the American Mathematical Society 8 (1902)
batch_d12	David Hilbert	A mathematical problem should be difficult in order to entice us, yet not completely inaccessible, lest it mock at our e	accepted	Mathematical Problems (1900), address to the International Congress of Mathematicians at Paris; trans. Maby Winton Newson, Bulletin of the American Mathematical Society 8 (1902)
batch_d12	John von Neumann	At the inception the style is usually classical; when it shows signs of becoming baroque, then the danger signal is up.	accepted	The Mathematician (1947), in The Works of the Mind, ed. R. B. Heywood, University of Chicago Press
batch_d12	John von Neumann	Whenever this stage is reached the only remedy seems to me to be the rejuvenating return to the source: the reinjection 	accepted	The Mathematician (1947), in The Works of the Mind, ed. R. B. Heywood, University of Chicago Press
batch_d12	John von Neumann	If people do not believe that mathematics is simple, it is only because they do not realize how complicated life is.	accepted	Keynote address, first national meeting of the Association for Computing Machinery (1947), reported in Franz L. Alt, 'Archaeology of computers: Reminiscences, 1945-1947', Communica
batch_d12	G. H. Hardy	A mathematician, like a painter or a poet, is a maker of patterns. If his patterns are more permanent than theirs, it is	accepted	A Mathematician's Apology (1940)
batch_d12	G. H. Hardy	Beauty is the first test: there is no permanent place in the world for ugly mathematics.	accepted	A Mathematician's Apology (1940)
batch_d12	G. H. Hardy	Chess problems are the hymn-tunes of mathematics.	accepted	A Mathematician's Apology (1940), sec. 10
batch_d12	G. H. Hardy	Archimedes will be remembered when Aeschylus is forgotten, because languages die and mathematical ideas do not.	accepted	A Mathematician's Apology (1940)
batch_d12	Richard Hamming	Great scientists tolerate ambiguity very well. They believe the theory enough to go ahead; they doubt it enough to notic	accepted	You and Your Research (1986), talk at Bell Communications Research Colloquium Seminar, 7 March 1986
batch_d12	Richard Hamming	He who works with the door open gets all kinds of interruptions, but he also occasionally gets clues as to what the worl	accepted	You and Your Research (1986), talk at Bell Communications Research Colloquium Seminar, 7 March 1986
batch_d12	Richard Hamming	The average scientist, so far as I can make out, spends almost all his time working on problems which he believes will n	accepted	You and Your Research (1986), talk at Bell Communications Research Colloquium Seminar, 7 March 1986
batch_d12	Claude Shannon	The fundamental problem of communication is that of reproducing at one point either exactly or approximately a message s	accepted	A Mathematical Theory of Communication (1948), Bell System Technical Journal 27, opening section
batch_d12	Edsger W. Dijkstra	A convincing demonstration of correctness being impossible as long as the mechanism is regarded as a black box, our only	accepted	Notes on Structured Programming (1970), EWD249, Section 3, p. 5
batch_d12	Edsger W. Dijkstra	The art of programming is the art of organizing complexity, of mastering multitude and avoiding its bastard chaos as eff	accepted	Notes on Structured Programming (1970), EWD249, Section 3, p. 7
batch_d12	Edsger W. Dijkstra	Automatic computers have now been with us for a quarter of a century. They have had a great impact on our society in the	accepted	The Humble Programmer (1972), EWD340, ACM Turing Award lecture
batch_d12	Edsger W. Dijkstra	The purpose of abstracting is not to be vague, but to create a new semantic level in which one can be absolutely precise	accepted	The Humble Programmer (1972), EWD340, ACM Turing Award lecture
batch_d12	Donald Knuth	We should forget about small efficiencies, say about 97% of the time: premature optimization is the root of all evil. Ye	accepted	Structured Programming with go to Statements (1974), Computing Surveys 6:4 (December 1974), pp. 261-301, §1
batch_d12	Donald Knuth	Beware of bugs in the above code; I have only proved it correct, not tried it.	accepted	Notes on the van Emde Boas construction of priority deques: An instructive use of recursion (1977), memo to Peter van Emde Boas dated 29 March 1977, final sentence
batch_d12	Donald Knuth	We have seen that computer programming is an art, because it applies accumulated knowledge to the world, because it requ	accepted	Computer Programming as an Art (1974), ACM Turing Award lecture, Communications of the ACM 17:12 (December 1974)
batch_d12	Henri Poincaré	To doubt everything or to believe everything are two equally convenient solutions; both dispense with the necessity of r	accepted	Science and Hypothesis (1901), Preface
batch_d12	Henri Poincaré	There is no science apart from the general. It may even be said that the object of the exact sciences is to spare us the	accepted	Science and Hypothesis (1901), Ch. 1
batch_d12	Henri Poincaré	Science is built up with facts, as a house is with stones. But a collection of facts is no more a science than a heap of	accepted	Science and Hypothesis (1901), Ch. 9
batch_d12	Henri Poincaré	The mathematical infinite already plays a preponderant rôle, and without it there would be no science, because there wou	accepted	Science and Hypothesis (1901), Ch. I: On the Nature of Mathematical Reasoning
batch_d12	Henri Poincaré	Mathematical induction, that is, demonstration by recurrence, on the contrary, imposes itself necessarily, because it is	accepted	Science and Hypothesis (1901), Ch. I: On the Nature of Mathematical Reasoning
batch_d12	Henri Poincaré	Sociology is the science which has the most methods and the least results.	accepted	Science and Method (1908), Part I, Ch. 1: The Selection of Facts, p. 19
batch_d12	Henri Poincaré	In the logic of science there is a principle as important as that of parsimony: it is that of sufficient reason.	accepted	Science and Method (1908), Part II
batch_d12	Carl Friedrich Gauss	Mathematics is the queen of the sciences and number theory is the queen of mathematics.	accepted	Letter to Friedrich Wilhelm Bessel (1826)
batch_d12	Carl Friedrich Gauss	Maybe in another life we shall attain insights into the essence of space which are now beyond our reach. Until then we s	accepted	Letter to Heinrich Wilhelm Olbers (1817)
batch_d12	Bertrand Russell	Mathematics, rightly viewed, possesses not only truth, but supreme beauty – a beauty cold and austere, like that of scul	accepted	The Study of Mathematics (November 1907)
batch_d12	Bertrand Russell	The true spirit of delight, the exaltation, the sense of being more than Man, which is the touchstone of highest excelle	accepted	The Study of Mathematics (November 1907)
batch_d12	Alfred North Whitehead	The study of mathematics is apt to commence in disappointment, and like the ghost of Hamlet's father, this great science	accepted	An Introduction to Mathematics (1911)
batch_d12	Alfred North Whitehead	By relieving the brain of all unnecessary work, a good notation sets it free to concentrate on more advanced problems, a	accepted	An Introduction to Mathematics (1911)
batch_d12	Alfred North Whitehead	It is a safe rule to apply that, when a mathematical or philosophical author writes with a misty profundity, he is talki	accepted	An Introduction to Mathematics (1911)
batch_d12	Alfred North Whitehead	The essence of education is that it be religious.	accepted	The Aims of Education and Other Essays (1929)
batch_d12	Alfred North Whitehead	Education is the acquisition of the art of the utilisation of knowledge.	accepted	The Aims of Education and Other Essays (1929)
batch_d12	Alfred North Whitehead	Knowledge does not keep any better than fish. You may be dealing with knowledge of the old species, with some old truth;	accepted	The Aims of Education and Other Essays (1929)
batch_d12	Alfred North Whitehead	The justification for a university is that it preserves the connection between knowledge and the zest of life, by unitin	accepted	The Aims of Education and Other Essays (1929)
batch_d12	Alfred North Whitehead	Nothing is more impressive than the fact that as mathematics withdrew increasingly into the upper regions of ever greate	accepted	Science and the Modern World (1925)
batch_d12	Paul Erdős	My brain is open	rejected	quote length 16 chars / 4 words outside 20-600 and >=4
batch_d12	Paul Erdős	If numbers aren't beautiful, I don't know what is	accepted	Frequent remark, recorded in My Brain Is Open: The Mathematical Journeys of Paul Erdos (1998) by Bruce Schechter, p. 14
batch_d12	Paul Erdős	This one's from the Book!	rejected	second-hand source: credited to John Francis's account of the line, not to anything Paul Erdős wrote or said on the record
batch_d12	Kurt Gödel	The more I think about language, the more it amazes me that people ever understand each other at all	rejected	second-hand source: credited to Karl Menger's account of the line, not to anything Kurt Gödel wrote or said on the record
batch_d12	Alan Perlis	One man's constant is another man's variable.	accepted	Epigrams on Programming (1982), ACM SIGPLAN Notices 17:9 (September 1982), pp. 7-13
batch_d12	Alan Perlis	Syntactic sugar causes cancer of the semi-colons.	accepted	Epigrams on Programming (1982), ACM SIGPLAN Notices 17:9 (September 1982), pp. 7-13
batch_d12	Alan Perlis	A programming language is low level when its programs require attention to the irrelevant.	accepted	Epigrams on Programming (1982), ACM SIGPLAN Notices 17:9 (September 1982), pp. 7-13
batch_d12	Alan Perlis	If you have a procedure with 10 parameters, you probably missed some.	accepted	Epigrams on Programming (1982), ACM SIGPLAN Notices 17:9 (September 1982), pp. 7-13
batch_d12	Alan Perlis	A language that doesn't affect the way you think about programming, is not worth knowing.	accepted	Epigrams on Programming (1982), ACM SIGPLAN Notices 17:9 (September 1982), pp. 7-13
batch_d12	Alan Perlis	Simplicity does not precede complexity, but follows it.	accepted	Epigrams on Programming (1982), ACM SIGPLAN Notices 17:9 (September 1982), pp. 7-13
batch_d12	Alan Perlis	LISP programmers know the value of everything and the cost of nothing.	accepted	Epigrams on Programming (1982), ACM SIGPLAN Notices 17:9 (September 1982), pp. 7-13
batch_d12	Alan Perlis	Fools ignore complexity. Pragmatists suffer it. Some can avoid it. Geniuses remove it.	accepted	Epigrams on Programming (1982), ACM SIGPLAN Notices 17:9 (September 1982), pp. 7-13
batch_d12	Alan Perlis	A year spent in artificial intelligence is enough to make one believe in God.	accepted	Epigrams on Programming (1982), ACM SIGPLAN Notices 17:9 (September 1982), pp. 7-13
batch_d12	Fred Brooks	The programmer, like the poet, works only slightly removed from pure thought-stuff. He builds his castles in the air, fr	accepted	The Mythical Man-Month (1975), p. 7
batch_d12	Fred Brooks	The management question, therefore, is not whether to build a pilot system and throw it away... plan to throw one away; 	accepted	The Mythical Man-Month (1975), p. 116
batch_d12	Fred Brooks	How does a project get to be a year late? … One day at a time.	accepted	The Mythical Man-Month (1975), p. 153
batch_d13	Florence Nightingale	It may seem a strange principle to enunciate as the very first requirement in a Hospital that it should do the sick no h	accepted	Notes on Hospitals (1863), Preface
batch_d13	Florence Nightingale	Nursing is an art; and, if it is to be made an art, requires as exclusive a devotion, as hard a preparation, as any pain	accepted	"Una and the Lion" (1868), in Good Words, June 1868
batch_d13	Florence Nightingale	I use the word nursing for want of a better. It has been limited to signify little more than the administration of medic	accepted	Notes on Nursing: What It Is, and What It Is Not (1859), Preface
batch_d13	Florence Nightingale	It has been said and written scores of times, that every woman makes a good nurse. I believe, on the contrary, that the 	accepted	Notes on Nursing: What It Is, and What It Is Not (1859), Preface
batch_d13	Florence Nightingale	Apprehension, uncertainty, waiting, expectation, fear of surprise, do a patient more harm than any exertion.	accepted	Notes on Nursing: What It Is, and What It Is Not (1860)
batch_d13	John Muir	Thousands of tired, nerve-shaken, over-civilized people are beginning to find out that going to the mountains is going h	accepted	Our National Parks (1901), Chapter I, "The Wild Parks and Forest Reservations of the West"
batch_d13	John Muir	The world, we are told, was made especially for man — a presumption not supported by all the facts.	accepted	A Thousand-Mile Walk to the Gulf (1916)
batch_d13	Rachel Carson	The 'control of nature' is a phrase conceived in arrogance, born of the Neanderthal age of biology and philosophy when i	accepted	Silent Spring (1962), final chapter
batch_d13	Rachel Carson	There was a strange stillness. The birds, for example – where had they gone?	accepted	Silent Spring (1962), Chapter 1, "A Fable for Tomorrow"
batch_d13	Rachel Carson	Those who contemplate the beauty of the earth find reserves of strength that will endure as long as life lasts.	accepted	The Sense of Wonder (1965)
batch_d13	Rachel Carson	It is a curious situation that the sea, from which life first arose should now be threatened by the activities of one fo	accepted	The Sea Around Us (1951)
batch_d13	William Osler	The practice of medicine is an art, not a trade; a calling, not a business; a calling in which your heart will be exerci	accepted	Aequanimitas, with Other Addresses to Medical Students, Nurses and Practitioners of Medicine (1904)
batch_d13	William Osler	Imperturbability means coolness and presence of mind under all circumstances, calmness amid storm, clearness of judgment	accepted	"Aequanimitas" (1889), valedictory address, University of Pennsylvania; collected in Aequanimitas, with Other Addresses (1904)
batch_d13	William Osler	Medicine is a science of uncertainty and an art of probability.	accepted	Sir William Osler: Aphorisms from his Bedside Teachings and Writings (1950), ed. William B. Bean, no. 265, p. 125
batch_d13	William Osler	In the first place, in the physician or surgeon no quality takes rank with imperturbability, and I propose for a few min	accepted	"Aequanimitas" (1889), valedictory address, University of Pennsylvania, 1 May 1889; collected in Aequanimitas, with Other Addresses (1904)
batch_d13	William Osler	To study the phenomena of disease without books is to sail an uncharted sea, while to study books without patients is no	accepted	"Books and Men" (1901), remarks at the opening of the Boston Medical Library, 12 January 1901; Boston Medical and Surgical Journal, v. 144 (1901)
batch_d13	William Osler	It is astonishing with how little reading a doctor can practise medicine, but it is not astonishing how badly he may do 	accepted	"Books and Men" (1901), remarks at the opening of the Boston Medical Library, 12 January 1901; Boston Medical and Surgical Journal, v. 144 (1901)
batch_d13	Edward O. Wilson	The one process now going on that will take millions of years to correct is the loss of genetic and species diversity by	accepted	Biophilia (1984), p. 121
batch_d13	Edward O. Wilson	We are drowning in information, while starving for wisdom. The world henceforth will be run by synthesizers, people able	accepted	Consilience: The Unity of Knowledge (1998), p. 294
batch_d13	Lewis Thomas	We are told that the trouble with Modern Man is that he has been trying to detach himself from nature. He sits in the to	accepted	The Lives of a Cell: Notes of a Biology Watcher (1974)
batch_d13	Lewis Thomas	But it is illusion to think that there is anything fragile about the life of the earth; surely this is the toughest memb	accepted	The Lives of a Cell: Notes of a Biology Watcher (1974)
batch_d13	Oliver Sacks	I cannot pretend I am without fear. But my predominant feeling is one of gratitude.	accepted	"My Own Life", The New York Times (19 February 2015); collected in Gratitude (2015)
batch_d13	Louis Pasteur	In the fields of observation chance favours only the prepared mind.	accepted	Lecture, University of Lille (7 December 1854)
batch_d13	Louis Pasteur	There are no such things as applied sciences, only applications of science.	accepted	Address (11 September 1872)
batch_d13	Louis Pasteur	If science has no country, the scientist should have one, and ascribe to it the influence which his works may have in th	accepted	Address at the inauguration of the Pasteur Institute (14 November 1888)
batch_d13	Aldo Leopold	There are some who can live without wild things, and some who cannot. These essays are the delights and dilemmas of one 	accepted	A Sand County Almanac (1949), Foreword
batch_d13	Aldo Leopold	A deep chesty bawl echoes from rimrock to rimrock, rolls down the mountain, and fades into the far blackness of the nigh	accepted	"Thinking Like a Mountain", in A Sand County Almanac (1949)
batch_d13	Aldo Leopold	We reached the old wolf in time to watch a fierce green fire dying in her eyes.	accepted	"Thinking Like a Mountain", in A Sand County Almanac (1949)
batch_d13	Aldo Leopold	The last word in ignorance is the man who says of an animal or plant, 'What good is it?'	accepted	Round River: From the Journals of Aldo Leopold (1953), "Conservation"
batch_d13	Rudolf Virchow	Medicine is a social science, and politics is nothing else but medicine on a large scale.	accepted	Die medizinische Reform (1848)
batch_d13	Rudolf Virchow	the physician is the natural attorney of the poor	accepted	Die medizinische Reform (1848), banner of the weekly
batch_d13	Alexander Fleming	the thoughtless person playing with penicillin is morally responsible for the death of the man who finally succumbs to i	accepted	"Penicillin's Finder Assays Its Future", The New York Times (26 June 1945)
batch_d13	Wangari Maathai	In the course of history, there comes a time when humanity is called to shift to a new level of consciousness, to reach 	accepted	Nobel Peace Prize lecture, Oslo (10 December 2004)
batch_d13	Stephen Jay Gould	We are here because one odd group of fishes had a peculiar fin anatomy that could transform into legs for terrestrial cr	accepted	Wonderful Life: The Burgess Shale and the Nature of History (1989)
batch_d13	Annie Dillard	I am a frayed and nibbled survivor in a fallen world, and I am getting along.	accepted	Pilgrim at Tinker Creek (1974)
batch_d13	Wendell Berry	The care of the Earth is our most ancient and most worthy, and after all, our most pleasing responsibility. To cherish w	accepted	The Unsettling of America: Culture & Agriculture (1977), Chapter 1
batch_d13	Wendell Berry	I come into the peace of wild things who do not tax their lives with forethought of grief.	accepted	"The Peace of Wild Things", in Openings: Poems (1968)
batch_d13	Wendell Berry	When despair for the world grows in me and I wake in the night at the least sound in fear of what my life and my childre	accepted	"The Peace of Wild Things", in Openings: Poems (1968)
batch_d13	Barry Lopez	But the ethereal and timeless power of the land, that union of what is beautiful with what is terrifying, is insistent. 	accepted	Arctic Dreams: Imagination and Desire in a Northern Landscape (1986)
batch_d13	James Lovelock	The Earth's living matter, air, oceans, and land surface form a complex system which can be seen as a single organism an	accepted	Gaia: A New Look at Life on Earth (1979)
batch_d13	Hippocrates	Sleep and watchfulness, both of them, when immoderate, constitute disease.	accepted	Aphorisms, Section VII, no. 72, trans. Francis Adams
batch_d13	Gilbert White	It is, I find, in zoology as in botany: all nature is so full, that that district produces the greatest variety which is	accepted	The Natural History of Selborne (1789)
batch_d13	Alfred Russel Wallace	It seems sad, that on the one hand such exquisite creatures should live out their lives and exhibit their charms only in	rejected	quote length 637 chars / 105 words outside 20-600 and >=4
batch_d13	Jonas Salk	Well, the people. There is no patent. Could you patent the sun?	accepted	Interview with Edward R. Murrow, See It Now, CBS (12 April 1955)
batch_d13	Atul Gawande	Our ultimate goal, after all, is not a good death but a good life to the very end.	accepted	Being Mortal: Medicine and What Matters in the End (2014)
batch_d13	Atul Gawande	We look for medicine to be an orderly field of knowledge and procedure. But it is not. It is an imperfect science, an en	accepted	Complications: A Surgeon's Notes on an Imperfect Science (2002)
batch_d13	Sherwin Nuland	The belief in the probability of death with dignity is our, and society's, attempts to deal with the reality of what is 	accepted	How We Die: Reflections on Life's Final Chapter (1994)
batch_d13	Sherwin Nuland	I have not seen much dignity in the process by which we die.	accepted	How We Die: Reflections on Life's Final Chapter (1994)
batch_d13	Gerald Durrell	Gradually the magic of the island settled over us as gently and clingingly as pollen.	accepted	My Family and Other Animals (1956)
batch_d15	Vincent Van Gogh	You're kind to painters, and be sure that the more I think about it the more I feel that there's nothing more genuinely 	accepted	Letter to Theo van Gogh (18 September 1888)
batch_d15	Louis Sullivan	It is the pervading law of all things organic and inorganic, of all things physical and metaphysical, of all things huma	accepted	The Tall Office Building Artistically Considered (1896), Lippincott's Monthly Magazine, March 1896
batch_d15	Louis Sullivan	Whether it be the sweeping eagle in his flight, or the open appleblossom, the toiling work-horse, the blithe swan, the b	accepted	The Tall Office Building Artistically Considered (1896), Lippincott's Monthly Magazine, March 1896
batch_d15	William Morris	If you want a golden rule that will fit everybody, this is it: Have nothing in your houses that you do not know to be us	accepted	The Beauty of Life (1880), lecture to the Birmingham Society of Arts and School of Design, 19 February 1880; published in Hopes and Fears for Art (1882)
batch_d15	Robert Venturi	I am for messy vitality over obvious unity.	accepted	Complexity and Contradiction in Architecture (1966)
batch_d15	Jane Jacobs	Cities have the capability of providing something for everybody, only because, and only when, they are created by everyb	accepted	The Death and Life of Great American Cities (1961), Part 2, Chapter 12
batch_d15	Adolf Loos	The evolution of culture is synonymous with the removal of ornament from utilitarian objects.	accepted	Ornament and Crime, lecture delivered in Vienna in 1910 (essay conventionally dated 1908)
batch_d15	Pablo Picasso	We all know that Art is not truth. Art is a lie that makes us realize truth, at least the truth that is given us to unde	accepted	Picasso Speaks, The Arts (New York), May 1923, statement to Marius de Zayas
batch_d15	Hokusai	Ever since I was six I've been obsessed by drawing the form of things. By the time I was fifty I had published an endles	accepted	Postscript to One Hundred Views of Mount Fuji (1834)
batch_d15	Andy Warhol	Being good in business is the most fascinating kind of art.	accepted	The Philosophy of Andy Warhol (From A to B and Back Again) (1975), p. 92
batch_d15	Frank Lloyd Wright	The physician can bury his mistakes, but the architect can only advise his client to plant vines.	accepted	Frank Lloyd Wright on Architecture, The New York Times Magazine (4 October 1953)
batch_d15	Henri Cartier-Bresson	To me, photography is the simultaneous recognition, in a fraction of a second, of the significance of an event as well a	accepted	The Decisive Moment (Images à la Sauvette) (1952), preface
batch_d15	Le Corbusier	Rome is the damnation of the half-educated. To send architectural students to Rome is to cripple them for life.	accepted	Towards a New Architecture (Vers une architecture, 1923), trans. Frederick Etchells
batch_d15	Le Corbusier	Architecture is stifled by custom. It is the only profession in which progress is not considered necessary.	accepted	Towards a New Architecture (Vers une architecture, 1923), trans. Frederick Etchells
batch_d15	Wassily Kandinsky	Colour is the keyboard, the eyes are the hammers, and the soul is the piano with many strings. The artist is the hand wh	accepted	Concerning the Spiritual in Art (Über das Geistige in der Kunst, 1911), Part 2: About Painting, trans. M. T. H. Sadler
batch_d15	Edward Hopper	Great art is the outward expression of an inner life in the artist, and this inner life will result in his personal visi	accepted	Statement, in Statements by Four Artists, Reality 1 (Spring 1953)
batch_d15	Edward Hopper	My aim in painting has always been the most exact transcription possible of my most intimate impressions of nature.	accepted	Notes on Painting, in Edward Hopper: Retrospective Exhibition, Museum of Modern Art catalogue (1933)
batch_d15	James McNeill Whistler	That Nature is always right, is an assertion, artistically, as untrue, as it is one whose truth is universally taken for	accepted	Ten O'Clock lecture, Prince's Hall, Piccadilly (20 February 1885); collected in The Gentle Art of Making Enemies (1890)
batch_d15	John Ruskin	Therefore, when we build, let us think that we build for ever. Let it not be for present delight, nor for present use al	accepted	The Seven Lamps of Architecture (1849), chapter 'The Lamp of Memory'
batch_d15	Oscar Niemeyer	I am not attracted to straight angles or to the straight line, hard and inflexible, created by man. I am attracted to fr	accepted	The Curves of Time: The Memoirs of Oscar Niemeyer (2000), opening passage
batch_d15	Massimo Vignelli	The life of a designer is a life of fight: fight against the ugliness. Just like a doctor fights against disease. For us	accepted	Helvetica (2007), documentary film directed by Gary Hustwit, interview
batch_d15	Louise Bourgeois	Art is a guaranty of sanity.	accepted	Precious Liquids (1992), inscription engraved on the metal band of the installation
batch_d15	Zaha Hadid	There are 360 degrees, so why stick to one?	accepted	Interview in The Guardian (2003)
batch_d15	Frida Kahlo	I paint self-portraits because I am so often alone, because I am the person I know best.	accepted	Interview with Antonio Rodríguez, Una pintora extraordinaria, Así (17 March 1945)
batch_d15	Walter Gropius	The ultimate aim of all visual arts is the complete building!	accepted	Manifesto and Programme of the State Bauhaus in Weimar (1 April 1919)
batch_d15	Vincent Van Gogh	I want to make drawings that move some people.	accepted	Letter 249 to Theo van Gogh (May 1882)
batch_d15	Milton Glaser	Less is not necessarily more. Being a child of modernism I have heard this mantra all my life. Less is more. One morning	accepted	Ten Things I Have Learned, talk delivered to AIGA, London (2001)
batch_d15	Milton Glaser	Just enough is more.	accepted	Ten Things I Have Learned, talk delivered to AIGA, London (2001)
batch_d15	Mark Rothko	I'm not interested in relationships of color or form or anything else.	accepted	Interview with Selden Rodman (1956), in Conversations with Artists (1957)
batch_d15	Paul Cezanne	deal with nature by means of the Cylinder, the sphere and the cone, all placed in perspective, so that each side of an o	accepted	Letter to Émile Bernard (15 April 1904)
batch_d15	Diane Arbus	A photograph is a secret about a secret. The more it tells you the less you know.	accepted	Diane Arbus: An Aperture Monograph (1972)
batch_d15	Christopher Alexander	Each pattern describes a problem which occurs over and over again in our environment, and then describes the core of the	accepted	A Pattern Language: Towns, Buildings, Construction (1977), introduction
batch_d15	Käthe Kollwitz	I agree that my art has purpose. I want to exert influence in these times when people are so at a loss and in need of he	accepted	Diaries, November 1922
batch_d15	Josef Albers	In visual perception, a color is almost never seen as it really is — as it physically is. This fact makes color the most	accepted	Interaction of Color (1963), opening
batch_d15	David Hockney	I'd become very, very aware of this frozen moment that was very unreal to me. The photographs didn't really have life in	accepted	The South Bank Show (1983), television interview
batch_d15	Marcel Duchamp	All in all, the creative act is not performed by the artist alone; the spectator brings the work in contact with the ext	accepted	The Creative Act, lecture to the Convention of the American Federation of Arts, Houston (April 1957); reprinted in ARTnews 56, no. 4 (Summer 1957)
batch_d15	Marina Abramovic	An artist should not lie to himself or others.	accepted	An Artist's Life Manifesto, read at GAM, Turin (24 October 2009)
batch_d15	Agnes Martin	When I think of art I think of beauty. Beauty is the mystery of life. It is just not in the eye. It is in the mind. It i	accepted	Beauty Is the Mystery of Life (1989); collected in Agnes Martin: On Beauty, ed. Milly Glimcher
batch_d15	Rem Koolhaas	Manhattan is the 20th century's Rosetta Stone.	accepted	Delirious New York: A Retroactive Manifesto for Manhattan (1978)
batch_d15	Chuck Close	Inspiration is for amateurs—the rest of us just show up and get to work.	accepted	Interview with Joe Fig (April 2006), published in Inside the Painter's Studio (2009)
batch_d15	Edward Weston	The camera should be used for a recording of life, for rendering the very substance and quintessence of the thing itself	accepted	The Daybooks of Edward Weston, entry of 10 March 1924
batch_d15	Charles Eames	One could describe Design as a plan for arranging elements to accomplish a particular purpose.	accepted	Design Q & A (1972), film; from the question-and-answer script for the exhibition Qu'est ce que le design?, Musée des Arts Décoratifs, Paris (1969), questions by Mme L. Amic
batch_d15	Charles Eames	I would rather say it's an expression of purpose. It may, if it is good enough, later be judged as art.	accepted	Design Q & A (1972), film; answer to 'Is Design an expression of art?', from the 1969 Musée des Arts Décoratifs script, questions by Mme L. Amic
batch_d15	Edvard Munch	I was walking along a path with two friends – the sun was setting – I felt a breath of melancholy – Suddenly the sky tur	accepted	Diary entry headed 'Nice 22 January 1892'
batch_d15	Leonardo Da Vinci	Painting is poetry which is seen and not heard, and poetry is a painting which is heard but not seen. These two arts, yo	accepted	Treatise on Painting (Trattato della pittura, first published 1651)
batch_d15	Jackson Pollock	My painting does not come from easel. I hardly ever stretch my canvas before painting. I prefer to tack the unstretched 	accepted	Artist's statement (1947)
batch_d15	Eric Gill	Letters are things, not pictures of things.	accepted	An Essay on Typography (1931), chapter 'On Lettering'
batch_d15	Jan Tschichold	The essence of the New Typography is clarity. This puts it into deliberate opposition to the old typography whose aim wa	accepted	The New Typography (Die neue Typographie, 1928), opening of the chapter 'The Principles of the New Typography'
batch_d15	Dieter Rams	Good design is as little design as possible — Less, but better — because it concentrates on the essential aspects, and t	accepted	Ten Principles of Good Design (late 1970s), tenth principle
batch_d15	Luis Barragán	I believe that a work of art reaches perfection when it conveys silent joy and serenity.	accepted	Pritzker Architecture Prize acceptance speech (1980)
batch_d15	Luis Barragán	It is impossible to understand Art and the glory of its history without avowing religious spirituality and the mythical 	accepted	Pritzker Architecture Prize acceptance speech (1980)
batch_d15	Renzo Piano	Firstly, architecture is a service, in the most literal sense of the term. It is an art that produces things that serve 	accepted	Pritzker Architecture Prize acceptance speech (1998)
batch_d15	Renzo Piano	But it is also a socially dangerous art, because it is an imposed art. You can put down a bad book; you can avoid listen	accepted	Pritzker Architecture Prize acceptance speech (1998)
batch_d15	Renzo Piano	Whoever said that creativity had to be free of any constraint?	accepted	Pritzker Architecture Prize acceptance speech (1998)
batch_d15	Tadao Ando	In all my works, light is an important controlling factor. I create enclosed spaces mainly by means of thick concrete wa	accepted	Statement published by the Pritzker Architecture Prize on his 1995 award
batch_d15	Frank Gehry	I am obsessed with architecture. It is true, I am restless, trying to find myself as an architect, and how best to contr	accepted	Pritzker Architecture Prize acceptance speech (1989)
batch_d15	Frank Gehry	Architecture is a small piece of this human equation, but for those of us who practice it, we believe in its potential t	accepted	Pritzker Architecture Prize acceptance speech (1989)
batch_d15	I. M. Pei	I believe that architecture is a pragmatic art. To become art it must be built on a foundation of necessity.	accepted	Pritzker Architecture Prize acceptance speech (1983)
batch_d15	I. M. Pei	Architecture is the very mirror of life. You only have to cast your eyes on buildings to feel the presence of the past, 	accepted	Pritzker Architecture Prize acceptance speech (1983)
batch_d15	Albrecht Dürer	Truly art is firmly fixed in Nature. He who can extract her thence, he alone has her.	accepted	Vier Bücher von menschlicher Proportion (Four Books on Human Proportion) (1528)
batch_d15	Georgia O'Keeffe	I found I could say things with color and shapes that I could say in no other way—things I had no words for.	accepted	Introduction to the brochure for Alfred Stieglitz Presents One Hundred Pictures … by Georgia O'Keeffe, American, Anderson Galleries (1923)
batch_d16	Horatio Nelson	I have only one eye,— I have a right to be blind sometimes . . . I really do not see the signal!	rejected	second-hand source: the only work named is a biography of Horatio Nelson, so what is cited is a biographer's anecdote
batch_d16	Horatio Nelson	Something must be left to chance; nothing is sure in a sea fight above all	accepted	Diary entry on the eve of the Battle of Trafalgar (October 1805), in The Dispatches and Letters of Vice Admiral Lord Viscount Nelson (1845)
batch_d16	Horatio Nelson	Now I can do no more. We must trust to the Great Disposer of all Events and the Justice of our Cause. I thank God for th	accepted	Remark at the Battle of Trafalgar (21 October 1805), after the signal was made
batch_d16	Carl von Clausewitz	War is not merely a political act but a real political instrument, a continuation of political intercourse, a carrying o	accepted	On War (1832), Book 1, Ch. 1, sec. 24, trans. O. J. Matthijs Jolles (1943), p. 16
batch_d16	Carl von Clausewitz	War therefore is an act of violence intended to compel our opponent to fulfil our will.	accepted	On War (1832), Book 1, Ch. 1 (Definition)
batch_d16	Carl von Clausewitz	Action in war is like movement in a resistant element. Just as the simplest and most natural of movements, walking, cann	accepted	On War (1832), Book 1, Ch. 7 (Friction in War)
batch_d16	Ulysses S. Grant	No terms except an unconditional and immediate surrender can be accepted. I propose to move immediately upon your works.	accepted	Letter to General S. B. Buckner at Fort Donelson (16 February 1862)
batch_d16	Ulysses S. Grant	Whatever his feelings, they were entirely concealed from my observation; but my own feelings, which had been quite jubil	accepted	Personal Memoirs of General U. S. Grant (1885)
batch_d16	Ernest Shackleton	At the bottom of the fall we were able to stand again on dry land. The rope could not be recovered. We had flung down th	accepted	South (1920)
batch_d16	Ernest Shackleton	We had pierced the veneer of outside things... We had 'suffered, starved and triumphed, groveled down yet grasped at glo	accepted	South (1920)
batch_d16	Ernest Shackleton	The outstanding feature of today's march is that we have seen new land to the South never seen by human eyes before grea	accepted	The Heart of the Antarctic (1909), diary entry of 22 November 1908
batch_d16	George C. Marshall	Our policy is directed not against any country or doctrine but against hunger, poverty, desperation, and chaos. Its purp	accepted	Address at Harvard University commencement (5 June 1947)
batch_d16	George C. Marshall	Europe's requirements for the next three or four years of foreign food and other essential products — principally from A	accepted	Address at Harvard University commencement (5 June 1947)
batch_d16	George C. Marshall	There is a phase of this matter which is both interesting and serious. The farmer has always produced the foodstuffs to 	accepted	Address at Harvard University commencement (5 June 1947)
batch_d16	George C. Marshall	An essential part of any successful action on the part of the United States is an understanding on the part of the peopl	accepted	Address at Harvard University commencement (5 June 1947)
batch_d16	Erwin Rommel	Even at that time, the American generals showed themselves to be very advanced in the tactical handling of their forces,	accepted	The Rommel Papers (1953), Ch. 23: The Sky Has Grown Dark, p. 523
batch_d16	Helmuth von Moltke the Elder	The tactical result of an engagement forms the base for new strategic decisions because victory or defeat in a battle ch	accepted	On Strategy (1871), as translated in Moltke on the Art of War: Selected Writings (1993), p. 92
batch_d16	Helmuth von Moltke the Elder	Strategy is a system of expedients; it is more than a mere scholarly discipline. It is the translation of knowledge to p	accepted	On Strategy (1871), as translated in Moltke on the Art of War: Selected Writings (1993), p. 124
batch_d16	Chester W. Nimitz	Among the Americans serving on Iwo island, uncommon valor was a common virtue.	accepted	Statement on the Battle of Iwo Jima (1945)
batch_d16	Alfred Thayer Mahan	The study of history lies at the foundation of all sound military conclusions and practice.	accepted	The Influence of Sea Power Upon History, 1660-1783 (1890)
batch_d16	Alfred Thayer Mahan	The history of Sea Power is largely, though by no means solely, a narrative of contests between nations, of mutual rival	accepted	The Influence of Sea Power Upon History, 1660-1783 (1890), p. 1
batch_d16	Alfred Thayer Mahan	It may be urged that, with the extensive sea−coast of the United States, a blockade of the whole line cannot be effectiv	accepted	The Influence of Sea Power Upon History, 1660-1783 (1890)
batch_d16	T.E. Lawrence	Do not try to do too much with your own hands. Better the Arabs do it tolerably than that you do it perfectly. It is the	accepted	Twenty-Seven Articles, in The Arab Bulletin (20 August 1917)
batch_d16	T.E. Lawrence	This creed of the desert seemed inexpressible in words, and indeed in thought.	accepted	Seven Pillars of Wisdom (1922)
batch_d16	Fridtjof Nansen	The history of the human race is a continual struggle from darkness towards light. It is, therefore, to no purpose to di	accepted	A New Route to the North Pole, in The Forum (1891)
batch_d16	Fridtjof Nansen	Let me tell you the secret of such so-called successes as there have been in my life, and here I believe I give you real	accepted	Rectorial address at St Andrews University (3 November 1926), as translated in Adventure, and other papers (1927)
batch_d16	Richard E. Byrd	A man doesn't begin to attain wisdom until he recognizes that he is no longer indispensable	accepted	Alone (1938)
batch_d16	Richard E. Byrd	Half the confusion in the world comes from not knowing how little we need	accepted	Alone (1938)
batch_d16	Richard E. Byrd	Solitude is greater than I anticipated. My sense of values is changing, and many things which before were in solution in	accepted	Alone (1938)
batch_d16	David Livingstone	No one can imagine the beauty of the view from anything witnessed in England. It had never been seen before by European 	accepted	Missionary Travels and Researches in South Africa (1857)
batch_d16	David Livingstone	The islands above the falls are covered with foliage as beautiful as can be seen anywhere. Viewed from the mass of rock 	accepted	Missionary Travels and Researches in South Africa (1857)
batch_d16	David Livingstone	Now it is very grievous to find one portion of this race practicing the gigantic evil, and the other aiding, by increase	accepted	Missionary Travels and Researches in South Africa (1857)
batch_d16	James Cook	I whose ambition leads me not only farther than any other man has been before me, but as far as I think it possible for 	accepted	Private diary entry of 30 January 1774, in The Journals of Captain James Cook, vol. 1 (Hakluyt Society, 1955), General Introduction
batch_d16	Henry Morton Stanley	Dr. Livingstone, I presume?	accepted	How I Found Livingstone (1872); words spoken at Ujiji near Lake Tanganyika, 10 November 1871
batch_d16	George S. Patton	There is a great deal of talk about loyalty from the bottom to the top. Loyalty from the top down is even more necessary	accepted	War As I Knew It (1947)
batch_d16	George S. Patton	A pint of sweat will save a gallon of blood.	accepted	Letter (3 March 1944), later published in War As I Knew It (1947)
batch_d16	George S. Patton	A good plan violently executed right now is far better than a perfect plan executed next week.	accepted	War As I Knew It (1947)
batch_d16	George S. Patton	Fatigue makes cowards of all of us.	accepted	War As I Knew It (1947)
batch_d16	George S. Patton	One does not plan and then try to make circumstances fit those plans. One tries to make plans fit the circumstances.	accepted	War As I Knew It (1947), p. 116
batch_d16	Douglas MacArthur	They are your rallying point to build courage when courage seems to fail, to regain faith when there seems to be little 	accepted	Sylvanus Thayer Award acceptance address at the United States Military Academy, West Point (12 May 1962)
batch_d16	Douglas MacArthur	But I want you to know that when I cross the river, my last conscious thoughts will be of the Corps, and the Corps, and 	accepted	Sylvanus Thayer Award acceptance address at the United States Military Academy, West Point (12 May 1962)
batch_d16	William Tecumseh Sherman	You cannot qualify war in harsher terms than I will. War is cruelty, and you cannot refine it	accepted	Letter to the Mayor and City Council of Atlanta (12 September 1864)
batch_d16	William Tecumseh Sherman	those who brought war into our country deserve all the curses and maledictions a people can pour out	accepted	Letter to the Mayor and City Council of Atlanta (12 September 1864)
batch_d16	William Tecumseh Sherman	If the people raise a howl against my barbarity & cruelty, I will answer that War is War & not popularity seeking. If th	accepted	Letter to Henry W. Halleck (September 1864)
batch_d16	Sun Tzu	It is said that if you know your enemies and know yourself, you will not be imperiled in a hundred battles; if you do no	accepted	The Art of War, Ch. III
batch_d16	Sun Tzu	It is the rule in war, if ten times the enemy's strength, surround them; if five times, attack them; if double, be able 	accepted	The Art of War, Ch. III
batch_d16	Sun Tzu	What the ancients called a clever fighter is one who not only wins, but excels in winning with ease.	accepted	The Art of War, Ch. III
batch_d16	Sun Tzu	In the practical art of war, the best thing of all is to take the enemy's country whole and intact; to shatter and destr	accepted	The Art of War, Ch. III
batch_d16	Smedley Butler	War is a racket. It always has been. It is possibly the oldest, easily the most profitable, surely the most vicious. It 	accepted	War Is a Racket (1935)
batch_d16	Smedley Butler	A racket is best described, I believe, as something that is not what it seems to the majority of people. Only a small in	accepted	Speech (1933)
batch_d16	Smedley Butler	I spent 33 years and 4 months In active service as a member of our country's most agile military force – the Marine Corp	accepted	Common Sense, Vol. 4, No. 11 (November 1935), p. 8
batch_d16	Bernard Montgomery	The frightful casualties appalled me. The so-called 'good fighting generals' of the war appeared to me to be those who h	accepted	Memoirs (1958), p. 35
batch_d16	Bernard Montgomery	The British soldier is second to none in the communities of fighting men. Some may possess more élan, others may be bett	accepted	Memoirs (1958), pp. 543-544
batch_d16	Erwin Rommel	Better too much spade work than too little! This work saves blood	accepted	Infantry Attacks (1937), p. 28
batch_d16	Erwin Rommel	In a man on man fight between comparable opponents, the winner is he who has put one more bullet through the barrel.	accepted	Infantry Attacks (1937)
batch_d16	Omar Bradley	I prefer to remember Patton as a man, as a man with all the frailties and faults of a human being, as a man whose greatn	accepted	A Soldier's Story (1951)
batch_d16	Omar Bradley	We know more about war than we know about peace, more about killing than we know about living.	accepted	Armistice Day address, Boston (10 November 1948)
batch_d16	Erich von Manstein	It has always been the particular forte of German leadership to grant wide scope to the self-dependence of subordinate c	accepted	Lost Victories (1955; English translation 1958)
batch_d16	Erich von Manstein	But it is a well-known maxim of war that whoever tries to hold on to everything at once, finishes up by holding nothing 	accepted	Lost Victories (1955; English translation 1958)
batch_d16	Erich von Manstein	The will for victory which gives a commander the strength to see a grave crisis through is something very different from	accepted	Lost Victories (1955; English translation 1958)
batch_d16	Ferdinand Foch	In tactics, action is the governing rule of war.	accepted	Precepts and Judgments (1919), p. 79
batch_d16	Ferdinand Foch	There is but one means to extenuate the effects of enemy fire: it is to develop a more violent fire oneself.	accepted	Precepts and Judgments (1919), p. 110
batch_d16	Ferdinand Foch	The laurels of victory are at the point of the enemy bayonets. They must be plucked there; they must be carried by a han	accepted	Precepts and Judgments (1919), p. 105
batch_d16	Ferdinand Foch	An army is to a chief what a sword is to a soldier. It is only worth anything in so far as it receives from him a certai	accepted	Precepts and Judgments (1919), p. 138
batch_d16	Ferdinand Foch	In war there are none but particular cases; everything has there an individual nature; nothing ever repeats itself. In t	accepted	Precepts and Judgments (1919), p. 152
batch_d16	Ferdinand Foch	The unknown is the governing condition of war.	accepted	Precepts and Judgments (1919), p. 209
batch_d16	Ferdinand Foch	A war not only arises, but derives its nature, from the political ideas, the moral sentiments, and the international rel	accepted	Precepts and Judgments (1919), p. 211
batch_d16	Ferdinand Foch	Everything in war is linked together, is mutually interdependent, mutually interpenetrating.	accepted	Precepts and Judgments (1919), p. 214
batch_d16	William Slim	Generals who are terribly busy all day and half the night, who fuss round, posting platoons, and writing march tables, w	accepted	Defeat into Victory (1956), p. 184
batch_d16	Georgy Zhukov	I find it rather difficult in the evening of my life to recollect everything that happened as time has erased from memor	accepted	The Memoirs of Marshal Zhukov (1971), dedication, p. 5
batch_d17	Adam Smith	It is not from the benevolence of the butcher, the brewer, or the baker that we expect our dinner, but from their regard	accepted	An Inquiry into the Nature and Causes of the Wealth of Nations (1776), Book I, Chapter II
batch_d17	Adam Smith	People of the same trade seldom meet together, even for merriment and diversion, but the conversation ends in a conspira	accepted	An Inquiry into the Nature and Causes of the Wealth of Nations (1776), Book I
batch_d17	Thorstein Veblen	The chief use of servants is the evidence they afford of the master's ability to pay.	accepted	The Theory of the Leisure Class (1899), Chapter 3: Conspicuous Leisure
batch_d17	Thorstein Veblen	As we descend the social scale, the point is presently reached where the duties of vicarious leisure and consumption dev	accepted	The Theory of the Leisure Class (1899), Chapter 4: Conspicuous Consumption
batch_d17	Max Weber	Limitation to specialized work, with a renunciation of the Faustian universality of man which it involves, is a conditio	accepted	The Protestant Ethic and the Spirit of Capitalism (1905)
batch_d17	Max Weber	The fate of our times is characterized by rationalization and intellectualization and, above all, by the disenchantment 	accepted	Science as a Vocation (1917)
batch_d17	Max Weber	Politics means a strong slow drilling of hard boards, with passion and judgment at the same time.	accepted	Politics as a Vocation (1919)
batch_d17	John Maynard Keynes	Practical men, who believe themselves to be quite exempt from any intellectual influence, are usually the slaves of some	accepted	The General Theory of Employment, Interest and Money (1936), Chapter 24: Concluding Notes, pp. 383-384
batch_d17	John Maynard Keynes	Madmen in authority, who hear voices in the air, are distilling their frenzy from some academic scribbler of a few years	accepted	The General Theory of Employment, Interest and Money (1936), Chapter 24: Concluding Notes, pp. 383-384
batch_d17	John Maynard Keynes	In truth, the gold standard is already a barbarous relic.	accepted	A Tract on Monetary Reform (1923)
batch_d17	John Maynard Keynes	Money is only important for what it will procure. Thus a change in the monetary unit, which is uniform in its operation 	accepted	Essays in Persuasion (1931)
batch_d17	Friedrich Hayek	It is more than a metaphor to describe the price system as a kind of machinery for registering change, or a system of te	accepted	The Use of Knowledge in Society (1945)
batch_d17	Émile Durkheim	We need have no further illusions about the tendencies of modern industry; it advances steadily towards powerful machine	accepted	The Division of Labour in Society (1893)
batch_d17	Karl Polanyi	The fount and matrix of the system was the self-regulating market. It was this innovation which gave rise to a specific 	accepted	The Great Transformation (1944), Chapter 1: The Hundred Years' Peace
batch_d17	Karl Polanyi	The true nature of the international system under which we were living was not realized until it failed. Hardly anyone u	accepted	The Great Transformation (1944), Chapter 1: The Hundred Years' Peace
batch_d17	Karl Polanyi	The conflict of 1914-18 merely precipitated and immeasurably aggravated a crisis that it had not created. But the roots 	accepted	The Great Transformation (1944), Chapter 2: Conservative Twenties, Revolutionary Thirties
batch_d17	Karl Polanyi	At the heart of the Industrial Revolution of the eighteenth century there was an almost miraculous improvement in the to	accepted	The Great Transformation (1944), Chapter 3: Habitation versus Improvement
batch_d17	Karl Polanyi	The economic system is, in effect, a mere function of social organization.	accepted	The Great Transformation (1944)
batch_d17	Claude Lévi-Strauss	I hate travelling and explorers. Yet here I am proposing to tell the story of my expeditions.	accepted	Tristes Tropiques (1955)
batch_d17	Claude Lévi-Strauss	One must be very naïve or dishonest to imagine that men choose their beliefs independently of their situation.	accepted	Tristes Tropiques (1955)
batch_d17	Claude Lévi-Strauss	The image a society evolves of the relationship between the living and the dead is, in the final analysis, an attempt, o	accepted	Tristes Tropiques (1955)
batch_d17	Claude Lévi-Strauss	Adventure has no place in the anthropologists profession; it is merely one of those unavoidable drawbacks, which detract	accepted	Tristes Tropiques (1955)
batch_d17	Joseph Schumpeter	Capitalism, then, is by nature a form or method of economic change and not only never is but never can be stationary	accepted	Capitalism, Socialism and Democracy (1942), Part II, Chapter VII: The Process of Creative Destruction
batch_d17	Joseph Schumpeter	The fundamental impulse that sets and keeps the capitalist engine in motion comes from the new consumers' goods, the new	accepted	Capitalism, Socialism and Democracy (1942), Part II, Chapter VII: The Process of Creative Destruction
batch_d17	Joseph Schumpeter	This process of Creative Destruction is the essential fact about capitalism	accepted	Capitalism, Socialism and Democracy (1942), Part II, Chapter VII: The Process of Creative Destruction
batch_d17	Elinor Ostrom	Humans have a more complex motivational structure and more capability to solve social dilemmas than posited in earlier r	accepted	Nobel Prize Lecture, Beyond Markets and States: Polycentric Governance of Complex Economic Systems (8 December 2009)
batch_d17	Elinor Ostrom	We should continue to use simple models where they capture enough of the core underlying structure and incentives that t	accepted	Nobel Prize Lecture (8 December 2009)
batch_d17	Ruth Benedict	From the moment of his birth the customs into which [an individual] is born shape his experience and behavior. By the ti	accepted	Patterns of Culture (1934), Chapter 1
batch_d17	Ruth Benedict	No man ever looks at the world with pristine eyes. He sees it edited by a definite set of customs and institutions and w	accepted	Patterns of Culture (1934), Chapter 2
batch_d17	Ruth Benedict	In world history, those who have helped to build the same culture are not necessarily of one race, and those of the same	accepted	Patterns of Culture (1934)
batch_d17	Ruth Benedict	The tough-minded are content that differences should exist. They respect differences. Their goal is a world made safe fo	accepted	The Chrysanthemum and the Sword: Patterns of Japanese Culture, p. 15 (1967 edition cited)
batch_d17	Bronisław Malinowski	Ethnology or Anthropology, the science of Man, must not shun him in his innermost self, in his instinctive and emotional	accepted	Argonauts of the Western Pacific (1922)
batch_d17	Bronisław Malinowski	The savage also has his thaumatology, and in the Trobriands, where magic dominates all supernaturalism, it is a thaumato	accepted	Sex and Repression in Savage Society (1927)
batch_d17	C. Wright Mills	People with advantages are loath to believe that they just happen to be people with advantages. They come readily to def	accepted	The Power Elite (1956)
batch_d17	C. Wright Mills	The idea of the elite as composed of men and women having a finer moral character is an ideology of the elite.	accepted	The Power Elite (1956)
batch_d17	Clifford Geertz	what we call our data are really our own constructions of other people's constructions of what they and their compatriot	accepted	The Interpretation of Cultures (1973), Thick Description: Toward an Interpretive Theory of Culture
batch_d17	Erving Goffman	I mean this report to serve as a sort of handbook detailing one sociological perspective from which social life can be s	accepted	The Presentation of Self in Everyday Life (1959)
batch_d17	Erving Goffman	While the stranger is present before us, evidence can arise of his possessing an attribute that makes him different from	accepted	Stigma: Notes on the Management of Spoiled Identity (1963)
batch_d17	Pierre Bourdieu	Practice has a logic which is not that of the logician.	accepted	The Logic of Practice (1990)
batch_d17	Pierre Bourdieu	Aristocracies are essentialist. Regarding existence as an emination of essence, they set no intrinsic value on the deeds	accepted	Distinction: A Social Critique of the Judgment of Taste
batch_d17	Pierre Bourdieu	The same essentialism requires them to impose on themselves what their essence imposes on them—noblesse oblige—to ask of	accepted	Distinction: A Social Critique of the Judgment of Taste
batch_d17	Thomas Malthus	It is an acknowledged truth in philosophy that a just theory will always be confirmed by experiment	accepted	An Essay on the Principle of Population (1798), Chapter I, paragraph 9
batch_d17	Thomas Malthus	Population, when unchecked, increases in a geometrical ratio, Subsistence, increases only in an arithmetical ratio	accepted	An Essay on the Principle of Population (1798), Chapter I, paragraph 18
batch_d17	Thomas Malthus	To remedy the frequent distresses of the common people, the poor laws of England have been instituted; but it is to be f	accepted	An Essay on the Principle of Population (1798), Chapter V, paragraph 2
batch_d17	Thomas Malthus	To prevent the recurrence of misery is, alas! beyond the power of man	accepted	An Essay on the Principle of Population (1798), Chapter V, paragraph 25
batch_d17	Thomas Malthus	The power of population is so superior to the power in the earth to produce subsistence for man, that premature death mu	accepted	An Essay on the Principle of Population (1798), Chapter VII, paragraph 20
batch_d17	Georg Simmel	The deepest problems of modern life derive from the claim of the individual to preserve the autonomy and individuality o	accepted	The Metropolis and Mental Life (1903)
batch_d17	Georg Simmel	Money, with all its colorlessness and indifference, becomes the common denominator of all values; irreparably it hollows	accepted	The Metropolis and Mental Life (1903)
batch_d17	Frédéric Bastiat	In the department of economy, an act, a habit, an institution, a law, gives birth not only to an effect, but to a series	rejected	quote length 732 chars / 129 words outside 20-600 and >=4
batch_d17	Frédéric Bastiat	The bad economist pursues a small present good, which will be followed by a great evil to come, while the true economist	accepted	That Which Is Seen, and That Which Is Not Seen (1850)
batch_d17	Frédéric Bastiat	Life, liberty, and property do not exist because men have made laws. On the contrary, it was the fact that life, liberty	accepted	The Law (1850)
batch_d17	Frédéric Bastiat	When law and morality contradict each other, the citizen has the cruel alternative of either losing his moral sense or l	accepted	The Law (1850)
batch_d17	Frédéric Bastiat	When plunder becomes a way of life for a group of men in a society, over the course of time they create for themselves a	accepted	The Law (1850)
batch_d17	Zygmunt Bauman	What has been cut apart cannot be glued back together. Abandon all hope of totality, future as well as past, you who ent	accepted	Liquid Modernity (2000)
batch_d17	Alfred Marshall	Political Economy or Economics is a study of mankind in the ordinary business of life; it examines that part of individu	accepted	Principles of Economics (1890), Book I, Chapter I
batch_d17	E. F. Schumacher	Perhaps we cannot raise the winds. But each of us can put up the sail, so that when the wind comes we can catch it.	accepted	Small Is Beautiful: A Study of Economics As If People Mattered (1973)
batch_d17	E. F. Schumacher	The cultivation and expansion of needs is the antithesis of wisdom. It is also the antithesis of freedom and peace. Ever	accepted	Small Is Beautiful: A Study of Economics As If People Mattered (1973), p. 31
batch_d17	E. F. Schumacher	Scientific and technological 'solutions' which poison the environment or degrade the social structure and man himself ar	accepted	Small Is Beautiful: A Study of Economics As If People Mattered (1973), p. 31
batch_d17	E. F. Schumacher	The disease having been caused by allowing cleverness to displace wisdom, no amount of clever research is likely to prod	accepted	Small Is Beautiful: A Study of Economics As If People Mattered (1973)
batch_d17	E. F. Schumacher	It is doubly chimerical to build peace on economic foundations which, in turn, rest on the systematic cultivation of gre	accepted	Small Is Beautiful: A Study of Economics As If People Mattered (1973)
batch_d17	E. F. Schumacher	Since consumption is merely a means to human well-being, the aim should be to obtain the maximum of well-being with the 	accepted	Small Is Beautiful: A Study of Economics As If People Mattered (1973)
batch_d17	Kenneth Boulding	It is almost as hard to define mathematics as it is to define economics, and one is tempted to fall back on the famous o	accepted	Economics as a Science (1970)
batch_d17	Kenneth Boulding	Economics, we learn in the history of thought, only became a science by escaping from the casuistry and moralizing of me	accepted	Economics as a Science (1970)
batch_d17	Kenneth Boulding	If the society toward which we are developing is not to be a nightmare of exhaustion, we must use the interlude of the p	accepted	Economics as a Science (1970)
batch_d17	Kenneth Boulding	The closed economy of the future might similarly be called the 'spaceman' economy, in which the earth has become a singl	accepted	The Economics of the Coming Spaceship Earth (1966)
batch_d19	William Faulkner	I feel that this award was not made to me as a man, but to my work -- a life's work in the agony and sweat of the human 	accepted	Banquet speech, Nobel Prize in Literature (1950), Nobel Banquet, City Hall, Stockholm, 10 December 1950
batch_d19	William Faulkner	So this award is only mine in trust.	accepted	Banquet speech, Nobel Prize in Literature (1950), Nobel Banquet, City Hall, Stockholm, 10 December 1950
batch_d19	William Faulkner	But I would like to do the same with the acclaim too, by using this moment as a pinnacle from which I might be listened 	accepted	Banquet speech, Nobel Prize in Literature (1950), Nobel Banquet, City Hall, Stockholm, 10 December 1950
batch_d19	William Faulkner	I believe that man will not merely endure: he will prevail. He is immortal, not because he alone among creatures has an 	accepted	Banquet speech, Nobel Prize in Literature (1950), Nobel Banquet, City Hall, Stockholm, 10 December 1950
batch_d19	William Faulkner	It is his privilege to help man endure by lifting his heart, by reminding him of the courage and honor and hope and prid	accepted	Banquet speech, Nobel Prize in Literature (1950), Nobel Banquet, City Hall, Stockholm, 10 December 1950
batch_d19	William Faulkner	The poet's voice need not merely be the record of man, it can be one of the props, the pillars to help him endure and pr	accepted	Banquet speech, Nobel Prize in Literature (1950), Nobel Banquet, City Hall, Stockholm, 10 December 1950
batch_d19	William Faulkner	I decline to accept the end of man.	accepted	Banquet speech, Nobel Prize in Literature (1950), Nobel Banquet, City Hall, Stockholm, 10 December 1950
batch_d19	Ernest Hemingway	Writing, at its best, is a lonely life.	accepted	Banquet speech, Nobel Prize in Literature (1954), Nobel Banquet, City Hall, Stockholm, 10 December 1954
batch_d19	Ernest Hemingway	For he does his work alone and if he is a good enough writer he must face eternity, or the lack of it, each day.	accepted	Banquet speech, Nobel Prize in Literature (1954), Nobel Banquet, City Hall, Stockholm, 10 December 1954
batch_d19	Ernest Hemingway	For a true writer each book should be a new beginning where he tries again for something that is beyond attainment.	accepted	Banquet speech, Nobel Prize in Literature (1954), Nobel Banquet, City Hall, Stockholm, 10 December 1954
batch_d19	Ernest Hemingway	How simple the writing of literature would be if it were only necessary to write in another way what has been well writt	accepted	Banquet speech, Nobel Prize in Literature (1954), Nobel Banquet, City Hall, Stockholm, 10 December 1954
batch_d19	John Steinbeck	Literature is as old as speech.	accepted	Banquet speech, Nobel Prize in Literature (1962), Nobel Banquet, City Hall, Stockholm, 10 December 1962
batch_d19	John Steinbeck	Man himself has become our greatest hazard and our only hope.	accepted	Banquet speech, Nobel Prize in Literature (1962), Nobel Banquet, City Hall, Stockholm, 10 December 1962
batch_d19	John Steinbeck	I hold that a writer who does not passionately believe in the perfectibility of man, has no dedication nor any membershi	accepted	Banquet speech, Nobel Prize in Literature (1962), Nobel Banquet, City Hall, Stockholm, 10 December 1962
batch_d19	John Steinbeck	Furthermore, the writer is delegated to declare and to celebrate man's proven capacity for greatness of heart and spirit	accepted	Banquet speech, Nobel Prize in Literature (1962), Nobel Banquet, City Hall, Stockholm, 10 December 1962
batch_d19	Albert Camus	By definition he cannot put himself today in the service of those who make history; he is at the service of those who su	accepted	Banquet speech, Nobel Prize in Literature (1957), Nobel Banquet, City Hall, Stockholm, 10 December 1957
batch_d19	Albert Camus	For myself, I cannot live without my art.	accepted	Banquet speech, Nobel Prize in Literature (1957), Nobel Banquet, City Hall, Stockholm, 10 December 1957
batch_d19	Albert Camus	Each generation doubtless feels called upon to reform the world. Mine knows that it will not reform it, but its task is 	accepted	Banquet speech, Nobel Prize in Literature (1957), Nobel Banquet, City Hall, Stockholm, 10 December 1957
batch_d19	Toni Morrison	We die. That may be the meaning of life. But we do language. That may be the measure of our lives.	accepted	Nobel Lecture, Nobel Prize in Literature (1993), Stockholm, 7 December 1993
batch_d19	Toni Morrison	Oppressive language does more than represent violence; it is violence; does more than represent the limits of knowledge;	accepted	Nobel Lecture, Nobel Prize in Literature (1993), Stockholm, 7 December 1993
batch_d19	Toni Morrison	Word-work is sublime, she thinks, because it is generative; it makes meaning that secures our difference, our human diff	accepted	Nobel Lecture, Nobel Prize in Literature (1993), Stockholm, 7 December 1993
batch_d19	Toni Morrison	The vitality of language lies in its ability to limn the actual, imagined and possible lives of its speakers, readers, w	accepted	Nobel Lecture, Nobel Prize in Literature (1993), Stockholm, 7 December 1993
batch_d19	Gabriel García Márquez	Poets and beggars, musicians and prophets, warriors and scoundrels, all creatures of that unbridled reality, we have had	accepted	Nobel Lecture: The Solitude of Latin America (1982), Nobel Prize in Literature, Stockholm, 8 December 1982
batch_d19	Gabriel García Márquez	a new and sweeping utopia of life, where no one will be able to decide for others how they die, where love will prove tr	accepted	Nobel Lecture: The Solitude of Latin America (1982), Nobel Prize in Literature, Stockholm, 8 December 1982
batch_d19	Aleksandr Solzhenitsyn	Violence finds its only refuge in falsehood, falsehood its only support in violence.	accepted	Nobel Lecture (1970), Nobel Prize in Literature
batch_d19	Aleksandr Solzhenitsyn	Any man who has once acclaimed violence as his METHOD must inexorably choose falsehood as his PRINCIPLE.	accepted	Nobel Lecture (1970), Nobel Prize in Literature
batch_d19	Aleksandr Solzhenitsyn	Woe to that nation whose literature is cut short by the intrusion of force.	accepted	Nobel Lecture (1970), Nobel Prize in Literature
batch_d19	Pablo Neruda	There is no insurmountable solitude.	accepted	Nobel Lecture: Towards the Splendid City (1971), Nobel Prize in Literature, Stockholm, 13 December 1971
batch_d19	Pablo Neruda	I believe that poetry is an action, ephemeral or solemn, in which there enter as equal partners solitude and solidarity,	accepted	Nobel Lecture: Towards the Splendid City (1971), Nobel Prize in Literature, Stockholm, 13 December 1971
batch_d19	Pablo Neruda	All paths lead to the same goal: to convey to others what we are.	accepted	Nobel Lecture: Towards the Splendid City (1971), Nobel Prize in Literature, Stockholm, 13 December 1971
batch_d19	Pablo Neruda	the best poet is he who prepares our daily bread: the nearest baker who does not imagine himself to be a god.	accepted	Nobel Lecture: Towards the Splendid City (1971), Nobel Prize in Literature, Stockholm, 13 December 1971
batch_d20	Oliver Wendell Holmes Jr.	The life of the law has not been logic; it has been experience. The law embodies the story of a nation's development thr	accepted	The Common Law (1881), Lecture I
batch_d20	Oliver Wendell Holmes Jr.	The most stringent protection of free speech would not protect a man in falsely shouting fire in a theatre and causing a	accepted	Schenck v. United States, 249 U.S. 47, 52 (1919), opinion of the Court
batch_d20	Oliver Wendell Holmes Jr.	The character of every act depends upon the circumstances in which it is done.	accepted	Schenck v. United States, 249 U.S. 47, 52 (1919), opinion of the Court
batch_d20	Oliver Wendell Holmes Jr.	Three generations of imbeciles are enough.	accepted	Buck v. Bell, 274 U.S. 200, 207 (1927), opinion of the Court
batch_d20	Oliver Wendell Holmes Jr.	General propositions do not decide concrete cases.	accepted	Lochner v. New York, 198 U.S. 45, 76 (1905), dissenting opinion
batch_d20	Oliver Wendell Holmes Jr.	The liberty of the citizen to do as he likes so long as he does not interfere with the liberty of others to do the same,	accepted	Lochner v. New York, 198 U.S. 45 (1905), dissenting opinion
batch_d20	Oliver Wendell Holmes Jr.	Free competition is worth more to society than it costs	accepted	Vegelahn v. Guntner (1896), Supreme Judicial Court of Massachusetts, dissenting opinion
batch_d20	Oliver Wendell Holmes Jr.	if there is any principle of the Constitution that more imperatively calls for attachment than any other, it is the prin	accepted	United States v. Schwimmer (1929), dissenting opinion
batch_d20	Oliver Wendell Holmes Jr.	the ultimate good desired is better reached by free trade in ideas -- that the best test of truth is the power of the th	accepted	Abrams v. United States, 250 U.S. 616, 630 (1919), dissenting opinion
batch_d20	Louis D. Brandeis	The greatest dangers to liberty lurk in insidious encroachment by men of zeal, well-meaning but without understanding.	accepted	Olmstead v. United States (1928), dissenting opinion
batch_d20	Louis D. Brandeis	If the government becomes a law-breaker, it breeds contempt for the law. It invites every man to become a law unto himse	accepted	Olmstead v. United States (1928), dissenting opinion
batch_d20	Louis D. Brandeis	To declare that in the administration of the criminal law the end justifies the means -- to declare that the government 	accepted	Olmstead v. United States (1928), dissenting opinion
batch_d20	Louis D. Brandeis	Decency, security and liberty alike demand that government officials shall be subjected to the same rules of conduct tha	accepted	Olmstead v. United States (1928), dissenting opinion
batch_d20	Benjamin N. Cardozo	There is in each of us a stream of tendency, whether you choose to call it philosophy or not, which gives coherence and 	accepted	The Nature of the Judicial Process (1921), Lecture I
batch_d20	Benjamin N. Cardozo	The great tides and currents which engulf the rest of men do not turn aside in their course and pass the judges by.	accepted	The Nature of the Judicial Process (1921)
batch_d20	Benjamin N. Cardozo	the great generalities of the constitution have a content and a significance that vary from age to age	accepted	The Nature of the Judicial Process (1921), Lecture III: The Method of Sociology
batch_d20	Benjamin N. Cardozo	Of that freedom [of thought and speech] one may say that it is the matrix, the indispensable condition, of nearly every 	accepted	Palko v. Connecticut (1937), opinion of the Court
batch_d20	Benjamin N. Cardozo	The judicial process is one of compromise, a compromise between paradoxes, between certainty and uncertainty, between th	accepted	Jurisprudence (1932), address
batch_d20	Learned Hand	Political agitation, by the passions it arouses or the convictions it engenders, may in fact stimulate men to the violat	accepted	Masses Publishing Co. v. Patten (1917), opinion
batch_d20	Robert H. Jackson	But here is an attempt to make an otherwise innocent act a crime merely because this prisoner is the son of parents as t	accepted	Korematsu v. United States (1944), dissenting opinion
batch_d20	Robert H. Jackson	The privilege of opening the first trial in history for crimes against the peace of the world imposes a grave responsibi	accepted	Opening statement for the prosecution before the International Military Tribunal, Nuremberg (1945)
batch_d20	Robert H. Jackson	We must make clear to the Germans that the wrong for which their fallen leaders are on trial is not that they lost the w	accepted	Opening statement for the prosecution before the International Military Tribunal, Nuremberg (1945)
batch_d20	Felix Frankfurter	In this Court dissents have gradually become majority opinions.	accepted	Graves v. New York ex rel. O'Keefe, 306 U.S. 446 (1939), concurring opinion
batch_d20	Felix Frankfurter	The history of liberty has largely been the history of the observance of procedural safeguards. And the effective admini	accepted	McNabb v. United States, 318 U.S. 332 (1943), opinion of the Court
batch_d20	William O. Douglas	The right to be let alone is indeed the beginning of all freedom	accepted	Public Utilities Commission of the District of Columbia v. Pollak (1952), dissenting opinion
batch_d20	William O. Douglas	The Constitution places the right of silence beyond the reach of government	accepted	Ullmann v. United States (1956), dissenting opinion
batch_d20	William O. Douglas	A man's belief is his own; he is the keeper of his conscience; Big Brother has no rightful concern in these areas	accepted	Points of Rebellion (1970)
batch_d20	William O. Douglas	The First Amendment was designed so as to permit a flowering of man and his idiosyncracies	accepted	Points of Rebellion (1970)
batch_d20	William O. Douglas	The right to dissent is the only thing that makes life tolerable for a judge of an appellate court	accepted	America Challenged (1960)
batch_d20	Antonin Scalia	Frequently an issue of this sort will come before the Court clad, so to speak, in sheep's clothing: the potential of the	accepted	Morrison v. Olson (1988), dissenting opinion
batch_d20	Antonin Scalia	Evidently, the governing standard is to be what might be called the unfettered wisdom of a majority of this Court, revea	accepted	Morrison v. Olson (1988), dissenting opinion
batch_d20	Antonin Scalia	How frightening it must be to have your own independent counsel and staff appointed, with nothing else to do but to inve	accepted	Morrison v. Olson (1988), dissenting opinion
batch_d20	Antonin Scalia	Words do have a limited range of meaning, and no interpretation that goes beyond that range is permissible	accepted	Speech at Princeton University (1995), later published in A Matter of Interpretation
batch_d20	William Blackstone	That the king can do no wrong, is a necessary and fundamental principle of the English constitution.	accepted	Commentaries on the Laws of England (1765-1769), Book III, Chapter 17: Of Injuries Proceeding from, or Affecting, the Crown
batch_d20	William Blackstone	every man, when he enters into society, gives up a part of his natural liberty, as the price of so valuable a purchase	accepted	Commentaries on the Laws of England (1765-1769), Book I, Chapter 1: Of the Absolute Rights of Individuals
batch_d20	Edward Coke	Only this incident inseparable every custom must have, viz., that it be consonant to reason; for how long soever it hath	accepted	The Institutes of the Laws of England (1628)
batch_d20	Edward Coke	[T]he house of every one is to him as his castle and fortress, as well for his defence against injury and violence, as f	accepted	Semayne's Case, 5 Co. Rep. 91; 77 Eng. Rep. 194 (K.B. 1604)
batch_d20	Alfred Denning	What is the argument on the other side? Only this, that no case has been found in which it has been done before. That ar	accepted	Packer v Packer [1954] P. 15 at 22, judgment
batch_d20	Richard Posner	the science of rational choice in a world in which resources are limited in relation to human wants	accepted	Economic Analysis of Law (7th ed., 2007)
batch_d20	Richard Posner	the task of economics is to explore the implications of assuming that man is a rational maximizer of his ends in life, h	accepted	Economic Analysis of Law (7th ed., 2007)
batch_d20	Ronald Dworkin	Discretion, like the hole in a doughnut, does not exist except as an area left open by a surrounding belt of restriction	accepted	Taking Rights Seriously (1978)
batch_d20	Ronald Dworkin	We live in and by the law. It makes us what we are: citizens and employees and doctors and spouses and people who own th	rejected	quote length 686 chars / 131 words outside 20-600 and >=4
batch_d20	John Marshall Harlan	Our Constitution is color-blind, and neither knows nor tolerates classes among citizens. In respect of civil rights, all	accepted	Plessy v. Ferguson (1896), dissenting opinion
batch_d20	John Marshall Harlan	In view of the constitution, in the eye of the law, there is in this country no superior, dominant, ruling class of citi	accepted	Plessy v. Ferguson (1896), dissenting opinion
batch_d20	Hugo Black	The First Amendment was added to the Constitution to stand as a guarantee that neither the power nor the prestige of the	accepted	Engel v. Vitale (1962), opinion of the Court
batch_d20	Hugo Black	I read 'no law . . . abridging' to mean no law abridging.	accepted	Smith v. California (1959), concurring opinion
batch_d20	Hugo Black	It seems self-evident that all speech criticizing government rulers and challenging current beliefs may be dangerous to 	accepted	Wieman v. Updegraff (1952), concurring opinion
batch_d21	Charles Lindbergh	I have seen the science I worshiped, and the aircraft I loved, destroying the civilization I expected them to serve.	accepted	Of Flight and Life (1948)
batch_d21	Charles Lindbergh	If I had to choose, I would rather have birds than airplanes.	accepted	'Is Civilization Progress?', Reader's Digest (July 1964)
batch_d21	Charles Lindbergh	In wilderness I sense the miracle of life, and behind it, our scientific accomplishments fade to trivia.	accepted	'The Wisdom of Wilderness', LIFE (22 December 1967)
batch_d21	Charles Lindbergh	Life — a culmination of the past, an awareness of the present, an indication of a future beyond knowledge, the quality t	accepted	'Is Civilization Progress?', Reader's Digest (July 1964)
batch_d21	Buzz Aldrin	A busy eleven minutes later we were in Earth orbit. The Earth didn't look much different from the way it had during my f	accepted	Apollo Expeditions to the Moon (1975)
batch_d21	Michael Collins	I really believe that if the political leaders of the world could see their planet from a distance of, let's say 100,000	rejected	quote length 815 chars / 134 words outside 20-600 and >=4
batch_d21	Chuck Yeager	In my opinion there's no such thing as a natural-born pilot. A pilot's ability depends on experience, and the more exper	accepted	'Chuck Yeager: The Voice of Experience', HistoryNet (1998)
batch_d21	Chuck Yeager	My father taught me to finish anything I started. And I think that carries throughout your adult life. Most people's per	accepted	'Chuck Yeager: The Voice of Experience', HistoryNet (1998)
batch_d21	Chuck Yeager	The more experience you have, the better you are. And that's true of anything you do in airplanes, dogfighting in combat	accepted	'Chuck Yeager: The Voice of Experience', HistoryNet (1998)
batch_d21	Chuck Yeager	There is no kind of ultimate goal to do something twice as good as anyone else can. It's just to do the job as best you 	accepted	'Chuck Yeager: The Voice of Experience', HistoryNet (1998)
batch_d21	Chuck Yeager	Hey, man, get a job you like and you'll probably be quite good at it. And make your lifestyle fit your income. Don't try	accepted	'Chuck Yeager: The Voice of Experience', HistoryNet (1998)
batch_d21	Chuck Yeager	I spent 65 years in air force cockpits and fought in four wars, but I never looked at it as an adventure. It's duty. You	accepted	'Life Advice from Chuck Yeager' (2009)
batch_d21	Chuck Yeager	I don't dream. I don't have nightmares. I'm gifted in that I can lie down and sleep within a minute anywhere I am, any t	accepted	'Life Advice from Chuck Yeager' (2009)
batch_d21	Neil Armstrong	Houston, Tranquility Base here. The Eagle has landed.	accepted	First words from the Apollo 11 lunar module Eagle after landing on the Moon (20 July 1969, 4:17pm EDT)
batch_d21	Neil Armstrong	I think we're going to the moon because it's in the nature of the human being to face challenges. It's by the nature of 	accepted	Apollo mission press conference (1969)
batch_d21	Neil Armstrong	I'm quite certain that we'll have such [lunar] bases in our lifetime, somewhat like the Antarctic stations and similar s	accepted	BBC interview (1970)
batch_d21	Neil Armstrong	Through books you will meet poets and novelists whose creations will fire your imagination. You will meet the great thin	accepted	Letter to the children of Troy, Michigan on the opening of its Public Library (1971)
batch_d21	John Glenn	I pray every day and I think everybody should... But to look out at this kind of creation out here and not believe in Go	accepted	STS-95 Shuttle Mission News Conference on Orbit (5 November 1998)
batch_d21	John Glenn	The most important thing we can do is inspire young minds and to advance the kind of science, math and technology educat	accepted	CNN (4 May 2000)
batch_d21	John Glenn	To me, there is no greater calling … If I can inspire young people to dedicate themselves to the good of mankind, I've a	accepted	The Cincinnati Enquirer (20 February 2002)
batch_d21	Wernher von Braun	Everything in space obeys the laws of physics. If you know these laws, and obey them, space will treat you kindly. And d	accepted	Time (17 February 1958)
batch_d21	Wernher von Braun	There is just one thing I can promise you about the outer-space program: Your tax dollar will go farther.	accepted	Reader's Digest (1961)
batch_d21	Wernher von Braun	If our intention had been merely to bring back a handful of soil and rocks from the lunar gravel pit and then forget the	accepted	Banquet speech on the eve of the Apollo 11 launch, Royal Oaks Country Club, Titusville (15 July 1969), published in Life (29 August 1969), vol. 67 no. 9, p. 34
batch_d21	Wernher von Braun	I'm convinced that before the year 2000 is over, the first child will have been born on the moon.	accepted	Taped television interview broadcast on WMAL, Washington (7 January 1972), reported in the New York Times (7 January 1972), p. 14
batch_d21	Wernher von Braun	It would be the height of presumption to think that we are the only living things in that enormous immensity.	accepted	Address before the Publishers' Group Meeting (29 April 1960), text in The New York Times
batch_d21	Wernher von Braun	My experiences with science led me to God. They challenge science to prove the existence of God. But must we really ligh	accepted	Letter to the California State Board of Education (14 September 1972)
batch_d21	Wernher von Braun	For me, the idea of a creation is not conceivable without invoking the necessity of design. One cannot be exposed to the	accepted	Letter to the California State Board of Education (14 September 1972)
batch_d21	Eugene Cernan	As I take man's last step from the surface, back home for some time to come - but we believe not too long into the futur	accepted	Words spoken as he took the last step from the lunar surface, Apollo 17 (14 December 1972)
batch_d21	Eugene Cernan	There has to be somebody bigger than you and bigger than me.. And I mean this in a spiritual sense, not in a religious s	accepted	In the Shadow of the Moon (2007 documentary film)
batch_d21	Beryl Markham	Moreover, it seemed that the printers of the African maps had a slightly malicious habit of including, in large letters,	accepted	West with the Night (1942), Book 1, ch. 3, 'The Stamp of Wilderness', p. 32
batch_d21	Beryl Markham	Why I ran at all or with what purpose in mind is beyond my answering, but when I had no specific destination I always ra	accepted	West with the Night (1942), Book 2, ch. 5, 'He was a Good Lion', p. 57
batch_d21	Wilbur Wright	For some years I have been afflicted with the belief that flight is possible to man. My disease has increased in severit	accepted	Letter to Octave Chanute (13 May 1900)
batch_d21	Wilbur Wright	What is chiefly needed is skill rather than machinery. The flight of the buzzard and similar sailors is a convincing dem	accepted	Letter to Octave Chanute (13 May 1900)
batch_d21	Wilbur Wright	What one man can do himself directly is but little. If however he can stir up ten others to take up the task he has acco	accepted	Letter to Octave Chanute (1 June 1900)
batch_d21	Wilbur Wright	The bird has learned this art of equilibrium, and learned it so thoroughly that its skill is not apparent to our sight. 	accepted	Speech to the Western Society of Engineers (18 September 1901), published in the Journal of the Western Society of Engineers (December 1901)
batch_d21	Orville Wright	We came down here for wind and sand, and we have got them.	accepted	Letter to Katharine Wright (18 October 1900)
batch_d21	Orville Wright	If we all worked on the assumption that what is accepted as true is really true, there would be little hope of advance.	accepted	Letter to George A. Spratt (7 June 1908)
batch_d21	Orville Wright	Learning the secret of flight from a bird was a good deal like learning the secret of magic from a magician.	accepted	The Early History of the Airplane (1908)
batch_d22	Terry Pratchett	Because what gods need is belief, and what humans want is gods.	accepted	Small Gods (1992)
batch_d22	Terry Pratchett	The trouble with being a god is that you've got no one to pray to.	accepted	Small Gods (1992)
batch_d22	Terry Pratchett	Most gods find it hard to walk and think at the same time.	accepted	Small Gods (1992)
batch_d22	Terry Pratchett	He says gods like to see an atheist around. Gives them something to aim at.	accepted	Small Gods (1992)
batch_d22	Terry Pratchett	Gods are not very introspective. It has never been a survival trait. The ability to cajole, threaten, and terrify has al	accepted	Small Gods (1992)
batch_d22	Terry Pratchett	There's something about tortoises. Tortoises I can believe in. They seem to have a lot of existence in one place. It's g	accepted	Small Gods (1992)
batch_d22	Terry Pratchett	Winners never talk about glorious victories. That's because they're the ones who see what the battlefield looks like aft	accepted	Small Gods (1992)
batch_d22	Terry Pratchett	Light thinks it travels faster than anything but it is wrong. No matter how fast light travels it finds the darkness has	accepted	Reaper Man (1991)
batch_d22	Terry Pratchett	It was never too late to have a good life.	accepted	Reaper Man (1991)
batch_d22	Dave Barry	Contrary to what many women believe, it's fairly easy to develop a long-term, stable, intimate, and mutually fulfilling 	accepted	Dave Barry's Complete Guide to Guys (1995)
batch_d22	Tina Fey	It is an impressively arrogant move to conclude that just because you don't like something, it is empirically not good.	accepted	Bossypants (2011)
batch_d22	Fran Lebowitz	All God's children are not beautiful. Most of God's children are, in fact, barely presentable. The most common error mad	accepted	Metropolitan Life (1978)
batch_d22	Fran Lebowitz	Radio news is bearable. This is due to the fact that while the news is being broadcast the disc jockey is not allowed to	accepted	Metropolitan Life (1978)
batch_d22	Fran Lebowitz	Original thought is like original sin: both happened before you were born to people you could not have possibly met.	accepted	Social Studies (1981)
batch_d22	Fran Lebowitz	The opposite of talking isn't listening. The opposite of talking is waiting.	accepted	Social Studies (1981)
batch_d22	Fran Lebowitz	Stand firm in your refusal to remain conscious during algebra. In real life, I assure you, there is no such thing as alg	accepted	Social Studies (1981)
batch_d22	P.G. Wodehouse	I could see that, if not actually disgruntled, he was far from being gruntled	accepted	The Code of the Woosters (1938), Chapter 1
batch_d22	Tom Lehrer	I'd like to take you now, on wings of song as it were, and try and help you forget for a while your drab, wretched lives	accepted	An Evening Wasted with Tom Lehrer (1959), spoken introduction to "Poisoning Pigeons in the Park"
batch_d22	Tom Lehrer	Life is like a sewer — what you get out of it depends on what you put into it.	accepted	An Evening Wasted with Tom Lehrer (1959), spoken introduction to "We Will All Go Together When We Go"
batch_d22	James Thurber	She came naturally by her confused and groundless fears, for her own mother lived the latter years of her life in the ho	accepted	My Life and Hard Times (1933)
batch_d22	James Thurber	Sophistication might be described as the ability to cope gracefully with a situation involving the presence of a formida	accepted	The New Yorker (2 August 1930)
batch_d22	Jerome K. Jerome	If you would taste love, drink of the pure stream that youth pours out at your feet. Do not wait till it has become a mu	accepted	Idle Thoughts of an Idle Fellow (1886)
batch_d22	Jerome K. Jerome	It is in our faults and failings, not in our virtues, that we touch one another and find sympathy. It is in our follies 	accepted	Idle Thoughts of an Idle Fellow (1886)
batch_d22	Jerome K. Jerome	No, there is nothing at all funny in poverty—to the poor. It is hell upon earth to a sensitive man; and many a brave gen	accepted	Idle Thoughts of an Idle Fellow (1886)
batch_d22	Jerome K. Jerome	It always does seem to me that I am doing more work than I should do. It is not that I object to the work, mind you; I l	accepted	Three Men in a Boat (1889)
batch_d22	Jerome K. Jerome	It is a most extraordinary thing, but I never read a patent medicine advertisement without being impelled to the conclus	accepted	Three Men in a Boat (1889)
batch_d22	Robert Benchley	Perhaps you are thinking of Bucharest, and there is no such place as Bucharest, either.	accepted	My Ten Years in a Quandary and How They Grew (1936), "What — No Budapest"
batch_d22	Robert Benchley	I don't want to be an alarmist, but I think that the Younger Generation is up to something.	accepted	My Ten Years in a Quandary and How They Grew (1936), "The Children's Hour"
batch_d22	Robert Benchley	The only cure for a real hangover is death.	accepted	My Ten Years in a Quandary and How They Grew (1936), "Coffee Versus Gin"
batch_d22	Robert Benchley	Anyone will be glad to admit that he knows nothing about beagling, or the Chinese stock market, or ballistics, but there	accepted	My Ten Years in a Quandary and How They Grew (1936), "Stop Those Hiccoughs!"
batch_d22	Robert Benchley	I am more the inspirational type of speller. I work on hunches rather than mere facts, and the result is sometimes open 	accepted	My Ten Years in a Quandary and How They Grew (1936)
batch_d22	Stephen Leacock	I detest life-insurance agents: they always argue that I shall some day die, which is not so.	accepted	Literary Lapses (1910)
batch_d22	George Carlin	Irony is 'a state of affairs that is the reverse of what was to be expected; a result opposite to and in mockery of the 	accepted	Brain Droppings (1997)
batch_d22	George Carlin	When it comes to God's existence, I'm not an atheist and I'm not an agnostic- I'm an acrostic, the whole thing puzzles m	accepted	Brain Droppings (1997)
batch_d22	George Carlin	I put a dollar in a change machine. Nothing changed.	accepted	Brain Droppings (1997)
batch_d22	George Carlin	I think I am, therefore I am. I think.	accepted	Napalm and Silly Putty (2001)
batch_d22	George Carlin	I firmly believe that if you vote, you have no right to complain.	accepted	Napalm and Silly Putty (2001)
batch_d22	George Carlin	If people stand in a circle long enough, they'll eventually begin to dance.	accepted	Napalm and Silly Putty (2001)
batch_d22	George Carlin	The future will soon be a thing of the past.	accepted	Napalm and Silly Putty (2001)
batch_d22	Woody Allen	I don't believe in an afterlife, although I am bringing a change of underwear.	accepted	Getting Even (1971)
batch_d22	Woody Allen	Can we actually 'know' the universe? My God, it's hard enough finding your way around in Chinatown.	accepted	Getting Even (1971)
batch_d22	Woody Allen	Not only is there no God, but try getting a plumber on weekends.	accepted	Getting Even (1971)
batch_d22	Woody Allen	It is impossible to travel faster than light, and certainly not desirable, as one's hat keeps blowing off.	accepted	Side Effects (1980)
batch_d22	Woody Allen	No wonder some people commit suicide! Why not end this absurdity? Why go through with this hollow charade called life? W	accepted	Side Effects (1980)
batch_d22	David Sedaris	They were nothing like the French people I had imagined. If anything, they were too kind, too generous and too knowledge	accepted	Me Talk Pretty One Day (2000)
batch_d22	David Sedaris	If cooking is an art, I think we're in our Dada phase.	accepted	Me Talk Pretty One Day (2000)
batch_d22	David Sedaris	If finding an apartment is like falling in love, buying one is like proposing on your first date and agreeing not to see	accepted	Dress Your Family in Corduroy and Denim (2004)
batch_d23	Mary Wollstonecraft	I do not wish them to have power over men; but over themselves.	accepted	A Vindication of the Rights of Woman (1792), Chapter 4
batch_d23	Mary Wollstonecraft	But should it be proved that woman is naturally weaker than man, from whence does it follow that it is natural for her t	accepted	A Vindication of the Rights of Woman (1792), Chapter 3
batch_d23	Lucy Stone	In education, in marriage, in religion, in everything, disappointment is the lot of woman. It shall be the business of m	accepted	"Disappointment Is the Lot of Women", address to the Woman's Rights Convention, Cincinnati, Ohio (October 1855)
batch_d23	Lucy Stone	From the first years to which my memory stretches, I have been a disappointed woman.	accepted	"Disappointment Is the Lot of Women", address to the Woman's Rights Convention, Cincinnati, Ohio (October 1855)
batch_d23	Lucy Stone	I wish that women, instead of being walking show-cases, instead of begging of their fathers and brothers the latest and 	accepted	"Disappointment Is the Lot of Women", address to the Woman's Rights Convention, Cincinnati, Ohio (October 1855)
batch_d23	Emmeline Pankhurst	I do not come here as an advocate, because whatever position the suffrage movement may occupy in the United States of Am	accepted	"Freedom or Death", speech at Parsons Theater, Hartford, Connecticut (13 November 1913)
batch_d23	Sojourner Truth	I have as much muscle as any man, and can do as much work as any man. I have plowed and reaped and husked and chopped an	accepted	Remarks at the Woman's Rights Convention, Akron, Ohio (29 May 1851), as reported by Marius Robinson in the Anti-Slavery Bugle (21 June 1851)
batch_d23	Sarah Grimke	I ask no favors for my sex. I surrender not our claim to equality. All I ask of our brethren is, that they will take the	accepted	Letters on the Equality of the Sexes and the Condition of Woman (1838), Letter II, dated 17 July 1837
batch_d23	Anna Julia Cooper	Only the BLACK WOMAN can say 'when and where I enter, in the quiet, undisputed dignity of my womanhood, without violence	accepted	A Voice from the South (1892)
batch_d23	Lucretia Mott	she asks nothing as favor, but as right, she wants to be acknowledged a moral, responsible being	accepted	"Discourse on Woman", address at the Assembly Buildings, Philadelphia (17 December 1849)
batch_d23	Carrie Chapman Catt	When a just cause reaches its flood-tide … whatever stands in the way must fall before its overwhelming power.	accepted	"Is Woman Suffrage Progressing?", presidential address to the Sixth Convention of the International Woman Suffrage Alliance, Stockholm (13 June 1911)
batch_d23	Angelina Grimke	Human beings have rights, because they are moral beings	accepted	Letters to Catherine E. Beecher, in Reply to an Essay on Slavery and Abolitionism (1838)
batch_d23	Charlotte Perkins Gilman	When the mother of the race is free, we shall have a better world.	accepted	Women and Economics (1898)
batch_d23	Charlotte Perkins Gilman	What we do modifies us more than what is done to us. The freedom of expression has been more restricted in women than th	accepted	Women and Economics (1898)
batch_d23	Charlotte Perkins Gilman	We see the human mother worked far harder than a mare, laboring her life long in the service, not of her children only, 	accepted	Women and Economics (1898)
batch_d23	Margaret Sanger	The most far-reaching social development of modern times is the revolt of woman against sex servitude. The most importan	accepted	Woman and the New Race (1920), Chapter 1, "Woman's Error and Her Debt"
batch_d23	Ida B. Wells	Somebody must show that the Afro-American race is more sinned against than sinning, and it seems to have fallen upon me 	accepted	Southern Horrors: Lynch Law in All Its Phases (1892), Preface
