pg_id	work	corpus_line	verdict	score
39827	The Conduct of Life	30718	below-threshold	55
39827	The Conduct of Life	30719	below-threshold	54
39827	The Conduct of Life	30720	below-threshold	57
39827	The Conduct of Life	30721	below-threshold	55
39827	The Conduct of Life	30722	no-shingle-match	
39827	The Conduct of Life	30723	no-shingle-match	
39827	The Conduct of Life	30724	below-threshold	50
39827	The Conduct of Life	30725	below-threshold	63
39827	The Conduct of Life	30726	below-threshold	51
39827	The Conduct of Life	30727	no-shingle-match	
39827	The Conduct of Life	30728	below-threshold	66
39827	The Conduct of Life	30729	below-threshold	72
39827	The Conduct of Life	30730	no-shingle-match	
39827	The Conduct of Life	30731	below-threshold	60
39827	The Conduct of Life	30732	below-threshold	52
39827	The Conduct of Life	30733	no-shingle-match	
39827	The Conduct of Life	30734	located	100
39827	The Conduct of Life	30735	below-threshold	66
39827	The Conduct of Life	30736	below-threshold	52
39827	The Conduct of Life	30737	no-shingle-match	
39827	The Conduct of Life	30738	below-threshold	51
39827	The Conduct of Life	30739	below-threshold	51
39827	The Conduct of Life	30740	below-threshold	60
39827	The Conduct of Life	30741	no-shingle-match	
39827	The Conduct of Life	30742	located	100
39827	The Conduct of Life	30743	below-threshold	60
39827	The Conduct of Life	30744	no-shingle-match	
39827	The Conduct of Life	30745	located	100
39827	The Conduct of Life	30746	located	98
39827	The Conduct of Life	30747	below-threshold	57
39827	The Conduct of Life	30748	below-threshold	50
39827	The Conduct of Life	30749	below-threshold	52
39827	The Conduct of Life	30750	below-threshold	60
39827	The Conduct of Life	30751	located	97
39827	The Conduct of Life	30752	below-threshold	49
39827	The Conduct of Life	30753	below-threshold	56
39827	The Conduct of Life	30754	no-shingle-match	
39827	The Conduct of Life	30755	below-threshold	47
39827	The Conduct of Life	30756	located	99
39827	The Conduct of Life	30757	below-threshold	54
39827	The Conduct of Life	30758	below-threshold	54
39827	The Conduct of Life	30759	below-threshold	67
39827	The Conduct of Life	30760	no-shingle-match	
39827	The Conduct of Life	30761	no-shingle-match	
39827	The Conduct of Life	30762	no-shingle-match	
39827	The Conduct of Life	30763	below-threshold	51
39827	The Conduct of Life	30764	below-threshold	52
39827	The Conduct of Life	30765	below-threshold	49
39827	The Conduct of Life	30766	no-shingle-match	
39827	The Conduct of Life	30767	below-threshold	53
39827	The Conduct of Life	30768	below-threshold	51
39827	The Conduct of Life	30769	below-threshold	58
39827	The Conduct of Life	30770	below-threshold	59
39827	The Conduct of Life	30771	located	100
39827	The Conduct of Life	30772	no-shingle-match	
39827	The Conduct of Life	30773	below-threshold	51
39827	The Conduct of Life	30774	located	100
39827	The Conduct of Life	30775	below-threshold	61
39827	The Conduct of Life	30776	no-shingle-match	
39827	The Conduct of Life	30777	below-threshold	49
39827	The Conduct of Life	30778	no-shingle-match	
39827	The Conduct of Life	30779	below-threshold	51
39827	The Conduct of Life	30780	below-threshold	55
39827	The Conduct of Life	30781	no-shingle-match	
39827	The Conduct of Life	30782	below-threshold	59
39827	The Conduct of Life	30783	below-threshold	60
39827	The Conduct of Life	30784	located	93
39827	The Conduct of Life	30785	no-shingle-match	
39827	The Conduct of Life	30786	located	100
39827	The Conduct of Life	30787	located	100
39827	The Conduct of Life	30788	below-threshold	55
39827	The Conduct of Life	30789	located	100
39827	The Conduct of Life	30790	no-shingle-match	
39827	The Conduct of Life	30791	below-threshold	56
39827	The Conduct of Life	30792	no-shingle-match	
39827	The Conduct of Life	30793	below-threshold	58
39827	The Conduct of Life	30794	no-shingle-match	
39827	The Conduct of Life	30795	no-shingle-match	
39827	The Conduct of Life	30796	located	97
39827	The Conduct of Life	30797	below-threshold	56
39827	The Conduct of Life	30798	below-threshold	49
39827	The Conduct of Life	30799	below-threshold	56
39827	The Conduct of Life	30800	below-threshold	55
39827	The Conduct of Life	30801	below-threshold	48
39827	The Conduct of Life	30802	below-threshold	58
39827	The Conduct of Life	30803	below-threshold	56
26107	Maxims for Revolutionists	13283	no-shingle-match	
26107	Maxims for Revolutionists	13284	no-shingle-match	
26107	Maxims for Revolutionists	13285	located	93
26107	Maxims for Revolutionists	13286	no-shingle-match	
26107	Maxims for Revolutionists	13287	no-shingle-match	
26107	Maxims for Revolutionists	13288	below-threshold	55
26107	Maxims for Revolutionists	13289	no-shingle-match	
26107	Maxims for Revolutionists	13290	below-threshold	53
26107	Maxims for Revolutionists	13291	no-shingle-match	
26107	Maxims for Revolutionists	13292	no-shingle-match	
26107	Maxims for Revolutionists	13293	no-shingle-match	
26107	Maxims for Revolutionists	13294	no-shingle-match	
26107	Maxims for Revolutionists	13295	no-shingle-match	
26107	Maxims for Revolutionists	13296	located	100
26107	Maxims for Revolutionists	13297	no-shingle-match	
26107	Maxims for Revolutionists	13298	no-shingle-match	
26107	Maxims for Revolutionists	13299	no-shingle-match	
26107	Maxims for Revolutionists	13300	no-shingle-match	
26107	Maxims for Revolutionists	13301	located	100
26107	Maxims for Revolutionists	13302	no-shingle-match	
26107	Maxims for Revolutionists	13303	located	100
26107	Maxims for Revolutionists	13304	no-shingle-match	
26107	Maxims for Revolutionists	13305	no-shingle-match	
26107	Maxims for Revolutionists	13306	below-threshold	61
26107	Maxims for Revolutionists	13307	below-threshold	49
26107	Maxims for Revolutionists	13308	no-shingle-match	
26107	Maxims for Revolutionists	13309	no-shingle-match	
26107	Maxims for Revolutionists	13310	no-shingle-match	
26107	Maxims for Revolutionists	13311	located	100
26107	Maxims for Revolutionists	13312	no-shingle-match	
26107	Maxims for Revolutionists	13313	located	100
26107	Maxims for Revolutionists	13314	no-shingle-match	
26107	Maxims for Revolutionists	13315	no-shingle-match	
26107	Maxims for Revolutionists	13316	no-shingle-match	
26107	Maxims for Revolutionists	13317	no-shingle-match	
26107	Maxims for Revolutionists	13318	no-shingle-match	
26107	Maxims for Revolutionists	13319	no-shingle-match	
26107	Maxims for Revolutionists	13320	no-shingle-match	
26107	Maxims for Revolutionists	13321	below-threshold	57
26107	Maxims for Revolutionists	13322	located	100
26107	Maxims for Revolutionists	13323	located	100
26107	Maxims for Revolutionists	13324	no-shingle-match	
26107	Maxims for Revolutionists	13325	no-shingle-match	
26107	Maxims for Revolutionists	13326	below-threshold	60
26107	Maxims for Revolutionists	13327	no-shingle-match	
26107	Maxims for Revolutionists	13328	located	100
26107	Maxims for Revolutionists	13329	below-threshold	54
26107	Maxims for Revolutionists	13330	located	100
26107	Maxims for Revolutionists	13331	no-shingle-match	
26107	Maxims for Revolutionists	13332	no-shingle-match	
26107	Maxims for Revolutionists	13333	no-shingle-match	
26107	Maxims for Revolutionists	13334	no-shingle-match	
26107	Maxims for Revolutionists	13335	located	100
26107	Maxims for Revolutionists	13336	located	100
26107	Maxims for Revolutionists	13337	below-threshold	52
26107	Maxims for Revolutionists	13338	no-shingle-match	
26107	Maxims for Revolutionists	13339	located	100
26107	Maxims for Revolutionists	13340	no-shingle-match	
26107	Maxims for Revolutionists	13341	no-shingle-match	
26107	Maxims for Revolutionists	13342	located	100
26107	Maxims for Revolutionists	13343	located	100
26107	Maxims for Revolutionists	13344	no-shingle-match	
26107	Maxims for Revolutionists	13345	no-shingle-match	
26107	Maxims for Revolutionists	13346	below-threshold	53
26107	Maxims for Revolutionists	13347	no-shingle-match	
26107	Maxims for Revolutionists	13348	no-shingle-match	
3825	Pygmalion	13283	no-shingle-match	
3825	Pygmalion	13284	no-shingle-match	
3825	Pygmalion	13285	no-shingle-match	
3825	Pygmalion	13286	no-shingle-match	
3825	Pygmalion	13287	no-shingle-match	
3825	Pygmalion	13288	no-shingle-match	
3825	Pygmalion	13289	below-threshold	49
3825	Pygmalion	13290	below-threshold	52
3825	Pygmalion	13291	no-shingle-match	
3825	Pygmalion	13292	no-shingle-match	
3825	Pygmalion	13293	below-threshold	60
3825	Pygmalion	13294	no-shingle-match	
3825	Pygmalion	13295	below-threshold	50
3825	Pygmalion	13296	no-shingle-match	
3825	Pygmalion	13297	no-shingle-match	
3825	Pygmalion	13298	no-shingle-match	
3825	Pygmalion	13299	no-shingle-match	
3825	Pygmalion	13300	no-shingle-match	
3825	Pygmalion	13301	below-threshold	52
3825	Pygmalion	13302	below-threshold	50
3825	Pygmalion	13303	below-threshold	61
3825	Pygmalion	13304	below-threshold	51
3825	Pygmalion	13305	no-shingle-match	
3825	Pygmalion	13306	no-shingle-match	
3825	Pygmalion	13307	below-threshold	47
3825	Pygmalion	13308	below-threshold	52
3825	Pygmalion	13309	below-threshold	51
3825	Pygmalion	13310	no-shingle-match	
3825	Pygmalion	13311	no-shingle-match	
3825	Pygmalion	13312	no-shingle-match	
3825	Pygmalion	13313	no-shingle-match	
3825	Pygmalion	13314	below-threshold	52
3825	Pygmalion	13315	below-threshold	48
3825	Pygmalion	13316	below-threshold	53
3825	Pygmalion	13317	below-threshold	47
3825	Pygmalion	13318	below-threshold	73
3825	Pygmalion	13319	no-shingle-match	
3825	Pygmalion	13320	no-shingle-match	
3825	Pygmalion	13321	no-shingle-match	
3825	Pygmalion	13322	below-threshold	53
3825	Pygmalion	13323	no-shingle-match	
3825	Pygmalion	13324	no-shingle-match	
3825	Pygmalion	13325	below-threshold	51
3825	Pygmalion	13326	below-threshold	56
3825	Pygmalion	13327	below-threshold	50
3825	Pygmalion	13328	below-threshold	56
3825	Pygmalion	13329	no-shingle-match	
3825	Pygmalion	13330	no-shingle-match	
3825	Pygmalion	13331	no-shingle-match	
3825	Pygmalion	13332	no-shingle-match	
3825	Pygmalion	13333	no-shingle-match	
3825	Pygmalion	13334	no-shingle-match	
3825	Pygmalion	13335	below-threshold	48
3825	Pygmalion	13336	below-threshold	49
3825	Pygmalion	13337	below-threshold	55
3825	Pygmalion	13338	no-shingle-match	
3825	Pygmalion	13339	no-shingle-match	
3825	Pygmalion	13340	no-shingle-match	
3825	Pygmalion	13341	no-shingle-match	
3825	Pygmalion	13342	below-threshold	54
3825	Pygmalion	13343	no-shingle-match	
3825	Pygmalion	13344	no-shingle-match	
3825	Pygmalion	13345	below-threshold	52
3825	Pygmalion	13346	below-threshold	51
3825	Pygmalion	13347	below-threshold	53
3825	Pygmalion	13348	no-shingle-match	
3790	Major Barbara	13283	no-shingle-match	
3790	Major Barbara	13284	no-shingle-match	
3790	Major Barbara	13285	no-shingle-match	
3790	Major Barbara	13286	no-shingle-match	
3790	Major Barbara	13287	below-threshold	49
3790	Major Barbara	13288	below-threshold	57
3790	Major Barbara	13289	below-threshold	50
3790	Major Barbara	13290	below-threshold	54
3790	Major Barbara	13291	no-shingle-match	
3790	Major Barbara	13292	no-shingle-match	
3790	Major Barbara	13293	below-threshold	55
3790	Major Barbara	13294	no-shingle-match	
3790	Major Barbara	13295	below-threshold	48
3790	Major Barbara	13296	no-shingle-match	
3790	Major Barbara	13297	no-shingle-match	
3790	Major Barbara	13298	no-shingle-match	
3790	Major Barbara	13299	below-threshold	51
3790	Major Barbara	13300	no-shingle-match	
3790	Major Barbara	13301	below-threshold	50
3790	Major Barbara	13302	below-threshold	50
3790	Major Barbara	13303	below-threshold	61
3790	Major Barbara	13304	no-shingle-match	
3790	Major Barbara	13305	below-threshold	51
3790	Major Barbara	13306	below-threshold	56
3790	Major Barbara	13307	below-threshold	52
3790	Major Barbara	13308	below-threshold	48
3790	Major Barbara	13309	below-threshold	51
3790	Major Barbara	13310	no-shingle-match	
3790	Major Barbara	13311	below-threshold	48
3790	Major Barbara	13312	no-shingle-match	
3790	Major Barbara	13313	no-shingle-match	
3790	Major Barbara	13314	below-threshold	52
3790	Major Barbara	13315	below-threshold	52
3790	Major Barbara	13316	no-shingle-match	
3790	Major Barbara	13317	below-threshold	47
3790	Major Barbara	13318	below-threshold	48
3790	Major Barbara	13319	below-threshold	48
3790	Major Barbara	13320	no-shingle-match	
3790	Major Barbara	13321	below-threshold	57
3790	Major Barbara	13322	below-threshold	50
3790	Major Barbara	13323	no-shingle-match	
3790	Major Barbara	13324	no-shingle-match	
3790	Major Barbara	13325	no-shingle-match	
3790	Major Barbara	13326	below-threshold	52
3790	Major Barbara	13327	below-threshold	48
3790	Major Barbara	13328	no-shingle-match	
3790	Major Barbara	13329	no-shingle-match	
3790	Major Barbara	13330	no-shingle-match	
3790	Major Barbara	13331	below-threshold	46
3790	Major Barbara	13332	below-threshold	50
3790	Major Barbara	13333	no-shingle-match	
3790	Major Barbara	13334	below-threshold	53
3790	Major Barbara	13335	no-shingle-match	
3790	Major Barbara	13336	below-threshold	52
3790	Major Barbara	13337	below-threshold	60
3790	Major Barbara	13338	below-threshold	52
3790	Major Barbara	13339	no-shingle-match	
3790	Major Barbara	13340	below-threshold	48
3790	Major Barbara	13341	no-shingle-match	
3790	Major Barbara	13342	below-threshold	51
3790	Major Barbara	13343	no-shingle-match	
3790	Major Barbara	13344	no-shingle-match	
3790	Major Barbara	13345	below-threshold	50
3790	Major Barbara	13346	located	100
3790	Major Barbara	13347	no-shingle-match	
3790	Major Barbara	13348	below-threshold	54
652	Rasselas, Prince of Abyssinia	33072	no-shingle-match	
652	Rasselas, Prince of Abyssinia	33073	no-shingle-match	
652	Rasselas, Prince of Abyssinia	33074	no-shingle-match	
652	Rasselas, Prince of Abyssinia	33075	no-shingle-match	
652	Rasselas, Prince of Abyssinia	33076	no-shingle-match	
652	Rasselas, Prince of Abyssinia	33077	no-shingle-match	
652	Rasselas, Prince of Abyssinia	33078	no-shingle-match	
652	Rasselas, Prince of Abyssinia	33079	no-shingle-match	
652	Rasselas, Prince of Abyssinia	33080	below-threshold	48
652	Rasselas, Prince of Abyssinia	33081	below-threshold	46
652	Rasselas, Prince of Abyssinia	33082	no-shingle-match	
652	Rasselas, Prince of Abyssinia	33083	no-shingle-match	
652	Rasselas, Prince of Abyssinia	33084	no-shingle-match	
652	Rasselas, Prince of Abyssinia	33085	no-shingle-match	
652	Rasselas, Prince of Abyssinia	33086	no-shingle-match	
652	Rasselas, Prince of Abyssinia	33087	no-shingle-match	
652	Rasselas, Prince of Abyssinia	33088	no-shingle-match	
652	Rasselas, Prince of Abyssinia	33089	no-shingle-match	
652	Rasselas, Prince of Abyssinia	33090	no-shingle-match	
652	Rasselas, Prince of Abyssinia	33091	no-shingle-match	
652	Rasselas, Prince of Abyssinia	33092	no-shingle-match	
652	Rasselas, Prince of Abyssinia	33093	no-shingle-match	
652	Rasselas, Prince of Abyssinia	33094	no-shingle-match	
652	Rasselas, Prince of Abyssinia	33095	no-shingle-match	
652	Rasselas, Prince of Abyssinia	33096	no-shingle-match	
652	Rasselas, Prince of Abyssinia	33097	no-shingle-match	
652	Rasselas, Prince of Abyssinia	33098	no-shingle-match	
652	Rasselas, Prince of Abyssinia	33099	no-shingle-match	
652	Rasselas, Prince of Abyssinia	33100	no-shingle-match	
652	Rasselas, Prince of Abyssinia	33101	no-shingle-match	
652	Rasselas, Prince of Abyssinia	33102	no-shingle-match	
652	Rasselas, Prince of Abyssinia	33103	no-shingle-match	
652	Rasselas, Prince of Abyssinia	33104	no-shingle-match	
652	Rasselas, Prince of Abyssinia	33105	no-shingle-match	
652	Rasselas, Prince of Abyssinia	33106	no-shingle-match	
652	Rasselas, Prince of Abyssinia	33107	no-shingle-match	
652	Rasselas, Prince of Abyssinia	33108	no-shingle-match	
652	Rasselas, Prince of Abyssinia	33109	no-shingle-match	
652	Rasselas, Prince of Abyssinia	33110	no-shingle-match	
652	Rasselas, Prince of Abyssinia	33111	no-shingle-match	
652	Rasselas, Prince of Abyssinia	33112	below-threshold	53
652	Rasselas, Prince of Abyssinia	33113	no-shingle-match	
652	Rasselas, Prince of Abyssinia	33114	no-shingle-match	
652	Rasselas, Prince of Abyssinia	33115	no-shingle-match	
652	Rasselas, Prince of Abyssinia	33116	no-shingle-match	
652	Rasselas, Prince of Abyssinia	33117	no-shingle-match	
652	Rasselas, Prince of Abyssinia	33118	no-shingle-match	
652	Rasselas, Prince of Abyssinia	33119	no-shingle-match	
652	Rasselas, Prince of Abyssinia	33120	no-shingle-match	
652	Rasselas, Prince of Abyssinia	33121	no-shingle-match	
652	Rasselas, Prince of Abyssinia	33122	no-shingle-match	
652	Rasselas, Prince of Abyssinia	33123	below-threshold	56
652	Rasselas, Prince of Abyssinia	33124	no-shingle-match	
652	Rasselas, Prince of Abyssinia	33125	no-shingle-match	
652	Rasselas, Prince of Abyssinia	33126	no-shingle-match	
652	Rasselas, Prince of Abyssinia	33127	no-shingle-match	
652	Rasselas, Prince of Abyssinia	33128	no-shingle-match	
652	Rasselas, Prince of Abyssinia	33129	no-shingle-match	
652	Rasselas, Prince of Abyssinia	33130	no-shingle-match	
652	Rasselas, Prince of Abyssinia	33131	no-shingle-match	
652	Rasselas, Prince of Abyssinia	33132	no-shingle-match	
652	Rasselas, Prince of Abyssinia	33133	no-shingle-match	
652	Rasselas, Prince of Abyssinia	33134	no-shingle-match	
652	Rasselas, Prince of Abyssinia	33135	no-shingle-match	
652	Rasselas, Prince of Abyssinia	33136	no-shingle-match	
174	The Picture of Dorian Gray	29079	below-threshold	50
174	The Picture of Dorian Gray	29080	below-threshold	55
174	The Picture of Dorian Gray	29081	below-threshold	52
174	The Picture of Dorian Gray	29082	below-threshold	52
174	The Picture of Dorian Gray	29083	below-threshold	63
174	The Picture of Dorian Gray	29084	below-threshold	55
174	The Picture of Dorian Gray	29085	no-shingle-match	
174	The Picture of Dorian Gray	29086	below-threshold	53
174	The Picture of Dorian Gray	29087	below-threshold	63
174	The Picture of Dorian Gray	29088	below-threshold	51
174	The Picture of Dorian Gray	29089	below-threshold	51
174	The Picture of Dorian Gray	29090	below-threshold	53
174	The Picture of Dorian Gray	29091	below-threshold	54
174	The Picture of Dorian Gray	29092	located	100
174	The Picture of Dorian Gray	29093	below-threshold	57
174	The Picture of Dorian Gray	29094	below-threshold	64
174	The Picture of Dorian Gray	29095	no-shingle-match	
174	The Picture of Dorian Gray	29096	below-threshold	54
174	The Picture of Dorian Gray	29097	below-threshold	51
174	The Picture of Dorian Gray	29098	below-threshold	56
174	The Picture of Dorian Gray	29099	below-threshold	56
174	The Picture of Dorian Gray	29100	no-shingle-match	
174	The Picture of Dorian Gray	29101	no-shingle-match	
174	The Picture of Dorian Gray	29102	no-shingle-match	
174	The Picture of Dorian Gray	29103	below-threshold	56
174	The Picture of Dorian Gray	29104	below-threshold	53
174	The Picture of Dorian Gray	29105	located	100
174	The Picture of Dorian Gray	29106	below-threshold	54
174	The Picture of Dorian Gray	29107	located	100
174	The Picture of Dorian Gray	29108	located	100
174	The Picture of Dorian Gray	29109	no-shingle-match	
174	The Picture of Dorian Gray	29110	below-threshold	54
174	The Picture of Dorian Gray	29111	located	100
174	The Picture of Dorian Gray	29112	below-threshold	60
174	The Picture of Dorian Gray	29113	below-threshold	78
174	The Picture of Dorian Gray	29114	below-threshold	60
174	The Picture of Dorian Gray	29115	located	100
174	The Picture of Dorian Gray	29116	below-threshold	69
174	The Picture of Dorian Gray	29117	below-threshold	69
174	The Picture of Dorian Gray	29118	below-threshold	80
174	The Picture of Dorian Gray	29119	below-threshold	52
174	The Picture of Dorian Gray	29120	located	97
174	The Picture of Dorian Gray	29121	below-threshold	53
174	The Picture of Dorian Gray	29122	located	100
174	The Picture of Dorian Gray	29123	below-threshold	55
174	The Picture of Dorian Gray	29124	below-threshold	56
174	The Picture of Dorian Gray	29125	below-threshold	53
174	The Picture of Dorian Gray	29126	below-threshold	80
174	The Picture of Dorian Gray	29127	below-threshold	52
174	The Picture of Dorian Gray	29128	located	100
174	The Picture of Dorian Gray	29129	below-threshold	49
174	The Picture of Dorian Gray	29130	below-threshold	81
174	The Picture of Dorian Gray	29131	located	100
174	The Picture of Dorian Gray	29132	no-shingle-match	
174	The Picture of Dorian Gray	29133	below-threshold	50
174	The Picture of Dorian Gray	29134	below-threshold	52
174	The Picture of Dorian Gray	29135	below-threshold	48
790	Lady Windermere's Fan	29079	below-threshold	50
790	Lady Windermere's Fan	29080	below-threshold	56
790	Lady Windermere's Fan	29081	below-threshold	55
790	Lady Windermere's Fan	29082	below-threshold	51
790	Lady Windermere's Fan	29083	no-shingle-match	
790	Lady Windermere's Fan	29084	no-shingle-match	
790	Lady Windermere's Fan	29085	no-shingle-match	
790	Lady Windermere's Fan	29086	below-threshold	52
790	Lady Windermere's Fan	29087	below-threshold	58
790	Lady Windermere's Fan	29088	below-threshold	50
790	Lady Windermere's Fan	29089	below-threshold	51
790	Lady Windermere's Fan	29090	below-threshold	51
790	Lady Windermere's Fan	29091	below-threshold	55
790	Lady Windermere's Fan	29092	below-threshold	51
790	Lady Windermere's Fan	29093	below-threshold	52
790	Lady Windermere's Fan	29094	below-threshold	58
790	Lady Windermere's Fan	29095	no-shingle-match	
790	Lady Windermere's Fan	29096	below-threshold	53
790	Lady Windermere's Fan	29097	located	100
790	Lady Windermere's Fan	29098	below-threshold	53
790	Lady Windermere's Fan	29099	no-shingle-match	
790	Lady Windermere's Fan	29100	no-shingle-match	
790	Lady Windermere's Fan	29101	no-shingle-match	
790	Lady Windermere's Fan	29102	no-shingle-match	
790	Lady Windermere's Fan	29103	no-shingle-match	
790	Lady Windermere's Fan	29104	below-threshold	51
790	Lady Windermere's Fan	29105	below-threshold	50
790	Lady Windermere's Fan	29106	no-shingle-match	
790	Lady Windermere's Fan	29107	no-shingle-match	
790	Lady Windermere's Fan	29108	no-shingle-match	
790	Lady Windermere's Fan	29109	below-threshold	53
790	Lady Windermere's Fan	29110	below-threshold	54
790	Lady Windermere's Fan	29111	no-shingle-match	
790	Lady Windermere's Fan	29112	below-threshold	55
790	Lady Windermere's Fan	29113	below-threshold	85
790	Lady Windermere's Fan	29114	located	100
790	Lady Windermere's Fan	29115	no-shingle-match	
790	Lady Windermere's Fan	29116	no-shingle-match	
790	Lady Windermere's Fan	29117	located	98
790	Lady Windermere's Fan	29118	below-threshold	48
790	Lady Windermere's Fan	29119	no-shingle-match	
790	Lady Windermere's Fan	29120	below-threshold	52
790	Lady Windermere's Fan	29121	no-shingle-match	
790	Lady Windermere's Fan	29122	below-threshold	61
790	Lady Windermere's Fan	29123	below-threshold	50
790	Lady Windermere's Fan	29124	located	100
790	Lady Windermere's Fan	29125	below-threshold	57
790	Lady Windermere's Fan	29126	below-threshold	55
790	Lady Windermere's Fan	29127	no-shingle-match	
790	Lady Windermere's Fan	29128	no-shingle-match	
790	Lady Windermere's Fan	29129	below-threshold	49
790	Lady Windermere's Fan	29130	no-shingle-match	
790	Lady Windermere's Fan	29131	no-shingle-match	
790	Lady Windermere's Fan	29132	no-shingle-match	
790	Lady Windermere's Fan	29133	no-shingle-match	
790	Lady Windermere's Fan	29134	below-threshold	49
790	Lady Windermere's Fan	29135	below-threshold	48
887	Intentions	29079	below-threshold	51
887	Intentions	29080	below-threshold	56
887	Intentions	29081	below-threshold	56
887	Intentions	29082	located	100
887	Intentions	29083	no-shingle-match	
887	Intentions	29084	below-threshold	51
887	Intentions	29085	below-threshold	60
887	Intentions	29086	located	100
887	Intentions	29087	below-threshold	55
887	Intentions	29088	located	100
887	Intentions	29089	below-threshold	50
887	Intentions	29090	below-threshold	58
887	Intentions	29091	no-shingle-match	
887	Intentions	29092	below-threshold	51
887	Intentions	29093	below-threshold	53
887	Intentions	29094	below-threshold	67
887	Intentions	29095	no-shingle-match	
887	Intentions	29096	located	100
887	Intentions	29097	below-threshold	48
887	Intentions	29098	below-threshold	53
887	Intentions	29099	no-shingle-match	
887	Intentions	29100	no-shingle-match	
887	Intentions	29101	no-shingle-match	
887	Intentions	29102	no-shingle-match	
887	Intentions	29103	below-threshold	50
887	Intentions	29104	below-threshold	52
887	Intentions	29105	below-threshold	54
887	Intentions	29106	below-threshold	50
887	Intentions	29107	below-threshold	51
887	Intentions	29108	below-threshold	70
887	Intentions	29109	located	92
887	Intentions	29110	located	100
887	Intentions	29111	no-shingle-match	
887	Intentions	29112	below-threshold	60
887	Intentions	29113	below-threshold	52
887	Intentions	29114	no-shingle-match	
887	Intentions	29115	below-threshold	57
887	Intentions	29116	no-shingle-match	
887	Intentions	29117	no-shingle-match	
887	Intentions	29118	below-threshold	53
887	Intentions	29119	below-threshold	50
887	Intentions	29120	below-threshold	51
887	Intentions	29121	below-threshold	52
887	Intentions	29122	below-threshold	61
887	Intentions	29123	located	99
887	Intentions	29124	below-threshold	56
887	Intentions	29125	located	100
887	Intentions	29126	below-threshold	57
887	Intentions	29127	below-threshold	48
887	Intentions	29128	below-threshold	61
887	Intentions	29129	below-threshold	49
887	Intentions	29130	no-shingle-match	
887	Intentions	29131	below-threshold	49
887	Intentions	29132	no-shingle-match	
887	Intentions	29133	below-threshold	48
887	Intentions	29134	below-threshold	51
887	Intentions	29135	located	100
854	A Woman of No Importance	29079	no-shingle-match	
854	A Woman of No Importance	29080	below-threshold	56
854	A Woman of No Importance	29081	below-threshold	53
854	A Woman of No Importance	29082	below-threshold	52
854	A Woman of No Importance	29083	below-threshold	51
854	A Woman of No Importance	29084	below-threshold	54
854	A Woman of No Importance	29085	no-shingle-match	
854	A Woman of No Importance	29086	below-threshold	52
854	A Woman of No Importance	29087	located	100
854	A Woman of No Importance	29088	below-threshold	53
854	A Woman of No Importance	29089	located	92
854	A Woman of No Importance	29090	below-threshold	54
854	A Woman of No Importance	29091	no-shingle-match	
854	A Woman of No Importance	29092	below-threshold	50
854	A Woman of No Importance	29093	below-threshold	57
854	A Woman of No Importance	29094	below-threshold	62
854	A Woman of No Importance	29095	no-shingle-match	
854	A Woman of No Importance	29096	below-threshold	53
854	A Woman of No Importance	29097	below-threshold	47
854	A Woman of No Importance	29098	below-threshold	72
854	A Woman of No Importance	29099	no-shingle-match	
854	A Woman of No Importance	29100	no-shingle-match	
854	A Woman of No Importance	29101	no-shingle-match	
854	A Woman of No Importance	29102	no-shingle-match	
854	A Woman of No Importance	29103	no-shingle-match	
854	A Woman of No Importance	29104	located	100
854	A Woman of No Importance	29105	below-threshold	50
854	A Woman of No Importance	29106	below-threshold	54
854	A Woman of No Importance	29107	no-shingle-match	
854	A Woman of No Importance	29108	no-shingle-match	
854	A Woman of No Importance	29109	below-threshold	52
854	A Woman of No Importance	29110	below-threshold	53
854	A Woman of No Importance	29111	below-threshold	58
854	A Woman of No Importance	29112	below-threshold	62
854	A Woman of No Importance	29113	below-threshold	53
854	A Woman of No Importance	29114	below-threshold	52
854	A Woman of No Importance	29115	no-shingle-match	
854	A Woman of No Importance	29116	below-threshold	71
854	A Woman of No Importance	29117	no-shingle-match	
854	A Woman of No Importance	29118	below-threshold	52
854	A Woman of No Importance	29119	below-threshold	50
854	A Woman of No Importance	29120	below-threshold	89
854	A Woman of No Importance	29121	located	98
854	A Woman of No Importance	29122	below-threshold	59
854	A Woman of No Importance	29123	below-threshold	50
854	A Woman of No Importance	29124	below-threshold	59
854	A Woman of No Importance	29125	below-threshold	58
854	A Woman of No Importance	29126	below-threshold	62
854	A Woman of No Importance	29127	below-threshold	49
854	A Woman of No Importance	29128	located	100
854	A Woman of No Importance	29129	below-threshold	88
854	A Woman of No Importance	29130	located	99
854	A Woman of No Importance	29131	no-shingle-match	
854	A Woman of No Importance	29132	no-shingle-match	
854	A Woman of No Importance	29133	located	99
854	A Woman of No Importance	29134	below-threshold	51
854	A Woman of No Importance	29135	below-threshold	46
102	Pudd'nhead Wilson	25756	no-shingle-match	
102	Pudd'nhead Wilson	25757	below-threshold	58
102	Pudd'nhead Wilson	25758	no-shingle-match	
102	Pudd'nhead Wilson	25759	below-threshold	55
102	Pudd'nhead Wilson	25760	below-threshold	51
102	Pudd'nhead Wilson	25761	no-shingle-match	
102	Pudd'nhead Wilson	25762	no-shingle-match	
102	Pudd'nhead Wilson	25763	below-threshold	52
102	Pudd'nhead Wilson	25764	below-threshold	57
102	Pudd'nhead Wilson	25765	no-shingle-match	
102	Pudd'nhead Wilson	25766	below-threshold	52
102	Pudd'nhead Wilson	25767	below-threshold	54
102	Pudd'nhead Wilson	25768	no-shingle-match	
102	Pudd'nhead Wilson	25769	no-shingle-match	
102	Pudd'nhead Wilson	25770	below-threshold	58
102	Pudd'nhead Wilson	25771	below-threshold	53
102	Pudd'nhead Wilson	25772	below-threshold	57
102	Pudd'nhead Wilson	25773	below-threshold	56
102	Pudd'nhead Wilson	25774	below-threshold	59
102	Pudd'nhead Wilson	25775	below-threshold	49
102	Pudd'nhead Wilson	25776	below-threshold	51
102	Pudd'nhead Wilson	25777	below-threshold	50
102	Pudd'nhead Wilson	25778	no-shingle-match	
102	Pudd'nhead Wilson	25779	below-threshold	56
102	Pudd'nhead Wilson	25780	below-threshold	46
102	Pudd'nhead Wilson	25781	located	100
102	Pudd'nhead Wilson	25782	no-shingle-match	
102	Pudd'nhead Wilson	25783	no-shingle-match	
102	Pudd'nhead Wilson	25784	no-shingle-match	
102	Pudd'nhead Wilson	25785	located	100
102	Pudd'nhead Wilson	25786	below-threshold	50
102	Pudd'nhead Wilson	25787	below-threshold	51
102	Pudd'nhead Wilson	25788	no-shingle-match	
102	Pudd'nhead Wilson	25789	located	100
102	Pudd'nhead Wilson	25790	below-threshold	52
102	Pudd'nhead Wilson	25791	located	100
102	Pudd'nhead Wilson	25792	located	99
102	Pudd'nhead Wilson	25793	located	100
102	Pudd'nhead Wilson	25794	below-threshold	51
102	Pudd'nhead Wilson	25795	no-shingle-match	
102	Pudd'nhead Wilson	25796	below-threshold	65
102	Pudd'nhead Wilson	25797	no-shingle-match	
102	Pudd'nhead Wilson	25798	below-threshold	50
102	Pudd'nhead Wilson	25799	located	100
102	Pudd'nhead Wilson	25800	below-threshold	50
102	Pudd'nhead Wilson	25801	below-threshold	46
102	Pudd'nhead Wilson	25802	below-threshold	54
102	Pudd'nhead Wilson	25803	located	100
102	Pudd'nhead Wilson	25804	below-threshold	51
102	Pudd'nhead Wilson	25805	below-threshold	50
102	Pudd'nhead Wilson	25806	located	100
102	Pudd'nhead Wilson	25807	no-shingle-match	
102	Pudd'nhead Wilson	25808	below-threshold	53
102	Pudd'nhead Wilson	25809	no-shingle-match	
102	Pudd'nhead Wilson	25810	no-shingle-match	
76	Adventures of Huckleberry Finn	25756	no-shingle-match	
76	Adventures of Huckleberry Finn	25757	below-threshold	52
76	Adventures of Huckleberry Finn	25758	no-shingle-match	
76	Adventures of Huckleberry Finn	25759	below-threshold	53
76	Adventures of Huckleberry Finn	25760	below-threshold	51
76	Adventures of Huckleberry Finn	25761	no-shingle-match	
76	Adventures of Huckleberry Finn	25762	below-threshold	52
76	Adventures of Huckleberry Finn	25763	below-threshold	53
76	Adventures of Huckleberry Finn	25764	below-threshold	56
76	Adventures of Huckleberry Finn	25765	below-threshold	45
76	Adventures of Huckleberry Finn	25766	below-threshold	52
76	Adventures of Huckleberry Finn	25767	below-threshold	57
76	Adventures of Huckleberry Finn	25768	no-shingle-match	
76	Adventures of Huckleberry Finn	25769	no-shingle-match	
76	Adventures of Huckleberry Finn	25770	below-threshold	61
76	Adventures of Huckleberry Finn	25771	below-threshold	57
76	Adventures of Huckleberry Finn	25772	below-threshold	64
76	Adventures of Huckleberry Finn	25773	below-threshold	56
76	Adventures of Huckleberry Finn	25774	no-shingle-match	
76	Adventures of Huckleberry Finn	25775	below-threshold	53
76	Adventures of Huckleberry Finn	25776	below-threshold	52
76	Adventures of Huckleberry Finn	25777	below-threshold	54
76	Adventures of Huckleberry Finn	25778	below-threshold	57
76	Adventures of Huckleberry Finn	25779	below-threshold	56
76	Adventures of Huckleberry Finn	25780	no-shingle-match	
76	Adventures of Huckleberry Finn	25781	no-shingle-match	
76	Adventures of Huckleberry Finn	25782	below-threshold	50
76	Adventures of Huckleberry Finn	25783	no-shingle-match	
76	Adventures of Huckleberry Finn	25784	no-shingle-match	
76	Adventures of Huckleberry Finn	25785	no-shingle-match	
76	Adventures of Huckleberry Finn	25786	below-threshold	49
76	Adventures of Huckleberry Finn	25787	below-threshold	53
76	Adventures of Huckleberry Finn	25788	no-shingle-match	
76	Adventures of Huckleberry Finn	25789	no-shingle-match	
76	Adventures of Huckleberry Finn	25790	below-threshold	55
76	Adventures of Huckleberry Finn	25791	below-threshold	49
76	Adventures of Huckleberry Finn	25792	below-threshold	55
76	Adventures of Huckleberry Finn	25793	below-threshold	53
76	Adventures of Huckleberry Finn	25794	no-shingle-match	
76	Adventures of Huckleberry Finn	25795	below-threshold	51
76	Adventures of Huckleberry Finn	25796	below-threshold	55
76	Adventures of Huckleberry Finn	25797	located	100
76	Adventures of Huckleberry Finn	25798	below-threshold	50
76	Adventures of Huckleberry Finn	25799	below-threshold	52
76	Adventures of Huckleberry Finn	25800	located	100
76	Adventures of Huckleberry Finn	25801	below-threshold	49
76	Adventures of Huckleberry Finn	25802	below-threshold	54
76	Adventures of Huckleberry Finn	25803	no-shingle-match	
76	Adventures of Huckleberry Finn	25804	below-threshold	53
76	Adventures of Huckleberry Finn	25805	below-threshold	55
76	Adventures of Huckleberry Finn	25806	no-shingle-match	
76	Adventures of Huckleberry Finn	25807	below-threshold	57
76	Adventures of Huckleberry Finn	25808	no-shingle-match	
76	Adventures of Huckleberry Finn	25809	no-shingle-match	
76	Adventures of Huckleberry Finn	25810	no-shingle-match	
3176	The Innocents Abroad	25756	no-shingle-match	
3176	The Innocents Abroad	25757	below-threshold	54
3176	The Innocents Abroad	25758	no-shingle-match	
3176	The Innocents Abroad	25759	below-threshold	50
3176	The Innocents Abroad	25760	below-threshold	49
3176	The Innocents Abroad	25761	below-threshold	53
3176	The Innocents Abroad	25762	below-threshold	58
3176	The Innocents Abroad	25763	below-threshold	55
3176	The Innocents Abroad	25764	below-threshold	57
3176	The Innocents Abroad	25765	below-threshold	51
3176	The Innocents Abroad	25766	below-threshold	54
3176	The Innocents Abroad	25767	below-threshold	56
3176	The Innocents Abroad	25768	below-threshold	50
3176	The Innocents Abroad	25769	no-shingle-match	
3176	The Innocents Abroad	25770	below-threshold	55
3176	The Innocents Abroad	25771	below-threshold	52
3176	The Innocents Abroad	25772	below-threshold	59
3176	The Innocents Abroad	25773	below-threshold	62
3176	The Innocents Abroad	25774	below-threshold	63
3176	The Innocents Abroad	25775	below-threshold	54
3176	The Innocents Abroad	25776	below-threshold	54
3176	The Innocents Abroad	25777	below-threshold	54
3176	The Innocents Abroad	25778	below-threshold	52
3176	The Innocents Abroad	25779	below-threshold	58
3176	The Innocents Abroad	25780	below-threshold	48
3176	The Innocents Abroad	25781	no-shingle-match	
3176	The Innocents Abroad	25782	below-threshold	51
3176	The Innocents Abroad	25783	no-shingle-match	
3176	The Innocents Abroad	25784	no-shingle-match	
3176	The Innocents Abroad	25785	below-threshold	54
3176	The Innocents Abroad	25786	below-threshold	51
3176	The Innocents Abroad	25787	below-threshold	53
3176	The Innocents Abroad	25788	located	100
3176	The Innocents Abroad	25789	below-threshold	50
3176	The Innocents Abroad	25790	no-shingle-match	
3176	The Innocents Abroad	25791	below-threshold	48
3176	The Innocents Abroad	25792	below-threshold	52
3176	The Innocents Abroad	25793	below-threshold	58
3176	The Innocents Abroad	25794	below-threshold	55
3176	The Innocents Abroad	25795	below-threshold	52
3176	The Innocents Abroad	25796	below-threshold	65
3176	The Innocents Abroad	25797	no-shingle-match	
3176	The Innocents Abroad	25798	below-threshold	52
3176	The Innocents Abroad	25799	below-threshold	54
3176	The Innocents Abroad	25800	below-threshold	51
3176	The Innocents Abroad	25801	below-threshold	53
3176	The Innocents Abroad	25802	below-threshold	55
3176	The Innocents Abroad	25803	below-threshold	53
3176	The Innocents Abroad	25804	below-threshold	53
3176	The Innocents Abroad	25805	below-threshold	55
3176	The Innocents Abroad	25806	below-threshold	58
3176	The Innocents Abroad	25807	below-threshold	61
3176	The Innocents Abroad	25808	no-shingle-match	
3176	The Innocents Abroad	25809	below-threshold	50
3176	The Innocents Abroad	25810	no-shingle-match	
4363	Beyond Good and Evil	12756	no-shingle-match	
4363	Beyond Good and Evil	12757	below-threshold	70
4363	Beyond Good and Evil	12758	below-threshold	47
4363	Beyond Good and Evil	12759	below-threshold	51
4363	Beyond Good and Evil	12760	below-threshold	55
4363	Beyond Good and Evil	12761	below-threshold	55
4363	Beyond Good and Evil	12762	no-shingle-match	
4363	Beyond Good and Evil	12763	below-threshold	60
4363	Beyond Good and Evil	12764	below-threshold	47
4363	Beyond Good and Evil	12765	below-threshold	47
4363	Beyond Good and Evil	12766	below-threshold	51
4363	Beyond Good and Evil	12767	below-threshold	49
4363	Beyond Good and Evil	12768	below-threshold	71
4363	Beyond Good and Evil	12769	no-shingle-match	
4363	Beyond Good and Evil	12770	below-threshold	55
4363	Beyond Good and Evil	12771	below-threshold	53
4363	Beyond Good and Evil	12772	below-threshold	50
4363	Beyond Good and Evil	12773	below-threshold	51
4363	Beyond Good and Evil	12774	below-threshold	58
4363	Beyond Good and Evil	12775	below-threshold	48
4363	Beyond Good and Evil	12776	no-shingle-match	
4363	Beyond Good and Evil	12777	below-threshold	51
4363	Beyond Good and Evil	12778	below-threshold	90
4363	Beyond Good and Evil	12779	below-threshold	49
4363	Beyond Good and Evil	12780	below-threshold	81
4363	Beyond Good and Evil	12781	no-shingle-match	
4363	Beyond Good and Evil	12782	below-threshold	73
4363	Beyond Good and Evil	12783	below-threshold	71
4363	Beyond Good and Evil	12784	below-threshold	87
4363	Beyond Good and Evil	12785	below-threshold	71
4363	Beyond Good and Evil	12786	below-threshold	53
4363	Beyond Good and Evil	12787	below-threshold	89
4363	Beyond Good and Evil	12788	below-threshold	50
4363	Beyond Good and Evil	12789	no-shingle-match	
4363	Beyond Good and Evil	12790	below-threshold	48
4363	Beyond Good and Evil	12791	below-threshold	73
4363	Beyond Good and Evil	12792	below-threshold	55
4363	Beyond Good and Evil	12793	below-threshold	51
4363	Beyond Good and Evil	12794	below-threshold	83
4363	Beyond Good and Evil	12795	below-threshold	84
4363	Beyond Good and Evil	12796	below-threshold	70
4363	Beyond Good and Evil	12797	below-threshold	65
4363	Beyond Good and Evil	12798	below-threshold	59
4363	Beyond Good and Evil	12799	below-threshold	88
4363	Beyond Good and Evil	12800	below-threshold	54
4363	Beyond Good and Evil	12801	below-threshold	79
4363	Beyond Good and Evil	12802	below-threshold	53
4363	Beyond Good and Evil	12803	no-shingle-match	
4363	Beyond Good and Evil	12804	no-shingle-match	
4363	Beyond Good and Evil	12805	below-threshold	79
4363	Beyond Good and Evil	12806	below-threshold	44
4363	Beyond Good and Evil	12807	below-threshold	85
4363	Beyond Good and Evil	12808	below-threshold	67
4363	Beyond Good and Evil	12809	below-threshold	65
19322	The Antichrist	12756	no-shingle-match	
19322	The Antichrist	12757	below-threshold	49
19322	The Antichrist	12758	below-threshold	47
19322	The Antichrist	12759	below-threshold	59
19322	The Antichrist	12760	below-threshold	51
19322	The Antichrist	12761	below-threshold	54
19322	The Antichrist	12762	no-shingle-match	
19322	The Antichrist	12763	below-threshold	62
19322	The Antichrist	12764	below-threshold	48
19322	The Antichrist	12765	below-threshold	50
19322	The Antichrist	12766	below-threshold	52
19322	The Antichrist	12767	below-threshold	48
19322	The Antichrist	12768	no-shingle-match	
19322	The Antichrist	12769	no-shingle-match	
19322	The Antichrist	12770	below-threshold	56
19322	The Antichrist	12771	below-threshold	54
19322	The Antichrist	12772	no-shingle-match	
19322	The Antichrist	12773	below-threshold	50
19322	The Antichrist	12774	no-shingle-match	
19322	The Antichrist	12775	below-threshold	49
19322	The Antichrist	12776	no-shingle-match	
19322	The Antichrist	12777	below-threshold	53
19322	The Antichrist	12778	below-threshold	51
19322	The Antichrist	12779	below-threshold	53
19322	The Antichrist	12780	below-threshold	50
19322	The Antichrist	12781	located	100
19322	The Antichrist	12782	below-threshold	52
19322	The Antichrist	12783	below-threshold	49
19322	The Antichrist	12784	below-threshold	51
19322	The Antichrist	12785	below-threshold	51
19322	The Antichrist	12786	below-threshold	53
19322	The Antichrist	12787	no-shingle-match	
19322	The Antichrist	12788	below-threshold	49
19322	The Antichrist	12789	no-shingle-match	
19322	The Antichrist	12790	below-threshold	79
19322	The Antichrist	12791	no-shingle-match	
19322	The Antichrist	12792	below-threshold	59
19322	The Antichrist	12793	below-threshold	52
19322	The Antichrist	12794	no-shingle-match	
19322	The Antichrist	12795	no-shingle-match	
19322	The Antichrist	12796	no-shingle-match	
19322	The Antichrist	12797	below-threshold	52
19322	The Antichrist	12798	below-threshold	61
19322	The Antichrist	12799	below-threshold	53
19322	The Antichrist	12800	below-threshold	55
19322	The Antichrist	12801	below-threshold	55
19322	The Antichrist	12802	below-threshold	55
19322	The Antichrist	12803	below-threshold	56
19322	The Antichrist	12804	no-shingle-match	
19322	The Antichrist	12805	below-threshold	49
19322	The Antichrist	12806	below-threshold	47
19322	The Antichrist	12807	below-threshold	71
19322	The Antichrist	12808	below-threshold	50
19322	The Antichrist	12809	below-threshold	56
5500	The Advancement of Learning	12141	below-threshold	60
5500	The Advancement of Learning	12142	below-threshold	50
5500	The Advancement of Learning	12143	no-shingle-match	
5500	The Advancement of Learning	12144	no-shingle-match	
5500	The Advancement of Learning	12145	no-shingle-match	
5500	The Advancement of Learning	12146	below-threshold	51
5500	The Advancement of Learning	12147	below-threshold	53
5500	The Advancement of Learning	12148	below-threshold	46
5500	The Advancement of Learning	12149	below-threshold	46
5500	The Advancement of Learning	12150	below-threshold	55
5500	The Advancement of Learning	12151	below-threshold	59
5500	The Advancement of Learning	12152	below-threshold	51
5500	The Advancement of Learning	12153	below-threshold	55
5500	The Advancement of Learning	12154	no-shingle-match	
5500	The Advancement of Learning	12155	below-threshold	69
5500	The Advancement of Learning	12156	below-threshold	64
5500	The Advancement of Learning	12157	no-shingle-match	
5500	The Advancement of Learning	12158	below-threshold	50
5500	The Advancement of Learning	12159	below-threshold	52
5500	The Advancement of Learning	12160	below-threshold	56
5500	The Advancement of Learning	12161	located	92
5500	The Advancement of Learning	12162	below-threshold	51
5500	The Advancement of Learning	12163	no-shingle-match	
5500	The Advancement of Learning	12164	below-threshold	54
5500	The Advancement of Learning	12165	below-threshold	59
5500	The Advancement of Learning	12166	no-shingle-match	
5500	The Advancement of Learning	12167	no-shingle-match	
5500	The Advancement of Learning	12168	below-threshold	58
5500	The Advancement of Learning	12169	below-threshold	53
5500	The Advancement of Learning	12170	below-threshold	55
5500	The Advancement of Learning	12171	located	100
5500	The Advancement of Learning	12172	below-threshold	51
5500	The Advancement of Learning	12173	below-threshold	50
5500	The Advancement of Learning	12174	below-threshold	53
5500	The Advancement of Learning	12175	below-threshold	52
5500	The Advancement of Learning	12176	below-threshold	59
5500	The Advancement of Learning	12177	below-threshold	52
5500	The Advancement of Learning	12178	below-threshold	53
5500	The Advancement of Learning	12179	below-threshold	48
5500	The Advancement of Learning	12180	no-shingle-match	
5500	The Advancement of Learning	12181	below-threshold	52
5500	The Advancement of Learning	12182	below-threshold	59
5500	The Advancement of Learning	12183	below-threshold	59
5500	The Advancement of Learning	12184	below-threshold	50
5500	The Advancement of Learning	12185	below-threshold	54
5500	The Advancement of Learning	12186	no-shingle-match	
5500	The Advancement of Learning	12187	no-shingle-match	
5500	The Advancement of Learning	12188	below-threshold	53
5500	The Advancement of Learning	12189	below-threshold	56
5500	The Advancement of Learning	12190	below-threshold	54
5500	The Advancement of Learning	12191	below-threshold	53
5500	The Advancement of Learning	12192	below-threshold	54
5500	The Advancement of Learning	12193	no-shingle-match	
148	The Autobiography of Benjamin Franklin	3928	no-shingle-match	
148	The Autobiography of Benjamin Franklin	3929	below-threshold	50
148	The Autobiography of Benjamin Franklin	3930	no-shingle-match	
148	The Autobiography of Benjamin Franklin	3931	no-shingle-match	
148	The Autobiography of Benjamin Franklin	3932	below-threshold	50
148	The Autobiography of Benjamin Franklin	3933	no-shingle-match	
148	The Autobiography of Benjamin Franklin	3934	below-threshold	51
148	The Autobiography of Benjamin Franklin	3935	no-shingle-match	
148	The Autobiography of Benjamin Franklin	3936	no-shingle-match	
148	The Autobiography of Benjamin Franklin	3937	no-shingle-match	
148	The Autobiography of Benjamin Franklin	3938	no-shingle-match	
148	The Autobiography of Benjamin Franklin	3939	below-threshold	49
148	The Autobiography of Benjamin Franklin	3940	no-shingle-match	
148	The Autobiography of Benjamin Franklin	3941	no-shingle-match	
148	The Autobiography of Benjamin Franklin	3942	no-shingle-match	
148	The Autobiography of Benjamin Franklin	3943	below-threshold	55
148	The Autobiography of Benjamin Franklin	3944	below-threshold	55
148	The Autobiography of Benjamin Franklin	3945	no-shingle-match	
148	The Autobiography of Benjamin Franklin	3946	no-shingle-match	
148	The Autobiography of Benjamin Franklin	3947	no-shingle-match	
148	The Autobiography of Benjamin Franklin	3948	no-shingle-match	
148	The Autobiography of Benjamin Franklin	3949	below-threshold	51
148	The Autobiography of Benjamin Franklin	3950	no-shingle-match	
148	The Autobiography of Benjamin Franklin	3951	no-shingle-match	
148	The Autobiography of Benjamin Franklin	3952	below-threshold	52
148	The Autobiography of Benjamin Franklin	3953	below-threshold	50
148	The Autobiography of Benjamin Franklin	3954	no-shingle-match	
148	The Autobiography of Benjamin Franklin	3955	no-shingle-match	
148	The Autobiography of Benjamin Franklin	3956	below-threshold	55
148	The Autobiography of Benjamin Franklin	3957	no-shingle-match	
148	The Autobiography of Benjamin Franklin	3958	no-shingle-match	
148	The Autobiography of Benjamin Franklin	3959	below-threshold	53
148	The Autobiography of Benjamin Franklin	3960	no-shingle-match	
148	The Autobiography of Benjamin Franklin	3961	no-shingle-match	
148	The Autobiography of Benjamin Franklin	3962	located	99
148	The Autobiography of Benjamin Franklin	3963	below-threshold	49
148	The Autobiography of Benjamin Franklin	3964	no-shingle-match	
148	The Autobiography of Benjamin Franklin	3965	below-threshold	60
148	The Autobiography of Benjamin Franklin	3966	no-shingle-match	
148	The Autobiography of Benjamin Franklin	3967	below-threshold	57
148	The Autobiography of Benjamin Franklin	3968	no-shingle-match	
148	The Autobiography of Benjamin Franklin	3969	no-shingle-match	
148	The Autobiography of Benjamin Franklin	3970	no-shingle-match	
148	The Autobiography of Benjamin Franklin	3971	no-shingle-match	
148	The Autobiography of Benjamin Franklin	3972	no-shingle-match	
148	The Autobiography of Benjamin Franklin	3973	no-shingle-match	
148	The Autobiography of Benjamin Franklin	3974	no-shingle-match	
148	The Autobiography of Benjamin Franklin	3975	below-threshold	60
148	The Autobiography of Benjamin Franklin	3976	no-shingle-match	
6173	The Note-Books of Samuel Butler	33001	no-shingle-match	
6173	The Note-Books of Samuel Butler	33002	no-shingle-match	
6173	The Note-Books of Samuel Butler	33003	no-shingle-match	
6173	The Note-Books of Samuel Butler	33004	no-shingle-match	
6173	The Note-Books of Samuel Butler	33005	no-shingle-match	
6173	The Note-Books of Samuel Butler	33006	no-shingle-match	
6173	The Note-Books of Samuel Butler	33007	no-shingle-match	
6173	The Note-Books of Samuel Butler	33008	no-shingle-match	
6173	The Note-Books of Samuel Butler	33009	no-shingle-match	
6173	The Note-Books of Samuel Butler	33010	no-shingle-match	
6173	The Note-Books of Samuel Butler	33011	no-shingle-match	
6173	The Note-Books of Samuel Butler	33012	no-shingle-match	
6173	The Note-Books of Samuel Butler	33013	no-shingle-match	
6173	The Note-Books of Samuel Butler	33014	no-shingle-match	
6173	The Note-Books of Samuel Butler	33015	no-shingle-match	
6173	The Note-Books of Samuel Butler	33016	no-shingle-match	
6173	The Note-Books of Samuel Butler	33017	no-shingle-match	
6173	The Note-Books of Samuel Butler	33018	no-shingle-match	
6173	The Note-Books of Samuel Butler	33019	no-shingle-match	
6173	The Note-Books of Samuel Butler	33020	no-shingle-match	
6173	The Note-Books of Samuel Butler	33021	no-shingle-match	
6173	The Note-Books of Samuel Butler	33022	no-shingle-match	
6173	The Note-Books of Samuel Butler	33023	no-shingle-match	
6173	The Note-Books of Samuel Butler	33024	no-shingle-match	
6173	The Note-Books of Samuel Butler	33025	no-shingle-match	
6173	The Note-Books of Samuel Butler	33026	no-shingle-match	
6173	The Note-Books of Samuel Butler	33027	below-threshold	55
6173	The Note-Books of Samuel Butler	33028	no-shingle-match	
6173	The Note-Books of Samuel Butler	33029	no-shingle-match	
6173	The Note-Books of Samuel Butler	33030	no-shingle-match	
6173	The Note-Books of Samuel Butler	33031	no-shingle-match	
6173	The Note-Books of Samuel Butler	33032	no-shingle-match	
6173	The Note-Books of Samuel Butler	33033	no-shingle-match	
6173	The Note-Books of Samuel Butler	33034	no-shingle-match	
6173	The Note-Books of Samuel Butler	33035	no-shingle-match	
6173	The Note-Books of Samuel Butler	33036	no-shingle-match	
6173	The Note-Books of Samuel Butler	33037	no-shingle-match	
6173	The Note-Books of Samuel Butler	33038	no-shingle-match	
6173	The Note-Books of Samuel Butler	33039	no-shingle-match	
6173	The Note-Books of Samuel Butler	33040	no-shingle-match	
6173	The Note-Books of Samuel Butler	33041	no-shingle-match	
6173	The Note-Books of Samuel Butler	33042	no-shingle-match	
6173	The Note-Books of Samuel Butler	33043	no-shingle-match	
6173	The Note-Books of Samuel Butler	33044	no-shingle-match	
6173	The Note-Books of Samuel Butler	33045	no-shingle-match	
6173	The Note-Books of Samuel Butler	33046	no-shingle-match	
6173	The Note-Books of Samuel Butler	33047	no-shingle-match	
2084	The Way of All Flesh	33001	no-shingle-match	
2084	The Way of All Flesh	33002	no-shingle-match	
2084	The Way of All Flesh	33003	no-shingle-match	
2084	The Way of All Flesh	33004	no-shingle-match	
2084	The Way of All Flesh	33005	no-shingle-match	
2084	The Way of All Flesh	33006	no-shingle-match	
2084	The Way of All Flesh	33007	no-shingle-match	
2084	The Way of All Flesh	33008	no-shingle-match	
2084	The Way of All Flesh	33009	no-shingle-match	
2084	The Way of All Flesh	33010	no-shingle-match	
2084	The Way of All Flesh	33011	no-shingle-match	
2084	The Way of All Flesh	33012	no-shingle-match	
2084	The Way of All Flesh	33013	no-shingle-match	
2084	The Way of All Flesh	33014	no-shingle-match	
2084	The Way of All Flesh	33015	no-shingle-match	
2084	The Way of All Flesh	33016	no-shingle-match	
2084	The Way of All Flesh	33017	no-shingle-match	
2084	The Way of All Flesh	33018	no-shingle-match	
2084	The Way of All Flesh	33019	no-shingle-match	
2084	The Way of All Flesh	33020	no-shingle-match	
2084	The Way of All Flesh	33021	no-shingle-match	
2084	The Way of All Flesh	33022	no-shingle-match	
2084	The Way of All Flesh	33023	no-shingle-match	
2084	The Way of All Flesh	33024	no-shingle-match	
2084	The Way of All Flesh	33025	no-shingle-match	
2084	The Way of All Flesh	33026	no-shingle-match	
2084	The Way of All Flesh	33027	below-threshold	55
2084	The Way of All Flesh	33028	no-shingle-match	
2084	The Way of All Flesh	33029	no-shingle-match	
2084	The Way of All Flesh	33030	no-shingle-match	
2084	The Way of All Flesh	33031	no-shingle-match	
2084	The Way of All Flesh	33032	no-shingle-match	
2084	The Way of All Flesh	33033	no-shingle-match	
2084	The Way of All Flesh	33034	no-shingle-match	
2084	The Way of All Flesh	33035	no-shingle-match	
2084	The Way of All Flesh	33036	no-shingle-match	
2084	The Way of All Flesh	33037	no-shingle-match	
2084	The Way of All Flesh	33038	no-shingle-match	
2084	The Way of All Flesh	33039	no-shingle-match	
2084	The Way of All Flesh	33040	no-shingle-match	
2084	The Way of All Flesh	33041	no-shingle-match	
2084	The Way of All Flesh	33042	no-shingle-match	
2084	The Way of All Flesh	33043	no-shingle-match	
2084	The Way of All Flesh	33044	no-shingle-match	
2084	The Way of All Flesh	33045	no-shingle-match	
2084	The Way of All Flesh	33046	no-shingle-match	
2084	The Way of All Flesh	33047	no-shingle-match	
205	Walden	15287	below-threshold	54
205	Walden	15288	below-threshold	60
205	Walden	15289	below-threshold	59
205	Walden	15290	below-threshold	49
205	Walden	15291	located	100
205	Walden	15292	located	95
205	Walden	15293	located	100
205	Walden	15294	below-threshold	53
205	Walden	15295	below-threshold	54
205	Walden	15296	below-threshold	73
205	Walden	15297	located	100
205	Walden	15298	no-shingle-match	
205	Walden	15299	below-threshold	55
205	Walden	15300	no-shingle-match	
205	Walden	15301	below-threshold	51
205	Walden	15302	below-threshold	49
205	Walden	15303	located	97
205	Walden	15304	below-threshold	56
205	Walden	15305	located	100
205	Walden	15306	no-shingle-match	
205	Walden	15307	located	100
205	Walden	15308	located	100
205	Walden	15309	below-threshold	66
205	Walden	15310	below-threshold	51
205	Walden	15311	no-shingle-match	
205	Walden	15312	no-shingle-match	
205	Walden	15313	no-shingle-match	
205	Walden	15314	located	100
205	Walden	15315	located	100
205	Walden	15316	located	100
205	Walden	15317	below-threshold	51
205	Walden	15318	located	100
205	Walden	15319	below-threshold	77
205	Walden	15320	below-threshold	48
205	Walden	15321	located	100
205	Walden	15322	located	100
205	Walden	15323	below-threshold	54
205	Walden	15324	located	100
205	Walden	15325	below-threshold	75
205	Walden	15326	located	100
205	Walden	15327	located	100
205	Walden	15328	no-shingle-match	
205	Walden	15329	below-threshold	50
205	Walden	15330	located	100
205	Walden	15331	below-threshold	53
205	Walden	15332	below-threshold	55
1022	Walking	15287	no-shingle-match	
1022	Walking	15288	no-shingle-match	
1022	Walking	15289	no-shingle-match	
1022	Walking	15290	below-threshold	49
1022	Walking	15291	no-shingle-match	
1022	Walking	15292	no-shingle-match	
1022	Walking	15293	below-threshold	49
1022	Walking	15294	below-threshold	53
1022	Walking	15295	no-shingle-match	
1022	Walking	15296	no-shingle-match	
1022	Walking	15297	below-threshold	48
1022	Walking	15298	below-threshold	54
1022	Walking	15299	below-threshold	51
1022	Walking	15300	no-shingle-match	
1022	Walking	15301	below-threshold	55
1022	Walking	15302	below-threshold	47
1022	Walking	15303	below-threshold	48
1022	Walking	15304	no-shingle-match	
1022	Walking	15305	below-threshold	50
1022	Walking	15306	no-shingle-match	
1022	Walking	15307	below-threshold	50
1022	Walking	15308	no-shingle-match	
1022	Walking	15309	no-shingle-match	
1022	Walking	15310	no-shingle-match	
1022	Walking	15311	no-shingle-match	
1022	Walking	15312	no-shingle-match	
1022	Walking	15313	no-shingle-match	
1022	Walking	15314	below-threshold	47
1022	Walking	15315	below-threshold	48
1022	Walking	15316	no-shingle-match	
1022	Walking	15317	no-shingle-match	
1022	Walking	15318	no-shingle-match	
1022	Walking	15319	located	100
1022	Walking	15320	no-shingle-match	
1022	Walking	15321	no-shingle-match	
1022	Walking	15322	no-shingle-match	
1022	Walking	15323	no-shingle-match	
1022	Walking	15324	no-shingle-match	
1022	Walking	15325	no-shingle-match	
1022	Walking	15326	no-shingle-match	
1022	Walking	15327	no-shingle-match	
1022	Walking	15328	no-shingle-match	
1022	Walking	15329	below-threshold	50
1022	Walking	15330	below-threshold	50
1022	Walking	15331	no-shingle-match	
1022	Walking	15332	no-shingle-match	
972	The Devil's Dictionary	1760	located	98
972	The Devil's Dictionary	1761	located	97
972	The Devil's Dictionary	1762	located	96
972	The Devil's Dictionary	1763	located	98
972	The Devil's Dictionary	1764	located	97
972	The Devil's Dictionary	1765	located	96
972	The Devil's Dictionary	1766	located	95
972	The Devil's Dictionary	1767	located	100
972	The Devil's Dictionary	1768	located	100
972	The Devil's Dictionary	1769	located	100
972	The Devil's Dictionary	1770	located	100
972	The Devil's Dictionary	1771	below-threshold	79
972	The Devil's Dictionary	1772	located	98
972	The Devil's Dictionary	1773	below-threshold	50
972	The Devil's Dictionary	1774	located	100
972	The Devil's Dictionary	1775	located	100
972	The Devil's Dictionary	1776	no-shingle-match	
972	The Devil's Dictionary	1777	located	98
972	The Devil's Dictionary	1778	below-threshold	51
972	The Devil's Dictionary	1779	located	100
972	The Devil's Dictionary	1780	located	99
972	The Devil's Dictionary	1781	below-threshold	87
972	The Devil's Dictionary	1782	located	98
972	The Devil's Dictionary	1783	located	98
972	The Devil's Dictionary	1784	located	100
972	The Devil's Dictionary	1785	located	100
972	The Devil's Dictionary	1786	located	100
972	The Devil's Dictionary	1787	located	100
972	The Devil's Dictionary	1788	located	100
972	The Devil's Dictionary	1789	located	100
972	The Devil's Dictionary	1790	located	100
972	The Devil's Dictionary	1791	located	100
972	The Devil's Dictionary	1792	located	100
972	The Devil's Dictionary	1793	located	100
972	The Devil's Dictionary	1794	located	100
972	The Devil's Dictionary	1795	located	100
972	The Devil's Dictionary	1796	located	100
972	The Devil's Dictionary	1797	no-shingle-match	
972	The Devil's Dictionary	1798	located	100
972	The Devil's Dictionary	1799	located	100
972	The Devil's Dictionary	1800	located	98
972	The Devil's Dictionary	1801	located	100
972	The Devil's Dictionary	1802	located	100
972	The Devil's Dictionary	1803	located	100
972	The Devil's Dictionary	1804	below-threshold	50
374	Fantastic Fables	1760	no-shingle-match	
374	Fantastic Fables	1761	no-shingle-match	
374	Fantastic Fables	1762	no-shingle-match	
374	Fantastic Fables	1763	no-shingle-match	
374	Fantastic Fables	1764	no-shingle-match	
374	Fantastic Fables	1765	no-shingle-match	
374	Fantastic Fables	1766	no-shingle-match	
374	Fantastic Fables	1767	no-shingle-match	
374	Fantastic Fables	1768	no-shingle-match	
374	Fantastic Fables	1769	no-shingle-match	
374	Fantastic Fables	1770	no-shingle-match	
374	Fantastic Fables	1771	no-shingle-match	
374	Fantastic Fables	1772	no-shingle-match	
374	Fantastic Fables	1773	no-shingle-match	
374	Fantastic Fables	1774	no-shingle-match	
374	Fantastic Fables	1775	no-shingle-match	
374	Fantastic Fables	1776	no-shingle-match	
374	Fantastic Fables	1777	no-shingle-match	
374	Fantastic Fables	1778	no-shingle-match	
374	Fantastic Fables	1779	no-shingle-match	
374	Fantastic Fables	1780	below-threshold	47
374	Fantastic Fables	1781	no-shingle-match	
374	Fantastic Fables	1782	no-shingle-match	
374	Fantastic Fables	1783	no-shingle-match	
374	Fantastic Fables	1784	no-shingle-match	
374	Fantastic Fables	1785	no-shingle-match	
374	Fantastic Fables	1786	no-shingle-match	
374	Fantastic Fables	1787	no-shingle-match	
374	Fantastic Fables	1788	no-shingle-match	
374	Fantastic Fables	1789	no-shingle-match	
374	Fantastic Fables	1790	no-shingle-match	
374	Fantastic Fables	1791	no-shingle-match	
374	Fantastic Fables	1792	no-shingle-match	
374	Fantastic Fables	1793	no-shingle-match	
374	Fantastic Fables	1794	no-shingle-match	
374	Fantastic Fables	1795	no-shingle-match	
374	Fantastic Fables	1796	no-shingle-match	
374	Fantastic Fables	1797	no-shingle-match	
374	Fantastic Fables	1798	no-shingle-match	
374	Fantastic Fables	1799	no-shingle-match	
374	Fantastic Fables	1800	no-shingle-match	
374	Fantastic Fables	1801	no-shingle-match	
374	Fantastic Fables	1802	below-threshold	46
374	Fantastic Fables	1803	no-shingle-match	
374	Fantastic Fables	1804	no-shingle-match	
574	Poems of William Blake	38324	below-threshold	59
574	Poems of William Blake	38325	no-shingle-match	
574	Poems of William Blake	38326	no-shingle-match	
574	Poems of William Blake	38327	no-shingle-match	
574	Poems of William Blake	38328	no-shingle-match	
574	Poems of William Blake	38329	located	99
574	Poems of William Blake	38330	no-shingle-match	
574	Poems of William Blake	38331	no-shingle-match	
574	Poems of William Blake	38332	below-threshold	54
574	Poems of William Blake	38333	located	100
574	Poems of William Blake	38334	no-shingle-match	
574	Poems of William Blake	38335	no-shingle-match	
574	Poems of William Blake	38336	no-shingle-match	
574	Poems of William Blake	38337	no-shingle-match	
574	Poems of William Blake	38338	below-threshold	48
574	Poems of William Blake	38339	no-shingle-match	
574	Poems of William Blake	38340	no-shingle-match	
574	Poems of William Blake	38341	no-shingle-match	
574	Poems of William Blake	38342	no-shingle-match	
574	Poems of William Blake	38343	no-shingle-match	
574	Poems of William Blake	38344	no-shingle-match	
574	Poems of William Blake	38345	no-shingle-match	
574	Poems of William Blake	38346	no-shingle-match	
574	Poems of William Blake	38347	located	100
574	Poems of William Blake	38348	below-threshold	48
574	Poems of William Blake	38349	no-shingle-match	
574	Poems of William Blake	38350	below-threshold	52
574	Poems of William Blake	38351	located	100
574	Poems of William Blake	38352	below-threshold	54
574	Poems of William Blake	38353	no-shingle-match	
574	Poems of William Blake	38354	no-shingle-match	
574	Poems of William Blake	38355	no-shingle-match	
574	Poems of William Blake	38356	no-shingle-match	
574	Poems of William Blake	38357	located	100
574	Poems of William Blake	38358	no-shingle-match	
574	Poems of William Blake	38359	no-shingle-match	
574	Poems of William Blake	38360	below-threshold	71
574	Poems of William Blake	38361	below-threshold	48
574	Poems of William Blake	38362	no-shingle-match	
574	Poems of William Blake	38363	no-shingle-match	
574	Poems of William Blake	38364	no-shingle-match	
574	Poems of William Blake	38365	no-shingle-match	
574	Poems of William Blake	38366	no-shingle-match	
574	Poems of William Blake	38367	no-shingle-match	
145	Middlemarch	13445	below-threshold	62
145	Middlemarch	13446	below-threshold	58
145	Middlemarch	13447	below-threshold	55
145	Middlemarch	13448	no-shingle-match	
145	Middlemarch	13449	below-threshold	53
145	Middlemarch	13450	no-shingle-match	
145	Middlemarch	13451	below-threshold	56
145	Middlemarch	13452	below-threshold	53
145	Middlemarch	13453	below-threshold	58
145	Middlemarch	13454	below-threshold	89
145	Middlemarch	13455	below-threshold	53
145	Middlemarch	13456	below-threshold	61
145	Middlemarch	13457	below-threshold	52
145	Middlemarch	13458	below-threshold	52
145	Middlemarch	13459	located	100
145	Middlemarch	13460	located	100
145	Middlemarch	13461	located	100
145	Middlemarch	13462	below-threshold	49
145	Middlemarch	13463	located	97
145	Middlemarch	13464	below-threshold	50
145	Middlemarch	13465	below-threshold	52
145	Middlemarch	13466	no-shingle-match	
145	Middlemarch	13467	below-threshold	50
145	Middlemarch	13468	below-threshold	52
145	Middlemarch	13469	below-threshold	50
145	Middlemarch	13470	below-threshold	53
145	Middlemarch	13471	below-threshold	51
145	Middlemarch	13472	below-threshold	50
145	Middlemarch	13473	located	100
145	Middlemarch	13474	below-threshold	53
145	Middlemarch	13475	located	100
145	Middlemarch	13476	below-threshold	57
145	Middlemarch	13477	below-threshold	55
145	Middlemarch	13478	below-threshold	54
145	Middlemarch	13479	below-threshold	50
145	Middlemarch	13480	below-threshold	53
145	Middlemarch	13481	below-threshold	50
145	Middlemarch	13482	below-threshold	50
145	Middlemarch	13483	located	100
145	Middlemarch	13484	below-threshold	59
145	Middlemarch	13485	below-threshold	51
145	Middlemarch	13486	no-shingle-match	
507	Adam Bede	13445	below-threshold	66
507	Adam Bede	13446	located	100
507	Adam Bede	13447	no-shingle-match	
507	Adam Bede	13448	below-threshold	51
507	Adam Bede	13449	below-threshold	51
507	Adam Bede	13450	below-threshold	51
507	Adam Bede	13451	below-threshold	51
507	Adam Bede	13452	below-threshold	51
507	Adam Bede	13453	below-threshold	58
507	Adam Bede	13454	below-threshold	52
507	Adam Bede	13455	below-threshold	54
507	Adam Bede	13456	below-threshold	69
507	Adam Bede	13457	below-threshold	81
507	Adam Bede	13458	below-threshold	53
507	Adam Bede	13459	below-threshold	49
507	Adam Bede	13460	no-shingle-match	
507	Adam Bede	13461	below-threshold	50
507	Adam Bede	13462	below-threshold	49
507	Adam Bede	13463	below-threshold	49
507	Adam Bede	13464	below-threshold	51
507	Adam Bede	13465	below-threshold	49
507	Adam Bede	13466	located	100
507	Adam Bede	13467	below-threshold	55
507	Adam Bede	13468	below-threshold	60
507	Adam Bede	13469	below-threshold	53
507	Adam Bede	13470	located	100
507	Adam Bede	13471	below-threshold	56
507	Adam Bede	13472	below-threshold	52
507	Adam Bede	13473	below-threshold	55
507	Adam Bede	13474	below-threshold	53
507	Adam Bede	13475	below-threshold	57
507	Adam Bede	13476	below-threshold	51
507	Adam Bede	13477	below-threshold	53
507	Adam Bede	13478	below-threshold	58
507	Adam Bede	13479	located	100
507	Adam Bede	13480	below-threshold	53
507	Adam Bede	13481	located	100
507	Adam Bede	13482	no-shingle-match	
507	Adam Bede	13483	below-threshold	50
507	Adam Bede	13484	below-threshold	52
507	Adam Bede	13485	below-threshold	53
507	Adam Bede	13486	no-shingle-match	
550	Silas Marner	13445	below-threshold	62
550	Silas Marner	13446	no-shingle-match	
550	Silas Marner	13447	no-shingle-match	
550	Silas Marner	13448	no-shingle-match	
550	Silas Marner	13449	below-threshold	50
550	Silas Marner	13450	no-shingle-match	
550	Silas Marner	13451	no-shingle-match	
550	Silas Marner	13452	below-threshold	53
550	Silas Marner	13453	no-shingle-match	
550	Silas Marner	13454	below-threshold	51
550	Silas Marner	13455	below-threshold	63
550	Silas Marner	13456	below-threshold	57
550	Silas Marner	13457	below-threshold	53
550	Silas Marner	13458	below-threshold	55
550	Silas Marner	13459	below-threshold	47
550	Silas Marner	13460	no-shingle-match	
550	Silas Marner	13461	no-shingle-match	
550	Silas Marner	13462	no-shingle-match	
550	Silas Marner	13463	below-threshold	50
550	Silas Marner	13464	no-shingle-match	
550	Silas Marner	13465	no-shingle-match	
550	Silas Marner	13466	no-shingle-match	
550	Silas Marner	13467	no-shingle-match	
550	Silas Marner	13468	below-threshold	54
550	Silas Marner	13469	below-threshold	51
550	Silas Marner	13470	below-threshold	57
550	Silas Marner	13471	no-shingle-match	
550	Silas Marner	13472	below-threshold	49
550	Silas Marner	13473	no-shingle-match	
550	Silas Marner	13474	located	100
550	Silas Marner	13475	below-threshold	55
550	Silas Marner	13476	no-shingle-match	
550	Silas Marner	13477	no-shingle-match	
550	Silas Marner	13478	below-threshold	54
550	Silas Marner	13479	below-threshold	51
550	Silas Marner	13480	below-threshold	50
550	Silas Marner	13481	no-shingle-match	
550	Silas Marner	13482	below-threshold	51
550	Silas Marner	13483	no-shingle-match	
550	Silas Marner	13484	below-threshold	56
550	Silas Marner	13485	below-threshold	52
550	Silas Marner	13486	no-shingle-match	
6688	The Mill on the Floss	13445	below-threshold	72
6688	The Mill on the Floss	13446	no-shingle-match	
6688	The Mill on the Floss	13447	no-shingle-match	
6688	The Mill on the Floss	13448	no-shingle-match	
6688	The Mill on the Floss	13449	below-threshold	53
6688	The Mill on the Floss	13450	no-shingle-match	
6688	The Mill on the Floss	13451	below-threshold	55
6688	The Mill on the Floss	13452	no-shingle-match	
6688	The Mill on the Floss	13453	below-threshold	60
6688	The Mill on the Floss	13454	below-threshold	51
6688	The Mill on the Floss	13455	located	100
6688	The Mill on the Floss	13456	below-threshold	64
6688	The Mill on the Floss	13457	below-threshold	51
6688	The Mill on the Floss	13458	below-threshold	52
6688	The Mill on the Floss	13459	below-threshold	50
6688	The Mill on the Floss	13460	no-shingle-match	
6688	The Mill on the Floss	13461	no-shingle-match	
6688	The Mill on the Floss	13462	located	100
6688	The Mill on the Floss	13463	below-threshold	50
6688	The Mill on the Floss	13464	located	100
6688	The Mill on the Floss	13465	below-threshold	48
6688	The Mill on the Floss	13466	no-shingle-match	
6688	The Mill on the Floss	13467	below-threshold	52
6688	The Mill on the Floss	13468	below-threshold	54
6688	The Mill on the Floss	13469	below-threshold	51
6688	The Mill on the Floss	13470	below-threshold	60
6688	The Mill on the Floss	13471	below-threshold	53
6688	The Mill on the Floss	13472	located	100
6688	The Mill on the Floss	13473	below-threshold	48
6688	The Mill on the Floss	13474	below-threshold	56
6688	The Mill on the Floss	13475	below-threshold	60
6688	The Mill on the Floss	13476	below-threshold	56
6688	The Mill on the Floss	13477	located	100
6688	The Mill on the Floss	13478	below-threshold	52
6688	The Mill on the Floss	13479	below-threshold	51
6688	The Mill on the Floss	13480	located	100
6688	The Mill on the Floss	13481	no-shingle-match	
6688	The Mill on the Floss	13482	below-threshold	50
6688	The Mill on the Floss	13483	below-threshold	51
6688	The Mill on the Floss	13484	below-threshold	51
6688	The Mill on the Floss	13485	below-threshold	50
6688	The Mill on the Floss	13486	located	100
98	A Tale of Two Cities	6370	below-threshold	56
98	A Tale of Two Cities	6371	below-threshold	50
98	A Tale of Two Cities	6372	no-shingle-match	
98	A Tale of Two Cities	6373	below-threshold	56
98	A Tale of Two Cities	6374	below-threshold	58
98	A Tale of Two Cities	6375	below-threshold	53
98	A Tale of Two Cities	6376	below-threshold	49
98	A Tale of Two Cities	6377	below-threshold	54
98	A Tale of Two Cities	6378	below-threshold	51
98	A Tale of Two Cities	6379	below-threshold	46
98	A Tale of Two Cities	6380	below-threshold	49
98	A Tale of Two Cities	6381	no-shingle-match	
98	A Tale of Two Cities	6382	below-threshold	50
98	A Tale of Two Cities	6383	below-threshold	51
98	A Tale of Two Cities	6384	no-shingle-match	
98	A Tale of Two Cities	6385	below-threshold	57
98	A Tale of Two Cities	6386	below-threshold	50
98	A Tale of Two Cities	6387	below-threshold	48
98	A Tale of Two Cities	6388	no-shingle-match	
98	A Tale of Two Cities	6389	no-shingle-match	
98	A Tale of Two Cities	6390	located	100
98	A Tale of Two Cities	6391	no-shingle-match	
98	A Tale of Two Cities	6392	below-threshold	51
98	A Tale of Two Cities	6393	no-shingle-match	
98	A Tale of Two Cities	6394	no-shingle-match	
98	A Tale of Two Cities	6395	below-threshold	57
98	A Tale of Two Cities	6396	below-threshold	50
98	A Tale of Two Cities	6397	below-threshold	49
98	A Tale of Two Cities	6398	below-threshold	48
98	A Tale of Two Cities	6399	located	100
98	A Tale of Two Cities	6400	below-threshold	47
98	A Tale of Two Cities	6401	below-threshold	54
98	A Tale of Two Cities	6402	below-threshold	52
98	A Tale of Two Cities	6403	below-threshold	58
98	A Tale of Two Cities	6404	no-shingle-match	
98	A Tale of Two Cities	6405	located	100
98	A Tale of Two Cities	6406	below-threshold	49
98	A Tale of Two Cities	6407	below-threshold	67
98	A Tale of Two Cities	6408	no-shingle-match	
98	A Tale of Two Cities	6409	below-threshold	52
98	A Tale of Two Cities	6410	below-threshold	50
98	A Tale of Two Cities	6411	located	100
766	David Copperfield	6370	below-threshold	60
766	David Copperfield	6371	below-threshold	55
766	David Copperfield	6372	below-threshold	51
766	David Copperfield	6373	below-threshold	57
766	David Copperfield	6374	below-threshold	58
766	David Copperfield	6375	below-threshold	55
766	David Copperfield	6376	below-threshold	48
766	David Copperfield	6377	below-threshold	53
766	David Copperfield	6378	located	98
766	David Copperfield	6379	below-threshold	47
766	David Copperfield	6380	below-threshold	91
766	David Copperfield	6381	below-threshold	58
766	David Copperfield	6382	below-threshold	51
766	David Copperfield	6383	below-threshold	52
766	David Copperfield	6384	no-shingle-match	
766	David Copperfield	6385	below-threshold	56
766	David Copperfield	6386	below-threshold	51
766	David Copperfield	6387	no-shingle-match	
766	David Copperfield	6388	below-threshold	58
766	David Copperfield	6389	below-threshold	56
766	David Copperfield	6390	below-threshold	62
766	David Copperfield	6391	below-threshold	65
766	David Copperfield	6392	below-threshold	51
766	David Copperfield	6393	below-threshold	59
766	David Copperfield	6394	no-shingle-match	
766	David Copperfield	6395	located	100
766	David Copperfield	6396	below-threshold	51
766	David Copperfield	6397	below-threshold	52
766	David Copperfield	6398	below-threshold	48
766	David Copperfield	6399	below-threshold	50
766	David Copperfield	6400	below-threshold	51
766	David Copperfield	6401	below-threshold	58
766	David Copperfield	6402	below-threshold	51
766	David Copperfield	6403	located	100
766	David Copperfield	6404	below-threshold	56
766	David Copperfield	6405	below-threshold	48
766	David Copperfield	6406	located	100
766	David Copperfield	6407	below-threshold	58
766	David Copperfield	6408	located	100
766	David Copperfield	6409	no-shingle-match	
766	David Copperfield	6410	below-threshold	50
766	David Copperfield	6411	below-threshold	52
1400	Great Expectations	6370	below-threshold	63
1400	Great Expectations	6371	below-threshold	56
1400	Great Expectations	6372	below-threshold	51
1400	Great Expectations	6373	below-threshold	55
1400	Great Expectations	6374	below-threshold	56
1400	Great Expectations	6375	below-threshold	51
1400	Great Expectations	6376	below-threshold	49
1400	Great Expectations	6377	located	98
1400	Great Expectations	6378	below-threshold	50
1400	Great Expectations	6379	no-shingle-match	
1400	Great Expectations	6380	below-threshold	49
1400	Great Expectations	6381	no-shingle-match	
1400	Great Expectations	6382	below-threshold	49
1400	Great Expectations	6383	below-threshold	49
1400	Great Expectations	6384	no-shingle-match	
1400	Great Expectations	6385	below-threshold	56
1400	Great Expectations	6386	below-threshold	53
1400	Great Expectations	6387	no-shingle-match	
1400	Great Expectations	6388	below-threshold	60
1400	Great Expectations	6389	below-threshold	56
1400	Great Expectations	6390	below-threshold	62
1400	Great Expectations	6391	no-shingle-match	
1400	Great Expectations	6392	below-threshold	51
1400	Great Expectations	6393	no-shingle-match	
1400	Great Expectations	6394	no-shingle-match	
1400	Great Expectations	6395	no-shingle-match	
1400	Great Expectations	6396	located	98
1400	Great Expectations	6397	below-threshold	54
1400	Great Expectations	6398	located	99
1400	Great Expectations	6399	below-threshold	49
1400	Great Expectations	6400	below-threshold	50
1400	Great Expectations	6401	below-threshold	50
1400	Great Expectations	6402	below-threshold	52
1400	Great Expectations	6403	below-threshold	52
1400	Great Expectations	6404	no-shingle-match	
1400	Great Expectations	6405	below-threshold	49
1400	Great Expectations	6406	below-threshold	47
1400	Great Expectations	6407	below-threshold	60
1400	Great Expectations	6408	no-shingle-match	
1400	Great Expectations	6409	no-shingle-match	
1400	Great Expectations	6410	below-threshold	50
1400	Great Expectations	6411	below-threshold	51
580	The Pickwick Papers	6370	below-threshold	61
580	The Pickwick Papers	6371	located	100
580	The Pickwick Papers	6372	below-threshold	52
580	The Pickwick Papers	6373	below-threshold	56
580	The Pickwick Papers	6374	below-threshold	56
580	The Pickwick Papers	6375	below-threshold	55
580	The Pickwick Papers	6376	below-threshold	82
580	The Pickwick Papers	6377	below-threshold	52
580	The Pickwick Papers	6378	below-threshold	48
580	The Pickwick Papers	6379	no-shingle-match	
580	The Pickwick Papers	6380	below-threshold	50
580	The Pickwick Papers	6381	below-threshold	56
580	The Pickwick Papers	6382	below-threshold	51
580	The Pickwick Papers	6383	below-threshold	50
580	The Pickwick Papers	6384	no-shingle-match	
580	The Pickwick Papers	6385	below-threshold	57
580	The Pickwick Papers	6386	below-threshold	51
580	The Pickwick Papers	6387	below-threshold	53
580	The Pickwick Papers	6388	no-shingle-match	
580	The Pickwick Papers	6389	below-threshold	54
580	The Pickwick Papers	6390	below-threshold	62
580	The Pickwick Papers	6391	no-shingle-match	
580	The Pickwick Papers	6392	below-threshold	49
580	The Pickwick Papers	6393	below-threshold	51
580	The Pickwick Papers	6394	no-shingle-match	
580	The Pickwick Papers	6395	below-threshold	54
580	The Pickwick Papers	6396	below-threshold	51
580	The Pickwick Papers	6397	below-threshold	51
580	The Pickwick Papers	6398	no-shingle-match	
580	The Pickwick Papers	6399	below-threshold	50
580	The Pickwick Papers	6400	located	98
580	The Pickwick Papers	6401	no-shingle-match	
580	The Pickwick Papers	6402	below-threshold	50
580	The Pickwick Papers	6403	below-threshold	80
580	The Pickwick Papers	6404	no-shingle-match	
580	The Pickwick Papers	6405	below-threshold	54
580	The Pickwick Papers	6406	below-threshold	48
580	The Pickwick Papers	6407	below-threshold	63
580	The Pickwick Papers	6408	no-shingle-match	
580	The Pickwick Papers	6409	located	100
580	The Pickwick Papers	6410	located	100
580	The Pickwick Papers	6411	below-threshold	50
21700	Don Juan	24247	below-threshold	51
21700	Don Juan	24248	no-shingle-match	
21700	Don Juan	24249	below-threshold	50
21700	Don Juan	24250	below-threshold	51
21700	Don Juan	24251	below-threshold	88
21700	Don Juan	24252	below-threshold	53
21700	Don Juan	24253	no-shingle-match	
21700	Don Juan	24254	below-threshold	61
21700	Don Juan	24255	no-shingle-match	
21700	Don Juan	24256	below-threshold	54
21700	Don Juan	24257	no-shingle-match	
21700	Don Juan	24258	below-threshold	70
21700	Don Juan	24259	no-shingle-match	
21700	Don Juan	24260	below-threshold	53
21700	Don Juan	24261	below-threshold	56
21700	Don Juan	24262	located	100
21700	Don Juan	24263	no-shingle-match	
21700	Don Juan	24264	below-threshold	51
21700	Don Juan	24265	below-threshold	55
21700	Don Juan	24266	below-threshold	49
21700	Don Juan	24267	below-threshold	52
21700	Don Juan	24268	below-threshold	50
21700	Don Juan	24269	located	100
21700	Don Juan	24270	no-shingle-match	
21700	Don Juan	24271	below-threshold	48
21700	Don Juan	24272	below-threshold	52
21700	Don Juan	24273	located	100
21700	Don Juan	24274	below-threshold	52
21700	Don Juan	24275	located	100
21700	Don Juan	24276	located	100
21700	Don Juan	24277	below-threshold	59
21700	Don Juan	24278	located	100
21700	Don Juan	24279	located	100
21700	Don Juan	24280	located	100
21700	Don Juan	24281	located	100
21700	Don Juan	24282	below-threshold	60
21700	Don Juan	24283	below-threshold	57
21700	Don Juan	24284	located	100
21700	Don Juan	24285	located	97
21700	Don Juan	24286	located	100
21700	Don Juan	24287	located	100
5131	Childe Harold's Pilgrimage	24247	located	97
5131	Childe Harold's Pilgrimage	24248	no-shingle-match	
5131	Childe Harold's Pilgrimage	24249	below-threshold	50
5131	Childe Harold's Pilgrimage	24250	no-shingle-match	
5131	Childe Harold's Pilgrimage	24251	below-threshold	58
5131	Childe Harold's Pilgrimage	24252	below-threshold	52
5131	Childe Harold's Pilgrimage	24253	no-shingle-match	
5131	Childe Harold's Pilgrimage	24254	below-threshold	89
5131	Childe Harold's Pilgrimage	24255	no-shingle-match	
5131	Childe Harold's Pilgrimage	24256	no-shingle-match	
5131	Childe Harold's Pilgrimage	24257	no-shingle-match	
5131	Childe Harold's Pilgrimage	24258	located	100
5131	Childe Harold's Pilgrimage	24259	no-shingle-match	
5131	Childe Harold's Pilgrimage	24260	no-shingle-match	
5131	Childe Harold's Pilgrimage	24261	no-shingle-match	
5131	Childe Harold's Pilgrimage	24262	no-shingle-match	
5131	Childe Harold's Pilgrimage	24263	no-shingle-match	
5131	Childe Harold's Pilgrimage	24264	no-shingle-match	
5131	Childe Harold's Pilgrimage	24265	below-threshold	53
5131	Childe Harold's Pilgrimage	24266	below-threshold	50
5131	Childe Harold's Pilgrimage	24267	no-shingle-match	
5131	Childe Harold's Pilgrimage	24268	below-threshold	49
5131	Childe Harold's Pilgrimage	24269	no-shingle-match	
5131	Childe Harold's Pilgrimage	24270	no-shingle-match	
5131	Childe Harold's Pilgrimage	24271	no-shingle-match	
5131	Childe Harold's Pilgrimage	24272	no-shingle-match	
5131	Childe Harold's Pilgrimage	24273	no-shingle-match	
5131	Childe Harold's Pilgrimage	24274	below-threshold	50
5131	Childe Harold's Pilgrimage	24275	no-shingle-match	
5131	Childe Harold's Pilgrimage	24276	no-shingle-match	
5131	Childe Harold's Pilgrimage	24277	located	100
5131	Childe Harold's Pilgrimage	24278	no-shingle-match	
5131	Childe Harold's Pilgrimage	24279	below-threshold	49
5131	Childe Harold's Pilgrimage	24280	no-shingle-match	
5131	Childe Harold's Pilgrimage	24281	no-shingle-match	
5131	Childe Harold's Pilgrimage	24282	no-shingle-match	
5131	Childe Harold's Pilgrimage	24283	located	100
5131	Childe Harold's Pilgrimage	24284	below-threshold	51
5131	Childe Harold's Pilgrimage	24285	below-threshold	54
5131	Childe Harold's Pilgrimage	24286	no-shingle-match	
5131	Childe Harold's Pilgrimage	24287	no-shingle-match	
1091	On Heroes, Hero-Worship, and the Heroic in History	36006	below-threshold	48
1091	On Heroes, Hero-Worship, and the Heroic in History	36007	below-threshold	70
1091	On Heroes, Hero-Worship, and the Heroic in History	36008	below-threshold	55
1091	On Heroes, Hero-Worship, and the Heroic in History	36009	below-threshold	51
1091	On Heroes, Hero-Worship, and the Heroic in History	36010	below-threshold	51
1091	On Heroes, Hero-Worship, and the Heroic in History	36011	below-threshold	52
1091	On Heroes, Hero-Worship, and the Heroic in History	36012	no-shingle-match	
1091	On Heroes, Hero-Worship, and the Heroic in History	36013	below-threshold	47
1091	On Heroes, Hero-Worship, and the Heroic in History	36014	below-threshold	62
1091	On Heroes, Hero-Worship, and the Heroic in History	36015	no-shingle-match	
1091	On Heroes, Hero-Worship, and the Heroic in History	36016	below-threshold	47
1091	On Heroes, Hero-Worship, and the Heroic in History	36017	no-shingle-match	
1091	On Heroes, Hero-Worship, and the Heroic in History	36018	below-threshold	83
1091	On Heroes, Hero-Worship, and the Heroic in History	36019	no-shingle-match	
1091	On Heroes, Hero-Worship, and the Heroic in History	36020	located	100
1091	On Heroes, Hero-Worship, and the Heroic in History	36021	no-shingle-match	
1091	On Heroes, Hero-Worship, and the Heroic in History	36022	below-threshold	54
1091	On Heroes, Hero-Worship, and the Heroic in History	36023	no-shingle-match	
1091	On Heroes, Hero-Worship, and the Heroic in History	36024	below-threshold	66
1091	On Heroes, Hero-Worship, and the Heroic in History	36025	no-shingle-match	
1091	On Heroes, Hero-Worship, and the Heroic in History	36026	no-shingle-match	
1091	On Heroes, Hero-Worship, and the Heroic in History	36027	no-shingle-match	
1091	On Heroes, Hero-Worship, and the Heroic in History	36028	below-threshold	52
1091	On Heroes, Hero-Worship, and the Heroic in History	36029	below-threshold	56
1091	On Heroes, Hero-Worship, and the Heroic in History	36030	below-threshold	49
1091	On Heroes, Hero-Worship, and the Heroic in History	36031	no-shingle-match	
1091	On Heroes, Hero-Worship, and the Heroic in History	36032	below-threshold	55
1091	On Heroes, Hero-Worship, and the Heroic in History	36033	below-threshold	51
1091	On Heroes, Hero-Worship, and the Heroic in History	36034	located	100
1091	On Heroes, Hero-Worship, and the Heroic in History	36035	no-shingle-match	
1091	On Heroes, Hero-Worship, and the Heroic in History	36036	below-threshold	53
1091	On Heroes, Hero-Worship, and the Heroic in History	36037	located	100
1091	On Heroes, Hero-Worship, and the Heroic in History	36038	below-threshold	63
1091	On Heroes, Hero-Worship, and the Heroic in History	36039	located	100
1091	On Heroes, Hero-Worship, and the Heroic in History	36040	located	100
1091	On Heroes, Hero-Worship, and the Heroic in History	36041	below-threshold	58
1091	On Heroes, Hero-Worship, and the Heroic in History	36042	below-threshold	52
1091	On Heroes, Hero-Worship, and the Heroic in History	36043	no-shingle-match	
1091	On Heroes, Hero-Worship, and the Heroic in History	36044	no-shingle-match	
1091	On Heroes, Hero-Worship, and the Heroic in History	36045	below-threshold	51
13534	Past and Present	36006	below-threshold	86
13534	Past and Present	36007	below-threshold	66
13534	Past and Present	36008	below-threshold	57
13534	Past and Present	36009	below-threshold	53
13534	Past and Present	36010	below-threshold	50
13534	Past and Present	36011	no-shingle-match	
13534	Past and Present	36012	no-shingle-match	
13534	Past and Present	36013	below-threshold	48
13534	Past and Present	36014	below-threshold	62
13534	Past and Present	36015	below-threshold	54
13534	Past and Present	36016	below-threshold	47
13534	Past and Present	36017	no-shingle-match	
13534	Past and Present	36018	below-threshold	52
13534	Past and Present	36019	no-shingle-match	
13534	Past and Present	36020	below-threshold	60
13534	Past and Present	36021	located	100
13534	Past and Present	36022	below-threshold	55
13534	Past and Present	36023	below-threshold	48
13534	Past and Present	36024	below-threshold	51
13534	Past and Present	36025	no-shingle-match	
13534	Past and Present	36026	no-shingle-match	
13534	Past and Present	36027	below-threshold	49
13534	Past and Present	36028	below-threshold	52
13534	Past and Present	36029	below-threshold	51
13534	Past and Present	36030	below-threshold	52
13534	Past and Present	36031	no-shingle-match	
13534	Past and Present	36032	below-threshold	51
13534	Past and Present	36033	located	94
13534	Past and Present	36034	below-threshold	54
13534	Past and Present	36035	no-shingle-match	
13534	Past and Present	36036	located	100
13534	Past and Present	36037	below-threshold	50
13534	Past and Present	36038	below-threshold	75
13534	Past and Present	36039	no-shingle-match	
13534	Past and Present	36040	below-threshold	52
13534	Past and Present	36041	below-threshold	59
13534	Past and Present	36042	below-threshold	50
13534	Past and Present	36043	no-shingle-match	
13534	Past and Present	36044	no-shingle-match	
13534	Past and Present	36045	below-threshold	47
14020	The Works of Horace	15804	no-shingle-match	
14020	The Works of Horace	15805	no-shingle-match	
14020	The Works of Horace	15806	no-shingle-match	
14020	The Works of Horace	15807	below-threshold	52
14020	The Works of Horace	15808	below-threshold	51
14020	The Works of Horace	15809	below-threshold	69
14020	The Works of Horace	15810	no-shingle-match	
14020	The Works of Horace	15811	below-threshold	54
14020	The Works of Horace	15812	no-shingle-match	
14020	The Works of Horace	15813	below-threshold	67
14020	The Works of Horace	15814	below-threshold	75
14020	The Works of Horace	15815	no-shingle-match	
14020	The Works of Horace	15816	no-shingle-match	
14020	The Works of Horace	15817	below-threshold	68
14020	The Works of Horace	15818	below-threshold	55
14020	The Works of Horace	15819	below-threshold	91
14020	The Works of Horace	15820	below-threshold	50
14020	The Works of Horace	15821	below-threshold	48
14020	The Works of Horace	15822	no-shingle-match	
14020	The Works of Horace	15823	below-threshold	52
14020	The Works of Horace	15824	no-shingle-match	
14020	The Works of Horace	15825	below-threshold	66
14020	The Works of Horace	15826	below-threshold	61
14020	The Works of Horace	15827	below-threshold	89
14020	The Works of Horace	15828	no-shingle-match	
14020	The Works of Horace	15829	below-threshold	72
14020	The Works of Horace	15830	no-shingle-match	
14020	The Works of Horace	15831	below-threshold	54
14020	The Works of Horace	15832	below-threshold	69
14020	The Works of Horace	15833	below-threshold	67
14020	The Works of Horace	15834	below-threshold	83
14020	The Works of Horace	15835	below-threshold	64
14020	The Works of Horace	15836	no-shingle-match	
14020	The Works of Horace	15837	below-threshold	75
14020	The Works of Horace	15838	below-threshold	73
14020	The Works of Horace	15839	below-threshold	87
14020	The Works of Horace	15840	no-shingle-match	
14020	The Works of Horace	15841	no-shingle-match	
14020	The Works of Horace	15842	no-shingle-match	
14020	The Works of Horace	15843	below-threshold	71
1365	The Complete Poetical Works of Henry Wadsworth Longfellow	15510	below-threshold	53
1365	The Complete Poetical Works of Henry Wadsworth Longfellow	15511	below-threshold	52
1365	The Complete Poetical Works of Henry Wadsworth Longfellow	15512	located	98
1365	The Complete Poetical Works of Henry Wadsworth Longfellow	15513	located	100
1365	The Complete Poetical Works of Henry Wadsworth Longfellow	15514	below-threshold	50
1365	The Complete Poetical Works of Henry Wadsworth Longfellow	15515	located	100
1365	The Complete Poetical Works of Henry Wadsworth Longfellow	15516	below-threshold	47
1365	The Complete Poetical Works of Henry Wadsworth Longfellow	15517	below-threshold	50
1365	The Complete Poetical Works of Henry Wadsworth Longfellow	15518	located	100
1365	The Complete Poetical Works of Henry Wadsworth Longfellow	15519	below-threshold	51
1365	The Complete Poetical Works of Henry Wadsworth Longfellow	15520	located	99
1365	The Complete Poetical Works of Henry Wadsworth Longfellow	15521	located	100
1365	The Complete Poetical Works of Henry Wadsworth Longfellow	15522	located	100
1365	The Complete Poetical Works of Henry Wadsworth Longfellow	15523	no-shingle-match	
1365	The Complete Poetical Works of Henry Wadsworth Longfellow	15524	located	100
1365	The Complete Poetical Works of Henry Wadsworth Longfellow	15525	below-threshold	51
1365	The Complete Poetical Works of Henry Wadsworth Longfellow	15526	below-threshold	49
1365	The Complete Poetical Works of Henry Wadsworth Longfellow	15527	located	98
1365	The Complete Poetical Works of Henry Wadsworth Longfellow	15528	below-threshold	50
1365	The Complete Poetical Works of Henry Wadsworth Longfellow	15529	below-threshold	54
1365	The Complete Poetical Works of Henry Wadsworth Longfellow	15530	located	100
1365	The Complete Poetical Works of Henry Wadsworth Longfellow	15531	located	100
1365	The Complete Poetical Works of Henry Wadsworth Longfellow	15532	located	100
1365	The Complete Poetical Works of Henry Wadsworth Longfellow	15533	located	100
1365	The Complete Poetical Works of Henry Wadsworth Longfellow	15534	below-threshold	55
1365	The Complete Poetical Works of Henry Wadsworth Longfellow	15535	below-threshold	51
1365	The Complete Poetical Works of Henry Wadsworth Longfellow	15536	located	100
1365	The Complete Poetical Works of Henry Wadsworth Longfellow	15537	below-threshold	54
1365	The Complete Poetical Works of Henry Wadsworth Longfellow	15538	located	100
1365	The Complete Poetical Works of Henry Wadsworth Longfellow	15539	located	100
1365	The Complete Poetical Works of Henry Wadsworth Longfellow	15540	located	100
1365	The Complete Poetical Works of Henry Wadsworth Longfellow	15541	no-shingle-match	
1365	The Complete Poetical Works of Henry Wadsworth Longfellow	15542	located	100
1365	The Complete Poetical Works of Henry Wadsworth Longfellow	15543	located	100
1365	The Complete Poetical Works of Henry Wadsworth Longfellow	15544	located	100
1365	The Complete Poetical Works of Henry Wadsworth Longfellow	15545	located	100
1365	The Complete Poetical Works of Henry Wadsworth Longfellow	15546	located	100
1365	The Complete Poetical Works of Henry Wadsworth Longfellow	15547	located	100
1365	The Complete Poetical Works of Henry Wadsworth Longfellow	15548	located	100
1365	The Complete Poetical Works of Henry Wadsworth Longfellow	15549	no-shingle-match	
3760	Sybil, or the Two Nations	3888	below-threshold	51
3760	Sybil, or the Two Nations	3889	below-threshold	52
3760	Sybil, or the Two Nations	3890	below-threshold	50
3760	Sybil, or the Two Nations	3891	no-shingle-match	
3760	Sybil, or the Two Nations	3892	below-threshold	52
3760	Sybil, or the Two Nations	3893	no-shingle-match	
3760	Sybil, or the Two Nations	3894	no-shingle-match	
3760	Sybil, or the Two Nations	3895	below-threshold	50
3760	Sybil, or the Two Nations	3896	below-threshold	83
3760	Sybil, or the Two Nations	3897	no-shingle-match	
3760	Sybil, or the Two Nations	3898	no-shingle-match	
3760	Sybil, or the Two Nations	3899	below-threshold	56
3760	Sybil, or the Two Nations	3900	no-shingle-match	
3760	Sybil, or the Two Nations	3901	below-threshold	59
3760	Sybil, or the Two Nations	3902	below-threshold	58
3760	Sybil, or the Two Nations	3903	below-threshold	53
3760	Sybil, or the Two Nations	3904	below-threshold	56
3760	Sybil, or the Two Nations	3905	below-threshold	47
3760	Sybil, or the Two Nations	3906	below-threshold	52
3760	Sybil, or the Two Nations	3907	below-threshold	61
3760	Sybil, or the Two Nations	3908	below-threshold	58
3760	Sybil, or the Two Nations	3909	no-shingle-match	
3760	Sybil, or the Two Nations	3910	below-threshold	59
3760	Sybil, or the Two Nations	3911	no-shingle-match	
3760	Sybil, or the Two Nations	3912	below-threshold	61
3760	Sybil, or the Two Nations	3913	below-threshold	56
3760	Sybil, or the Two Nations	3914	no-shingle-match	
3760	Sybil, or the Two Nations	3915	below-threshold	54
3760	Sybil, or the Two Nations	3916	below-threshold	58
3760	Sybil, or the Two Nations	3917	located	100
3760	Sybil, or the Two Nations	3918	no-shingle-match	
3760	Sybil, or the Two Nations	3919	below-threshold	57
3760	Sybil, or the Two Nations	3920	below-threshold	56
3760	Sybil, or the Two Nations	3921	below-threshold	58
3760	Sybil, or the Two Nations	3922	no-shingle-match	
3760	Sybil, or the Two Nations	3923	no-shingle-match	
3760	Sybil, or the Two Nations	3924	no-shingle-match	
3760	Sybil, or the Two Nations	3925	no-shingle-match	
3760	Sybil, or the Two Nations	3926	below-threshold	49
3760	Sybil, or the Two Nations	3927	below-threshold	51
19942	Candide	37721	below-threshold	53
19942	Candide	37722	no-shingle-match	
19942	Candide	37723	below-threshold	50
19942	Candide	37724	below-threshold	62
19942	Candide	37725	below-threshold	50
19942	Candide	37726	below-threshold	48
19942	Candide	37727	no-shingle-match	
19942	Candide	37728	no-shingle-match	
19942	Candide	37729	no-shingle-match	
19942	Candide	37730	no-shingle-match	
19942	Candide	37731	below-threshold	55
19942	Candide	37732	below-threshold	47
19942	Candide	37733	below-threshold	50
19942	Candide	37734	below-threshold	52
19942	Candide	37735	below-threshold	50
19942	Candide	37736	no-shingle-match	
19942	Candide	37737	below-threshold	59
19942	Candide	37738	below-threshold	52
19942	Candide	37739	no-shingle-match	
19942	Candide	37740	no-shingle-match	
19942	Candide	37741	below-threshold	51
19942	Candide	37742	below-threshold	55
19942	Candide	37743	no-shingle-match	
19942	Candide	37744	no-shingle-match	
19942	Candide	37745	no-shingle-match	
19942	Candide	37746	below-threshold	58
19942	Candide	37747	below-threshold	53
19942	Candide	37748	below-threshold	47
19942	Candide	37749	no-shingle-match	
19942	Candide	37750	below-threshold	53
19942	Candide	37751	below-threshold	64
19942	Candide	37752	below-threshold	52
19942	Candide	37753	below-threshold	66
19942	Candide	37754	below-threshold	56
19942	Candide	37755	below-threshold	76
19942	Candide	37756	no-shingle-match	
19942	Candide	37757	no-shingle-match	
19942	Candide	37758	below-threshold	83
19942	Candide	37759	below-threshold	51
18569	Philosophical Dictionary	37721	below-threshold	54
18569	Philosophical Dictionary	37722	below-threshold	58
18569	Philosophical Dictionary	37723	located	100
18569	Philosophical Dictionary	37724	no-shingle-match	
18569	Philosophical Dictionary	37725	below-threshold	52
18569	Philosophical Dictionary	37726	below-threshold	50
18569	Philosophical Dictionary	37727	below-threshold	63
18569	Philosophical Dictionary	37728	below-threshold	65
18569	Philosophical Dictionary	37729	below-threshold	50
18569	Philosophical Dictionary	37730	no-shingle-match	
18569	Philosophical Dictionary	37731	below-threshold	62
18569	Philosophical Dictionary	37732	below-threshold	49
18569	Philosophical Dictionary	37733	below-threshold	51
18569	Philosophical Dictionary	37734	below-threshold	54
18569	Philosophical Dictionary	37735	below-threshold	70
18569	Philosophical Dictionary	37736	below-threshold	52
18569	Philosophical Dictionary	37737	below-threshold	61
18569	Philosophical Dictionary	37738	below-threshold	49
18569	Philosophical Dictionary	37739	below-threshold	76
18569	Philosophical Dictionary	37740	no-shingle-match	
18569	Philosophical Dictionary	37741	below-threshold	48
18569	Philosophical Dictionary	37742	below-threshold	50
18569	Philosophical Dictionary	37743	no-shingle-match	
18569	Philosophical Dictionary	37744	below-threshold	73
18569	Philosophical Dictionary	37745	below-threshold	49
18569	Philosophical Dictionary	37746	below-threshold	60
18569	Philosophical Dictionary	37747	below-threshold	56
18569	Philosophical Dictionary	37748	below-threshold	50
18569	Philosophical Dictionary	37749	no-shingle-match	
18569	Philosophical Dictionary	37750	below-threshold	57
18569	Philosophical Dictionary	37751	below-threshold	58
18569	Philosophical Dictionary	37752	below-threshold	55
18569	Philosophical Dictionary	37753	below-threshold	75
18569	Philosophical Dictionary	37754	below-threshold	60
18569	Philosophical Dictionary	37755	below-threshold	74
18569	Philosophical Dictionary	37756	no-shingle-match	
18569	Philosophical Dictionary	37757	below-threshold	53
18569	Philosophical Dictionary	37758	no-shingle-match	
18569	Philosophical Dictionary	37759	below-threshold	60
14591	Faust	19686	below-threshold	55
14591	Faust	19687	below-threshold	49
14591	Faust	19688	below-threshold	51
14591	Faust	19689	no-shingle-match	
14591	Faust	19690	below-threshold	57
14591	Faust	19691	no-shingle-match	
14591	Faust	19692	no-shingle-match	
14591	Faust	19693	below-threshold	52
14591	Faust	19694	no-shingle-match	
14591	Faust	19695	no-shingle-match	
14591	Faust	19696	no-shingle-match	
14591	Faust	19697	no-shingle-match	
14591	Faust	19698	no-shingle-match	
14591	Faust	19699	no-shingle-match	
14591	Faust	19700	below-threshold	57
14591	Faust	19701	no-shingle-match	
14591	Faust	19702	below-threshold	62
14591	Faust	19703	no-shingle-match	
14591	Faust	19704	no-shingle-match	
14591	Faust	19705	no-shingle-match	
14591	Faust	19706	below-threshold	56
14591	Faust	19707	no-shingle-match	
14591	Faust	19708	below-threshold	45
14591	Faust	19709	no-shingle-match	
14591	Faust	19710	no-shingle-match	
14591	Faust	19711	no-shingle-match	
14591	Faust	19712	below-threshold	49
14591	Faust	19713	below-threshold	54
14591	Faust	19714	no-shingle-match	
14591	Faust	19715	no-shingle-match	
14591	Faust	19716	below-threshold	49
14591	Faust	19717	no-shingle-match	
14591	Faust	19718	no-shingle-match	
14591	Faust	19719	no-shingle-match	
14591	Faust	19720	below-threshold	51
14591	Faust	19721	below-threshold	50
14591	Faust	19722	no-shingle-match	
14591	Faust	19723	no-shingle-match	
14591	Faust	19724	below-threshold	58
2527	The Sorrows of Young Werther	19686	no-shingle-match	
2527	The Sorrows of Young Werther	19687	below-threshold	50
2527	The Sorrows of Young Werther	19688	no-shingle-match	
2527	The Sorrows of Young Werther	19689	no-shingle-match	
2527	The Sorrows of Young Werther	19690	below-threshold	55
2527	The Sorrows of Young Werther	19691	below-threshold	51
2527	The Sorrows of Young Werther	19692	below-threshold	50
2527	The Sorrows of Young Werther	19693	no-shingle-match	
2527	The Sorrows of Young Werther	19694	no-shingle-match	
2527	The Sorrows of Young Werther	19695	below-threshold	53
2527	The Sorrows of Young Werther	19696	below-threshold	48
2527	The Sorrows of Young Werther	19697	no-shingle-match	
2527	The Sorrows of Young Werther	19698	no-shingle-match	
2527	The Sorrows of Young Werther	19699	below-threshold	52
2527	The Sorrows of Young Werther	19700	below-threshold	59
2527	The Sorrows of Young Werther	19701	no-shingle-match	
2527	The Sorrows of Young Werther	19702	no-shingle-match	
2527	The Sorrows of Young Werther	19703	below-threshold	51
2527	The Sorrows of Young Werther	19704	no-shingle-match	
2527	The Sorrows of Young Werther	19705	below-threshold	50
2527	The Sorrows of Young Werther	19706	below-threshold	52
2527	The Sorrows of Young Werther	19707	no-shingle-match	
2527	The Sorrows of Young Werther	19708	below-threshold	50
2527	The Sorrows of Young Werther	19709	below-threshold	58
2527	The Sorrows of Young Werther	19710	below-threshold	51
2527	The Sorrows of Young Werther	19711	no-shingle-match	
2527	The Sorrows of Young Werther	19712	located	97
2527	The Sorrows of Young Werther	19713	below-threshold	56
2527	The Sorrows of Young Werther	19714	below-threshold	50
2527	The Sorrows of Young Werther	19715	no-shingle-match	
2527	The Sorrows of Young Werther	19716	below-threshold	48
2527	The Sorrows of Young Werther	19717	no-shingle-match	
2527	The Sorrows of Young Werther	19718	no-shingle-match	
2527	The Sorrows of Young Werther	19719	no-shingle-match	
2527	The Sorrows of Young Werther	19720	below-threshold	88
2527	The Sorrows of Young Werther	19721	below-threshold	53
2527	The Sorrows of Young Werther	19722	no-shingle-match	
2527	The Sorrows of Young Werther	19723	no-shingle-match	
2527	The Sorrows of Young Werther	19724	no-shingle-match	
386	Virginibus Puerisque and Other Papers	31985	no-shingle-match	
386	Virginibus Puerisque and Other Papers	31986	no-shingle-match	
386	Virginibus Puerisque and Other Papers	31987	no-shingle-match	
386	Virginibus Puerisque and Other Papers	31988	no-shingle-match	
386	Virginibus Puerisque and Other Papers	31989	no-shingle-match	
386	Virginibus Puerisque and Other Papers	31990	no-shingle-match	
386	Virginibus Puerisque and Other Papers	31991	no-shingle-match	
386	Virginibus Puerisque and Other Papers	31992	no-shingle-match	
386	Virginibus Puerisque and Other Papers	31993	no-shingle-match	
386	Virginibus Puerisque and Other Papers	31994	no-shingle-match	
386	Virginibus Puerisque and Other Papers	31995	no-shingle-match	
386	Virginibus Puerisque and Other Papers	31996	no-shingle-match	
386	Virginibus Puerisque and Other Papers	31997	no-shingle-match	
386	Virginibus Puerisque and Other Papers	31998	no-shingle-match	
386	Virginibus Puerisque and Other Papers	31999	no-shingle-match	
386	Virginibus Puerisque and Other Papers	32000	no-shingle-match	
386	Virginibus Puerisque and Other Papers	32001	no-shingle-match	
386	Virginibus Puerisque and Other Papers	32002	no-shingle-match	
386	Virginibus Puerisque and Other Papers	32003	no-shingle-match	
386	Virginibus Puerisque and Other Papers	32004	below-threshold	50
386	Virginibus Puerisque and Other Papers	32005	no-shingle-match	
386	Virginibus Puerisque and Other Papers	32006	no-shingle-match	
386	Virginibus Puerisque and Other Papers	32007	no-shingle-match	
386	Virginibus Puerisque and Other Papers	32008	below-threshold	48
386	Virginibus Puerisque and Other Papers	32009	no-shingle-match	
386	Virginibus Puerisque and Other Papers	32010	no-shingle-match	
386	Virginibus Puerisque and Other Papers	32011	no-shingle-match	
386	Virginibus Puerisque and Other Papers	32012	no-shingle-match	
386	Virginibus Puerisque and Other Papers	32013	no-shingle-match	
386	Virginibus Puerisque and Other Papers	32014	no-shingle-match	
386	Virginibus Puerisque and Other Papers	32015	no-shingle-match	
386	Virginibus Puerisque and Other Papers	32016	no-shingle-match	
386	Virginibus Puerisque and Other Papers	32017	no-shingle-match	
386	Virginibus Puerisque and Other Papers	32018	no-shingle-match	
386	Virginibus Puerisque and Other Papers	32019	no-shingle-match	
386	Virginibus Puerisque and Other Papers	32020	no-shingle-match	
386	Virginibus Puerisque and Other Papers	32021	no-shingle-match	
120	Treasure Island	31985	below-threshold	52
120	Treasure Island	31986	no-shingle-match	
120	Treasure Island	31987	no-shingle-match	
120	Treasure Island	31988	no-shingle-match	
120	Treasure Island	31989	below-threshold	51
120	Treasure Island	31990	below-threshold	51
120	Treasure Island	31991	below-threshold	56
120	Treasure Island	31992	no-shingle-match	
120	Treasure Island	31993	below-threshold	50
120	Treasure Island	31994	no-shingle-match	
120	Treasure Island	31995	below-threshold	50
120	Treasure Island	31996	below-threshold	51
120	Treasure Island	31997	below-threshold	53
120	Treasure Island	31998	below-threshold	51
120	Treasure Island	31999	below-threshold	46
120	Treasure Island	32000	below-threshold	47
120	Treasure Island	32001	no-shingle-match	
120	Treasure Island	32002	below-threshold	53
120	Treasure Island	32003	below-threshold	51
120	Treasure Island	32004	below-threshold	51
120	Treasure Island	32005	below-threshold	56
120	Treasure Island	32006	below-threshold	50
120	Treasure Island	32007	no-shingle-match	
120	Treasure Island	32008	no-shingle-match	
120	Treasure Island	32009	no-shingle-match	
120	Treasure Island	32010	no-shingle-match	
120	Treasure Island	32011	below-threshold	54
120	Treasure Island	32012	no-shingle-match	
120	Treasure Island	32013	no-shingle-match	
120	Treasure Island	32014	below-threshold	50
120	Treasure Island	32015	no-shingle-match	
120	Treasure Island	32016	below-threshold	53
120	Treasure Island	32017	below-threshold	51
120	Treasure Island	32018	no-shingle-match	
120	Treasure Island	32019	no-shingle-match	
120	Treasure Island	32020	no-shingle-match	
120	Treasure Island	32021	below-threshold	55
2680	Meditations	25072	below-threshold	53
2680	Meditations	25073	no-shingle-match	
2680	Meditations	25074	no-shingle-match	
2680	Meditations	25075	below-threshold	50
2680	Meditations	25076	below-threshold	55
2680	Meditations	25077	below-threshold	55
2680	Meditations	25078	below-threshold	52
2680	Meditations	25079	below-threshold	65
2680	Meditations	25080	below-threshold	55
2680	Meditations	25081	below-threshold	59
2680	Meditations	25082	below-threshold	54
2680	Meditations	25083	below-threshold	64
2680	Meditations	25084	below-threshold	61
2680	Meditations	25085	no-shingle-match	
2680	Meditations	25086	below-threshold	54
2680	Meditations	25087	below-threshold	67
2680	Meditations	25088	below-threshold	50
2680	Meditations	25089	below-threshold	54
2680	Meditations	25090	below-threshold	51
2680	Meditations	25091	no-shingle-match	
2680	Meditations	25092	below-threshold	49
2680	Meditations	25093	no-shingle-match	
2680	Meditations	25094	below-threshold	56
2680	Meditations	25095	below-threshold	48
2680	Meditations	25096	below-threshold	60
2680	Meditations	25097	below-threshold	54
2680	Meditations	25098	below-threshold	58
2680	Meditations	25099	below-threshold	52
2680	Meditations	25100	below-threshold	74
2680	Meditations	25101	below-threshold	81
2680	Meditations	25102	below-threshold	55
2680	Meditations	25103	below-threshold	51
2680	Meditations	25104	below-threshold	52
2680	Meditations	25105	below-threshold	64
2680	Meditations	25106	below-threshold	69
2680	Meditations	25107	below-threshold	63
2680	Meditations	25108	below-threshold	57
8438	Nicomachean Ethics	2967	below-threshold	54
8438	Nicomachean Ethics	2968	no-shingle-match	
8438	Nicomachean Ethics	2969	below-threshold	54
8438	Nicomachean Ethics	2970	below-threshold	55
8438	Nicomachean Ethics	2971	below-threshold	49
8438	Nicomachean Ethics	2972	below-threshold	60
8438	Nicomachean Ethics	2973	no-shingle-match	
8438	Nicomachean Ethics	2974	below-threshold	57
8438	Nicomachean Ethics	2975	below-threshold	53
8438	Nicomachean Ethics	2976	below-threshold	65
8438	Nicomachean Ethics	2977	below-threshold	61
8438	Nicomachean Ethics	2978	below-threshold	71
8438	Nicomachean Ethics	2979	below-threshold	52
8438	Nicomachean Ethics	2980	below-threshold	56
8438	Nicomachean Ethics	2981	below-threshold	54
8438	Nicomachean Ethics	2982	below-threshold	62
8438	Nicomachean Ethics	2983	below-threshold	52
8438	Nicomachean Ethics	2984	no-shingle-match	
8438	Nicomachean Ethics	2985	below-threshold	61
8438	Nicomachean Ethics	2986	below-threshold	56
8438	Nicomachean Ethics	2987	below-threshold	56
8438	Nicomachean Ethics	2988	no-shingle-match	
8438	Nicomachean Ethics	2989	below-threshold	51
8438	Nicomachean Ethics	2990	below-threshold	68
8438	Nicomachean Ethics	2991	below-threshold	51
8438	Nicomachean Ethics	2992	below-threshold	65
8438	Nicomachean Ethics	2993	below-threshold	60
8438	Nicomachean Ethics	2994	below-threshold	66
8438	Nicomachean Ethics	2995	no-shingle-match	
8438	Nicomachean Ethics	2996	below-threshold	70
8438	Nicomachean Ethics	2997	below-threshold	56
8438	Nicomachean Ethics	2998	below-threshold	68
8438	Nicomachean Ethics	2999	no-shingle-match	
8438	Nicomachean Ethics	3000	below-threshold	50
228	The Aeneid	37605	no-shingle-match	
228	The Aeneid	37606	no-shingle-match	
228	The Aeneid	37607	no-shingle-match	
228	The Aeneid	37608	no-shingle-match	
228	The Aeneid	37609	no-shingle-match	
228	The Aeneid	37610	no-shingle-match	
228	The Aeneid	37611	no-shingle-match	
228	The Aeneid	37612	below-threshold	64
228	The Aeneid	37613	located	100
228	The Aeneid	37614	no-shingle-match	
228	The Aeneid	37615	no-shingle-match	
228	The Aeneid	37616	below-threshold	52
228	The Aeneid	37617	below-threshold	48
228	The Aeneid	37618	no-shingle-match	
228	The Aeneid	37619	no-shingle-match	
228	The Aeneid	37620	below-threshold	58
228	The Aeneid	37621	below-threshold	60
228	The Aeneid	37622	no-shingle-match	
228	The Aeneid	37623	below-threshold	74
228	The Aeneid	37624	no-shingle-match	
228	The Aeneid	37625	no-shingle-match	
228	The Aeneid	37626	below-threshold	69
228	The Aeneid	37627	no-shingle-match	
228	The Aeneid	37628	no-shingle-match	
228	The Aeneid	37629	no-shingle-match	
228	The Aeneid	37630	no-shingle-match	
228	The Aeneid	37631	no-shingle-match	
228	The Aeneid	37632	no-shingle-match	
228	The Aeneid	37633	below-threshold	49
228	The Aeneid	37634	no-shingle-match	
228	The Aeneid	37635	no-shingle-match	
228	The Aeneid	37636	no-shingle-match	
228	The Aeneid	37637	no-shingle-match	
232	The Georgics	37605	no-shingle-match	
232	The Georgics	37606	no-shingle-match	
232	The Georgics	37607	no-shingle-match	
232	The Georgics	37608	no-shingle-match	
232	The Georgics	37609	no-shingle-match	
232	The Georgics	37610	no-shingle-match	
232	The Georgics	37611	no-shingle-match	
232	The Georgics	37612	no-shingle-match	
232	The Georgics	37613	no-shingle-match	
232	The Georgics	37614	no-shingle-match	
232	The Georgics	37615	no-shingle-match	
232	The Georgics	37616	below-threshold	50
232	The Georgics	37617	below-threshold	51
232	The Georgics	37618	no-shingle-match	
232	The Georgics	37619	no-shingle-match	
232	The Georgics	37620	no-shingle-match	
232	The Georgics	37621	no-shingle-match	
232	The Georgics	37622	no-shingle-match	
232	The Georgics	37623	no-shingle-match	
232	The Georgics	37624	no-shingle-match	
232	The Georgics	37625	no-shingle-match	
232	The Georgics	37626	no-shingle-match	
232	The Georgics	37627	no-shingle-match	
232	The Georgics	37628	no-shingle-match	
232	The Georgics	37629	no-shingle-match	
232	The Georgics	37630	no-shingle-match	
232	The Georgics	37631	no-shingle-match	
232	The Georgics	37632	no-shingle-match	
232	The Georgics	37633	below-threshold	50
232	The Georgics	37634	no-shingle-match	
232	The Georgics	37635	no-shingle-match	
232	The Georgics	37636	no-shingle-match	
232	The Georgics	37637	no-shingle-match	
2226	Kim	32563	below-threshold	52
2226	Kim	32564	below-threshold	52
2226	Kim	32565	no-shingle-match	
2226	Kim	32566	below-threshold	51
2226	Kim	32567	below-threshold	51
2226	Kim	32568	below-threshold	56
2226	Kim	32569	no-shingle-match	
2226	Kim	32570	below-threshold	53
2226	Kim	32571	below-threshold	49
2226	Kim	32572	below-threshold	49
2226	Kim	32573	below-threshold	51
2226	Kim	32574	below-threshold	51
2226	Kim	32575	no-shingle-match	
2226	Kim	32576	no-shingle-match	
2226	Kim	32577	below-threshold	51
2226	Kim	32578	no-shingle-match	
2226	Kim	32579	below-threshold	48
2226	Kim	32580	below-threshold	60
2226	Kim	32581	no-shingle-match	
2226	Kim	32582	below-threshold	54
2226	Kim	32583	below-threshold	52
2226	Kim	32584	below-threshold	60
2226	Kim	32585	below-threshold	50
2226	Kim	32586	no-shingle-match	
2226	Kim	32587	below-threshold	53
2226	Kim	32588	no-shingle-match	
2226	Kim	32589	below-threshold	49
2226	Kim	32590	below-threshold	49
2226	Kim	32591	below-threshold	51
2226	Kim	32592	no-shingle-match	
2226	Kim	32593	no-shingle-match	
2226	Kim	32594	below-threshold	54
2226	Kim	32595	no-shingle-match	
236	The Jungle Book	32563	no-shingle-match	
236	The Jungle Book	32564	no-shingle-match	
236	The Jungle Book	32565	below-threshold	50
236	The Jungle Book	32566	below-threshold	51
236	The Jungle Book	32567	below-threshold	55
236	The Jungle Book	32568	below-threshold	54
236	The Jungle Book	32569	no-shingle-match	
236	The Jungle Book	32570	below-threshold	51
236	The Jungle Book	32571	below-threshold	50
236	The Jungle Book	32572	below-threshold	49
236	The Jungle Book	32573	below-threshold	52
236	The Jungle Book	32574	below-threshold	49
236	The Jungle Book	32575	no-shingle-match	
236	The Jungle Book	32576	no-shingle-match	
236	The Jungle Book	32577	below-threshold	56
236	The Jungle Book	32578	no-shingle-match	
236	The Jungle Book	32579	below-threshold	47
236	The Jungle Book	32580	below-threshold	53
236	The Jungle Book	32581	below-threshold	54
236	The Jungle Book	32582	no-shingle-match	
236	The Jungle Book	32583	below-threshold	55
236	The Jungle Book	32584	no-shingle-match	
236	The Jungle Book	32585	below-threshold	49
236	The Jungle Book	32586	no-shingle-match	
236	The Jungle Book	32587	below-threshold	51
236	The Jungle Book	32588	no-shingle-match	
236	The Jungle Book	32589	no-shingle-match	
236	The Jungle Book	32590	no-shingle-match	
236	The Jungle Book	32591	below-threshold	47
236	The Jungle Book	32592	no-shingle-match	
236	The Jungle Book	32593	no-shingle-match	
236	The Jungle Book	32594	below-threshold	49
236	The Jungle Book	32595	no-shingle-match	
556	Rewards and Fairies	32563	no-shingle-match	
556	Rewards and Fairies	32564	below-threshold	54
556	Rewards and Fairies	32565	no-shingle-match	
556	Rewards and Fairies	32566	below-threshold	61
556	Rewards and Fairies	32567	below-threshold	50
556	Rewards and Fairies	32568	below-threshold	50
556	Rewards and Fairies	32569	no-shingle-match	
556	Rewards and Fairies	32570	below-threshold	52
556	Rewards and Fairies	32571	below-threshold	47
556	Rewards and Fairies	32572	below-threshold	47
556	Rewards and Fairies	32573	located	100
556	Rewards and Fairies	32574	below-threshold	51
556	Rewards and Fairies	32575	no-shingle-match	
556	Rewards and Fairies	32576	no-shingle-match	
556	Rewards and Fairies	32577	below-threshold	55
556	Rewards and Fairies	32578	no-shingle-match	
556	Rewards and Fairies	32579	below-threshold	47
556	Rewards and Fairies	32580	no-shingle-match	
556	Rewards and Fairies	32581	no-shingle-match	
556	Rewards and Fairies	32582	below-threshold	49
556	Rewards and Fairies	32583	below-threshold	56
556	Rewards and Fairies	32584	no-shingle-match	
556	Rewards and Fairies	32585	no-shingle-match	
556	Rewards and Fairies	32586	located	100
556	Rewards and Fairies	32587	below-threshold	50
556	Rewards and Fairies	32588	no-shingle-match	
556	Rewards and Fairies	32589	no-shingle-match	
556	Rewards and Fairies	32590	no-shingle-match	
556	Rewards and Fairies	32591	below-threshold	55
556	Rewards and Fairies	32592	no-shingle-match	
556	Rewards and Fairies	32593	no-shingle-match	
556	Rewards and Fairies	32594	below-threshold	58
556	Rewards and Fairies	32595	no-shingle-match	
1322	Leaves of Grass	37919	below-threshold	52
1322	Leaves of Grass	37920	below-threshold	63
1322	Leaves of Grass	37921	located	100
1322	Leaves of Grass	37922	below-threshold	58
1322	Leaves of Grass	37923	below-threshold	83
1322	Leaves of Grass	37924	no-shingle-match	
1322	Leaves of Grass	37925	below-threshold	56
1322	Leaves of Grass	37926	below-threshold	90
1322	Leaves of Grass	37927	no-shingle-match	
1322	Leaves of Grass	37928	below-threshold	53
1322	Leaves of Grass	37929	below-threshold	48
1322	Leaves of Grass	37930	below-threshold	61
1322	Leaves of Grass	37931	below-threshold	83
1322	Leaves of Grass	37932	located	100
1322	Leaves of Grass	37933	below-threshold	62
1322	Leaves of Grass	37934	below-threshold	87
1322	Leaves of Grass	37935	located	100
1322	Leaves of Grass	37936	located	100
1322	Leaves of Grass	37937	located	98
1322	Leaves of Grass	37938	below-threshold	48
1322	Leaves of Grass	37939	below-threshold	51
1322	Leaves of Grass	37940	located	100
1322	Leaves of Grass	37941	no-shingle-match	
1322	Leaves of Grass	37942	located	100
1322	Leaves of Grass	37943	below-threshold	51
1322	Leaves of Grass	37944	located	99
1322	Leaves of Grass	37945	located	100
1322	Leaves of Grass	37946	located	100
1322	Leaves of Grass	37947	located	100
1322	Leaves of Grass	37948	located	100
1322	Leaves of Grass	37949	located	100
1322	Leaves of Grass	37950	located	100
11	Alice's Adventures in Wonderland	23866	below-threshold	58
11	Alice's Adventures in Wonderland	23867	below-threshold	54
11	Alice's Adventures in Wonderland	23868	no-shingle-match	
11	Alice's Adventures in Wonderland	23869	below-threshold	48
11	Alice's Adventures in Wonderland	23870	below-threshold	90
11	Alice's Adventures in Wonderland	23871	below-threshold	90
11	Alice's Adventures in Wonderland	23872	below-threshold	51
11	Alice's Adventures in Wonderland	23873	below-threshold	80
11	Alice's Adventures in Wonderland	23874	located	100
11	Alice's Adventures in Wonderland	23875	below-threshold	80
11	Alice's Adventures in Wonderland	23876	no-shingle-match	
11	Alice's Adventures in Wonderland	23877	no-shingle-match	
11	Alice's Adventures in Wonderland	23878	below-threshold	54
11	Alice's Adventures in Wonderland	23879	located	100
11	Alice's Adventures in Wonderland	23880	no-shingle-match	
11	Alice's Adventures in Wonderland	23881	located	100
11	Alice's Adventures in Wonderland	23882	no-shingle-match	
11	Alice's Adventures in Wonderland	23883	no-shingle-match	
11	Alice's Adventures in Wonderland	23884	located	100
11	Alice's Adventures in Wonderland	23885	below-threshold	72
11	Alice's Adventures in Wonderland	23886	no-shingle-match	
11	Alice's Adventures in Wonderland	23887	below-threshold	50
11	Alice's Adventures in Wonderland	23888	located	100
11	Alice's Adventures in Wonderland	23889	no-shingle-match	
11	Alice's Adventures in Wonderland	23890	below-threshold	72
11	Alice's Adventures in Wonderland	23891	below-threshold	49
11	Alice's Adventures in Wonderland	23892	below-threshold	52
11	Alice's Adventures in Wonderland	23893	below-threshold	51
11	Alice's Adventures in Wonderland	23894	located	100
11	Alice's Adventures in Wonderland	23895	below-threshold	51
11	Alice's Adventures in Wonderland	23896	below-threshold	50
11	Alice's Adventures in Wonderland	23897	located	100
12	Through the Looking-Glass	23866	below-threshold	61
12	Through the Looking-Glass	23867	below-threshold	52
12	Through the Looking-Glass	23868	below-threshold	81
12	Through the Looking-Glass	23869	below-threshold	50
12	Through the Looking-Glass	23870	below-threshold	54
12	Through the Looking-Glass	23871	below-threshold	56
12	Through the Looking-Glass	23872	below-threshold	91
12	Through the Looking-Glass	23873	below-threshold	58
12	Through the Looking-Glass	23874	no-shingle-match	
12	Through the Looking-Glass	23875	no-shingle-match	
12	Through the Looking-Glass	23876	located	100
12	Through the Looking-Glass	23877	located	100
12	Through the Looking-Glass	23878	located	100
12	Through the Looking-Glass	23879	no-shingle-match	
12	Through the Looking-Glass	23880	no-shingle-match	
12	Through the Looking-Glass	23881	below-threshold	58
12	Through the Looking-Glass	23882	no-shingle-match	
12	Through the Looking-Glass	23883	located	100
12	Through the Looking-Glass	23884	below-threshold	52
12	Through the Looking-Glass	23885	below-threshold	50
12	Through the Looking-Glass	23886	located	100
12	Through the Looking-Glass	23887	located	100
12	Through the Looking-Glass	23888	no-shingle-match	
12	Through the Looking-Glass	23889	located	96
12	Through the Looking-Glass	23890	below-threshold	61
12	Through the Looking-Glass	23891	located	99
12	Through the Looking-Glass	23892	located	99
12	Through the Looking-Glass	23893	located	99
12	Through the Looking-Glass	23894	below-threshold	49
12	Through the Looking-Glass	23895	located	100
12	Through the Looking-Glass	23896	located	100
12	Through the Looking-Glass	23897	below-threshold	57
623	The Battle of the Books and Other Short Pieces	21099	no-shingle-match	
623	The Battle of the Books and Other Short Pieces	21100	no-shingle-match	
623	The Battle of the Books and Other Short Pieces	21101	no-shingle-match	
623	The Battle of the Books and Other Short Pieces	21102	no-shingle-match	
623	The Battle of the Books and Other Short Pieces	21103	no-shingle-match	
623	The Battle of the Books and Other Short Pieces	21104	no-shingle-match	
623	The Battle of the Books and Other Short Pieces	21105	no-shingle-match	
623	The Battle of the Books and Other Short Pieces	21106	no-shingle-match	
623	The Battle of the Books and Other Short Pieces	21107	no-shingle-match	
623	The Battle of the Books and Other Short Pieces	21108	no-shingle-match	
623	The Battle of the Books and Other Short Pieces	21109	no-shingle-match	
623	The Battle of the Books and Other Short Pieces	21110	no-shingle-match	
623	The Battle of the Books and Other Short Pieces	21111	no-shingle-match	
623	The Battle of the Books and Other Short Pieces	21112	no-shingle-match	
623	The Battle of the Books and Other Short Pieces	21113	below-threshold	54
623	The Battle of the Books and Other Short Pieces	21114	no-shingle-match	
623	The Battle of the Books and Other Short Pieces	21115	no-shingle-match	
623	The Battle of the Books and Other Short Pieces	21116	no-shingle-match	
623	The Battle of the Books and Other Short Pieces	21117	no-shingle-match	
623	The Battle of the Books and Other Short Pieces	21118	no-shingle-match	
623	The Battle of the Books and Other Short Pieces	21119	no-shingle-match	
623	The Battle of the Books and Other Short Pieces	21120	no-shingle-match	
623	The Battle of the Books and Other Short Pieces	21121	no-shingle-match	
623	The Battle of the Books and Other Short Pieces	21122	no-shingle-match	
623	The Battle of the Books and Other Short Pieces	21123	no-shingle-match	
623	The Battle of the Books and Other Short Pieces	21124	no-shingle-match	
623	The Battle of the Books and Other Short Pieces	21125	no-shingle-match	
623	The Battle of the Books and Other Short Pieces	21126	no-shingle-match	
623	The Battle of the Books and Other Short Pieces	21127	no-shingle-match	
623	The Battle of the Books and Other Short Pieces	21128	no-shingle-match	
623	The Battle of the Books and Other Short Pieces	21129	no-shingle-match	
623	The Battle of the Books and Other Short Pieces	21130	no-shingle-match	
829	Gulliver's Travels	21099	no-shingle-match	
829	Gulliver's Travels	21100	no-shingle-match	
829	Gulliver's Travels	21101	no-shingle-match	
829	Gulliver's Travels	21102	no-shingle-match	
829	Gulliver's Travels	21103	no-shingle-match	
829	Gulliver's Travels	21104	no-shingle-match	
829	Gulliver's Travels	21105	no-shingle-match	
829	Gulliver's Travels	21106	no-shingle-match	
829	Gulliver's Travels	21107	no-shingle-match	
829	Gulliver's Travels	21108	no-shingle-match	
829	Gulliver's Travels	21109	no-shingle-match	
829	Gulliver's Travels	21110	no-shingle-match	
829	Gulliver's Travels	21111	no-shingle-match	
829	Gulliver's Travels	21112	no-shingle-match	
829	Gulliver's Travels	21113	below-threshold	54
829	Gulliver's Travels	21114	no-shingle-match	
829	Gulliver's Travels	21115	no-shingle-match	
829	Gulliver's Travels	21116	no-shingle-match	
829	Gulliver's Travels	21117	no-shingle-match	
829	Gulliver's Travels	21118	no-shingle-match	
829	Gulliver's Travels	21119	no-shingle-match	
829	Gulliver's Travels	21120	no-shingle-match	
829	Gulliver's Travels	21121	no-shingle-match	
829	Gulliver's Travels	21122	no-shingle-match	
829	Gulliver's Travels	21123	no-shingle-match	
829	Gulliver's Travels	21124	no-shingle-match	
829	Gulliver's Travels	21125	no-shingle-match	
829	Gulliver's Travels	21126	no-shingle-match	
829	Gulliver's Travels	21127	no-shingle-match	
829	Gulliver's Travels	21128	no-shingle-match	
829	Gulliver's Travels	21129	no-shingle-match	
829	Gulliver's Travels	21130	no-shingle-match	
3330	The Analects of Confucius	7816	below-threshold	55
3330	The Analects of Confucius	7817	no-shingle-match	
3330	The Analects of Confucius	7818	below-threshold	46
3330	The Analects of Confucius	7819	no-shingle-match	
3330	The Analects of Confucius	7820	no-shingle-match	
3330	The Analects of Confucius	7821	below-threshold	50
3330	The Analects of Confucius	7822	below-threshold	53
3330	The Analects of Confucius	7823	below-threshold	50
3330	The Analects of Confucius	7824	no-shingle-match	
3330	The Analects of Confucius	7825	below-threshold	54
3330	The Analects of Confucius	7826	no-shingle-match	
3330	The Analects of Confucius	7827	below-threshold	52
3330	The Analects of Confucius	7828	below-threshold	54
3330	The Analects of Confucius	7829	below-threshold	61
3330	The Analects of Confucius	7830	below-threshold	72
3330	The Analects of Confucius	7831	below-threshold	50
3330	The Analects of Confucius	7832	no-shingle-match	
3330	The Analects of Confucius	7833	below-threshold	69
3330	The Analects of Confucius	7834	no-shingle-match	
3330	The Analects of Confucius	7835	below-threshold	72
3330	The Analects of Confucius	7836	below-threshold	52
3330	The Analects of Confucius	7837	no-shingle-match	
3330	The Analects of Confucius	7838	below-threshold	50
3330	The Analects of Confucius	7839	no-shingle-match	
3330	The Analects of Confucius	7840	below-threshold	51
3330	The Analects of Confucius	7841	located	100
3330	The Analects of Confucius	7842	below-threshold	61
3330	The Analects of Confucius	7843	located	100
3330	The Analects of Confucius	7844	located	100
3330	The Analects of Confucius	7845	no-shingle-match	
3330	The Analects of Confucius	7846	located	100
3330	The Analects of Confucius	7847	no-shingle-match	
147	Common Sense	36251	no-shingle-match	
147	Common Sense	36252	below-threshold	57
147	Common Sense	36253	below-threshold	48
147	Common Sense	36254	no-shingle-match	
147	Common Sense	36255	located	100
147	Common Sense	36256	no-shingle-match	
147	Common Sense	36257	no-shingle-match	
147	Common Sense	36258	no-shingle-match	
147	Common Sense	36259	located	100
147	Common Sense	36260	located	100
147	Common Sense	36261	no-shingle-match	
147	Common Sense	36262	no-shingle-match	
147	Common Sense	36263	no-shingle-match	
147	Common Sense	36264	no-shingle-match	
147	Common Sense	36265	below-threshold	51
147	Common Sense	36266	below-threshold	52
147	Common Sense	36267	below-threshold	51
147	Common Sense	36268	below-threshold	52
147	Common Sense	36269	no-shingle-match	
147	Common Sense	36270	no-shingle-match	
147	Common Sense	36271	no-shingle-match	
147	Common Sense	36272	below-threshold	49
147	Common Sense	36273	no-shingle-match	
147	Common Sense	36274	no-shingle-match	
147	Common Sense	36275	no-shingle-match	
147	Common Sense	36276	below-threshold	48
147	Common Sense	36277	no-shingle-match	
147	Common Sense	36278	located	100
147	Common Sense	36279	no-shingle-match	
147	Common Sense	36280	located	100
147	Common Sense	36281	no-shingle-match	
7370	Second Treatise of Government	20525	located	92
7370	Second Treatise of Government	20526	located	99
7370	Second Treatise of Government	20527	below-threshold	56
7370	Second Treatise of Government	20528	below-threshold	50
7370	Second Treatise of Government	20529	below-threshold	56
7370	Second Treatise of Government	20530	below-threshold	51
7370	Second Treatise of Government	20531	no-shingle-match	
7370	Second Treatise of Government	20532	no-shingle-match	
7370	Second Treatise of Government	20533	below-threshold	70
7370	Second Treatise of Government	20534	located	100
7370	Second Treatise of Government	20535	located	96
7370	Second Treatise of Government	20536	no-shingle-match	
7370	Second Treatise of Government	20537	no-shingle-match	
7370	Second Treatise of Government	20538	located	100
7370	Second Treatise of Government	20539	below-threshold	50
7370	Second Treatise of Government	20540	below-threshold	50
7370	Second Treatise of Government	20541	below-threshold	55
7370	Second Treatise of Government	20542	below-threshold	66
7370	Second Treatise of Government	20543	no-shingle-match	
7370	Second Treatise of Government	20544	below-threshold	53
7370	Second Treatise of Government	20545	below-threshold	60
7370	Second Treatise of Government	20546	below-threshold	47
7370	Second Treatise of Government	20547	below-threshold	58
7370	Second Treatise of Government	20548	below-threshold	53
7370	Second Treatise of Government	20549	below-threshold	52
7370	Second Treatise of Government	20550	below-threshold	54
7370	Second Treatise of Government	20551	below-threshold	56
7370	Second Treatise of Government	20552	below-threshold	51
7370	Second Treatise of Government	20553	below-threshold	53
7370	Second Treatise of Government	20554	below-threshold	52
7370	Second Treatise of Government	20555	located	93
16376	Browning's Shorter Poems	31604	no-shingle-match	
16376	Browning's Shorter Poems	31605	located	100
16376	Browning's Shorter Poems	31606	below-threshold	65
16376	Browning's Shorter Poems	31607	no-shingle-match	
16376	Browning's Shorter Poems	31608	no-shingle-match	
16376	Browning's Shorter Poems	31609	below-threshold	73
16376	Browning's Shorter Poems	31610	no-shingle-match	
16376	Browning's Shorter Poems	31611	no-shingle-match	
16376	Browning's Shorter Poems	31612	no-shingle-match	
16376	Browning's Shorter Poems	31613	below-threshold	51
16376	Browning's Shorter Poems	31614	no-shingle-match	
16376	Browning's Shorter Poems	31615	below-threshold	59
16376	Browning's Shorter Poems	31616	no-shingle-match	
16376	Browning's Shorter Poems	31617	located	100
16376	Browning's Shorter Poems	31618	below-threshold	52
16376	Browning's Shorter Poems	31619	no-shingle-match	
16376	Browning's Shorter Poems	31620	below-threshold	46
16376	Browning's Shorter Poems	31621	no-shingle-match	
16376	Browning's Shorter Poems	31622	below-threshold	50
16376	Browning's Shorter Poems	31623	below-threshold	63
16376	Browning's Shorter Poems	31624	no-shingle-match	
16376	Browning's Shorter Poems	31625	no-shingle-match	
16376	Browning's Shorter Poems	31626	below-threshold	49
16376	Browning's Shorter Poems	31627	no-shingle-match	
16376	Browning's Shorter Poems	31628	below-threshold	56
16376	Browning's Shorter Poems	31629	below-threshold	88
16376	Browning's Shorter Poems	31630	located	100
16376	Browning's Shorter Poems	31631	no-shingle-match	
16376	Browning's Shorter Poems	31632	no-shingle-match	
16376	Browning's Shorter Poems	31633	no-shingle-match	
16376	Browning's Shorter Poems	31634	located	100
16376	Browning's Shorter Poems	31635	no-shingle-match	
16376	Browning's Shorter Poems	31636	located	100
16376	Browning's Shorter Poems	31637	located	100
16376	Browning's Shorter Poems	31638	below-threshold	48
16376	Browning's Shorter Poems	31639	located	100
16376	Browning's Shorter Poems	31640	no-shingle-match	
16643	Essays (selection, incl. Self-Reliance, Compensation, Friendship)	30718	below-threshold	57
16643	Essays (selection, incl. Self-Reliance, Compensation, Friendship)	30719	below-threshold	57
16643	Essays (selection, incl. Self-Reliance, Compensation, Friendship)	30720	located	100
16643	Essays (selection, incl. Self-Reliance, Compensation, Friendship)	30721	below-threshold	56
16643	Essays (selection, incl. Self-Reliance, Compensation, Friendship)	30722	below-threshold	53
16643	Essays (selection, incl. Self-Reliance, Compensation, Friendship)	30723	below-threshold	52
16643	Essays (selection, incl. Self-Reliance, Compensation, Friendship)	30724	no-shingle-match	
16643	Essays (selection, incl. Self-Reliance, Compensation, Friendship)	30725	below-threshold	65
16643	Essays (selection, incl. Self-Reliance, Compensation, Friendship)	30726	below-threshold	54
16643	Essays (selection, incl. Self-Reliance, Compensation, Friendship)	30727	no-shingle-match	
16643	Essays (selection, incl. Self-Reliance, Compensation, Friendship)	30728	below-threshold	66
16643	Essays (selection, incl. Self-Reliance, Compensation, Friendship)	30729	below-threshold	59
16643	Essays (selection, incl. Self-Reliance, Compensation, Friendship)	30730	no-shingle-match	
16643	Essays (selection, incl. Self-Reliance, Compensation, Friendship)	30731	located	100
16643	Essays (selection, incl. Self-Reliance, Compensation, Friendship)	30732	below-threshold	47
16643	Essays (selection, incl. Self-Reliance, Compensation, Friendship)	30733	no-shingle-match	
16643	Essays (selection, incl. Self-Reliance, Compensation, Friendship)	30734	no-shingle-match	
16643	Essays (selection, incl. Self-Reliance, Compensation, Friendship)	30735	below-threshold	54
16643	Essays (selection, incl. Self-Reliance, Compensation, Friendship)	30736	below-threshold	58
16643	Essays (selection, incl. Self-Reliance, Compensation, Friendship)	30737	no-shingle-match	
16643	Essays (selection, incl. Self-Reliance, Compensation, Friendship)	30738	below-threshold	61
16643	Essays (selection, incl. Self-Reliance, Compensation, Friendship)	30739	no-shingle-match	
16643	Essays (selection, incl. Self-Reliance, Compensation, Friendship)	30740	below-threshold	68
16643	Essays (selection, incl. Self-Reliance, Compensation, Friendship)	30741	below-threshold	87
16643	Essays (selection, incl. Self-Reliance, Compensation, Friendship)	30742	below-threshold	61
16643	Essays (selection, incl. Self-Reliance, Compensation, Friendship)	30743	no-shingle-match	
16643	Essays (selection, incl. Self-Reliance, Compensation, Friendship)	30744	no-shingle-match	
16643	Essays (selection, incl. Self-Reliance, Compensation, Friendship)	30745	no-shingle-match	
16643	Essays (selection, incl. Self-Reliance, Compensation, Friendship)	30746	below-threshold	53
16643	Essays (selection, incl. Self-Reliance, Compensation, Friendship)	30747	below-threshold	57
16643	Essays (selection, incl. Self-Reliance, Compensation, Friendship)	30748	below-threshold	53
16643	Essays (selection, incl. Self-Reliance, Compensation, Friendship)	30749	below-threshold	54
16643	Essays (selection, incl. Self-Reliance, Compensation, Friendship)	30750	below-threshold	56
16643	Essays (selection, incl. Self-Reliance, Compensation, Friendship)	30751	below-threshold	50
16643	Essays (selection, incl. Self-Reliance, Compensation, Friendship)	30752	below-threshold	48
16643	Essays (selection, incl. Self-Reliance, Compensation, Friendship)	30753	no-shingle-match	
16643	Essays (selection, incl. Self-Reliance, Compensation, Friendship)	30754	located	92
16643	Essays (selection, incl. Self-Reliance, Compensation, Friendship)	30755	located	100
16643	Essays (selection, incl. Self-Reliance, Compensation, Friendship)	30756	below-threshold	52
16643	Essays (selection, incl. Self-Reliance, Compensation, Friendship)	30757	located	95
16643	Essays (selection, incl. Self-Reliance, Compensation, Friendship)	30758	below-threshold	53
16643	Essays (selection, incl. Self-Reliance, Compensation, Friendship)	30759	no-shingle-match	
16643	Essays (selection, incl. Self-Reliance, Compensation, Friendship)	30760	located	100
16643	Essays (selection, incl. Self-Reliance, Compensation, Friendship)	30761	located	100
16643	Essays (selection, incl. Self-Reliance, Compensation, Friendship)	30762	no-shingle-match	
16643	Essays (selection, incl. Self-Reliance, Compensation, Friendship)	30763	below-threshold	49
16643	Essays (selection, incl. Self-Reliance, Compensation, Friendship)	30764	below-threshold	53
16643	Essays (selection, incl. Self-Reliance, Compensation, Friendship)	30765	below-threshold	49
16643	Essays (selection, incl. Self-Reliance, Compensation, Friendship)	30766	located	100
16643	Essays (selection, incl. Self-Reliance, Compensation, Friendship)	30767	located	100
16643	Essays (selection, incl. Self-Reliance, Compensation, Friendship)	30768	located	96
16643	Essays (selection, incl. Self-Reliance, Compensation, Friendship)	30769	located	100
16643	Essays (selection, incl. Self-Reliance, Compensation, Friendship)	30770	located	100
16643	Essays (selection, incl. Self-Reliance, Compensation, Friendship)	30771	no-shingle-match	
16643	Essays (selection, incl. Self-Reliance, Compensation, Friendship)	30772	no-shingle-match	
16643	Essays (selection, incl. Self-Reliance, Compensation, Friendship)	30773	below-threshold	52
16643	Essays (selection, incl. Self-Reliance, Compensation, Friendship)	30774	below-threshold	51
16643	Essays (selection, incl. Self-Reliance, Compensation, Friendship)	30775	below-threshold	55
16643	Essays (selection, incl. Self-Reliance, Compensation, Friendship)	30776	no-shingle-match	
16643	Essays (selection, incl. Self-Reliance, Compensation, Friendship)	30777	below-threshold	51
16643	Essays (selection, incl. Self-Reliance, Compensation, Friendship)	30778	no-shingle-match	
16643	Essays (selection, incl. Self-Reliance, Compensation, Friendship)	30779	below-threshold	49
16643	Essays (selection, incl. Self-Reliance, Compensation, Friendship)	30780	below-threshold	53
16643	Essays (selection, incl. Self-Reliance, Compensation, Friendship)	30781	no-shingle-match	
16643	Essays (selection, incl. Self-Reliance, Compensation, Friendship)	30782	below-threshold	56
16643	Essays (selection, incl. Self-Reliance, Compensation, Friendship)	30783	below-threshold	54
16643	Essays (selection, incl. Self-Reliance, Compensation, Friendship)	30784	below-threshold	52
16643	Essays (selection, incl. Self-Reliance, Compensation, Friendship)	30785	no-shingle-match	
16643	Essays (selection, incl. Self-Reliance, Compensation, Friendship)	30786	below-threshold	53
16643	Essays (selection, incl. Self-Reliance, Compensation, Friendship)	30787	below-threshold	56
16643	Essays (selection, incl. Self-Reliance, Compensation, Friendship)	30788	below-threshold	50
16643	Essays (selection, incl. Self-Reliance, Compensation, Friendship)	30789	below-threshold	56
16643	Essays (selection, incl. Self-Reliance, Compensation, Friendship)	30790	no-shingle-match	
16643	Essays (selection, incl. Self-Reliance, Compensation, Friendship)	30791	below-threshold	55
16643	Essays (selection, incl. Self-Reliance, Compensation, Friendship)	30792	no-shingle-match	
16643	Essays (selection, incl. Self-Reliance, Compensation, Friendship)	30793	below-threshold	60
16643	Essays (selection, incl. Self-Reliance, Compensation, Friendship)	30794	located	100
16643	Essays (selection, incl. Self-Reliance, Compensation, Friendship)	30795	below-threshold	52
16643	Essays (selection, incl. Self-Reliance, Compensation, Friendship)	30796	below-threshold	48
16643	Essays (selection, incl. Self-Reliance, Compensation, Friendship)	30797	located	100
16643	Essays (selection, incl. Self-Reliance, Compensation, Friendship)	30798	no-shingle-match	
16643	Essays (selection, incl. Self-Reliance, Compensation, Friendship)	30799	no-shingle-match	
16643	Essays (selection, incl. Self-Reliance, Compensation, Friendship)	30800	below-threshold	51
16643	Essays (selection, incl. Self-Reliance, Compensation, Friendship)	30801	below-threshold	50
16643	Essays (selection, incl. Self-Reliance, Compensation, Friendship)	30802	located	100
16643	Essays (selection, incl. Self-Reliance, Compensation, Friendship)	30803	below-threshold	58
29433	Nature	30718	below-threshold	51
29433	Nature	30719	below-threshold	52
29433	Nature	30720	below-threshold	57
29433	Nature	30721	below-threshold	58
29433	Nature	30722	no-shingle-match	
29433	Nature	30723	no-shingle-match	
29433	Nature	30724	no-shingle-match	
29433	Nature	30725	located	100
29433	Nature	30726	no-shingle-match	
29433	Nature	30727	no-shingle-match	
29433	Nature	30728	below-threshold	71
29433	Nature	30729	no-shingle-match	
29433	Nature	30730	no-shingle-match	
29433	Nature	30731	no-shingle-match	
29433	Nature	30732	no-shingle-match	
29433	Nature	30733	no-shingle-match	
29433	Nature	30734	no-shingle-match	
29433	Nature	30735	below-threshold	59
29433	Nature	30736	below-threshold	53
29433	Nature	30737	no-shingle-match	
29433	Nature	30738	no-shingle-match	
29433	Nature	30739	located	100
29433	Nature	30740	below-threshold	60
29433	Nature	30741	no-shingle-match	
29433	Nature	30742	below-threshold	51
29433	Nature	30743	no-shingle-match	
29433	Nature	30744	no-shingle-match	
29433	Nature	30745	no-shingle-match	
29433	Nature	30746	below-threshold	55
29433	Nature	30747	no-shingle-match	
29433	Nature	30748	no-shingle-match	
29433	Nature	30749	below-threshold	54
29433	Nature	30750	below-threshold	60
29433	Nature	30751	no-shingle-match	
29433	Nature	30752	no-shingle-match	
29433	Nature	30753	below-threshold	56
29433	Nature	30754	no-shingle-match	
29433	Nature	30755	no-shingle-match	
29433	Nature	30756	below-threshold	48
29433	Nature	30757	below-threshold	53
29433	Nature	30758	below-threshold	53
29433	Nature	30759	no-shingle-match	
29433	Nature	30760	no-shingle-match	
29433	Nature	30761	no-shingle-match	
29433	Nature	30762	no-shingle-match	
29433	Nature	30763	below-threshold	50
29433	Nature	30764	below-threshold	50
29433	Nature	30765	below-threshold	50
29433	Nature	30766	no-shingle-match	
29433	Nature	30767	below-threshold	56
29433	Nature	30768	below-threshold	52
29433	Nature	30769	below-threshold	58
29433	Nature	30770	no-shingle-match	
29433	Nature	30771	no-shingle-match	
29433	Nature	30772	no-shingle-match	
29433	Nature	30773	no-shingle-match	
29433	Nature	30774	no-shingle-match	
29433	Nature	30775	no-shingle-match	
29433	Nature	30776	no-shingle-match	
29433	Nature	30777	below-threshold	47
29433	Nature	30778	no-shingle-match	
29433	Nature	30779	no-shingle-match	
29433	Nature	30780	below-threshold	50
29433	Nature	30781	no-shingle-match	
29433	Nature	30782	below-threshold	52
29433	Nature	30783	below-threshold	54
29433	Nature	30784	no-shingle-match	
29433	Nature	30785	no-shingle-match	
29433	Nature	30786	below-threshold	50
29433	Nature	30787	no-shingle-match	
29433	Nature	30788	no-shingle-match	
29433	Nature	30789	no-shingle-match	
29433	Nature	30790	no-shingle-match	
29433	Nature	30791	below-threshold	53
29433	Nature	30792	no-shingle-match	
29433	Nature	30793	below-threshold	53
29433	Nature	30794	no-shingle-match	
29433	Nature	30795	no-shingle-match	
29433	Nature	30796	no-shingle-match	
29433	Nature	30797	below-threshold	52
29433	Nature	30798	no-shingle-match	
29433	Nature	30799	no-shingle-match	
29433	Nature	30800	below-threshold	51
29433	Nature	30801	below-threshold	51
29433	Nature	30802	no-shingle-match	
29433	Nature	30803	below-threshold	58
3618	Arms and the Man	13283	below-threshold	50
3618	Arms and the Man	13284	no-shingle-match	
3618	Arms and the Man	13285	no-shingle-match	
3618	Arms and the Man	13286	no-shingle-match	
3618	Arms and the Man	13287	no-shingle-match	
3618	Arms and the Man	13288	below-threshold	59
3618	Arms and the Man	13289	no-shingle-match	
3618	Arms and the Man	13290	below-threshold	54
3618	Arms and the Man	13291	no-shingle-match	
3618	Arms and the Man	13292	no-shingle-match	
3618	Arms and the Man	13293	below-threshold	51
3618	Arms and the Man	13294	no-shingle-match	
3618	Arms and the Man	13295	below-threshold	48
3618	Arms and the Man	13296	no-shingle-match	
3618	Arms and the Man	13297	no-shingle-match	
3618	Arms and the Man	13298	no-shingle-match	
3618	Arms and the Man	13299	no-shingle-match	
3618	Arms and the Man	13300	no-shingle-match	
3618	Arms and the Man	13301	below-threshold	48
3618	Arms and the Man	13302	below-threshold	51
3618	Arms and the Man	13303	below-threshold	55
3618	Arms and the Man	13304	below-threshold	46
3618	Arms and the Man	13305	no-shingle-match	
3618	Arms and the Man	13306	below-threshold	53
3618	Arms and the Man	13307	below-threshold	53
3618	Arms and the Man	13308	below-threshold	52
3618	Arms and the Man	13309	below-threshold	51
3618	Arms and the Man	13310	no-shingle-match	
3618	Arms and the Man	13311	below-threshold	48
3618	Arms and the Man	13312	no-shingle-match	
3618	Arms and the Man	13313	no-shingle-match	
3618	Arms and the Man	13314	below-threshold	53
3618	Arms and the Man	13315	below-threshold	51
3618	Arms and the Man	13316	no-shingle-match	
3618	Arms and the Man	13317	below-threshold	46
3618	Arms and the Man	13318	below-threshold	47
3618	Arms and the Man	13319	no-shingle-match	
3618	Arms and the Man	13320	no-shingle-match	
3618	Arms and the Man	13321	below-threshold	59
3618	Arms and the Man	13322	no-shingle-match	
3618	Arms and the Man	13323	no-shingle-match	
3618	Arms and the Man	13324	no-shingle-match	
3618	Arms and the Man	13325	below-threshold	52
3618	Arms and the Man	13326	below-threshold	52
3618	Arms and the Man	13327	no-shingle-match	
3618	Arms and the Man	13328	no-shingle-match	
3618	Arms and the Man	13329	no-shingle-match	
3618	Arms and the Man	13330	no-shingle-match	
3618	Arms and the Man	13331	no-shingle-match	
3618	Arms and the Man	13332	no-shingle-match	
3618	Arms and the Man	13333	no-shingle-match	
3618	Arms and the Man	13334	below-threshold	55
3618	Arms and the Man	13335	below-threshold	48
3618	Arms and the Man	13336	below-threshold	50
3618	Arms and the Man	13337	no-shingle-match	
3618	Arms and the Man	13338	no-shingle-match	
3618	Arms and the Man	13339	no-shingle-match	
3618	Arms and the Man	13340	below-threshold	48
3618	Arms and the Man	13341	no-shingle-match	
3618	Arms and the Man	13342	below-threshold	51
3618	Arms and the Man	13343	no-shingle-match	
3618	Arms and the Man	13344	no-shingle-match	
3618	Arms and the Man	13345	below-threshold	52
3618	Arms and the Man	13346	below-threshold	50
3618	Arms and the Man	13347	no-shingle-match	
3618	Arms and the Man	13348	no-shingle-match	
8918	Boswell's Life of Johnson, Volume 1 (1709-1765)	33072	no-shingle-match	
8918	Boswell's Life of Johnson, Volume 1 (1709-1765)	33073	no-shingle-match	
8918	Boswell's Life of Johnson, Volume 1 (1709-1765)	33074	below-threshold	53
8918	Boswell's Life of Johnson, Volume 1 (1709-1765)	33075	below-threshold	52
8918	Boswell's Life of Johnson, Volume 1 (1709-1765)	33076	below-threshold	47
8918	Boswell's Life of Johnson, Volume 1 (1709-1765)	33077	no-shingle-match	
8918	Boswell's Life of Johnson, Volume 1 (1709-1765)	33078	below-threshold	50
8918	Boswell's Life of Johnson, Volume 1 (1709-1765)	33079	below-threshold	47
8918	Boswell's Life of Johnson, Volume 1 (1709-1765)	33080	below-threshold	51
8918	Boswell's Life of Johnson, Volume 1 (1709-1765)	33081	below-threshold	53
8918	Boswell's Life of Johnson, Volume 1 (1709-1765)	33082	no-shingle-match	
8918	Boswell's Life of Johnson, Volume 1 (1709-1765)	33083	below-threshold	60
8918	Boswell's Life of Johnson, Volume 1 (1709-1765)	33084	located	94
8918	Boswell's Life of Johnson, Volume 1 (1709-1765)	33085	below-threshold	52
8918	Boswell's Life of Johnson, Volume 1 (1709-1765)	33086	below-threshold	57
8918	Boswell's Life of Johnson, Volume 1 (1709-1765)	33087	below-threshold	49
8918	Boswell's Life of Johnson, Volume 1 (1709-1765)	33088	located	100
8918	Boswell's Life of Johnson, Volume 1 (1709-1765)	33089	no-shingle-match	
8918	Boswell's Life of Johnson, Volume 1 (1709-1765)	33090	below-threshold	52
8918	Boswell's Life of Johnson, Volume 1 (1709-1765)	33091	no-shingle-match	
8918	Boswell's Life of Johnson, Volume 1 (1709-1765)	33092	below-threshold	51
8918	Boswell's Life of Johnson, Volume 1 (1709-1765)	33093	no-shingle-match	
8918	Boswell's Life of Johnson, Volume 1 (1709-1765)	33094	below-threshold	51
8918	Boswell's Life of Johnson, Volume 1 (1709-1765)	33095	below-threshold	88
8918	Boswell's Life of Johnson, Volume 1 (1709-1765)	33096	below-threshold	58
8918	Boswell's Life of Johnson, Volume 1 (1709-1765)	33097	below-threshold	54
8918	Boswell's Life of Johnson, Volume 1 (1709-1765)	33098	below-threshold	52
8918	Boswell's Life of Johnson, Volume 1 (1709-1765)	33099	below-threshold	45
8918	Boswell's Life of Johnson, Volume 1 (1709-1765)	33100	below-threshold	48
8918	Boswell's Life of Johnson, Volume 1 (1709-1765)	33101	located	100
8918	Boswell's Life of Johnson, Volume 1 (1709-1765)	33102	below-threshold	47
8918	Boswell's Life of Johnson, Volume 1 (1709-1765)	33103	located	100
8918	Boswell's Life of Johnson, Volume 1 (1709-1765)	33104	below-threshold	52
8918	Boswell's Life of Johnson, Volume 1 (1709-1765)	33105	below-threshold	52
8918	Boswell's Life of Johnson, Volume 1 (1709-1765)	33106	located	100
8918	Boswell's Life of Johnson, Volume 1 (1709-1765)	33107	below-threshold	51
8918	Boswell's Life of Johnson, Volume 1 (1709-1765)	33108	located	96
8918	Boswell's Life of Johnson, Volume 1 (1709-1765)	33109	located	100
8918	Boswell's Life of Johnson, Volume 1 (1709-1765)	33110	located	100
8918	Boswell's Life of Johnson, Volume 1 (1709-1765)	33111	below-threshold	55
8918	Boswell's Life of Johnson, Volume 1 (1709-1765)	33112	below-threshold	52
8918	Boswell's Life of Johnson, Volume 1 (1709-1765)	33113	below-threshold	63
8918	Boswell's Life of Johnson, Volume 1 (1709-1765)	33114	below-threshold	52
8918	Boswell's Life of Johnson, Volume 1 (1709-1765)	33115	below-threshold	53
8918	Boswell's Life of Johnson, Volume 1 (1709-1765)	33116	no-shingle-match	
8918	Boswell's Life of Johnson, Volume 1 (1709-1765)	33117	below-threshold	53
8918	Boswell's Life of Johnson, Volume 1 (1709-1765)	33118	no-shingle-match	
8918	Boswell's Life of Johnson, Volume 1 (1709-1765)	33119	no-shingle-match	
8918	Boswell's Life of Johnson, Volume 1 (1709-1765)	33120	below-threshold	53
8918	Boswell's Life of Johnson, Volume 1 (1709-1765)	33121	below-threshold	56
8918	Boswell's Life of Johnson, Volume 1 (1709-1765)	33122	below-threshold	55
8918	Boswell's Life of Johnson, Volume 1 (1709-1765)	33123	below-threshold	61
8918	Boswell's Life of Johnson, Volume 1 (1709-1765)	33124	below-threshold	56
8918	Boswell's Life of Johnson, Volume 1 (1709-1765)	33125	below-threshold	55
8918	Boswell's Life of Johnson, Volume 1 (1709-1765)	33126	located	100
8918	Boswell's Life of Johnson, Volume 1 (1709-1765)	33127	located	99
8918	Boswell's Life of Johnson, Volume 1 (1709-1765)	33128	below-threshold	54
8918	Boswell's Life of Johnson, Volume 1 (1709-1765)	33129	below-threshold	49
8918	Boswell's Life of Johnson, Volume 1 (1709-1765)	33130	below-threshold	55
8918	Boswell's Life of Johnson, Volume 1 (1709-1765)	33131	below-threshold	49
8918	Boswell's Life of Johnson, Volume 1 (1709-1765)	33132	located	100
8918	Boswell's Life of Johnson, Volume 1 (1709-1765)	33133	below-threshold	49
8918	Boswell's Life of Johnson, Volume 1 (1709-1765)	33134	below-threshold	57
8918	Boswell's Life of Johnson, Volume 1 (1709-1765)	33135	below-threshold	59
8918	Boswell's Life of Johnson, Volume 1 (1709-1765)	33136	no-shingle-match	
9072	Boswell's Life of Johnson, Volume 2 (1765-1776)	33072	below-threshold	65
9072	Boswell's Life of Johnson, Volume 2 (1765-1776)	33073	no-shingle-match	
9072	Boswell's Life of Johnson, Volume 2 (1765-1776)	33074	below-threshold	52
9072	Boswell's Life of Johnson, Volume 2 (1765-1776)	33075	below-threshold	55
9072	Boswell's Life of Johnson, Volume 2 (1765-1776)	33076	below-threshold	48
9072	Boswell's Life of Johnson, Volume 2 (1765-1776)	33077	below-threshold	55
9072	Boswell's Life of Johnson, Volume 2 (1765-1776)	33078	below-threshold	50
9072	Boswell's Life of Johnson, Volume 2 (1765-1776)	33079	no-shingle-match	
9072	Boswell's Life of Johnson, Volume 2 (1765-1776)	33080	below-threshold	51
9072	Boswell's Life of Johnson, Volume 2 (1765-1776)	33081	below-threshold	64
9072	Boswell's Life of Johnson, Volume 2 (1765-1776)	33082	no-shingle-match	
9072	Boswell's Life of Johnson, Volume 2 (1765-1776)	33083	located	93
9072	Boswell's Life of Johnson, Volume 2 (1765-1776)	33084	below-threshold	54
9072	Boswell's Life of Johnson, Volume 2 (1765-1776)	33085	below-threshold	49
9072	Boswell's Life of Johnson, Volume 2 (1765-1776)	33086	below-threshold	57
9072	Boswell's Life of Johnson, Volume 2 (1765-1776)	33087	below-threshold	61
9072	Boswell's Life of Johnson, Volume 2 (1765-1776)	33088	below-threshold	53
9072	Boswell's Life of Johnson, Volume 2 (1765-1776)	33089	below-threshold	62
9072	Boswell's Life of Johnson, Volume 2 (1765-1776)	33090	below-threshold	52
9072	Boswell's Life of Johnson, Volume 2 (1765-1776)	33091	below-threshold	50
9072	Boswell's Life of Johnson, Volume 2 (1765-1776)	33092	no-shingle-match	
9072	Boswell's Life of Johnson, Volume 2 (1765-1776)	33093	no-shingle-match	
9072	Boswell's Life of Johnson, Volume 2 (1765-1776)	33094	below-threshold	53
9072	Boswell's Life of Johnson, Volume 2 (1765-1776)	33095	below-threshold	48
9072	Boswell's Life of Johnson, Volume 2 (1765-1776)	33096	below-threshold	57
9072	Boswell's Life of Johnson, Volume 2 (1765-1776)	33097	below-threshold	51
9072	Boswell's Life of Johnson, Volume 2 (1765-1776)	33098	below-threshold	56
9072	Boswell's Life of Johnson, Volume 2 (1765-1776)	33099	below-threshold	48
9072	Boswell's Life of Johnson, Volume 2 (1765-1776)	33100	below-threshold	54
9072	Boswell's Life of Johnson, Volume 2 (1765-1776)	33101	below-threshold	49
9072	Boswell's Life of Johnson, Volume 2 (1765-1776)	33102	below-threshold	48
9072	Boswell's Life of Johnson, Volume 2 (1765-1776)	33103	below-threshold	52
9072	Boswell's Life of Johnson, Volume 2 (1765-1776)	33104	below-threshold	57
9072	Boswell's Life of Johnson, Volume 2 (1765-1776)	33105	below-threshold	50
9072	Boswell's Life of Johnson, Volume 2 (1765-1776)	33106	below-threshold	49
9072	Boswell's Life of Johnson, Volume 2 (1765-1776)	33107	no-shingle-match	
9072	Boswell's Life of Johnson, Volume 2 (1765-1776)	33108	below-threshold	48
9072	Boswell's Life of Johnson, Volume 2 (1765-1776)	33109	below-threshold	46
9072	Boswell's Life of Johnson, Volume 2 (1765-1776)	33110	below-threshold	54
9072	Boswell's Life of Johnson, Volume 2 (1765-1776)	33111	located	100
9072	Boswell's Life of Johnson, Volume 2 (1765-1776)	33112	below-threshold	53
9072	Boswell's Life of Johnson, Volume 2 (1765-1776)	33113	below-threshold	63
9072	Boswell's Life of Johnson, Volume 2 (1765-1776)	33114	below-threshold	53
9072	Boswell's Life of Johnson, Volume 2 (1765-1776)	33115	no-shingle-match	
9072	Boswell's Life of Johnson, Volume 2 (1765-1776)	33116	no-shingle-match	
9072	Boswell's Life of Johnson, Volume 2 (1765-1776)	33117	located	100
9072	Boswell's Life of Johnson, Volume 2 (1765-1776)	33118	below-threshold	64
9072	Boswell's Life of Johnson, Volume 2 (1765-1776)	33119	no-shingle-match	
9072	Boswell's Life of Johnson, Volume 2 (1765-1776)	33120	located	100
9072	Boswell's Life of Johnson, Volume 2 (1765-1776)	33121	below-threshold	59
9072	Boswell's Life of Johnson, Volume 2 (1765-1776)	33122	located	100
9072	Boswell's Life of Johnson, Volume 2 (1765-1776)	33123	below-threshold	60
9072	Boswell's Life of Johnson, Volume 2 (1765-1776)	33124	located	100
9072	Boswell's Life of Johnson, Volume 2 (1765-1776)	33125	below-threshold	63
9072	Boswell's Life of Johnson, Volume 2 (1765-1776)	33126	below-threshold	60
9072	Boswell's Life of Johnson, Volume 2 (1765-1776)	33127	below-threshold	48
9072	Boswell's Life of Johnson, Volume 2 (1765-1776)	33128	located	100
9072	Boswell's Life of Johnson, Volume 2 (1765-1776)	33129	no-shingle-match	
9072	Boswell's Life of Johnson, Volume 2 (1765-1776)	33130	located	100
9072	Boswell's Life of Johnson, Volume 2 (1765-1776)	33131	below-threshold	47
9072	Boswell's Life of Johnson, Volume 2 (1765-1776)	33132	below-threshold	52
9072	Boswell's Life of Johnson, Volume 2 (1765-1776)	33133	located	98
9072	Boswell's Life of Johnson, Volume 2 (1765-1776)	33134	below-threshold	51
9072	Boswell's Life of Johnson, Volume 2 (1765-1776)	33135	below-threshold	64
9072	Boswell's Life of Johnson, Volume 2 (1765-1776)	33136	below-threshold	55
9180	Boswell's Life of Johnson, Volume 3 (1776-1780)	33072	below-threshold	68
9180	Boswell's Life of Johnson, Volume 3 (1776-1780)	33073	no-shingle-match	
9180	Boswell's Life of Johnson, Volume 3 (1776-1780)	33074	located	100
9180	Boswell's Life of Johnson, Volume 3 (1776-1780)	33075	below-threshold	52
9180	Boswell's Life of Johnson, Volume 3 (1776-1780)	33076	below-threshold	48
9180	Boswell's Life of Johnson, Volume 3 (1776-1780)	33077	no-shingle-match	
9180	Boswell's Life of Johnson, Volume 3 (1776-1780)	33078	below-threshold	47
9180	Boswell's Life of Johnson, Volume 3 (1776-1780)	33079	below-threshold	46
9180	Boswell's Life of Johnson, Volume 3 (1776-1780)	33080	below-threshold	53
9180	Boswell's Life of Johnson, Volume 3 (1776-1780)	33081	below-threshold	54
9180	Boswell's Life of Johnson, Volume 3 (1776-1780)	33082	no-shingle-match	
9180	Boswell's Life of Johnson, Volume 3 (1776-1780)	33083	below-threshold	60
9180	Boswell's Life of Johnson, Volume 3 (1776-1780)	33084	located	94
9180	Boswell's Life of Johnson, Volume 3 (1776-1780)	33085	below-threshold	51
9180	Boswell's Life of Johnson, Volume 3 (1776-1780)	33086	below-threshold	87
9180	Boswell's Life of Johnson, Volume 3 (1776-1780)	33087	below-threshold	48
9180	Boswell's Life of Johnson, Volume 3 (1776-1780)	33088	below-threshold	50
9180	Boswell's Life of Johnson, Volume 3 (1776-1780)	33089	no-shingle-match	
9180	Boswell's Life of Johnson, Volume 3 (1776-1780)	33090	below-threshold	54
9180	Boswell's Life of Johnson, Volume 3 (1776-1780)	33091	below-threshold	62
9180	Boswell's Life of Johnson, Volume 3 (1776-1780)	33092	no-shingle-match	
9180	Boswell's Life of Johnson, Volume 3 (1776-1780)	33093	no-shingle-match	
9180	Boswell's Life of Johnson, Volume 3 (1776-1780)	33094	below-threshold	86
9180	Boswell's Life of Johnson, Volume 3 (1776-1780)	33095	below-threshold	47
9180	Boswell's Life of Johnson, Volume 3 (1776-1780)	33096	below-threshold	46
9180	Boswell's Life of Johnson, Volume 3 (1776-1780)	33097	below-threshold	53
9180	Boswell's Life of Johnson, Volume 3 (1776-1780)	33098	below-threshold	50
9180	Boswell's Life of Johnson, Volume 3 (1776-1780)	33099	located	100
9180	Boswell's Life of Johnson, Volume 3 (1776-1780)	33100	below-threshold	56
9180	Boswell's Life of Johnson, Volume 3 (1776-1780)	33101	below-threshold	50
9180	Boswell's Life of Johnson, Volume 3 (1776-1780)	33102	below-threshold	48
9180	Boswell's Life of Johnson, Volume 3 (1776-1780)	33103	located	100
9180	Boswell's Life of Johnson, Volume 3 (1776-1780)	33104	located	100
9180	Boswell's Life of Johnson, Volume 3 (1776-1780)	33105	below-threshold	91
9180	Boswell's Life of Johnson, Volume 3 (1776-1780)	33106	below-threshold	51
9180	Boswell's Life of Johnson, Volume 3 (1776-1780)	33107	no-shingle-match	
9180	Boswell's Life of Johnson, Volume 3 (1776-1780)	33108	below-threshold	48
9180	Boswell's Life of Johnson, Volume 3 (1776-1780)	33109	below-threshold	48
9180	Boswell's Life of Johnson, Volume 3 (1776-1780)	33110	below-threshold	56
9180	Boswell's Life of Johnson, Volume 3 (1776-1780)	33111	below-threshold	54
9180	Boswell's Life of Johnson, Volume 3 (1776-1780)	33112	located	100
9180	Boswell's Life of Johnson, Volume 3 (1776-1780)	33113	below-threshold	66
9180	Boswell's Life of Johnson, Volume 3 (1776-1780)	33114	located	92
9180	Boswell's Life of Johnson, Volume 3 (1776-1780)	33115	below-threshold	53
9180	Boswell's Life of Johnson, Volume 3 (1776-1780)	33116	no-shingle-match	
9180	Boswell's Life of Johnson, Volume 3 (1776-1780)	33117	below-threshold	53
9180	Boswell's Life of Johnson, Volume 3 (1776-1780)	33118	below-threshold	68
9180	Boswell's Life of Johnson, Volume 3 (1776-1780)	33119	no-shingle-match	
9180	Boswell's Life of Johnson, Volume 3 (1776-1780)	33120	below-threshold	51
9180	Boswell's Life of Johnson, Volume 3 (1776-1780)	33121	located	100
9180	Boswell's Life of Johnson, Volume 3 (1776-1780)	33122	below-threshold	56
9180	Boswell's Life of Johnson, Volume 3 (1776-1780)	33123	below-threshold	63
9180	Boswell's Life of Johnson, Volume 3 (1776-1780)	33124	below-threshold	56
9180	Boswell's Life of Johnson, Volume 3 (1776-1780)	33125	below-threshold	53
9180	Boswell's Life of Johnson, Volume 3 (1776-1780)	33126	below-threshold	62
9180	Boswell's Life of Johnson, Volume 3 (1776-1780)	33127	below-threshold	48
9180	Boswell's Life of Johnson, Volume 3 (1776-1780)	33128	below-threshold	54
9180	Boswell's Life of Johnson, Volume 3 (1776-1780)	33129	below-threshold	53
9180	Boswell's Life of Johnson, Volume 3 (1776-1780)	33130	below-threshold	52
9180	Boswell's Life of Johnson, Volume 3 (1776-1780)	33131	located	98
9180	Boswell's Life of Johnson, Volume 3 (1776-1780)	33132	below-threshold	48
9180	Boswell's Life of Johnson, Volume 3 (1776-1780)	33133	below-threshold	49
9180	Boswell's Life of Johnson, Volume 3 (1776-1780)	33134	located	98
9180	Boswell's Life of Johnson, Volume 3 (1776-1780)	33135	located	100
9180	Boswell's Life of Johnson, Volume 3 (1776-1780)	33136	located	100
39955	The Dawn of Day	12756	below-threshold	53
39955	The Dawn of Day	12757	below-threshold	49
39955	The Dawn of Day	12758	below-threshold	47
39955	The Dawn of Day	12759	below-threshold	64
39955	The Dawn of Day	12760	below-threshold	55
39955	The Dawn of Day	12761	below-threshold	57
39955	The Dawn of Day	12762	no-shingle-match	
39955	The Dawn of Day	12763	below-threshold	60
39955	The Dawn of Day	12764	below-threshold	49
39955	The Dawn of Day	12765	below-threshold	53
39955	The Dawn of Day	12766	below-threshold	50
39955	The Dawn of Day	12767	below-threshold	77
39955	The Dawn of Day	12768	no-shingle-match	
39955	The Dawn of Day	12769	below-threshold	52
39955	The Dawn of Day	12770	below-threshold	55
39955	The Dawn of Day	12771	below-threshold	53
39955	The Dawn of Day	12772	below-threshold	49
39955	The Dawn of Day	12773	below-threshold	50
39955	The Dawn of Day	12774	below-threshold	52
39955	The Dawn of Day	12775	below-threshold	49
39955	The Dawn of Day	12776	below-threshold	46
39955	The Dawn of Day	12777	below-threshold	56
39955	The Dawn of Day	12778	below-threshold	51
39955	The Dawn of Day	12779	below-threshold	53
39955	The Dawn of Day	12780	below-threshold	50
39955	The Dawn of Day	12781	below-threshold	56
39955	The Dawn of Day	12782	below-threshold	49
39955	The Dawn of Day	12783	below-threshold	49
39955	The Dawn of Day	12784	below-threshold	55
39955	The Dawn of Day	12785	below-threshold	52
39955	The Dawn of Day	12786	below-threshold	55
39955	The Dawn of Day	12787	no-shingle-match	
39955	The Dawn of Day	12788	below-threshold	49
39955	The Dawn of Day	12789	below-threshold	49
39955	The Dawn of Day	12790	below-threshold	51
39955	The Dawn of Day	12791	below-threshold	50
39955	The Dawn of Day	12792	below-threshold	55
39955	The Dawn of Day	12793	below-threshold	53
39955	The Dawn of Day	12794	below-threshold	53
39955	The Dawn of Day	12795	below-threshold	52
39955	The Dawn of Day	12796	below-threshold	47
39955	The Dawn of Day	12797	below-threshold	53
39955	The Dawn of Day	12798	no-shingle-match	
39955	The Dawn of Day	12799	below-threshold	57
39955	The Dawn of Day	12800	below-threshold	57
39955	The Dawn of Day	12801	below-threshold	57
39955	The Dawn of Day	12802	below-threshold	57
39955	The Dawn of Day	12803	no-shingle-match	
39955	The Dawn of Day	12804	no-shingle-match	
39955	The Dawn of Day	12805	below-threshold	52
39955	The Dawn of Day	12806	no-shingle-match	
39955	The Dawn of Day	12807	below-threshold	59
39955	The Dawn of Day	12808	below-threshold	54
39955	The Dawn of Day	12809	below-threshold	58
575	Essays, or Counsels Civil and Moral	12141	below-threshold	83
575	Essays, or Counsels Civil and Moral	12142	no-shingle-match	
575	Essays, or Counsels Civil and Moral	12143	no-shingle-match	
575	Essays, or Counsels Civil and Moral	12144	no-shingle-match	
575	Essays, or Counsels Civil and Moral	12145	no-shingle-match	
575	Essays, or Counsels Civil and Moral	12146	below-threshold	51
575	Essays, or Counsels Civil and Moral	12147	below-threshold	50
575	Essays, or Counsels Civil and Moral	12148	no-shingle-match	
575	Essays, or Counsels Civil and Moral	12149	located	100
575	Essays, or Counsels Civil and Moral	12150	below-threshold	56
575	Essays, or Counsels Civil and Moral	12151	located	100
575	Essays, or Counsels Civil and Moral	12152	located	96
575	Essays, or Counsels Civil and Moral	12153	below-threshold	57
575	Essays, or Counsels Civil and Moral	12154	located	100
575	Essays, or Counsels Civil and Moral	12155	located	100
575	Essays, or Counsels Civil and Moral	12156	located	100
575	Essays, or Counsels Civil and Moral	12157	below-threshold	84
575	Essays, or Counsels Civil and Moral	12158	located	100
575	Essays, or Counsels Civil and Moral	12159	below-threshold	52
575	Essays, or Counsels Civil and Moral	12160	below-threshold	52
575	Essays, or Counsels Civil and Moral	12161	no-shingle-match	
575	Essays, or Counsels Civil and Moral	12162	located	94
575	Essays, or Counsels Civil and Moral	12163	no-shingle-match	
575	Essays, or Counsels Civil and Moral	12164	located	100
575	Essays, or Counsels Civil and Moral	12165	located	100
575	Essays, or Counsels Civil and Moral	12166	located	97
575	Essays, or Counsels Civil and Moral	12167	located	100
575	Essays, or Counsels Civil and Moral	12168	located	100
575	Essays, or Counsels Civil and Moral	12169	located	100
575	Essays, or Counsels Civil and Moral	12170	located	100
575	Essays, or Counsels Civil and Moral	12171	below-threshold	52
575	Essays, or Counsels Civil and Moral	12172	located	99
575	Essays, or Counsels Civil and Moral	12173	located	100
575	Essays, or Counsels Civil and Moral	12174	located	100
575	Essays, or Counsels Civil and Moral	12175	located	100
575	Essays, or Counsels Civil and Moral	12176	located	97
575	Essays, or Counsels Civil and Moral	12177	located	99
575	Essays, or Counsels Civil and Moral	12178	located	100
575	Essays, or Counsels Civil and Moral	12179	located	97
575	Essays, or Counsels Civil and Moral	12180	no-shingle-match	
575	Essays, or Counsels Civil and Moral	12181	located	100
575	Essays, or Counsels Civil and Moral	12182	located	100
575	Essays, or Counsels Civil and Moral	12183	below-threshold	62
575	Essays, or Counsels Civil and Moral	12184	located	100
575	Essays, or Counsels Civil and Moral	12185	located	100
575	Essays, or Counsels Civil and Moral	12186	no-shingle-match	
575	Essays, or Counsels Civil and Moral	12187	located	100
575	Essays, or Counsels Civil and Moral	12188	located	100
575	Essays, or Counsels Civil and Moral	12189	located	100
575	Essays, or Counsels Civil and Moral	12190	located	100
575	Essays, or Counsels Civil and Moral	12191	below-threshold	47
575	Essays, or Counsels Civil and Moral	12192	located	100
575	Essays, or Counsels Civil and Moral	12193	no-shingle-match	
56463	Bacon's Essays, and Wisdom of the Ancients	12141	below-threshold	83
56463	Bacon's Essays, and Wisdom of the Ancients	12142	below-threshold	50
56463	Bacon's Essays, and Wisdom of the Ancients	12143	no-shingle-match	
56463	Bacon's Essays, and Wisdom of the Ancients	12144	no-shingle-match	
56463	Bacon's Essays, and Wisdom of the Ancients	12145	no-shingle-match	
56463	Bacon's Essays, and Wisdom of the Ancients	12146	below-threshold	53
56463	Bacon's Essays, and Wisdom of the Ancients	12147	below-threshold	54
56463	Bacon's Essays, and Wisdom of the Ancients	12148	no-shingle-match	
56463	Bacon's Essays, and Wisdom of the Ancients	12149	located	100
56463	Bacon's Essays, and Wisdom of the Ancients	12150	below-threshold	56
56463	Bacon's Essays, and Wisdom of the Ancients	12151	located	100
56463	Bacon's Essays, and Wisdom of the Ancients	12152	located	96
56463	Bacon's Essays, and Wisdom of the Ancients	12153	below-threshold	57
56463	Bacon's Essays, and Wisdom of the Ancients	12154	located	100
56463	Bacon's Essays, and Wisdom of the Ancients	12155	located	100
56463	Bacon's Essays, and Wisdom of the Ancients	12156	located	96
56463	Bacon's Essays, and Wisdom of the Ancients	12157	below-threshold	84
56463	Bacon's Essays, and Wisdom of the Ancients	12158	located	100
56463	Bacon's Essays, and Wisdom of the Ancients	12159	below-threshold	51
56463	Bacon's Essays, and Wisdom of the Ancients	12160	below-threshold	54
56463	Bacon's Essays, and Wisdom of the Ancients	12161	no-shingle-match	
56463	Bacon's Essays, and Wisdom of the Ancients	12162	located	94
56463	Bacon's Essays, and Wisdom of the Ancients	12163	no-shingle-match	
56463	Bacon's Essays, and Wisdom of the Ancients	12164	located	100
56463	Bacon's Essays, and Wisdom of the Ancients	12165	located	100
56463	Bacon's Essays, and Wisdom of the Ancients	12166	located	100
56463	Bacon's Essays, and Wisdom of the Ancients	12167	located	100
56463	Bacon's Essays, and Wisdom of the Ancients	12168	located	100
56463	Bacon's Essays, and Wisdom of the Ancients	12169	located	100
56463	Bacon's Essays, and Wisdom of the Ancients	12170	located	100
56463	Bacon's Essays, and Wisdom of the Ancients	12171	below-threshold	52
56463	Bacon's Essays, and Wisdom of the Ancients	12172	located	97
56463	Bacon's Essays, and Wisdom of the Ancients	12173	located	100
56463	Bacon's Essays, and Wisdom of the Ancients	12174	located	100
56463	Bacon's Essays, and Wisdom of the Ancients	12175	located	100
56463	Bacon's Essays, and Wisdom of the Ancients	12176	located	100
56463	Bacon's Essays, and Wisdom of the Ancients	12177	located	99
56463	Bacon's Essays, and Wisdom of the Ancients	12178	located	100
56463	Bacon's Essays, and Wisdom of the Ancients	12179	located	100
56463	Bacon's Essays, and Wisdom of the Ancients	12180	no-shingle-match	
56463	Bacon's Essays, and Wisdom of the Ancients	12181	located	100
56463	Bacon's Essays, and Wisdom of the Ancients	12182	below-threshold	91
56463	Bacon's Essays, and Wisdom of the Ancients	12183	below-threshold	62
56463	Bacon's Essays, and Wisdom of the Ancients	12184	located	100
56463	Bacon's Essays, and Wisdom of the Ancients	12185	located	100
56463	Bacon's Essays, and Wisdom of the Ancients	12186	below-threshold	55
56463	Bacon's Essays, and Wisdom of the Ancients	12187	located	100
56463	Bacon's Essays, and Wisdom of the Ancients	12188	located	100
56463	Bacon's Essays, and Wisdom of the Ancients	12189	located	100
56463	Bacon's Essays, and Wisdom of the Ancients	12190	located	100
56463	Bacon's Essays, and Wisdom of the Ancients	12191	below-threshold	51
56463	Bacon's Essays, and Wisdom of the Ancients	12192	located	100
56463	Bacon's Essays, and Wisdom of the Ancients	12193	below-threshold	59
1934	Songs of Innocence and Songs of Experience	38324	no-shingle-match	
1934	Songs of Innocence and Songs of Experience	38325	no-shingle-match	
1934	Songs of Innocence and Songs of Experience	38326	no-shingle-match	
1934	Songs of Innocence and Songs of Experience	38327	no-shingle-match	
1934	Songs of Innocence and Songs of Experience	38328	no-shingle-match	
1934	Songs of Innocence and Songs of Experience	38329	no-shingle-match	
1934	Songs of Innocence and Songs of Experience	38330	no-shingle-match	
1934	Songs of Innocence and Songs of Experience	38331	no-shingle-match	
1934	Songs of Innocence and Songs of Experience	38332	no-shingle-match	
1934	Songs of Innocence and Songs of Experience	38333	no-shingle-match	
1934	Songs of Innocence and Songs of Experience	38334	no-shingle-match	
1934	Songs of Innocence and Songs of Experience	38335	no-shingle-match	
1934	Songs of Innocence and Songs of Experience	38336	no-shingle-match	
1934	Songs of Innocence and Songs of Experience	38337	no-shingle-match	
1934	Songs of Innocence and Songs of Experience	38338	below-threshold	46
1934	Songs of Innocence and Songs of Experience	38339	no-shingle-match	
1934	Songs of Innocence and Songs of Experience	38340	no-shingle-match	
1934	Songs of Innocence and Songs of Experience	38341	no-shingle-match	
1934	Songs of Innocence and Songs of Experience	38342	no-shingle-match	
1934	Songs of Innocence and Songs of Experience	38343	no-shingle-match	
1934	Songs of Innocence and Songs of Experience	38344	no-shingle-match	
1934	Songs of Innocence and Songs of Experience	38345	no-shingle-match	
1934	Songs of Innocence and Songs of Experience	38346	no-shingle-match	
1934	Songs of Innocence and Songs of Experience	38347	no-shingle-match	
1934	Songs of Innocence and Songs of Experience	38348	no-shingle-match	
1934	Songs of Innocence and Songs of Experience	38349	no-shingle-match	
1934	Songs of Innocence and Songs of Experience	38350	no-shingle-match	
1934	Songs of Innocence and Songs of Experience	38351	no-shingle-match	
1934	Songs of Innocence and Songs of Experience	38352	no-shingle-match	
1934	Songs of Innocence and Songs of Experience	38353	no-shingle-match	
1934	Songs of Innocence and Songs of Experience	38354	no-shingle-match	
1934	Songs of Innocence and Songs of Experience	38355	no-shingle-match	
1934	Songs of Innocence and Songs of Experience	38356	no-shingle-match	
1934	Songs of Innocence and Songs of Experience	38357	no-shingle-match	
1934	Songs of Innocence and Songs of Experience	38358	no-shingle-match	
1934	Songs of Innocence and Songs of Experience	38359	no-shingle-match	
1934	Songs of Innocence and Songs of Experience	38360	no-shingle-match	
1934	Songs of Innocence and Songs of Experience	38361	no-shingle-match	
1934	Songs of Innocence and Songs of Experience	38362	no-shingle-match	
1934	Songs of Innocence and Songs of Experience	38363	no-shingle-match	
1934	Songs of Innocence and Songs of Experience	38364	no-shingle-match	
1934	Songs of Innocence and Songs of Experience	38365	no-shingle-match	
1934	Songs of Innocence and Songs of Experience	38366	no-shingle-match	
1934	Songs of Innocence and Songs of Experience	38367	no-shingle-match	
614	Across the Plains, with Other Memories and Essays	31985	no-shingle-match	
614	Across the Plains, with Other Memories and Essays	31986	no-shingle-match	
614	Across the Plains, with Other Memories and Essays	31987	no-shingle-match	
614	Across the Plains, with Other Memories and Essays	31988	no-shingle-match	
614	Across the Plains, with Other Memories and Essays	31989	no-shingle-match	
614	Across the Plains, with Other Memories and Essays	31990	no-shingle-match	
614	Across the Plains, with Other Memories and Essays	31991	no-shingle-match	
614	Across the Plains, with Other Memories and Essays	31992	no-shingle-match	
614	Across the Plains, with Other Memories and Essays	31993	no-shingle-match	
614	Across the Plains, with Other Memories and Essays	31994	no-shingle-match	
614	Across the Plains, with Other Memories and Essays	31995	no-shingle-match	
614	Across the Plains, with Other Memories and Essays	31996	no-shingle-match	
614	Across the Plains, with Other Memories and Essays	31997	no-shingle-match	
614	Across the Plains, with Other Memories and Essays	31998	no-shingle-match	
614	Across the Plains, with Other Memories and Essays	31999	no-shingle-match	
614	Across the Plains, with Other Memories and Essays	32000	no-shingle-match	
614	Across the Plains, with Other Memories and Essays	32001	no-shingle-match	
614	Across the Plains, with Other Memories and Essays	32002	no-shingle-match	
614	Across the Plains, with Other Memories and Essays	32003	no-shingle-match	
614	Across the Plains, with Other Memories and Essays	32004	below-threshold	50
614	Across the Plains, with Other Memories and Essays	32005	no-shingle-match	
614	Across the Plains, with Other Memories and Essays	32006	no-shingle-match	
614	Across the Plains, with Other Memories and Essays	32007	no-shingle-match	
614	Across the Plains, with Other Memories and Essays	32008	below-threshold	48
614	Across the Plains, with Other Memories and Essays	32009	no-shingle-match	
614	Across the Plains, with Other Memories and Essays	32010	no-shingle-match	
614	Across the Plains, with Other Memories and Essays	32011	no-shingle-match	
614	Across the Plains, with Other Memories and Essays	32012	no-shingle-match	
614	Across the Plains, with Other Memories and Essays	32013	no-shingle-match	
614	Across the Plains, with Other Memories and Essays	32014	no-shingle-match	
614	Across the Plains, with Other Memories and Essays	32015	no-shingle-match	
614	Across the Plains, with Other Memories and Essays	32016	no-shingle-match	
614	Across the Plains, with Other Memories and Essays	32017	no-shingle-match	
614	Across the Plains, with Other Memories and Essays	32018	no-shingle-match	
614	Across the Plains, with Other Memories and Essays	32019	no-shingle-match	
614	Across the Plains, with Other Memories and Essays	32020	no-shingle-match	
614	Across the Plains, with Other Memories and Essays	32021	no-shingle-match	
46921	Pensées (The Thoughts of Blaise Pascal)	4520	below-threshold	53
46921	Pensées (The Thoughts of Blaise Pascal)	4521	no-shingle-match	
46921	Pensées (The Thoughts of Blaise Pascal)	4522	no-shingle-match	
46921	Pensées (The Thoughts of Blaise Pascal)	4523	below-threshold	62
46921	Pensées (The Thoughts of Blaise Pascal)	4524	no-shingle-match	
46921	Pensées (The Thoughts of Blaise Pascal)	4525	below-threshold	63
46921	Pensées (The Thoughts of Blaise Pascal)	4526	below-threshold	87
46921	Pensées (The Thoughts of Blaise Pascal)	4527	below-threshold	51
46921	Pensées (The Thoughts of Blaise Pascal)	4528	below-threshold	76
46921	Pensées (The Thoughts of Blaise Pascal)	4529	below-threshold	55
46921	Pensées (The Thoughts of Blaise Pascal)	4530	below-threshold	74
46921	Pensées (The Thoughts of Blaise Pascal)	4531	below-threshold	75
46921	Pensées (The Thoughts of Blaise Pascal)	4532	below-threshold	82
46921	Pensées (The Thoughts of Blaise Pascal)	4533	below-threshold	58
46921	Pensées (The Thoughts of Blaise Pascal)	4534	below-threshold	68
46921	Pensées (The Thoughts of Blaise Pascal)	4535	below-threshold	77
46921	Pensées (The Thoughts of Blaise Pascal)	4536	below-threshold	81
46921	Pensées (The Thoughts of Blaise Pascal)	4537	below-threshold	78
46921	Pensées (The Thoughts of Blaise Pascal)	4538	below-threshold	76
46921	Pensées (The Thoughts of Blaise Pascal)	4539	no-shingle-match	
46921	Pensées (The Thoughts of Blaise Pascal)	4540	below-threshold	86
46921	Pensées (The Thoughts of Blaise Pascal)	4541	below-threshold	52
46921	Pensées (The Thoughts of Blaise Pascal)	4542	below-threshold	55
46921	Pensées (The Thoughts of Blaise Pascal)	4543	no-shingle-match	
46921	Pensées (The Thoughts of Blaise Pascal)	4544	below-threshold	81
46921	Pensées (The Thoughts of Blaise Pascal)	4545	below-threshold	55
46921	Pensées (The Thoughts of Blaise Pascal)	4546	below-threshold	63
46921	Pensées (The Thoughts of Blaise Pascal)	4547	below-threshold	89
46921	Pensées (The Thoughts of Blaise Pascal)	4548	below-threshold	68
46921	Pensées (The Thoughts of Blaise Pascal)	4549	below-threshold	89
46921	Pensées (The Thoughts of Blaise Pascal)	4550	below-threshold	66
46921	Pensées (The Thoughts of Blaise Pascal)	4551	below-threshold	49
46921	Pensées (The Thoughts of Blaise Pascal)	4552	below-threshold	74
46921	Pensées (The Thoughts of Blaise Pascal)	4553	below-threshold	80
46921	Pensées (The Thoughts of Blaise Pascal)	4554	below-threshold	84
46921	Pensées (The Thoughts of Blaise Pascal)	4555	below-threshold	73
46921	Pensées (The Thoughts of Blaise Pascal)	4556	below-threshold	73
1974	Poetics	2967	below-threshold	52
1974	Poetics	2968	no-shingle-match	
1974	Poetics	2969	below-threshold	54
1974	Poetics	2970	below-threshold	57
1974	Poetics	2971	below-threshold	48
1974	Poetics	2972	below-threshold	50
1974	Poetics	2973	no-shingle-match	
1974	Poetics	2974	below-threshold	51
1974	Poetics	2975	no-shingle-match	
1974	Poetics	2976	below-threshold	57
1974	Poetics	2977	no-shingle-match	
1974	Poetics	2978	no-shingle-match	
1974	Poetics	2979	no-shingle-match	
1974	Poetics	2980	below-threshold	52
1974	Poetics	2981	below-threshold	56
1974	Poetics	2982	below-threshold	71
1974	Poetics	2983	below-threshold	51
1974	Poetics	2984	no-shingle-match	
1974	Poetics	2985	no-shingle-match	
1974	Poetics	2986	below-threshold	51
1974	Poetics	2987	no-shingle-match	
1974	Poetics	2988	no-shingle-match	
1974	Poetics	2989	below-threshold	47
1974	Poetics	2990	below-threshold	70
1974	Poetics	2991	no-shingle-match	
1974	Poetics	2992	no-shingle-match	
1974	Poetics	2993	below-threshold	60
1974	Poetics	2994	no-shingle-match	
1974	Poetics	2995	below-threshold	47
1974	Poetics	2996	below-threshold	50
1974	Poetics	2997	below-threshold	57
1974	Poetics	2998	no-shingle-match	
1974	Poetics	2999	no-shingle-match	
1974	Poetics	3000	below-threshold	52
14484	The Seven Plays in English Verse	34434	no-shingle-match	
14484	The Seven Plays in English Verse	34435	no-shingle-match	
14484	The Seven Plays in English Verse	34436	no-shingle-match	
14484	The Seven Plays in English Verse	34437	no-shingle-match	
14484	The Seven Plays in English Verse	34438	no-shingle-match	
14484	The Seven Plays in English Verse	34439	no-shingle-match	
14484	The Seven Plays in English Verse	34440	no-shingle-match	
14484	The Seven Plays in English Verse	34441	no-shingle-match	
14484	The Seven Plays in English Verse	34442	no-shingle-match	
14484	The Seven Plays in English Verse	34443	below-threshold	61
14484	The Seven Plays in English Verse	34444	no-shingle-match	
14484	The Seven Plays in English Verse	34445	below-threshold	59
14484	The Seven Plays in English Verse	34446	below-threshold	56
14484	The Seven Plays in English Verse	34447	no-shingle-match	
14484	The Seven Plays in English Verse	34448	below-threshold	50
14484	The Seven Plays in English Verse	34449	no-shingle-match	
14484	The Seven Plays in English Verse	34450	no-shingle-match	
14484	The Seven Plays in English Verse	34451	no-shingle-match	
14484	The Seven Plays in English Verse	34452	no-shingle-match	
14484	The Seven Plays in English Verse	34453	no-shingle-match	
14484	The Seven Plays in English Verse	34454	no-shingle-match	
14484	The Seven Plays in English Verse	34455	no-shingle-match	
14484	The Seven Plays in English Verse	34456	no-shingle-match	
14484	The Seven Plays in English Verse	34457	no-shingle-match	
14484	The Seven Plays in English Verse	34458	below-threshold	55
14484	The Seven Plays in English Verse	34459	no-shingle-match	
14484	The Seven Plays in English Verse	34460	below-threshold	58
14484	The Seven Plays in English Verse	34461	below-threshold	49
14484	The Seven Plays in English Verse	34462	below-threshold	49
14484	The Seven Plays in English Verse	34463	no-shingle-match	
14484	The Seven Plays in English Verse	34464	below-threshold	55
14484	The Seven Plays in English Verse	34465	below-threshold	66
14484	The Seven Plays in English Verse	34466	below-threshold	48
2819	Barrack-Room Ballads	32563	below-threshold	47
2819	Barrack-Room Ballads	32564	no-shingle-match	
2819	Barrack-Room Ballads	32565	no-shingle-match	
2819	Barrack-Room Ballads	32566	below-threshold	50
2819	Barrack-Room Ballads	32567	below-threshold	53
2819	Barrack-Room Ballads	32568	below-threshold	54
2819	Barrack-Room Ballads	32569	no-shingle-match	
2819	Barrack-Room Ballads	32570	no-shingle-match	
2819	Barrack-Room Ballads	32571	located	99
2819	Barrack-Room Ballads	32572	no-shingle-match	
2819	Barrack-Room Ballads	32573	no-shingle-match	
2819	Barrack-Room Ballads	32574	no-shingle-match	
2819	Barrack-Room Ballads	32575	no-shingle-match	
2819	Barrack-Room Ballads	32576	no-shingle-match	
2819	Barrack-Room Ballads	32577	no-shingle-match	
2819	Barrack-Room Ballads	32578	no-shingle-match	
2819	Barrack-Room Ballads	32579	no-shingle-match	
2819	Barrack-Room Ballads	32580	below-threshold	60
2819	Barrack-Room Ballads	32581	no-shingle-match	
2819	Barrack-Room Ballads	32582	no-shingle-match	
2819	Barrack-Room Ballads	32583	no-shingle-match	
2819	Barrack-Room Ballads	32584	below-threshold	62
2819	Barrack-Room Ballads	32585	no-shingle-match	
2819	Barrack-Room Ballads	32586	no-shingle-match	
2819	Barrack-Room Ballads	32587	below-threshold	50
2819	Barrack-Room Ballads	32588	no-shingle-match	
2819	Barrack-Room Ballads	32589	below-threshold	49
2819	Barrack-Room Ballads	32590	no-shingle-match	
2819	Barrack-Room Ballads	32591	located	100
2819	Barrack-Room Ballads	32592	below-threshold	48
2819	Barrack-Room Ballads	32593	no-shingle-match	
2819	Barrack-Room Ballads	32594	no-shingle-match	
2819	Barrack-Room Ballads	32595	no-shingle-match	
13310	The Complete Poetical Works of James Russell Lowell	17477	below-threshold	50
13310	The Complete Poetical Works of James Russell Lowell	17478	below-threshold	53
13310	The Complete Poetical Works of James Russell Lowell	17479	below-threshold	67
13310	The Complete Poetical Works of James Russell Lowell	17480	below-threshold	49
13310	The Complete Poetical Works of James Russell Lowell	17481	below-threshold	43
13310	The Complete Poetical Works of James Russell Lowell	17482	below-threshold	51
13310	The Complete Poetical Works of James Russell Lowell	17483	located	100
13310	The Complete Poetical Works of James Russell Lowell	17484	located	100
13310	The Complete Poetical Works of James Russell Lowell	17485	below-threshold	48
13310	The Complete Poetical Works of James Russell Lowell	17486	below-threshold	57
13310	The Complete Poetical Works of James Russell Lowell	17487	located	100
13310	The Complete Poetical Works of James Russell Lowell	17488	below-threshold	58
13310	The Complete Poetical Works of James Russell Lowell	17489	located	100
13310	The Complete Poetical Works of James Russell Lowell	17490	below-threshold	87
13310	The Complete Poetical Works of James Russell Lowell	17491	below-threshold	50
13310	The Complete Poetical Works of James Russell Lowell	17492	no-shingle-match	
13310	The Complete Poetical Works of James Russell Lowell	17493	below-threshold	52
13310	The Complete Poetical Works of James Russell Lowell	17494	below-threshold	50
13310	The Complete Poetical Works of James Russell Lowell	17495	below-threshold	56
13310	The Complete Poetical Works of James Russell Lowell	17496	below-threshold	54
13310	The Complete Poetical Works of James Russell Lowell	17497	located	100
13310	The Complete Poetical Works of James Russell Lowell	17498	no-shingle-match	
13310	The Complete Poetical Works of James Russell Lowell	17499	below-threshold	51
13310	The Complete Poetical Works of James Russell Lowell	17500	below-threshold	57
13310	The Complete Poetical Works of James Russell Lowell	17501	located	100
13310	The Complete Poetical Works of James Russell Lowell	17502	below-threshold	53
13310	The Complete Poetical Works of James Russell Lowell	17503	below-threshold	48
13310	The Complete Poetical Works of James Russell Lowell	17504	located	100
13310	The Complete Poetical Works of James Russell Lowell	17505	located	100
13310	The Complete Poetical Works of James Russell Lowell	17506	located	100
13310	The Complete Poetical Works of James Russell Lowell	17507	below-threshold	58
13310	The Complete Poetical Works of James Russell Lowell	17508	located	95
13310	The Complete Poetical Works of James Russell Lowell	17509	below-threshold	54
3253	The Papers and Writings of Abraham Lincoln, Complete	260	below-threshold	62
3253	The Papers and Writings of Abraham Lincoln, Complete	261	below-threshold	53
3253	The Papers and Writings of Abraham Lincoln, Complete	262	below-threshold	52
3253	The Papers and Writings of Abraham Lincoln, Complete	263	no-shingle-match	
3253	The Papers and Writings of Abraham Lincoln, Complete	264	below-threshold	50
3253	The Papers and Writings of Abraham Lincoln, Complete	265	below-threshold	57
3253	The Papers and Writings of Abraham Lincoln, Complete	266	below-threshold	59
3253	The Papers and Writings of Abraham Lincoln, Complete	267	below-threshold	61
3253	The Papers and Writings of Abraham Lincoln, Complete	268	below-threshold	53
3253	The Papers and Writings of Abraham Lincoln, Complete	269	below-threshold	52
3253	The Papers and Writings of Abraham Lincoln, Complete	270	below-threshold	51
3253	The Papers and Writings of Abraham Lincoln, Complete	271	below-threshold	69
3253	The Papers and Writings of Abraham Lincoln, Complete	272	below-threshold	53
3253	The Papers and Writings of Abraham Lincoln, Complete	273	below-threshold	63
3253	The Papers and Writings of Abraham Lincoln, Complete	274	below-threshold	52
3253	The Papers and Writings of Abraham Lincoln, Complete	275	below-threshold	58
3253	The Papers and Writings of Abraham Lincoln, Complete	276	located	100
3253	The Papers and Writings of Abraham Lincoln, Complete	277	located	97
3253	The Papers and Writings of Abraham Lincoln, Complete	278	below-threshold	53
3253	The Papers and Writings of Abraham Lincoln, Complete	279	below-threshold	56
3253	The Papers and Writings of Abraham Lincoln, Complete	280	below-threshold	55
3253	The Papers and Writings of Abraham Lincoln, Complete	281	below-threshold	51
3253	The Papers and Writings of Abraham Lincoln, Complete	282	below-threshold	54
3253	The Papers and Writings of Abraham Lincoln, Complete	283	below-threshold	55
3253	The Papers and Writings of Abraham Lincoln, Complete	284	located	94
3253	The Papers and Writings of Abraham Lincoln, Complete	285	below-threshold	54
3253	The Papers and Writings of Abraham Lincoln, Complete	286	below-threshold	54
3253	The Papers and Writings of Abraham Lincoln, Complete	287	located	98
3253	The Papers and Writings of Abraham Lincoln, Complete	288	located	100
3253	The Papers and Writings of Abraham Lincoln, Complete	289	located	100
3253	The Papers and Writings of Abraham Lincoln, Complete	290	located	100
3253	The Papers and Writings of Abraham Lincoln, Complete	291	located	100
3253	The Papers and Writings of Abraham Lincoln, Complete	292	below-threshold	50
8110	Lincoln Letters	260	below-threshold	57
8110	Lincoln Letters	261	no-shingle-match	
8110	Lincoln Letters	262	no-shingle-match	
8110	Lincoln Letters	263	no-shingle-match	
8110	Lincoln Letters	264	below-threshold	47
8110	Lincoln Letters	265	no-shingle-match	
8110	Lincoln Letters	266	no-shingle-match	
8110	Lincoln Letters	267	no-shingle-match	
8110	Lincoln Letters	268	no-shingle-match	
8110	Lincoln Letters	269	no-shingle-match	
8110	Lincoln Letters	270	no-shingle-match	
8110	Lincoln Letters	271	no-shingle-match	
8110	Lincoln Letters	272	no-shingle-match	
8110	Lincoln Letters	273	no-shingle-match	
8110	Lincoln Letters	274	no-shingle-match	
8110	Lincoln Letters	275	no-shingle-match	
8110	Lincoln Letters	276	no-shingle-match	
8110	Lincoln Letters	277	no-shingle-match	
8110	Lincoln Letters	278	no-shingle-match	
8110	Lincoln Letters	279	no-shingle-match	
8110	Lincoln Letters	280	below-threshold	50
8110	Lincoln Letters	281	no-shingle-match	
8110	Lincoln Letters	282	no-shingle-match	
8110	Lincoln Letters	283	no-shingle-match	
8110	Lincoln Letters	284	no-shingle-match	
8110	Lincoln Letters	285	no-shingle-match	
8110	Lincoln Letters	286	below-threshold	51
8110	Lincoln Letters	287	no-shingle-match	
8110	Lincoln Letters	288	no-shingle-match	
8110	Lincoln Letters	289	no-shingle-match	
8110	Lincoln Letters	290	no-shingle-match	
8110	Lincoln Letters	291	no-shingle-match	
8110	Lincoln Letters	292	no-shingle-match	
7547	Quotes and Images from the Writings of Abraham Lincoln	260	no-shingle-match	
7547	Quotes and Images from the Writings of Abraham Lincoln	261	no-shingle-match	
7547	Quotes and Images from the Writings of Abraham Lincoln	262	no-shingle-match	
7547	Quotes and Images from the Writings of Abraham Lincoln	263	no-shingle-match	
7547	Quotes and Images from the Writings of Abraham Lincoln	264	no-shingle-match	
7547	Quotes and Images from the Writings of Abraham Lincoln	265	no-shingle-match	
7547	Quotes and Images from the Writings of Abraham Lincoln	266	below-threshold	53
7547	Quotes and Images from the Writings of Abraham Lincoln	267	no-shingle-match	
7547	Quotes and Images from the Writings of Abraham Lincoln	268	no-shingle-match	
7547	Quotes and Images from the Writings of Abraham Lincoln	269	no-shingle-match	
7547	Quotes and Images from the Writings of Abraham Lincoln	270	below-threshold	51
7547	Quotes and Images from the Writings of Abraham Lincoln	271	below-threshold	45
7547	Quotes and Images from the Writings of Abraham Lincoln	272	no-shingle-match	
7547	Quotes and Images from the Writings of Abraham Lincoln	273	no-shingle-match	
7547	Quotes and Images from the Writings of Abraham Lincoln	274	no-shingle-match	
7547	Quotes and Images from the Writings of Abraham Lincoln	275	no-shingle-match	
7547	Quotes and Images from the Writings of Abraham Lincoln	276	below-threshold	55
7547	Quotes and Images from the Writings of Abraham Lincoln	277	no-shingle-match	
7547	Quotes and Images from the Writings of Abraham Lincoln	278	no-shingle-match	
7547	Quotes and Images from the Writings of Abraham Lincoln	279	no-shingle-match	
7547	Quotes and Images from the Writings of Abraham Lincoln	280	below-threshold	50
7547	Quotes and Images from the Writings of Abraham Lincoln	281	no-shingle-match	
7547	Quotes and Images from the Writings of Abraham Lincoln	282	no-shingle-match	
7547	Quotes and Images from the Writings of Abraham Lincoln	283	no-shingle-match	
7547	Quotes and Images from the Writings of Abraham Lincoln	284	no-shingle-match	
7547	Quotes and Images from the Writings of Abraham Lincoln	285	no-shingle-match	
7547	Quotes and Images from the Writings of Abraham Lincoln	286	no-shingle-match	
7547	Quotes and Images from the Writings of Abraham Lincoln	287	no-shingle-match	
7547	Quotes and Images from the Writings of Abraham Lincoln	288	no-shingle-match	
7547	Quotes and Images from the Writings of Abraham Lincoln	289	no-shingle-match	
7547	Quotes and Images from the Writings of Abraham Lincoln	290	no-shingle-match	
7547	Quotes and Images from the Writings of Abraham Lincoln	291	below-threshold	48
7547	Quotes and Images from the Writings of Abraham Lincoln	292	no-shingle-match	
26659	The Will to Believe, and Other Essays in Popular Philosophy	38611	located	100
26659	The Will to Believe, and Other Essays in Popular Philosophy	38612	below-threshold	50
26659	The Will to Believe, and Other Essays in Popular Philosophy	38613	no-shingle-match	
26659	The Will to Believe, and Other Essays in Popular Philosophy	38614	no-shingle-match	
26659	The Will to Believe, and Other Essays in Popular Philosophy	38615	below-threshold	56
26659	The Will to Believe, and Other Essays in Popular Philosophy	38616	below-threshold	48
26659	The Will to Believe, and Other Essays in Popular Philosophy	38617	below-threshold	52
26659	The Will to Believe, and Other Essays in Popular Philosophy	38618	below-threshold	50
26659	The Will to Believe, and Other Essays in Popular Philosophy	38619	below-threshold	50
26659	The Will to Believe, and Other Essays in Popular Philosophy	38620	below-threshold	62
26659	The Will to Believe, and Other Essays in Popular Philosophy	38621	below-threshold	48
26659	The Will to Believe, and Other Essays in Popular Philosophy	38622	below-threshold	54
26659	The Will to Believe, and Other Essays in Popular Philosophy	38623	below-threshold	55
26659	The Will to Believe, and Other Essays in Popular Philosophy	38624	below-threshold	52
26659	The Will to Believe, and Other Essays in Popular Philosophy	38625	below-threshold	52
26659	The Will to Believe, and Other Essays in Popular Philosophy	38626	no-shingle-match	
26659	The Will to Believe, and Other Essays in Popular Philosophy	38627	below-threshold	51
26659	The Will to Believe, and Other Essays in Popular Philosophy	38628	no-shingle-match	
26659	The Will to Believe, and Other Essays in Popular Philosophy	38629	no-shingle-match	
26659	The Will to Believe, and Other Essays in Popular Philosophy	38630	below-threshold	49
26659	The Will to Believe, and Other Essays in Popular Philosophy	38631	below-threshold	58
26659	The Will to Believe, and Other Essays in Popular Philosophy	38632	below-threshold	56
26659	The Will to Believe, and Other Essays in Popular Philosophy	38633	no-shingle-match	
26659	The Will to Believe, and Other Essays in Popular Philosophy	38634	below-threshold	59
26659	The Will to Believe, and Other Essays in Popular Philosophy	38635	below-threshold	46
26659	The Will to Believe, and Other Essays in Popular Philosophy	38636	below-threshold	50
26659	The Will to Believe, and Other Essays in Popular Philosophy	38637	below-threshold	55
26659	The Will to Believe, and Other Essays in Popular Philosophy	38638	below-threshold	48
26659	The Will to Believe, and Other Essays in Popular Philosophy	38639	below-threshold	51
26659	The Will to Believe, and Other Essays in Popular Philosophy	38640	below-threshold	59
26659	The Will to Believe, and Other Essays in Popular Philosophy	38641	below-threshold	52
26659	The Will to Believe, and Other Essays in Popular Philosophy	38642	below-threshold	52
32547	Essays in Radical Empiricism	38611	no-shingle-match	
32547	Essays in Radical Empiricism	38612	no-shingle-match	
32547	Essays in Radical Empiricism	38613	no-shingle-match	
32547	Essays in Radical Empiricism	38614	no-shingle-match	
32547	Essays in Radical Empiricism	38615	no-shingle-match	
32547	Essays in Radical Empiricism	38616	no-shingle-match	
32547	Essays in Radical Empiricism	38617	no-shingle-match	
32547	Essays in Radical Empiricism	38618	no-shingle-match	
32547	Essays in Radical Empiricism	38619	below-threshold	49
32547	Essays in Radical Empiricism	38620	no-shingle-match	
32547	Essays in Radical Empiricism	38621	no-shingle-match	
32547	Essays in Radical Empiricism	38622	no-shingle-match	
32547	Essays in Radical Empiricism	38623	no-shingle-match	
32547	Essays in Radical Empiricism	38624	no-shingle-match	
32547	Essays in Radical Empiricism	38625	no-shingle-match	
32547	Essays in Radical Empiricism	38626	no-shingle-match	
32547	Essays in Radical Empiricism	38627	no-shingle-match	
32547	Essays in Radical Empiricism	38628	no-shingle-match	
32547	Essays in Radical Empiricism	38629	no-shingle-match	
32547	Essays in Radical Empiricism	38630	no-shingle-match	
32547	Essays in Radical Empiricism	38631	no-shingle-match	
32547	Essays in Radical Empiricism	38632	no-shingle-match	
32547	Essays in Radical Empiricism	38633	no-shingle-match	
32547	Essays in Radical Empiricism	38634	no-shingle-match	
32547	Essays in Radical Empiricism	38635	no-shingle-match	
32547	Essays in Radical Empiricism	38636	no-shingle-match	
32547	Essays in Radical Empiricism	38637	no-shingle-match	
32547	Essays in Radical Empiricism	38638	no-shingle-match	
32547	Essays in Radical Empiricism	38639	no-shingle-match	
32547	Essays in Radical Empiricism	38640	no-shingle-match	
32547	Essays in Radical Empiricism	38641	no-shingle-match	
32547	Essays in Radical Empiricism	38642	no-shingle-match	
35173	The Bacchae	11702	no-shingle-match	
35173	The Bacchae	11703	no-shingle-match	
35173	The Bacchae	11704	no-shingle-match	
35173	The Bacchae	11705	no-shingle-match	
35173	The Bacchae	11706	no-shingle-match	
35173	The Bacchae	11707	no-shingle-match	
35173	The Bacchae	11708	no-shingle-match	
35173	The Bacchae	11709	no-shingle-match	
35173	The Bacchae	11710	no-shingle-match	
35173	The Bacchae	11711	no-shingle-match	
35173	The Bacchae	11712	no-shingle-match	
35173	The Bacchae	11713	no-shingle-match	
35173	The Bacchae	11714	no-shingle-match	
35173	The Bacchae	11715	no-shingle-match	
35173	The Bacchae	11716	no-shingle-match	
35173	The Bacchae	11717	no-shingle-match	
35173	The Bacchae	11718	no-shingle-match	
35173	The Bacchae	11719	no-shingle-match	
35173	The Bacchae	11720	no-shingle-match	
35173	The Bacchae	11721	no-shingle-match	
35173	The Bacchae	11722	no-shingle-match	
35173	The Bacchae	11723	below-threshold	50
35173	The Bacchae	11724	no-shingle-match	
35173	The Bacchae	11725	no-shingle-match	
35173	The Bacchae	11726	no-shingle-match	
35173	The Bacchae	11727	no-shingle-match	
35173	The Bacchae	11728	no-shingle-match	
35173	The Bacchae	11729	no-shingle-match	
35173	The Bacchae	11730	below-threshold	51
35173	The Bacchae	11731	no-shingle-match	
35173	The Bacchae	11732	no-shingle-match	
35173	The Bacchae	11733	below-threshold	47
35171	The Trojan Women	11702	no-shingle-match	
35171	The Trojan Women	11703	no-shingle-match	
35171	The Trojan Women	11704	no-shingle-match	
35171	The Trojan Women	11705	no-shingle-match	
35171	The Trojan Women	11706	no-shingle-match	
35171	The Trojan Women	11707	no-shingle-match	
35171	The Trojan Women	11708	no-shingle-match	
35171	The Trojan Women	11709	no-shingle-match	
35171	The Trojan Women	11710	no-shingle-match	
35171	The Trojan Women	11711	no-shingle-match	
35171	The Trojan Women	11712	below-threshold	48
35171	The Trojan Women	11713	below-threshold	54
35171	The Trojan Women	11714	no-shingle-match	
35171	The Trojan Women	11715	no-shingle-match	
35171	The Trojan Women	11716	no-shingle-match	
35171	The Trojan Women	11717	no-shingle-match	
35171	The Trojan Women	11718	no-shingle-match	
35171	The Trojan Women	11719	no-shingle-match	
35171	The Trojan Women	11720	no-shingle-match	
35171	The Trojan Women	11721	no-shingle-match	
35171	The Trojan Women	11722	no-shingle-match	
35171	The Trojan Women	11723	no-shingle-match	
35171	The Trojan Women	11724	no-shingle-match	
35171	The Trojan Women	11725	no-shingle-match	
35171	The Trojan Women	11726	no-shingle-match	
35171	The Trojan Women	11727	no-shingle-match	
35171	The Trojan Women	11728	no-shingle-match	
35171	The Trojan Women	11729	no-shingle-match	
35171	The Trojan Women	11730	below-threshold	51
35171	The Trojan Women	11731	no-shingle-match	
35171	The Trojan Women	11732	no-shingle-match	
35171	The Trojan Women	11733	below-threshold	48
7926	Endymion	3888	below-threshold	55
7926	Endymion	3889	below-threshold	52
7926	Endymion	3890	below-threshold	48
7926	Endymion	3891	no-shingle-match	
7926	Endymion	3892	below-threshold	57
7926	Endymion	3893	no-shingle-match	
7926	Endymion	3894	no-shingle-match	
7926	Endymion	3895	below-threshold	49
7926	Endymion	3896	below-threshold	55
7926	Endymion	3897	no-shingle-match	
7926	Endymion	3898	below-threshold	50
7926	Endymion	3899	below-threshold	52
7926	Endymion	3900	no-shingle-match	
7926	Endymion	3901	below-threshold	56
7926	Endymion	3902	below-threshold	56
7926	Endymion	3903	below-threshold	55
7926	Endymion	3904	below-threshold	56
7926	Endymion	3905	below-threshold	50
7926	Endymion	3906	below-threshold	50
7926	Endymion	3907	below-threshold	63
7926	Endymion	3908	below-threshold	60
7926	Endymion	3909	no-shingle-match	
7926	Endymion	3910	located	98
7926	Endymion	3911	below-threshold	47
7926	Endymion	3912	below-threshold	63
7926	Endymion	3913	below-threshold	49
7926	Endymion	3914	no-shingle-match	
7926	Endymion	3915	no-shingle-match	
7926	Endymion	3916	below-threshold	52
7926	Endymion	3917	below-threshold	52
7926	Endymion	3918	no-shingle-match	
7926	Endymion	3919	below-threshold	57
7926	Endymion	3920	below-threshold	59
7926	Endymion	3921	below-threshold	52
7926	Endymion	3922	no-shingle-match	
7926	Endymion	3923	below-threshold	57
7926	Endymion	3924	no-shingle-match	
7926	Endymion	3925	below-threshold	56
7926	Endymion	3926	below-threshold	48
7926	Endymion	3927	below-threshold	54
9334	The Spectator, Volume 1	21218	below-threshold	53
9334	The Spectator, Volume 1	21219	located	100
9334	The Spectator, Volume 1	21220	below-threshold	50
9334	The Spectator, Volume 1	21221	below-threshold	56
9334	The Spectator, Volume 1	21222	below-threshold	49
9334	The Spectator, Volume 1	21223	below-threshold	53
9334	The Spectator, Volume 1	21224	below-threshold	56
9334	The Spectator, Volume 1	21225	located	92
9334	The Spectator, Volume 1	21226	below-threshold	52
9334	The Spectator, Volume 1	21227	below-threshold	57
9334	The Spectator, Volume 1	21228	below-threshold	59
9334	The Spectator, Volume 1	21229	below-threshold	54
9334	The Spectator, Volume 1	21230	below-threshold	52
9334	The Spectator, Volume 1	21231	below-threshold	60
9334	The Spectator, Volume 1	21232	located	96
9334	The Spectator, Volume 1	21233	located	100
9334	The Spectator, Volume 1	21234	below-threshold	52
9334	The Spectator, Volume 1	21235	below-threshold	51
9334	The Spectator, Volume 1	21236	below-threshold	51
9334	The Spectator, Volume 1	21237	below-threshold	58
9334	The Spectator, Volume 1	21238	below-threshold	67
9334	The Spectator, Volume 1	21239	no-shingle-match	
9334	The Spectator, Volume 1	21240	no-shingle-match	
9334	The Spectator, Volume 1	21241	below-threshold	62
9334	The Spectator, Volume 1	21242	below-threshold	49
9334	The Spectator, Volume 1	21243	no-shingle-match	
9334	The Spectator, Volume 1	21244	below-threshold	54
9334	The Spectator, Volume 1	21245	located	100
9334	The Spectator, Volume 1	21246	below-threshold	54
9334	The Spectator, Volume 1	21247	below-threshold	57
9334	The Spectator, Volume 1	21248	located	98
9334	The Spectator, Volume 1	21249	no-shingle-match	
9334	The Spectator, Volume 1	21250	located	100
35451	Medea	11702	no-shingle-match	
35451	Medea	11703	no-shingle-match	
35451	Medea	11704	no-shingle-match	
35451	Medea	11705	no-shingle-match	
35451	Medea	11706	no-shingle-match	
35451	Medea	11707	no-shingle-match	
35451	Medea	11708	no-shingle-match	
35451	Medea	11709	no-shingle-match	
35451	Medea	11710	below-threshold	48
35451	Medea	11711	no-shingle-match	
35451	Medea	11712	no-shingle-match	
35451	Medea	11713	no-shingle-match	
35451	Medea	11714	no-shingle-match	
35451	Medea	11715	below-threshold	53
35451	Medea	11716	no-shingle-match	
35451	Medea	11717	no-shingle-match	
35451	Medea	11718	no-shingle-match	
35451	Medea	11719	below-threshold	56
35451	Medea	11720	no-shingle-match	
35451	Medea	11721	no-shingle-match	
35451	Medea	11722	no-shingle-match	
35451	Medea	11723	no-shingle-match	
35451	Medea	11724	no-shingle-match	
35451	Medea	11725	no-shingle-match	
35451	Medea	11726	below-threshold	50
35451	Medea	11727	no-shingle-match	
35451	Medea	11728	no-shingle-match	
35451	Medea	11729	no-shingle-match	
35451	Medea	11730	no-shingle-match	
35451	Medea	11731	no-shingle-match	
35451	Medea	11732	no-shingle-match	
35451	Medea	11733	below-threshold	48
3188	Mark Twain's Speeches	25756	below-threshold	52
3188	Mark Twain's Speeches	25757	no-shingle-match	
3188	Mark Twain's Speeches	25758	below-threshold	56
3188	Mark Twain's Speeches	25759	below-threshold	55
3188	Mark Twain's Speeches	25760	below-threshold	54
3188	Mark Twain's Speeches	25761	no-shingle-match	
3188	Mark Twain's Speeches	25762	no-shingle-match	
3188	Mark Twain's Speeches	25763	below-threshold	51
3188	Mark Twain's Speeches	25764	below-threshold	54
3188	Mark Twain's Speeches	25765	below-threshold	48
3188	Mark Twain's Speeches	25766	below-threshold	56
3188	Mark Twain's Speeches	25767	below-threshold	57
3188	Mark Twain's Speeches	25768	below-threshold	53
3188	Mark Twain's Speeches	25769	below-threshold	56
3188	Mark Twain's Speeches	25770	below-threshold	56
3188	Mark Twain's Speeches	25771	below-threshold	53
3188	Mark Twain's Speeches	25772	below-threshold	61
3188	Mark Twain's Speeches	25773	below-threshold	59
3188	Mark Twain's Speeches	25774	below-threshold	65
3188	Mark Twain's Speeches	25775	below-threshold	50
3188	Mark Twain's Speeches	25776	below-threshold	51
3188	Mark Twain's Speeches	25777	below-threshold	54
3188	Mark Twain's Speeches	25778	below-threshold	55
3188	Mark Twain's Speeches	25779	below-threshold	59
3188	Mark Twain's Speeches	25780	below-threshold	50
3188	Mark Twain's Speeches	25781	no-shingle-match	
3188	Mark Twain's Speeches	25782	no-shingle-match	
3188	Mark Twain's Speeches	25783	no-shingle-match	
3188	Mark Twain's Speeches	25784	below-threshold	64
3188	Mark Twain's Speeches	25785	no-shingle-match	
3188	Mark Twain's Speeches	25786	below-threshold	50
3188	Mark Twain's Speeches	25787	below-threshold	52
3188	Mark Twain's Speeches	25788	no-shingle-match	
3188	Mark Twain's Speeches	25789	below-threshold	47
3188	Mark Twain's Speeches	25790	no-shingle-match	
3188	Mark Twain's Speeches	25791	below-threshold	50
3188	Mark Twain's Speeches	25792	below-threshold	54
3188	Mark Twain's Speeches	25793	below-threshold	57
3188	Mark Twain's Speeches	25794	below-threshold	53
3188	Mark Twain's Speeches	25795	below-threshold	50
3188	Mark Twain's Speeches	25796	below-threshold	68
3188	Mark Twain's Speeches	25797	no-shingle-match	
3188	Mark Twain's Speeches	25798	below-threshold	47
3188	Mark Twain's Speeches	25799	below-threshold	52
3188	Mark Twain's Speeches	25800	below-threshold	53
3188	Mark Twain's Speeches	25801	below-threshold	49
3188	Mark Twain's Speeches	25802	below-threshold	54
3188	Mark Twain's Speeches	25803	below-threshold	58
3188	Mark Twain's Speeches	25804	below-threshold	52
3188	Mark Twain's Speeches	25805	below-threshold	53
3188	Mark Twain's Speeches	25806	below-threshold	62
3188	Mark Twain's Speeches	25807	below-threshold	57
3188	Mark Twain's Speeches	25808	below-threshold	53
3188	Mark Twain's Speeches	25809	no-shingle-match	
3188	Mark Twain's Speeches	25810	no-shingle-match	
4737	A Tale of a Tub	21099	below-threshold	58
4737	A Tale of a Tub	21100	below-threshold	55
4737	A Tale of a Tub	21101	no-shingle-match	
4737	A Tale of a Tub	21102	below-threshold	53
4737	A Tale of a Tub	21103	no-shingle-match	
4737	A Tale of a Tub	21104	below-threshold	53
4737	A Tale of a Tub	21105	below-threshold	49
4737	A Tale of a Tub	21106	below-threshold	52
4737	A Tale of a Tub	21107	no-shingle-match	
4737	A Tale of a Tub	21108	below-threshold	61
4737	A Tale of a Tub	21109	no-shingle-match	
4737	A Tale of a Tub	21110	no-shingle-match	
4737	A Tale of a Tub	21111	below-threshold	46
4737	A Tale of a Tub	21112	below-threshold	51
4737	A Tale of a Tub	21113	below-threshold	54
4737	A Tale of a Tub	21114	no-shingle-match	
4737	A Tale of a Tub	21115	below-threshold	50
4737	A Tale of a Tub	21116	below-threshold	47
4737	A Tale of a Tub	21117	below-threshold	51
4737	A Tale of a Tub	21118	below-threshold	63
4737	A Tale of a Tub	21119	no-shingle-match	
4737	A Tale of a Tub	21120	below-threshold	52
4737	A Tale of a Tub	21121	below-threshold	48
4737	A Tale of a Tub	21122	no-shingle-match	
4737	A Tale of a Tub	21123	no-shingle-match	
4737	A Tale of a Tub	21124	no-shingle-match	
4737	A Tale of a Tub	21125	below-threshold	47
4737	A Tale of a Tub	21126	below-threshold	53
4737	A Tale of a Tub	21127	below-threshold	49
4737	A Tale of a Tub	21128	below-threshold	51
4737	A Tale of a Tub	21129	below-threshold	53
4737	A Tale of a Tub	21130	below-threshold	61
2445	Letters on England	37721	below-threshold	55
2445	Letters on England	37722	no-shingle-match	
2445	Letters on England	37723	no-shingle-match	
2445	Letters on England	37724	no-shingle-match	
2445	Letters on England	37725	no-shingle-match	
2445	Letters on England	37726	no-shingle-match	
2445	Letters on England	37727	no-shingle-match	
2445	Letters on England	37728	no-shingle-match	
2445	Letters on England	37729	no-shingle-match	
2445	Letters on England	37730	no-shingle-match	
2445	Letters on England	37731	no-shingle-match	
2445	Letters on England	37732	no-shingle-match	
2445	Letters on England	37733	no-shingle-match	
2445	Letters on England	37734	no-shingle-match	
2445	Letters on England	37735	no-shingle-match	
2445	Letters on England	37736	below-threshold	49
2445	Letters on England	37737	no-shingle-match	
2445	Letters on England	37738	no-shingle-match	
2445	Letters on England	37739	no-shingle-match	
2445	Letters on England	37740	no-shingle-match	
2445	Letters on England	37741	no-shingle-match	
2445	Letters on England	37742	no-shingle-match	
2445	Letters on England	37743	no-shingle-match	
2445	Letters on England	37744	no-shingle-match	
2445	Letters on England	37745	no-shingle-match	
2445	Letters on England	37746	no-shingle-match	
2445	Letters on England	37747	no-shingle-match	
2445	Letters on England	37748	no-shingle-match	
2445	Letters on England	37749	no-shingle-match	
2445	Letters on England	37750	no-shingle-match	
2445	Letters on England	37751	no-shingle-match	
2445	Letters on England	37752	no-shingle-match	
2445	Letters on England	37753	no-shingle-match	
2445	Letters on England	37754	no-shingle-match	
2445	Letters on England	37755	below-threshold	54
2445	Letters on England	37756	no-shingle-match	
2445	Letters on England	37757	no-shingle-match	
2445	Letters on England	37758	no-shingle-match	
2445	Letters on England	37759	no-shingle-match	
5432	The Odes and Carmen Saeculare of Horace	15804	no-shingle-match	
5432	The Odes and Carmen Saeculare of Horace	15805	no-shingle-match	
5432	The Odes and Carmen Saeculare of Horace	15806	no-shingle-match	
5432	The Odes and Carmen Saeculare of Horace	15807	no-shingle-match	
5432	The Odes and Carmen Saeculare of Horace	15808	below-threshold	45
5432	The Odes and Carmen Saeculare of Horace	15809	no-shingle-match	
5432	The Odes and Carmen Saeculare of Horace	15810	no-shingle-match	
5432	The Odes and Carmen Saeculare of Horace	15811	no-shingle-match	
5432	The Odes and Carmen Saeculare of Horace	15812	below-threshold	53
5432	The Odes and Carmen Saeculare of Horace	15813	no-shingle-match	
5432	The Odes and Carmen Saeculare of Horace	15814	no-shingle-match	
5432	The Odes and Carmen Saeculare of Horace	15815	no-shingle-match	
5432	The Odes and Carmen Saeculare of Horace	15816	below-threshold	53
5432	The Odes and Carmen Saeculare of Horace	15817	below-threshold	56
5432	The Odes and Carmen Saeculare of Horace	15818	below-threshold	50
5432	The Odes and Carmen Saeculare of Horace	15819	no-shingle-match	
5432	The Odes and Carmen Saeculare of Horace	15820	no-shingle-match	
5432	The Odes and Carmen Saeculare of Horace	15821	no-shingle-match	
5432	The Odes and Carmen Saeculare of Horace	15822	no-shingle-match	
5432	The Odes and Carmen Saeculare of Horace	15823	no-shingle-match	
5432	The Odes and Carmen Saeculare of Horace	15824	no-shingle-match	
5432	The Odes and Carmen Saeculare of Horace	15825	no-shingle-match	
5432	The Odes and Carmen Saeculare of Horace	15826	below-threshold	57
5432	The Odes and Carmen Saeculare of Horace	15827	no-shingle-match	
5432	The Odes and Carmen Saeculare of Horace	15828	no-shingle-match	
5432	The Odes and Carmen Saeculare of Horace	15829	no-shingle-match	
5432	The Odes and Carmen Saeculare of Horace	15830	no-shingle-match	
5432	The Odes and Carmen Saeculare of Horace	15831	no-shingle-match	
5432	The Odes and Carmen Saeculare of Horace	15832	no-shingle-match	
5432	The Odes and Carmen Saeculare of Horace	15833	no-shingle-match	
5432	The Odes and Carmen Saeculare of Horace	15834	no-shingle-match	
5432	The Odes and Carmen Saeculare of Horace	15835	no-shingle-match	
5432	The Odes and Carmen Saeculare of Horace	15836	no-shingle-match	
5432	The Odes and Carmen Saeculare of Horace	15837	no-shingle-match	
5432	The Odes and Carmen Saeculare of Horace	15838	no-shingle-match	
5432	The Odes and Carmen Saeculare of Horace	15839	below-threshold	51
5432	The Odes and Carmen Saeculare of Horace	15840	no-shingle-match	
5432	The Odes and Carmen Saeculare of Horace	15841	no-shingle-match	
5432	The Odes and Carmen Saeculare of Horace	15842	no-shingle-match	
5432	The Odes and Carmen Saeculare of Horace	15843	below-threshold	65
16781	Memoir, Correspondence, and Miscellanies, from the Papers of Thomas Jefferson, Volume 1	36160	below-threshold	50
16781	Memoir, Correspondence, and Miscellanies, from the Papers of Thomas Jefferson, Volume 1	36161	below-threshold	52
16781	Memoir, Correspondence, and Miscellanies, from the Papers of Thomas Jefferson, Volume 1	36162	located	93
16781	Memoir, Correspondence, and Miscellanies, from the Papers of Thomas Jefferson, Volume 1	36163	below-threshold	49
16781	Memoir, Correspondence, and Miscellanies, from the Papers of Thomas Jefferson, Volume 1	36164	below-threshold	56
16781	Memoir, Correspondence, and Miscellanies, from the Papers of Thomas Jefferson, Volume 1	36165	below-threshold	60
16781	Memoir, Correspondence, and Miscellanies, from the Papers of Thomas Jefferson, Volume 1	36166	below-threshold	51
16781	Memoir, Correspondence, and Miscellanies, from the Papers of Thomas Jefferson, Volume 1	36167	no-shingle-match	
16781	Memoir, Correspondence, and Miscellanies, from the Papers of Thomas Jefferson, Volume 1	36168	below-threshold	62
16781	Memoir, Correspondence, and Miscellanies, from the Papers of Thomas Jefferson, Volume 1	36169	located	98
16781	Memoir, Correspondence, and Miscellanies, from the Papers of Thomas Jefferson, Volume 1	36170	below-threshold	59
16781	Memoir, Correspondence, and Miscellanies, from the Papers of Thomas Jefferson, Volume 1	36171	below-threshold	53
16781	Memoir, Correspondence, and Miscellanies, from the Papers of Thomas Jefferson, Volume 1	36172	below-threshold	52
16781	Memoir, Correspondence, and Miscellanies, from the Papers of Thomas Jefferson, Volume 1	36173	below-threshold	52
16781	Memoir, Correspondence, and Miscellanies, from the Papers of Thomas Jefferson, Volume 1	36174	below-threshold	51
16781	Memoir, Correspondence, and Miscellanies, from the Papers of Thomas Jefferson, Volume 1	36175	below-threshold	49
16781	Memoir, Correspondence, and Miscellanies, from the Papers of Thomas Jefferson, Volume 1	36176	below-threshold	58
16781	Memoir, Correspondence, and Miscellanies, from the Papers of Thomas Jefferson, Volume 1	36177	below-threshold	60
16781	Memoir, Correspondence, and Miscellanies, from the Papers of Thomas Jefferson, Volume 1	36178	below-threshold	51
16781	Memoir, Correspondence, and Miscellanies, from the Papers of Thomas Jefferson, Volume 1	36179	below-threshold	50
16781	Memoir, Correspondence, and Miscellanies, from the Papers of Thomas Jefferson, Volume 1	36180	no-shingle-match	
16781	Memoir, Correspondence, and Miscellanies, from the Papers of Thomas Jefferson, Volume 1	36181	below-threshold	50
16781	Memoir, Correspondence, and Miscellanies, from the Papers of Thomas Jefferson, Volume 1	36182	below-threshold	51
16781	Memoir, Correspondence, and Miscellanies, from the Papers of Thomas Jefferson, Volume 1	36183	below-threshold	57
16781	Memoir, Correspondence, and Miscellanies, from the Papers of Thomas Jefferson, Volume 1	36184	located	100
16781	Memoir, Correspondence, and Miscellanies, from the Papers of Thomas Jefferson, Volume 1	36185	no-shingle-match	
16781	Memoir, Correspondence, and Miscellanies, from the Papers of Thomas Jefferson, Volume 1	36186	below-threshold	54
16781	Memoir, Correspondence, and Miscellanies, from the Papers of Thomas Jefferson, Volume 1	36187	located	96
16781	Memoir, Correspondence, and Miscellanies, from the Papers of Thomas Jefferson, Volume 1	36188	below-threshold	51
16781	Memoir, Correspondence, and Miscellanies, from the Papers of Thomas Jefferson, Volume 1	36189	below-threshold	54
16781	Memoir, Correspondence, and Miscellanies, from the Papers of Thomas Jefferson, Volume 1	36190	located	100
16781	Memoir, Correspondence, and Miscellanies, from the Papers of Thomas Jefferson, Volume 1	36191	below-threshold	53
16781	Memoir, Correspondence, and Miscellanies, from the Papers of Thomas Jefferson, Volume 1	36192	below-threshold	58
16781	Memoir, Correspondence, and Miscellanies, from the Papers of Thomas Jefferson, Volume 1	36193	below-threshold	48
16781	Memoir, Correspondence, and Miscellanies, from the Papers of Thomas Jefferson, Volume 1	36194	no-shingle-match	
16781	Memoir, Correspondence, and Miscellanies, from the Papers of Thomas Jefferson, Volume 1	36195	below-threshold	48
16781	Memoir, Correspondence, and Miscellanies, from the Papers of Thomas Jefferson, Volume 1	36196	below-threshold	75
16781	Memoir, Correspondence, and Miscellanies, from the Papers of Thomas Jefferson, Volume 1	36197	below-threshold	54
16781	Memoir, Correspondence, and Miscellanies, from the Papers of Thomas Jefferson, Volume 1	36198	below-threshold	53
16781	Memoir, Correspondence, and Miscellanies, from the Papers of Thomas Jefferson, Volume 1	36199	below-threshold	50
16782	Memoir, Correspondence, and Miscellanies, from the Papers of Thomas Jefferson, Volume 2	36160	no-shingle-match	
16782	Memoir, Correspondence, and Miscellanies, from the Papers of Thomas Jefferson, Volume 2	36161	no-shingle-match	
16782	Memoir, Correspondence, and Miscellanies, from the Papers of Thomas Jefferson, Volume 2	36162	below-threshold	50
16782	Memoir, Correspondence, and Miscellanies, from the Papers of Thomas Jefferson, Volume 2	36163	below-threshold	48
16782	Memoir, Correspondence, and Miscellanies, from the Papers of Thomas Jefferson, Volume 2	36164	located	100
16782	Memoir, Correspondence, and Miscellanies, from the Papers of Thomas Jefferson, Volume 2	36165	below-threshold	62
16782	Memoir, Correspondence, and Miscellanies, from the Papers of Thomas Jefferson, Volume 2	36166	below-threshold	52
16782	Memoir, Correspondence, and Miscellanies, from the Papers of Thomas Jefferson, Volume 2	36167	below-threshold	54
16782	Memoir, Correspondence, and Miscellanies, from the Papers of Thomas Jefferson, Volume 2	36168	below-threshold	59
16782	Memoir, Correspondence, and Miscellanies, from the Papers of Thomas Jefferson, Volume 2	36169	below-threshold	49
16782	Memoir, Correspondence, and Miscellanies, from the Papers of Thomas Jefferson, Volume 2	36170	below-threshold	49
16782	Memoir, Correspondence, and Miscellanies, from the Papers of Thomas Jefferson, Volume 2	36171	below-threshold	50
16782	Memoir, Correspondence, and Miscellanies, from the Papers of Thomas Jefferson, Volume 2	36172	located	93
16782	Memoir, Correspondence, and Miscellanies, from the Papers of Thomas Jefferson, Volume 2	36173	below-threshold	53
16782	Memoir, Correspondence, and Miscellanies, from the Papers of Thomas Jefferson, Volume 2	36174	below-threshold	53
16782	Memoir, Correspondence, and Miscellanies, from the Papers of Thomas Jefferson, Volume 2	36175	below-threshold	48
16782	Memoir, Correspondence, and Miscellanies, from the Papers of Thomas Jefferson, Volume 2	36176	below-threshold	77
16782	Memoir, Correspondence, and Miscellanies, from the Papers of Thomas Jefferson, Volume 2	36177	below-threshold	57
16782	Memoir, Correspondence, and Miscellanies, from the Papers of Thomas Jefferson, Volume 2	36178	below-threshold	77
16782	Memoir, Correspondence, and Miscellanies, from the Papers of Thomas Jefferson, Volume 2	36179	below-threshold	50
16782	Memoir, Correspondence, and Miscellanies, from the Papers of Thomas Jefferson, Volume 2	36180	below-threshold	53
16782	Memoir, Correspondence, and Miscellanies, from the Papers of Thomas Jefferson, Volume 2	36181	below-threshold	51
16782	Memoir, Correspondence, and Miscellanies, from the Papers of Thomas Jefferson, Volume 2	36182	below-threshold	52
16782	Memoir, Correspondence, and Miscellanies, from the Papers of Thomas Jefferson, Volume 2	36183	below-threshold	53
16782	Memoir, Correspondence, and Miscellanies, from the Papers of Thomas Jefferson, Volume 2	36184	below-threshold	50
16782	Memoir, Correspondence, and Miscellanies, from the Papers of Thomas Jefferson, Volume 2	36185	no-shingle-match	
16782	Memoir, Correspondence, and Miscellanies, from the Papers of Thomas Jefferson, Volume 2	36186	below-threshold	54
16782	Memoir, Correspondence, and Miscellanies, from the Papers of Thomas Jefferson, Volume 2	36187	below-threshold	50
16782	Memoir, Correspondence, and Miscellanies, from the Papers of Thomas Jefferson, Volume 2	36188	below-threshold	52
16782	Memoir, Correspondence, and Miscellanies, from the Papers of Thomas Jefferson, Volume 2	36189	below-threshold	55
16782	Memoir, Correspondence, and Miscellanies, from the Papers of Thomas Jefferson, Volume 2	36190	no-shingle-match	
16782	Memoir, Correspondence, and Miscellanies, from the Papers of Thomas Jefferson, Volume 2	36191	below-threshold	52
16782	Memoir, Correspondence, and Miscellanies, from the Papers of Thomas Jefferson, Volume 2	36192	no-shingle-match	
16782	Memoir, Correspondence, and Miscellanies, from the Papers of Thomas Jefferson, Volume 2	36193	below-threshold	48
16782	Memoir, Correspondence, and Miscellanies, from the Papers of Thomas Jefferson, Volume 2	36194	no-shingle-match	
16782	Memoir, Correspondence, and Miscellanies, from the Papers of Thomas Jefferson, Volume 2	36195	located	100
16782	Memoir, Correspondence, and Miscellanies, from the Papers of Thomas Jefferson, Volume 2	36196	no-shingle-match	
16782	Memoir, Correspondence, and Miscellanies, from the Papers of Thomas Jefferson, Volume 2	36197	located	100
16782	Memoir, Correspondence, and Miscellanies, from the Papers of Thomas Jefferson, Volume 2	36198	located	100
16782	Memoir, Correspondence, and Miscellanies, from the Papers of Thomas Jefferson, Volume 2	36199	below-threshold	53
16783	Memoir, Correspondence, and Miscellanies, from the Papers of Thomas Jefferson, Volume 3	36160	no-shingle-match	
16783	Memoir, Correspondence, and Miscellanies, from the Papers of Thomas Jefferson, Volume 3	36161	no-shingle-match	
16783	Memoir, Correspondence, and Miscellanies, from the Papers of Thomas Jefferson, Volume 3	36162	below-threshold	51
16783	Memoir, Correspondence, and Miscellanies, from the Papers of Thomas Jefferson, Volume 3	36163	below-threshold	50
16783	Memoir, Correspondence, and Miscellanies, from the Papers of Thomas Jefferson, Volume 3	36164	below-threshold	55
16783	Memoir, Correspondence, and Miscellanies, from the Papers of Thomas Jefferson, Volume 3	36165	below-threshold	65
16783	Memoir, Correspondence, and Miscellanies, from the Papers of Thomas Jefferson, Volume 3	36166	below-threshold	50
16783	Memoir, Correspondence, and Miscellanies, from the Papers of Thomas Jefferson, Volume 3	36167	below-threshold	55
16783	Memoir, Correspondence, and Miscellanies, from the Papers of Thomas Jefferson, Volume 3	36168	below-threshold	59
16783	Memoir, Correspondence, and Miscellanies, from the Papers of Thomas Jefferson, Volume 3	36169	below-threshold	49
16783	Memoir, Correspondence, and Miscellanies, from the Papers of Thomas Jefferson, Volume 3	36170	below-threshold	54
16783	Memoir, Correspondence, and Miscellanies, from the Papers of Thomas Jefferson, Volume 3	36171	below-threshold	54
16783	Memoir, Correspondence, and Miscellanies, from the Papers of Thomas Jefferson, Volume 3	36172	below-threshold	51
16783	Memoir, Correspondence, and Miscellanies, from the Papers of Thomas Jefferson, Volume 3	36173	below-threshold	52
16783	Memoir, Correspondence, and Miscellanies, from the Papers of Thomas Jefferson, Volume 3	36174	below-threshold	51
16783	Memoir, Correspondence, and Miscellanies, from the Papers of Thomas Jefferson, Volume 3	36175	below-threshold	49
16783	Memoir, Correspondence, and Miscellanies, from the Papers of Thomas Jefferson, Volume 3	36176	below-threshold	55
16783	Memoir, Correspondence, and Miscellanies, from the Papers of Thomas Jefferson, Volume 3	36177	below-threshold	55
16783	Memoir, Correspondence, and Miscellanies, from the Papers of Thomas Jefferson, Volume 3	36178	below-threshold	53
16783	Memoir, Correspondence, and Miscellanies, from the Papers of Thomas Jefferson, Volume 3	36179	below-threshold	50
16783	Memoir, Correspondence, and Miscellanies, from the Papers of Thomas Jefferson, Volume 3	36180	no-shingle-match	
16783	Memoir, Correspondence, and Miscellanies, from the Papers of Thomas Jefferson, Volume 3	36181	below-threshold	50
16783	Memoir, Correspondence, and Miscellanies, from the Papers of Thomas Jefferson, Volume 3	36182	no-shingle-match	
16783	Memoir, Correspondence, and Miscellanies, from the Papers of Thomas Jefferson, Volume 3	36183	below-threshold	50
16783	Memoir, Correspondence, and Miscellanies, from the Papers of Thomas Jefferson, Volume 3	36184	below-threshold	56
16783	Memoir, Correspondence, and Miscellanies, from the Papers of Thomas Jefferson, Volume 3	36185	no-shingle-match	
16783	Memoir, Correspondence, and Miscellanies, from the Papers of Thomas Jefferson, Volume 3	36186	below-threshold	59
16783	Memoir, Correspondence, and Miscellanies, from the Papers of Thomas Jefferson, Volume 3	36187	below-threshold	51
16783	Memoir, Correspondence, and Miscellanies, from the Papers of Thomas Jefferson, Volume 3	36188	below-threshold	52
16783	Memoir, Correspondence, and Miscellanies, from the Papers of Thomas Jefferson, Volume 3	36189	below-threshold	52
16783	Memoir, Correspondence, and Miscellanies, from the Papers of Thomas Jefferson, Volume 3	36190	no-shingle-match	
16783	Memoir, Correspondence, and Miscellanies, from the Papers of Thomas Jefferson, Volume 3	36191	below-threshold	53
16783	Memoir, Correspondence, and Miscellanies, from the Papers of Thomas Jefferson, Volume 3	36192	no-shingle-match	
16783	Memoir, Correspondence, and Miscellanies, from the Papers of Thomas Jefferson, Volume 3	36193	below-threshold	47
16783	Memoir, Correspondence, and Miscellanies, from the Papers of Thomas Jefferson, Volume 3	36194	no-shingle-match	
16783	Memoir, Correspondence, and Miscellanies, from the Papers of Thomas Jefferson, Volume 3	36195	below-threshold	51
16783	Memoir, Correspondence, and Miscellanies, from the Papers of Thomas Jefferson, Volume 3	36196	below-threshold	71
16783	Memoir, Correspondence, and Miscellanies, from the Papers of Thomas Jefferson, Volume 3	36197	below-threshold	53
16783	Memoir, Correspondence, and Miscellanies, from the Papers of Thomas Jefferson, Volume 3	36198	below-threshold	52
16783	Memoir, Correspondence, and Miscellanies, from the Papers of Thomas Jefferson, Volume 3	36199	below-threshold	49
16784	Memoir, Correspondence, and Miscellanies, from the Papers of Thomas Jefferson, Volume 4	36160	below-threshold	53
16784	Memoir, Correspondence, and Miscellanies, from the Papers of Thomas Jefferson, Volume 4	36161	no-shingle-match	
16784	Memoir, Correspondence, and Miscellanies, from the Papers of Thomas Jefferson, Volume 4	36162	below-threshold	51
16784	Memoir, Correspondence, and Miscellanies, from the Papers of Thomas Jefferson, Volume 4	36163	below-threshold	49
16784	Memoir, Correspondence, and Miscellanies, from the Papers of Thomas Jefferson, Volume 4	36164	below-threshold	55
16784	Memoir, Correspondence, and Miscellanies, from the Papers of Thomas Jefferson, Volume 4	36165	below-threshold	68
16784	Memoir, Correspondence, and Miscellanies, from the Papers of Thomas Jefferson, Volume 4	36166	below-threshold	50
16784	Memoir, Correspondence, and Miscellanies, from the Papers of Thomas Jefferson, Volume 4	36167	below-threshold	53
16784	Memoir, Correspondence, and Miscellanies, from the Papers of Thomas Jefferson, Volume 4	36168	below-threshold	62
16784	Memoir, Correspondence, and Miscellanies, from the Papers of Thomas Jefferson, Volume 4	36169	below-threshold	48
16784	Memoir, Correspondence, and Miscellanies, from the Papers of Thomas Jefferson, Volume 4	36170	below-threshold	57
16784	Memoir, Correspondence, and Miscellanies, from the Papers of Thomas Jefferson, Volume 4	36171	below-threshold	59
16784	Memoir, Correspondence, and Miscellanies, from the Papers of Thomas Jefferson, Volume 4	36172	below-threshold	52
16784	Memoir, Correspondence, and Miscellanies, from the Papers of Thomas Jefferson, Volume 4	36173	below-threshold	53
16784	Memoir, Correspondence, and Miscellanies, from the Papers of Thomas Jefferson, Volume 4	36174	below-threshold	52
16784	Memoir, Correspondence, and Miscellanies, from the Papers of Thomas Jefferson, Volume 4	36175	below-threshold	50
16784	Memoir, Correspondence, and Miscellanies, from the Papers of Thomas Jefferson, Volume 4	36176	below-threshold	62
16784	Memoir, Correspondence, and Miscellanies, from the Papers of Thomas Jefferson, Volume 4	36177	below-threshold	57
16784	Memoir, Correspondence, and Miscellanies, from the Papers of Thomas Jefferson, Volume 4	36178	below-threshold	55
16784	Memoir, Correspondence, and Miscellanies, from the Papers of Thomas Jefferson, Volume 4	36179	below-threshold	49
16784	Memoir, Correspondence, and Miscellanies, from the Papers of Thomas Jefferson, Volume 4	36180	below-threshold	54
16784	Memoir, Correspondence, and Miscellanies, from the Papers of Thomas Jefferson, Volume 4	36181	below-threshold	52
16784	Memoir, Correspondence, and Miscellanies, from the Papers of Thomas Jefferson, Volume 4	36182	no-shingle-match	
16784	Memoir, Correspondence, and Miscellanies, from the Papers of Thomas Jefferson, Volume 4	36183	below-threshold	81
16784	Memoir, Correspondence, and Miscellanies, from the Papers of Thomas Jefferson, Volume 4	36184	below-threshold	52
16784	Memoir, Correspondence, and Miscellanies, from the Papers of Thomas Jefferson, Volume 4	36185	located	100
16784	Memoir, Correspondence, and Miscellanies, from the Papers of Thomas Jefferson, Volume 4	36186	located	100
16784	Memoir, Correspondence, and Miscellanies, from the Papers of Thomas Jefferson, Volume 4	36187	below-threshold	50
16784	Memoir, Correspondence, and Miscellanies, from the Papers of Thomas Jefferson, Volume 4	36188	below-threshold	52
16784	Memoir, Correspondence, and Miscellanies, from the Papers of Thomas Jefferson, Volume 4	36189	below-threshold	58
16784	Memoir, Correspondence, and Miscellanies, from the Papers of Thomas Jefferson, Volume 4	36190	no-shingle-match	
16784	Memoir, Correspondence, and Miscellanies, from the Papers of Thomas Jefferson, Volume 4	36191	below-threshold	54
16784	Memoir, Correspondence, and Miscellanies, from the Papers of Thomas Jefferson, Volume 4	36192	below-threshold	53
16784	Memoir, Correspondence, and Miscellanies, from the Papers of Thomas Jefferson, Volume 4	36193	located	100
16784	Memoir, Correspondence, and Miscellanies, from the Papers of Thomas Jefferson, Volume 4	36194	located	100
16784	Memoir, Correspondence, and Miscellanies, from the Papers of Thomas Jefferson, Volume 4	36195	below-threshold	48
16784	Memoir, Correspondence, and Miscellanies, from the Papers of Thomas Jefferson, Volume 4	36196	no-shingle-match	
16784	Memoir, Correspondence, and Miscellanies, from the Papers of Thomas Jefferson, Volume 4	36197	below-threshold	52
16784	Memoir, Correspondence, and Miscellanies, from the Papers of Thomas Jefferson, Volume 4	36198	below-threshold	52
16784	Memoir, Correspondence, and Miscellanies, from the Papers of Thomas Jefferson, Volume 4	36199	below-threshold	52
