author	pg_id	title	gitenberg_repo	status	reason	bytes	sha256	text_file
A. A. Milne	1872	The Red House Mystery	The-Red-House-Mystery_1872	fetched		374125	ee1ab93b8cde3bd5ab404eee337b8f96ac1163a39a3b7d18566c75c3b0e03a7a	1872-0.txt
A. A. Milne	5675	The Holiday Round	The-Holiday-Round_5675	fetched		398557	a75dd45aa8eb3ca78aaf1e97d00a0f130c9d3863fb3549ac36dd2dcd44287949	5675.txt
A. A. Milne	5803	Not that it Matters	Not-that-it-Matters_5803	fetched		281387	945884e9c1b817aeb821edfff63451676b5d2ffaae3041b88369914aad7a5712	5803.txt
A. A. Milne	6992	Belinda: An April Folly in Three Acts	Belinda-An-April-Folly-in-Three-Acts_6992	unavailable				
A. A. Milne	7310	Mr. Pim Passes By: A Comedy in Three Acts	Mr-Pim-Passes-By-A-Comedy-in-Three-Acts_7310	fetched		156435	7b85c33ad0ae570d824be2ecae14b2f32e021468cdb7fa6b7f3d2dc5d79d3683	7310.txt
A. A. Milne	7365	If I May	If-I-May_7365	fetched		276267	2ac6e1e564e0b10cf2d25641fecf1629e3676159bb207e05a4fda9780b8e18b4	7365-8.txt
A. A. Milne	7805	First Plays	First-Plays_7805	fetched		338433	f9b445a2cc647634fdc89c94c0c2192a9fa170bf2675e44fc0c76db54b897d8b	7805-8.txt
A. A. Milne	13441	The Sunny Side	The-Sunny-Side_13441	fetched		386880	983f5b0ace61ce87b0b517b3ccfdceffbcaa163d00c6432e617714ac1e30553c	13441-8.txt
A. A. Milne	14734	Second Plays	Second-Plays_14734	fetched		408501	2fece2af1a3c7f7d2a99fbb005beee406b12ad0721a563b60c8db8cf911f86e8	14734-8.txt
A. A. Milne	24313	Once a Week	Once-a-Week_24313	fetched		452699	7399a7d9f9a7cdd88d37b9f3bbd71c10944a475811fba57a45b8ae5884467800	24313-8.txt
A. A. Milne	26098	Happy Days	Happy-Days_26098	fetched		429419	2a5a67de5e84b9171dd9ac300a400b7b9a811992751aebcc16b7880d215d9bcd	26098-8.txt
A. A. Milne	26470	The Red House Mystery	The-Red-House-Mystery_26470	unavailable				
A. A. Milne	27771	Once on a Time	Once-on-a-Time_27771	fetched		301725	8fe9d9d33a82511c1067b55a30a9e9bc380fe32cd79da4ed612438d62e988fb7	27771.txt
A. A. Milne	60167	Three Plays	Three-Plays_60167	fetched		422568	60b8fdf4dd466360aa89f048fba63eb2c9f786cb82782c6b8bf07fbeafd9140e	60167-0.txt
A. A. Milne	66092	A Gallery of Children	A-Gallery-of-Children_66092	fetched		76902	befcfcddf94fea98a9760335980689fa5bc4488ad466d049199e9d8023a26f49	66092-0.txt
A. A. Milne	67098	Winnie-the-Pooh	Winnie-the-Pooh_67098	fetched		147912	590b55a060a61d017dce06c859a3a5ae3791e9ad46b4719a1b33ec9771beccde	67098-0.txt
Abigail Adams	34123	Familiar Letters of John Adams and His Wife Abigail Adams During the Revolution	Familiar-Letters-of-John-Adams-and-His-Wife-Abigail-Adams-During-the-Revolution_34123	unavailable				
Abraham Cahan	2803	The Rise of David Levinsky	The-Rise-of-David-Levinsky_2803	fetched		966408	9e5f544535bca572f7a1cf6e7f20c0c5a138f439abadc94db256bfc9ac26d88c	2803.txt
Abraham Cahan	36715	Yekl: A Tale of the New York Ghetto	Yekl-A-Tale-of-the-New-York-Ghetto_36715	unavailable				
Abraham Cahan	39166	The White Terror and The Red: A Novel of Revolutionary Russia	The-White-Terror-and-The-Red-A-Novel-of-Revolutionary-Russia_39166	unavailable				
Abraham Cahan	43028	The Imported Bridegroom, and Other Stories of the New York Ghetto	The-Imported-Bridegroom-and-Other-Stories-of-the-New-York-Ghetto_43028	unavailable				
Abraham Cowley	3549	Cowley's Essays	Cowley-s-Essays_3549	fetched		212233	2f0789c4a020de36e56c8153391a227d8c985f77e56ded872f730a97017761ac	3549-0.txt
Abraham Lincoln	4	Lincoln's Gettysburg Address	Lincoln-s-Gettysburg-Address_4	unavailable				
Abraham Lincoln	8	Abraham Lincoln's Second Inaugural Address	Abraham-Lincoln-s-Second-Inaugural-Address_8	fetched		12356	1479db52ee7e573541cdd757d17724200db95efbef0ebad1e29f8bc55cc08018	8-0.txt
Abraham Lincoln	9	Abraham Lincoln's First Inaugural Address	Abraham-Lincoln-s-First-Inaugural-Address_9	fetched		30029	d8c305e1fbd4d8c6f5f0892a236cc996bee7334e3a8d07f2ecedb392aae67ee4	9-0.txt
Abraham Lincoln	2653	The Papers and Writings of Abraham Lincoln — Volume 1: 1832-1843	The-Papers-and-Writings-of-Abraham-Lincoln-Volume-1-1832-1843_2653	unavailable				
Abraham Lincoln	2654	The Papers and Writings of Abraham Lincoln — Volume 2: 1843-1858	The-Papers-and-Writings-of-Abraham-Lincoln-Volume-2-1843-1858_2654	unavailable				
Abraham Lincoln	2655	The Papers and Writings of Abraham Lincoln — Volume 3: The Lincoln-Douglas Debates	The-Papers-and-Writings-of-Abraham-Lincoln-Volume-3-The-Lincoln-Douglas-Debates_2655	unavailable				
Abraham Lincoln	2656	The Papers and Writings of Abraham Lincoln — Volume 4: The Lincoln-Douglas Debates	The-Papers-and-Writings-of-Abraham-Lincoln-Volume-4-The-Lincoln-Douglas-Debates_2656	unavailable				
Abraham Lincoln	2657	The Papers and Writings of Abraham Lincoln — Volume 5: 1858-1862	The-Papers-and-Writings-of-Abraham-Lincoln-Volume-5-1858-1862_2657	unavailable				
Abraham Lincoln	2658	The Papers and Writings of Abraham Lincoln — Volume 6: 1862-1863	The-Papers-and-Writings-of-Abraham-Lincoln-Volume-6-1862-1863_2658	unavailable				
Abraham Lincoln	2659	The Papers and Writings of Abraham Lincoln — Volume 7: 1863-1865	The-Papers-and-Writings-of-Abraham-Lincoln-Volume-7-1863-1865_2659	unavailable				
Abraham Lincoln	3253	The Papers and Writings of Abraham Lincoln, Complete	The-Papers-and-Writings-of-Abraham-Lincoln-Complete_3253	fetched		3220578	be139c682155e748045c8bbc8296e891c9492807ab6adf97ac0c37f0cbd271c4	3253.txt
Abraham Lincoln	3626	Widger's Quotations from the Project Gutenberg Editions of the Works of Abraham Lincoln	Widger-s-Quotations-from-the-Project-Gutenberg-Editions-of-the-Works-of-Abraham-Lincoln_3626	fetched		43121	63754324d4b8cca5b40684c2d2a24023fcb8868dce9a6bd7d5f49611132ff05c	3626.txt
Abraham Lincoln	5024	State of the Union Addresses	State-of-the-Union-Addresses_5024	fetched		188748	43a7448e2ead13088263f16edbcae3dc165b5daf01b46920ae4c72adce0692f3	5024.txt
Abraham Lincoln	7547	Quotes and Images from the Writings of Abraham Lincoln	Quotes-and-Images-from-the-Writings-of-Abraham-Lincoln_7547	fetched		27388	ccbb63989b04c36802f25ea12e35cbbb09f7694311c0ac135223209b87ef6be2	7547.txt
Abraham Lincoln	8110	Lincoln Letters	Lincoln-Letters_8110	fetched		25937	62fae85f994c21b1c1b1af5c9241d945386bcbaf5d7c100565a1a86e78c1cd9b	8110.txt
Abraham Lincoln	14274	Lincoln's Inaugurals, Addresses and Letters (Selections)	Lincoln-s-Inaugurals-Addresses-and-Letters-Selections_14274	unavailable				
Abraham Lincoln	14721	Speeches & Letters of Abraham Lincoln, 1832-1865	Speeches-Letters-of-Abraham-Lincoln-1832-1865_14721	unavailable				
Abraham Lincoln	22082	The Emancipation Proclamation	The-Emancipation-Proclamation_22082	fetched		23613	8913a99cf5dec7b20f482074359bfbd22a68a7c35b3b72434b459eb25cae6ba8	22082.txt
Abraham Lincoln	22681	The Life and Public Service of General Zachary Taylor: An Address	The-Life-and-Public-Service-of-General-Zachary-Taylor-An-Address_22681	unavailable				
Abraham Lincoln	26200	The Gettysburg Address	The-Gettysburg-Address_26200	unavailable				
Abraham Lincoln	26250	Lincoln at Cooper Union	Lincoln-at-Cooper-Union_26250	unavailable				
Abraham Lincoln	39204	The Lincoln Year Book: Axioms and Aphorisms from the Great Emancipator	The-Lincoln-Year-Book-Axioms-and-Aphorisms-from-the-Great-Emancipator_39204	unavailable				
Abraham Lincoln	48364	Noted Speeches of Abraham Lincoln, Including the Lincoln-Douglas Debate	Noted-Speeches-of-Abraham-Lincoln-Including-the-Lincoln-Douglas-Debate_48364	fetched		171368	6ec38712710de1c4c799d6bdeae2bb43da7e42951602ac241ecdc10aa35ed968	48364-0.txt
Abraham Lincoln	52007	Discoveries and Inventions: A lecture by Abraham Lincoln delivered in 1860	Discoveries-and-Inventions-A-lecture-by-Abraham-Lincoln-delivered-in-1860_52007	fetched		40228	bb60e1a9045aa0c2ebe967a4d4407b39a90abf13bdea7266a793511df02208f1	52007-0.txt
Abraham Lincoln	58850	A Legacy of Fun	A-Legacy-of-Fun_58850	fetched		78564	edeb6de2804aea8e75b6f111724063911a4eb4c4e45ebfb96a9f33e7ff7e6c3e	58850-0.txt
Ada Cambridge	4218	Sisters	Sisters_4218	fetched		533863	b784a5008fd1e697cb906c69878e795d14d2361b12e61136067c72384221980c	4218.txt
Ada Cambridge	37825	Thirty Years in Australia	Thirty-Years-in-Australia_37825	fetched		526661	02add3c9046e6ca88fe252d153eec8ac1ffe6592c0203a6b894940b630efe710	37825-8.txt
Ada Cambridge	37866	A Humble Enterprise	A-Humble-Enterprise_37866	fetched		285946	fb9ed4245138cff2d43b60990f76e39ba5203f976e44f34eb4b30dd62c6b6b60	37866-8.txt
Ada Cambridge	38083	A Mere Chance: A Novel. Vol. 1	A-Mere-Chance-A-Novel-Vol-1_38083	unavailable				
Ada Cambridge	38084	A Mere Chance: A Novel. Vol. 2	A-Mere-Chance-A-Novel-Vol-2_38084	unavailable				
Ada Cambridge	38085	A Mere Chance: A Novel. Vol. 3	A-Mere-Chance-A-Novel-Vol-3_38085	unavailable				
Ada Cambridge	40659	Materfamilias	Materfamilias_40659	fetched		357485	9d7314fafee7b44f27a79834da234065d255dae062bd35097eaa96d32fc3f491	40659-8.txt
Ada Cambridge	42270	The Retrospect	The-Retrospect_42270	fetched		503263	9bd4caf4c66b1f0de7c2304db0c9170acd57702dea4266e2f43b8bb269ed049a	42270.txt
Ada Cambridge	50476	The Three Miss Kings: An Australian Story	The-Three-Miss-Kings-An-Australian-Story_50476	fetched		792340	63a532cb47120879835a6a24cc48a94be3a56e3402968f1199ec6367059bd2f0	50476-8.txt
Aeschylus	7073	Specimens of Greek Tragedy — Aeschylus and Sophocles	Specimens-of-Greek-Tragedy-Aeschylus-and-Sophocles_7073	fetched		267101	7d4ae4c2621c99efde936debd7de7eb0591fc7a78c23750ed2283ee7b3a706b7	7073-8.txt
Aeschylus	8604	The House of Atreus; Being the Agamemnon, the Libation bearers, and the Furies	The-House-of-Atreus-Being-the-Agamemnon-the-Libation-bearers-and-the-Furies_8604	fetched		223914	5f95a2fe52ed1de0f46701674ffeb39b0b05e43c57de18ddf203aa0eeb3c997d	8604-8.txt
Aeschylus	8714	Four Plays of Aeschylus	Four-Plays-of-Aeschylus_8714	fetched		269145	087082f4a939f46ec4cf062348f6382f8444dd42953d96328e7173430b69feb9	8714-8.txt
Aeschylus	14417	The Agamemnon of Aeschylus	The-Agamemnon-of-Aeschylus_14417	unavailable				
Aeschylus	19559	Book of illustrations : Ancient Tragedy	Book-of-illustrations-Ancient-Tragedy_19559	unavailable				
Aeschylus	27458	Aeschylus' Prometheus Bound and the Seven Against Thebes	Aeschylus-Prometheus-Bound-and-the-Seven-Against-Thebes_27458	fetched		189913	25729227777cdea0d28751c06677c5f12596903de911d1858a44527e2e542556	27458.txt
Aeschylus	53174	Æschylos Tragedies and Fragments	schylos-Tragedies-and-Fragments_53174	unavailable				
Aeschylus	59225	The Lyrical Dramas of Aeschylus Translated into English Verse	The-Lyrical-Dramas-of-Aeschylus-Translated-into-English-Verse_59225	fetched		959338	502fd4b7644970ff0f76fbc0821042603a428ae0b95766df933319bdc6edaca7	59225-0.txt
Aesop	21	Aesop's Fables	Aesop-s-Fables_21	unavailable				
Aesop	28	The Fables of Aesop	The-Fables-of-Aesop_28	unavailable				
Aesop	8809	Aesop's Fables	Aesop-s-Fables_8809	unavailable				
Aesop	11339	Aesop's Fables; a new translation	Aesop-s-Fables-a-new-translation_11339	unavailable				
Aesop	18732	Aesop's Fables: A New Revised Version From Original Sources	Aesop-s-Fables-A-New-Revised-Version-From-Original-Sources_18732	unavailable				
Aesop	19616	Aesop's Fables - Volume 01	Aesop-s-Fables-Volume-01_19616	unavailable				
Aesop	19617	Aesop's Fables - Volume 02	Aesop-s-Fables-Volume-02_19617	unavailable				
Aesop	19618	Aesop's Fables - Volume 03	Aesop-s-Fables-Volume-03_19618	unavailable				
Aesop	19619	Aesop's Fables - Volume 04	Aesop-s-Fables-Volume-04_19619	unavailable				
Aesop	19620	Aesop's Fables - Volume 05	Aesop-s-Fables-Volume-05_19620	unavailable				
Aesop	19621	Aesop's Fables - Volume 06	Aesop-s-Fables-Volume-06_19621	unavailable				
Aesop	19622	Aesop's Fables - Volume 07	Aesop-s-Fables-Volume-07_19622	unavailable				
Aesop	19623	Aesop's Fables - Volume 08	Aesop-s-Fables-Volume-08_19623	unavailable				
Aesop	19624	Aesop's Fables - Volume 09	Aesop-s-Fables-Volume-09_19624	unavailable				
Aesop	19625	Aesop's Fables - Volume 10	Aesop-s-Fables-Volume-10_19625	unavailable				
Aesop	19626	Aesop's Fables - Volume 11	Aesop-s-Fables-Volume-11_19626	unavailable				
Aesop	19627	Aesop's Fables - Volume 12	Aesop-s-Fables-Volume-12_19627	unavailable				
Aesop	19994	The Aesop for Children	The-Aesop-for-Children_19994	unavailable				
Aesop	20268	The Baby's Own Aesop	The-Baby-s-Own-Aesop_20268	unavailable				
Aesop	21189	Aesop, in Rhyme: Old Friends in a New Dress	Aesop-in-Rhyme-Old-Friends-in-a-New-Dress_21189	unavailable				
Aesop	25433	The Baby's Own Aesop	The-Baby-s-Own-Aesop_25433	fetched		40475	083fced93c6813fdd06ec213633e28e421cfde29c0dc3460fb73ec373d28e64a	25433.txt
Aesop	34588	Some of Æsop's Fables with Modern Instances	Some-of-sop-s-Fables-with-Modern-Instances_34588	unavailable				
Aesop	39187	Æsop's Fables, Embellished with One Hundred and Eleven Emblematical Devices.	sop-s-Fables-Embellished-with-One-Hundred-and-Eleven-Emblematical-Devices_39187	unavailable				
Aesop	49010	Æsop's Fables: A Version for Young Readers	sop-s-Fables-A-Version-for-Young-Readers_49010	unavailable				
Aesop	53103	Æsop's Fables	sop-s-Fables_53103	unavailable				
Albert Gallatin	11937	The Symbolism of Freemasonry	The-Symbolism-of-Freemasonry_11937	unavailable				
Albert Gallatin	12186	The Principles of Masonic Law	The-Principles-of-Masonic-Law_12186	unavailable				
Albert Gallatin	12249	Bart Ridgeley: A Story of Northern Ohio	Bart-Ridgeley-A-Story-of-Northern-Ohio_12249	unavailable				
Albert Gallatin	32192	Peace with Mexico	Peace-with-Mexico_32192	fetched		97094	a341a378a4078f5768e054cd65956ac4e32029282dff1e409daeb5fdc9b724a3	32192.txt
Albert Gallatin	51843	The Oregon Question	The-Oregon-Question_51843	fetched		177203	a99800a81a22f28de9b7add92c7700b6fd6ab7f1072ce2895b4dec06c2d41dfd	51843-8.txt
Albert Schweitzer	45422	The Quest of the Historical Jesus	The-Quest-of-the-Historical-Jesus_45422	fetched		1254881	f0834868907ad55ee09f60b56337b7594c5378e20b1c614b311b50f0e11e9e1b	45422.txt
Albert Schweitzer	50015	On the Edge of the Primeval Forest	On-the-Edge-of-the-Primeval-Forest_50015	unavailable				
Alexander Hamilton	18	The Federalist Papers	The-Federalist-Papers_18	fetched		1213088	ee0484c2e0f03f1b64743db6eb16f66588262d902c119145033e1bc4d24c9ce5	18.txt
Alexander Hamilton	1404	The Federalist Papers	The-Federalist-Papers_1404	fetched		1186932	a163b394950a4e59c8b8ef3b32cd021200b4b54cccd808110aed6fe4dbb248e6	1404-8.txt
Alexander Hamilton	14869	Soldier Songs and Love Songs	Soldier-Songs-and-Love-Songs_14869	fetched		70736	44f4214ded1e8f80413dd6bd1496c3118bbe8d52660042f70b63654a9c91ead8	14869-8.txt
Alexander Hamilton	15456	McGuffey's Eclectic Spelling Book	McGuffey-s-Eclectic-Spelling-Book_15456	fetched		170427	dd245b2abfb44c79ce5e8891046841ee2b66910d99ec4b56eb4871db3e51afd5	15456.txt
Alexander Hamilton	22788	The Federalist Papers	The-Federalist-Papers_22788	unavailable				
Alexander Hamilton	27102	The Ground Plan of the English Parish Church	The-Ground-Plan-of-the-English-Parish-Church_27102	fetched		214184	dc53cd879c96df8ac48991537bf62c41a921f5b45943f173ef5f643e381b7585	27102.txt
Alexander Hamilton	37924	Forging Ahead in Business	Forging-Ahead-in-Business_37924	fetched		222801	e86f336b41410a8faea54981422225ea64ef5aecefa37495ee1c6b23a08e05ae	37924-8.txt
Alexander Hamilton	49832	English Monasteries	English-Monasteries_49832	fetched		249786	e32ec26a2adb64a1b5c652065e686d5aa59117744b883e6c101ad910e6a6f67a	49832-0.txt
Alexander Hamilton	56331	The Historical Growth of the English Parish Church	The-Historical-Growth-of-the-English-Parish-Church_56331	fetched		216734	dc342d1a377cd6d51d2383187f2f5baf4fcf51f0b9d99176c47506ddae0a7ae1	56331-8.txt
Alexander Hamilton	57266	Cambridge and Its Colleges	Cambridge-and-Its-Colleges_57266	fetched		391939	919c4832d721fac6c2be3c85831a363f9fdf01bb9e44889ce354a9b1db08f706	57266-0.txt
Alexander Hamilton	60518	Military Architecture in England During the Middle Ages	Military-Architecture-in-England-During-the-Middle-Ages_60518	fetched		752436	7e689d11b0a2d798b05f6af74033b40a6037456c4f0d3883308accec12e03f2b	60518-0.txt
Alexander Hamilton	61791	The Arab conquests in Central Asia	The-Arab-conquests-in-Central-Asia_61791	fetched		236235	2c04ae2cf5cce235c31648831eade0c5b38a653175f1a23b9f775aee624e2e1d	61791-0.txt
Alexander Pope	2428	An Essay on Man; Moral Essays and Satires	An-Essay-on-Man-Moral-Essays-and-Satires_2428	unavailable				
Alexander Pope	7409	An Essay on Criticism	An-Essay-on-Criticism_7409	fetched		76350	bcf4cc7f0b76e7fb43391898a2924d2587bae6c34fad93c283a20e795c925c17	7409.txt
Alexander Pope	9413	The Poetical Works of Alexander Pope, Volume 1	The-Poetical-Works-of-Alexander-Pope-Volume-1_9413	fetched		579133	0d3a4cd46e7d7933d5ce0b6eaf32e81bda28e917d66f4491e90dcae1cfcc971c	9413-8.txt
Alexander Pope	9601	The Poetical Works of Alexander Pope, Volume 2	The-Poetical-Works-of-Alexander-Pope-Volume-2_9601	fetched		644247	a132ad11be66b409211e28767ebacc5a76f6b01a4cc065243a68942aff263d04	9601.txt
Alexander Pope	9800	The Rape of the Lock, and Other Poems	The-Rape-of-the-Lock-and-Other-Poems_9800	fetched		368879	afe599ac47aadac10f67665770337807b30761135ad2784893bef935acf3e18d	9800.txt
Alexander Pope	32190	The Works of Alexander Pope, Volume 1	The-Works-of-Alexander-Pope-Volume-1_32190	unavailable				
Alexander Pope	37667	Three Hours after Marriage	Three-Hours-after-Marriage_37667	fetched		187250	1d0f45ac0f08c68aa466f84ba58c281eedd5ba186a5a3aef06982350fb692fe9	37667.txt
Alexander Pope	43271	The Works of Alexander Pope, Volume 2 (of 10)	The-Works-of-Alexander-Pope-Volume-2-of-10_43271	unavailable				
Alexander Pope	58845	Index of the Project Gutenberg Works of Alexander Pope	Index-of-the-Project-Gutenberg-Works-of-Alexander-Pope_58845	fetched		34136	ed4d4d7f125acb818d353c22ed160140c0d089386c7cd8d6ff71f79e6e42ad91	58845-0.txt
Alexis de Tocqueville	815	Democracy in America — Volume 1	Democracy-in-America-Volume-1_815	unavailable				
Alexis de Tocqueville	816	Democracy in America — Volume 2	Democracy-in-America-Volume-2_816	unavailable				
Alexis de Tocqueville	8690	American Institutions and Their Influence	American-Institutions-and-Their-Influence_8690	fetched		1269327	23e7d14b7b8b24731dd9fb40965246a6cddbb5e4b2a211ae4e11fe6bbc2a320e	8690.txt
Alexis de Tocqueville	13333	Correspondence & Conversations of Alexis de Tocqueville with Nassau William Senior from 1834 to 1859, Volume 2	Correspondence-Conversations-of-Alexis-de-Tocqueville-with-Nassau-William-Senior-from-1834-to-1859-Volume-2_13333	unavailable				
Alexis de Tocqueville	37892	The Recollections of Alexis de Tocqueville	The-Recollections-of-Alexis-de-Tocqueville_37892	fetched		637431	2e85d6ee68ac578625583e714a63c71cc1c0391e2efe4648c62a9775c00ce5c7	37892-8.txt
Alexis de Tocqueville	54187	The State of Society in France Before the Revolution of 1789	The-State-of-Society-in-France-Before-the-Revolution-of-1789_54187	unavailable				
Alexis de Tocqueville	58644	Index of the Project Gutenberg Works of Alexis de Tocqueville	Index-of-the-Project-Gutenberg-Works-of-Alexis-de-Tocqueville_58644	fetched		66301	88e3e9bc2162d3ba9f14aa112bf207ba3d120b76e9bbcb80d1d0b744052116d6	58644-0.txt
Alfred North Whitehead	18835	The Concept of Nature	The-Concept-of-Nature_18835	unavailable				
Alfred North Whitehead	41568	An Introduction to Mathematics	An-Introduction-to-Mathematics_41568	unavailable				
Alice Morse Earle	8659	Sabbath in Puritan New England	Sabbath-in-Puritan-New-England_8659	fetched		488126	b1f5df0481d81f3347f47450a3a2645b3a05db41c276a7951bd8b3d025f61678	8659-8.txt
Alice Morse Earle	10115	Two Centuries of Costume in America, Volume 1 (1620-1820)	Two-Centuries-of-Costume-in-America-Volume-1-1620-1820_10115	unavailable				
Alice Morse Earle	22675	Home Life in Colonial Days	Home-Life-in-Colonial-Days_22675	fetched		574881	1a3b318d80118cdbe1bef885f95210d7dd1ebfe4c72445b2e2dd858f2f78e47b	22675.txt
Alice Morse Earle	24159	Customs and Fashions in Old New England	Customs-and-Fashions-in-Old-New-England_24159	fetched		606808	68d3ce0e935c1371629abd798607bb3dd5e04a8157072443dff486efe09e2e17	24159-8.txt
Alice Morse Earle	34005	Curious Punishments of Bygone Days	Curious-Punishments-of-Bygone-Days_34005	fetched		178781	63f5b4303ffaff220435b7f19c0d184d7358ab6165fae7bb0ef531082267dc1e	34005-8.txt
Alice Morse Earle	37272	Stage-coach and Tavern Days	Stage-coach-and-Tavern-Days_37272	fetched		655684	64b690dcb8b0193d84729f865b4a18f72bafcab6b80bd70f7f6933cb8cc09d03	37272-8.txt
Alice Morse Earle	39049	Old-Time Gardens, Newly Set Forth	Old-Time-Gardens-Newly-Set-Forth_39049	unavailable				
Alice Morse Earle	43863	Child Life in Colonial Days	Child-Life-in-Colonial-Days_43863	fetched		575132	5542bec0806375eb6efdddcde1b0924240acabfa1ecaa077188c83f2342a04fd	43863.txt
Alphonse de Lamartine	13019	Raphael; Or, Pages of the Book of Life at Twenty	Raphael-Or-Pages-of-the-Book-of-Life-at-Twenty_13019	unavailable				
Alphonse de Lamartine	18094	History of the Girondists, Volume I	History-of-the-Girondists-Volume-I_18094	unavailable				
Alphonse de Lamartine	25339	Atheism Among the People	Atheism-Among-the-People_25339	fetched		72700	c0af7d10211a925ba7cbc7ca481e65ae5e4b942fca4b4bec449130449ee2fec6	25339.txt
Ambrose Bierce	374	Fantastic Fables	Fantastic-Fables_374	fetched		188939	7f2acb7fc6618b017961852f193590803d8f8776fe97a9e0240b148b820b3151	374.txt
Ambrose Bierce	375	An Occurrence at Owl Creek Bridge	An-Occurrence-at-Owl-Creek-Bridge_375	fetched		41487	d536f071eebc293b98cabf240f2e0536a88f7cab5fb9c351c9f6536d4900823a	375.txt
Ambrose Bierce	972	The Devil's Dictionary	The-Devil-s-Dictionary_972	fetched		394044	f61a70f08650fd2b87101cb276b4d6cf12c4714d4bbd0a8a45a27501ffc8fea3	972.txt
Ambrose Bierce	3715	The Parenticide Club	The-Parenticide-Club_3715	fetched		63141	07f21a834344496adf5ea5a71488bc88a95dcd99b4f6ffce727404e6258a542d	3715.txt
Ambrose Bierce	4366	Can Such Things Be?	Can-Such-Things-Be_4366	unavailable				
Ambrose Bierce	4387	Present at a Hanging and Other Ghost Stories	Present-at-a-Hanging-and-Other-Ghost-Stories_4387	unavailable				
Ambrose Bierce	4793	The Fiend's Delight	The-Fiend-s-Delight_4793	fetched		240735	fa99d53786c2673e2e4a128424fdee38b0dff1c94fad95352ccbb6493aa62bea	4793-0.txt
Ambrose Bierce	5661	A Son of the Gods, and A Horseman in the Sky	A-Son-of-the-Gods-and-A-Horseman-in-the-Sky_5661	fetched		54390	0bdeabfc8fce234af0b812baa7f21744c1855860272cdbade35c6ab08689163b	5661-8.txt
Ambrose Bierce	12474	Write It Right: A Little Blacklist of Literary Faults	Write-It-Right-A-Little-Blacklist-of-Literary-Faults_12474	unavailable				
Ambrose Bierce	12658	Shapes of Clay	Shapes-of-Clay_12658	fetched		304620	bc31651d15ca5af0b92a97ba8cd637c0775df455a7a1ca89b833cdd9df05cf60	12658-8.txt
Ambrose Bierce	12793	Cobwebs from an Empty Skull	Cobwebs-from-an-Empty-Skull_12793	fetched		330768	e51a18b243f1f10e954624fc9d34d44f2c3d6ee3cba5251074a5251270fc3e7e	12793-8.txt
Ambrose Bierce	12977	Black Beetles in Amber	Black-Beetles-in-Amber_12977	fetched		298864	2fd9d17bdb25aa914fe752afb419ef54ec32211b8fda6268d4cfff741f0483ef	12977.txt
Ambrose Bierce	13334	The Collected Works of Ambrose Bierce, Volume 02	The-Collected-Works-of-Ambrose-Bierce-Volume-02_13334	unavailable				
Ambrose Bierce	13541	The Collected Works of Ambrose Bierce, Volume 01	The-Collected-Works-of-Ambrose-Bierce-Volume-01_13541	unavailable				
Ambrose Bierce	15599	The Collected Works of Ambrose Bierce, Volume 08	The-Collected-Works-of-Ambrose-Bierce-Volume-08_15599	unavailable				
Ambrose Bierce	16340	A Cynic Looks at Life	A-Cynic-Looks-at-Life_16340	fetched		111376	e43e59a7c4f3d767c0581052b7eaf596c5848385f44457724e8ef3977077a074	16340-8.txt
Ambrose Bierce	22438	The Parenticide Club	The-Parenticide-Club_22438	unavailable				
Ambrose Bierce	23080	The Devil's Dictionary	The-Devil-s-Dictionary_23080	unavailable				
Ambrose Bierce	23081	Present at a Hanging and Other Ghost Stories	Present-at-a-Hanging-and-Other-Ghost-Stories_23081	unavailable				
Ambrose Bierce	23172	The Damned Thing	The-Damned-Thing_23172	unavailable				
Ambrose Bierce	25304	The Shadow On The Dial, and Other Essays	The-Shadow-On-The-Dial-and-Other-Essays_25304	unavailable				
Ambrose Bierce	36218	The Letters of Ambrose Bierce, With a Memoir by George Sterling	The-Letters-of-Ambrose-Bierce-With-a-Memoir-by-George-Sterling_36218	unavailable				
Ambrose Bierce	38602	The Monk and the Hangman's Daughter	The-Monk-and-the-Hangman-s-Daughter_38602	fetched		167156	60d1a450b134e61bd94e02487f339fe483d8eeca2d74ca444d5f4a39b57897b8	38602-0.txt
Ambrose Bierce	43951	The Cynic's Word Book	The-Cynic-s-Word-Book_43951	fetched		224150	9dae0f91875e28cc3b1dfe137efd4939c24bd9de113800eb0e9345989e9f1fd8	43951.txt
Ambrose Bierce	58807	Index of the Project Gutenberg Works of Ambrose Bierce	Index-of-the-Project-Gutenberg-Works-of-Ambrose-Bierce_58807	fetched		33388	8f3d984f9f27f53c8fd1e45d683035d1b9d1677fc5be87db228d947304b21aef	58807-0.txt
Amelia Barr	287	Remember the Alamo	Remember-the-Alamo_287	fetched		487313	608d2f0568d6ff27546abffc5fbf766d07f0467b8c8d6888e963c8bf08b8f622	287-0.txt
Amelia Barr	787	The Man Between: An International Romance	The-Man-Between-An-International-Romance_787	unavailable				
Amelia Barr	5757	The Maid of Maiden Lane	The-Maid-of-Maiden-Lane_5757	fetched		469201	b88215b81a25eda3a2715c5fef81926494ae0693e5722519b8cee99051ecad33	5757.txt
Amelia Barr	6806	The Hallam Succession	The-Hallam-Succession_6806	fetched		438761	d00be0046ccb0e53000ca2d5a0c95bc17267642479b6234391ee07835c14e7d1	6806.txt
Amelia Barr	7062	A Daughter of Fife	A-Daughter-of-Fife_7062	fetched		376973	2e42b0ad585fe2a1a4601a26cfdf51368cfee6810739c04c479e6afca96d9e66	7062-8.txt
Amelia Barr	9374	A Knight of the Nets	A-Knight-of-the-Nets_9374	fetched		398637	c706444b2196919ad47543b6541aa759086ed24f9c2c31c66c21e27a881fbb4f	9374.txt
Amelia Barr	14494	Scottish sketches	Scottish-sketches_14494	fetched		370806	defbc605aa770c9909bb16100306733a2c98b2af589bface9c8a015f638ef249	14494-8.txt
Amelia Barr	16222	Winter Evening Tales	Winter-Evening-Tales_16222	fetched		406805	2f6a66f2d0e0c0063274265ad9e156d66e22d60a51bacb7de00a3ea1ff692d29	16222.txt
Amelia Barr	16258	The Squire of Sandal-Side: A Pastoral Romance	The-Squire-of-Sandal-Side-A-Pastoral-Romance_16258	unavailable				
Amelia Barr	16453	The Measure of a Man	The-Measure-of-a-Man_16453	fetched		444345	de20b2e0659c5272bf39aafb9ed5d34034f2f877116b5e3d7062b31411852c23	16453-8.txt
Amelia Barr	17173	The Bow of Orange Ribbon: A Romance of New York	The-Bow-of-Orange-Ribbon-A-Romance-of-New-York_17173	unavailable				
Amelia Barr	29752	An Orkney Maid	An-Orkney-Maid_29752	fetched		374546	343b9df387d2107f91dc6f323df8b29ec2299959d60e540c849f3f6fed8ca6e3	29752-8.txt
Amelia Barr	29909	A Singer from the Sea	A-Singer-from-the-Sea_29909	fetched		527925	9798cfa4d0a4f65c244413330b232562ea03f8961aa57e604207af11cf97328f	29909-8.txt
Amelia Barr	31835	Prisoners of Conscience	Prisoners-of-Conscience_31835	fetched		344811	e3d997d582147165edfe0bd382b008e5f3cb2af51d4ae7f641a784420456aaed	31835-8.txt
Amelia Barr	32085	Christine: A Fife Fisher Girl	Christine-A-Fife-Fisher-Girl_32085	unavailable				
Amelia Barr	32135	Maids, Wives, and Bachelors	Maids-Wives-and-Bachelors_32135	fetched		353213	c7fde6b103f2c304a8e7f751b2e08c44d50e99a8b1bbd5c1641c2e5cd15332ad	32135.txt
Amelia Barr	32144	Jan Vedder's Wife	Jan-Vedder-s-Wife_32144	fetched		374650	de5090b793782f08a4fe5e8a6db3d7d3069165806ed3f8c66f46d83863d1fb09	32144.txt
Amelia Barr	33195	Was It Right to Forgive? A Domestic Romance	Was-It-Right-to-Forgive-A-Domestic-Romance_33195	unavailable				
Amelia Barr	33599	A Rose of a Hundred Leaves: A Love Story	A-Rose-of-a-Hundred-Leaves-A-Love-Story_33599	unavailable				
Amelia Barr	34628	I, Thou, and the Other One: A Love Story	I-Thou-and-the-Other-One-A-Love-Story_34628	unavailable				
Amelia Barr	35358	A Song of a Single Note: A Love Story	A-Song-of-a-Single-Note-A-Love-Story_35358	unavailable				
Amelia Barr	35706	All the Days of My Life: An Autobiography	All-the-Days-of-My-Life-An-Autobiography_35706	unavailable				
Amelia Barr	36490	A Reconstructed Marriage	A-Reconstructed-Marriage_36490	fetched		557809	5a82b3cacc6592d82e262c99ebaadac09579f01963744a943f897769750b428e	36490.txt
Amelia Barr	36538	Playing With Fire	Playing-With-Fire_36538	fetched		432831	a324768ab6c0f6978b32bb42f913ce39603996ec68b311005815de36fd5d7a3b	36538-8.txt
Amelia Barr	50089	The Paper Cap: A Story of Love and Labor	The-Paper-Cap-A-Story-of-Love-and-Labor_50089	fetched		489029	20f54228b4693293506921be2d618911d15bb7dfde1a452eaad24fd50809e199	50089-0.txt
Anatole France	1930	Penguin Island	Penguin-Island_1930	fetched		503292	c51ce2305195f0a4bcababbc1af622ff2bc5f6e87c5e6b5f7aa5f4de30746586	1930-0.txt
Anatole France	2078	Thais	Thais_2078	fetched		320293	a2ea0c229abe3c4216fc5114e213647b71b72107c243f66b2cde8289e112588e	2078-0.txt
Anatole France	2123	The Crime of Sylvestre Bonnard	The-Crime-of-Sylvestre-Bonnard_2123	fetched		418909	c83af6339846a01131b927108c3d507e1f978a375994f7142b96eebf0c0c686b	2123-0.txt
Anatole France	3919	The Red Lily — Volume 01	The-Red-Lily-Volume-01_3919	fetched		169948	a27835c7687b8356ee5925bb8156c9a70b062af019edb181e34b4af65401feff	3919.txt
Anatole France	3920	The Red Lily — Volume 02	The-Red-Lily-Volume-02_3920	fetched		153949	81ff5b4a9b56ac0b04d2a7d3028d63a5bddea0b545744b464bb2b56baa626ef8	3920.txt
Anatole France	3921	The Red Lily — Volume 03	The-Red-Lily-Volume-03_3921	fetched		160388	e10b21977c2db90b736d6eed17d5af4ee95e2e201ccb5e5cfefaa3678fb4e1f7	3921.txt
Anatole France	3922	The Red Lily — Complete	The-Red-Lily-Complete_3922	unavailable				
Anatole France	6571	The Queen Pedauque	The-Queen-Pedauque_6571	fetched		457696	c6c90bffb0c4a0915f8eef40ea3492da45bd9f85d276b4bd1bc3af06f7161d74	6571-0.txt
Anatole France	7577	Widger's Quotes and Images from The Red Lily by Anatole France	Widger-s-Quotes-and-Images-from-The-Red-Lily-by-Anatole-France_7577	unavailable				
Anatole France	11060	The Aspirations of Jean Servien	The-Aspirations-of-Jean-Servien_11060	fetched		216106	9d00ef1296ba996a657c7c05f0c6ef7a489f7713021d709afafb958d047bbe80	11060-8.txt
Anatole France	18545	A Mummer's Tale	A-Mummer-s-Tale_18545	fetched		307372	8d17209dacf4df67c3430fb158bc185c9c1ccd3f14b46349bf06ed605e9cc689	18545.txt
Anatole France	18728	The Well of Saint Clare	The-Well-of-Saint-Clare_18728	fetched		339052	416ad19ac5efa1995850118f8fe6b2b0320c6686d42b4d5b5979e24dd25e2214	18728-0.txt
Anatole France	19488	The Life of Joan of Arc, Vol. 1 and 2	The-Life-of-Joan-of-Arc-Vol-1-and-2_19488	unavailable				
Anatole France	22059	Balthasar and Other Works - 1909	Balthasar-and-Other-Works-1909_22059	unavailable				
Anatole France	23219	Putois	Putois_23219	unavailable				
Anatole France	24010	The Gods are Athirst	The-Gods-are-Athirst_24010	fetched		465905	1eef0309f51f45cd23faaa21ce3839cb8da7f0a748c6f9bb812fbc297f99efa4	24010-8.txt
Anatole France	25405	Honey-Bee	Honey-Bee_25405	unavailable				
Anatole France	25406	Marguerite	Marguerite_25406	fetched		62678	2df68de272714017f745052fae63350fe61201bdd16f4e1456dc080c6b71a53f	25406-0.txt
Anatole France	25407	The Merrie Tales of Jacques Tournebroche	The-Merrie-Tales-of-Jacques-Tournebroche_25407	unavailable				
Anatole France	25408	Child Life in Town and Country	Child-Life-in-Town-and-Country_25408	unavailable				
Anatole France	25409	The Story of the Duchess of Cicogne and of Monsieur de Boulingrin	The-Story-of-the-Duchess-of-Cicogne-and-of-Monsieur-de-Boulingrin_25409	unavailable				
Anatole France	25410	The Miracle of the Great St. Nicolas	The-Miracle-of-the-Great-St-Nicolas_25410	unavailable				
Anatole France	25411	The Seven Wives of Bluebeard	The-Seven-Wives-of-Bluebeard_25411	unavailable				
Anatole France	28695	Our Children: Scenes from the Country and the Town	Our-Children-Scenes-from-the-Country-and-the-Town_28695	unavailable				
Anatole France	32596	The Revolt of the Angels	The-Revolt-of-the-Angels_32596	fetched		454771	e519e7569daf79040e09bed90489dff91d92480787577a5d126788a13427577b	32596.txt
Andre Gide	53226	Oscar Wilde, a study	Oscar-Wilde-a-study_53226	fetched		112549	d6e554251dc14745656b78c15adef0fb61e266688b3305790c05bcd9164c81a7	53226-0.txt
Andre Gide	60914	Prometheus Illbound	Prometheus-Illbound_60914	fetched		97857	1c5de76d268244ec386ac430b0818b9ff57ed7eed96dc1bdd8316083fd69a899	60914-0.txt
Andrew Carnegie	6411	Round the World	Round-the-World_6411	fetched		548098	97e30ef5004814f4fe2220324fa0f6583992c6b0ca715e8ba6cc9f8405ad2cf7	6411-8.txt
Andrew Carnegie	10253	The Gospel of Wealth	The-Gospel-of-Wealth_10253	unavailable				
Andrew Carnegie	17976	Autobiography of Andrew Carnegie	Autobiography-of-Andrew-Carnegie_17976	fetched		703043	aeb1854e1de25efa655be10676939b4bb6695d9ae1543f82608f676cfdb0a641	17976.txt
Andrew Carnegie	26131	James Watt	James-Watt_26131	fetched		357960	8c1c58fdd1ee934a62e4f847e1bcde7bb723f6306d166d80b063b0c7dc08f620	26131.txt
Andrew Carnegie	39790	An American Four-in-Hand in Britain	An-American-Four-in-Hand-in-Britain_39790	fetched		519393	ed12ba2e6fb840d782b0494d90e9ed72697328e9bd7e8731cd0b98a21542cc9a	39790.txt
Andrew Jackson	5016	State of the Union Addresses	State-of-the-Union-Addresses_5016	fetched		537698	d4cd02fb3f191a5654c5efd106157f29b19e778ca03bff5e25900d10683055e4	5016.txt
Andrew Jackson	17415	Money Island	Money-Island_17415	fetched		73950	2583e09be401720f91503babff92c37cd9f82f0bb3ad5e6adf8b97b721fb20ad	17415.txt
Anita Loos	56570	Breaking into the movies	Breaking-into-the-movies_56570	fetched		218456	02adfcc39e959c41ba8fb4764e3e2ccb95c688f0703849a69e33e7f290feebc1	56570-8.txt
Anita Loos	66829	"Gentlemen Prefer Blondes": The Illuminating Diary of a Professional Lady	Gentlemen-Prefer-Blondes-The-Illuminating-Diary-of-a-Professional-Lady_66829	fetched		218397	736fca9575e1b9e6017f507bb0c97ce28c6d2b733b676e95438aea383014c3a2	66829-0.txt
Anton Chekhov	1732	The Schoolmistress, and Other Stories	The-Schoolmistress-and-Other-Stories_1732	fetched		382605	57c70004bf6fda85da16204ce502878f90c43ff77d2e5e75c429fdbccd33a413	1732-0.txt
Anton Chekhov	1753	Swan Song	Swan-Song_1753	fetched		50788	bbbb7b3f09a7f47ea31fccfc55089510628f1f0b4f2666f0194b8939a0d7e961	1753-0.txt
Anton Chekhov	1754	The Sea-Gull	The-Sea-Gull_1754	fetched		125174	e981a95851d209f0853f31d3a15d5f708fa80985bd3e61e9108ae6d80b72d06c	1754-0.txt
Anton Chekhov	1755	Ivanoff: A Play	Ivanoff-A-Play_1755	unavailable				
Anton Chekhov	1756	Uncle Vanya: Scenes from Country Life in Four Acts	Uncle-Vanya-Scenes-from-Country-Life-in-Four-Acts_1756	unavailable				
Anton Chekhov	1883	The Wife, and Other Stories	The-Wife-and-Other-Stories_1883	fetched		455080	524b15eff59f83df72d76a3251fa2b94e9807af16f0057349efe1ce8bd7abea1	1883-0.txt
Anton Chekhov	1944	The Witch, and Other Stories	The-Witch-and-Other-Stories_1944	fetched		439442	c254ff58469e3fab36a77806828cbf64752961d89f9f749527ef7662e73b3485	1944-0.txt
Anton Chekhov	6408	Letters of Anton Chekhov to His Family and Friends	Letters-of-Anton-Chekhov-to-His-Family-and-Friends_6408	fetched		666998	575d7338381f706cbb1fdfc0ac2911ebb9d6605542de32baa19e51a50911cd77	6408-0.txt
Anton Chekhov	7986	Plays by Anton Chekhov, Second Series	Plays-by-Anton-Chekhov-Second-Series_7986	fetched		419064	f6b84ebb9004a28f9510f11f1b1f23b22b51ce0d391e895e2f6ff35f119ebb14	7986-0.txt
Anton Chekhov	12494	Note-Book of Anton Chekhov	Note-Book-of-Anton-Chekhov_12494	fetched		174239	a4a33b7702a1e476914e05d7b730d0a384c7f48e1016202fd4205e55aedb16bc	12494-8.txt
Anton Chekhov	13409	The Horse-Stealers and Other Stories	The-Horse-Stealers-and-Other-Stories_13409	fetched		398941	a580dc79c709d3378a50ec08109ede9e53ab4e0e170091ab5d3572f67187a0a5	13409.txt
Anton Chekhov	13412	The Schoolmaster and Other Stories	The-Schoolmaster-and-Other-Stories_13412	fetched		344103	73f04c839303ca85724c645282253955d190529f7eaeee94b71c97d23cc9ea15	13412-8.txt
Anton Chekhov	13413	The Party and Other Stories	The-Party-and-Other-Stories_13413	fetched		418529	dd77f71624ad22a4ed840ca7df51382244274543e9bec29b8e34748ca0089e00	13413-8.txt
Anton Chekhov	13414	Love, and Other Stories	Love-and-Other-Stories_13414	fetched		380987	28e431cbcc295c03c9511aaca6d3a2c8ecc7e8b25204f97537843bb8aa0052e7	13414-8.txt
Anton Chekhov	13415	The Lady with the Dog and Other Stories	The-Lady-with-the-Dog-and-Other-Stories_13415	fetched		423164	fdd03ea6c74a0d7cc32b35fa60b8e6de863b35424e128df0cb9ac30fef777e38	13415-8.txt
Anton Chekhov	13416	The Darling and Other Stories	The-Darling-and-Other-Stories_13416	fetched		424774	9dd50088485437f04c38a8315794a7730834e9d28dc3645eeba70e22e265aa5e	13416-8.txt
Anton Chekhov	13417	The Cook's Wedding and Other Stories	The-Cook-s-Wedding-and-Other-Stories_13417	fetched		368861	64c43e6e4c6def48df5ab258c676a968759d324beec70670abfa198dc35a4519	13417-8.txt
Anton Chekhov	13418	The Chorus Girl and Other Stories	The-Chorus-Girl-and-Other-Stories_13418	fetched		428600	96ad280d244e619bdcc9c449355c59206d0de50d79e3d4809be4a6f423b5f5a7	13418-0.txt
Anton Chekhov	13419	The Bishop and Other Stories	The-Bishop-and-Other-Stories_13419	fetched		455839	ebb107fde2041c5b95741bf16e2ce4cbc24f50e44de67810e7d85a134faf56d5	13419-8.txt
Anton Chekhov	13505	The Duel and Other Stories	The-Duel-and-Other-Stories_13505	fetched		435773	2e6c617f5ec870edc263e45efad60d30b21a61b3d92968c787d67ef684ea3e38	13505.txt
Anton Chekhov	23055	The Slanderer	The-Slanderer_23055	unavailable				
Anton Chekhov	27411	The House with the Mezzanine and Other Stories	The-House-with-the-Mezzanine-and-Other-Stories_27411	fetched		368146	2ae34eb3a6db0b3463cc3718d925e04dff0e834730ec7f7b04ae63688dad6cfb	27411-8.txt
Anton Chekhov	55283	The Bet, and other stories	The-Bet-and-other-stories_55283	fetched		331939	5c7bd9a1daf75989a0d61ae17d0d6225db758edc93bb1b8f8668ae6340e9a9fa	55283-8.txt
Anton Chekhov	55307	The Black Monk, and Other Stories	The-Black-Monk-and-Other-Stories_55307	fetched		411740	94a61f82ffe8a8f7a864b6410c3edbf0145d71ce0236f366694ebe80e1b7f2c3	55307-8.txt
Anton Chekhov	55351	The Three Sisters	The-Three-Sisters_55351	unavailable				
Artemus Ward	3271	The Complete Works of Artemus Ward — Part 1: Essays, Sketches, and Letters	The-Complete-Works-of-Artemus-Ward-Part-1-Essays-Sketches-and-Letters_3271	fetched		348958	00998b314a2e40ce71a066da80001644adf40c88d0308117a1ed3751b0ea4987	3271.txt
Artemus Ward	3272	The Complete Works of Artemus Ward — Part 2: War	The-Complete-Works-of-Artemus-Ward-Part-2-War_3272	fetched		109051	e2f39afeef6cf4723cf0f9aa00628248e82910873a05e70dbbf6d95b5ede5822	3272.txt
Artemus Ward	3273	The Complete Works of Artemus Ward — Part 3: Stories and Romances	The-Complete-Works-of-Artemus-Ward-Part-3-Stories-and-Romances_3273	fetched		73353	d393c094bbb66b7fefcfc279216fc47fc96213c288531b982ea4072a255a01fd	3273.txt
Artemus Ward	3274	The Complete Works of Artemus Ward — Part 4: To California and Return	The-Complete-Works-of-Artemus-Ward-Part-4-To-California-and-Return_3274	fetched		119217	dfdfda4f3526aa8ea99bcd4eff9c5b2f13ab170a0efda3973bb69c2a69bca7e1	3274.txt
Artemus Ward	3275	The Complete Works of Artemus Ward — Part 5: The London Punch Letters	The-Complete-Works-of-Artemus-Ward-Part-5-The-London-Punch-Letters_3275	fetched		84602	0d8d76608e317646bf97d8fcd6c47bced973f4cfc76df1ced7dacb3db9cb73b1	3275.txt
Artemus Ward	3276	The Complete Works of Artemus Ward — Part 6: Artemus Ward's Panorama	The-Complete-Works-of-Artemus-Ward-Part-6-Artemus-Ward-s-Panorama_3276	fetched		86364	ebcda4526119f5abd3234b2d7e3bcaded3c7bceba420e677ceed94e47a22cb50	3276.txt
Artemus Ward	3277	The Complete Works of Artemus Ward — Part 7: Miscellaneous	The-Complete-Works-of-Artemus-Ward-Part-7-Miscellaneous_3277	fetched		120403	be09b948d8b50d9e317045a54285116c04e178cd6331de350449bbd3b9f64d98	3277.txt
Artemus Ward	6946	The Complete Works of Artemus Ward (HTML edition)	The-Complete-Works-of-Artemus-Ward-HTML-edition_6946	unavailable				
Arthur Balfour	57773	Theism and Humanism	Theism-and-Humanism_57773	unavailable				
Arthur Balfour	68219	Decadence	Decadence_68219	unavailable				
Arthur Conan Doyle	108	The Return of Sherlock Holmes	The-Return-of-Sherlock-Holmes_108	fetched		653587	4da63e0998821e9d7f8a4c587d30e1cad2cb0c21a58f8631956ac9b719b36ae8	108-0.txt
Arthur Conan Doyle	126	The Poison Belt	The-Poison-Belt_126	fetched		187678	f37e5759e72a42c09bd0af0a1c4be4dc0da296368ced6936c978d1b4204a5d05	126.txt
Arthur Conan Doyle	139	The Lost World	The-Lost-World_139	fetched		451813	f6b39bd6c79270d117e0a4e9a8814628e4185d356a0a6d6bd7116e74c389b7d5	139.txt
Arthur Conan Doyle	221	The Return of Sherlock Holmes	The-Return-of-Sherlock-Holmes_221	fetched		653988	2c1a65c6994803f306e590fa92916d0dc0b7d954336b49d9c6a45b74ee212da9	221-0.txt
Arthur Conan Doyle	244	A Study in Scarlet	A-Study-in-Scarlet_244	fetched		272277	af0f6c590ca3901b3f61d5b90acac1ac16abc83e50b8541c9f17aff079829d96	244-0.txt
Arthur Conan Doyle	290	The Stark Munro Letters	The-Stark-Munro-Letters_290	unavailable				
Arthur Conan Doyle	294	The Captain of the Polestar, and Other Tales	The-Captain-of-the-Polestar-and-Other-Tales_294	fetched		496275	8f25f23888b6069f910c7ae74cd5388eb3d90ccc03cd1dc372dfb41a85e13a8c	294-0.txt
Arthur Conan Doyle	355	The Parasite: A Story	The-Parasite-A-Story_355	unavailable				
Arthur Conan Doyle	356	Beyond the City	Beyond-the-City_356	fetched		237596	46f9dfbf9a6c8b7f5af74ba9c4c0370b2df8611203a427cbad9a756d616d05ac	356-0.txt
Arthur Conan Doyle	423	Round the Red Lamp: Being Facts and Fancies of Medical Life	Round-the-Red-Lamp-Being-Facts-and-Fancies-of-Medical-Life_423	unavailable				
Arthur Conan Doyle	439	The Vital Message	The-Vital-Message_439	fetched		189482	4cfa68c78848fccfa698d1f669ea0cea0055ca0ff724250ac7213b1959fab4cf	439.txt
Arthur Conan Doyle	537	Tales of Terror and Mystery	Tales-of-Terror-and-Mystery_537	fetched		440349	45491fc47d00ec1d71c7729da4005d9b5d8eb0d2873a181607d3d512dd4ac919	537.txt
Arthur Conan Doyle	834	The Memoirs of Sherlock Holmes	The-Memoirs-of-Sherlock-Holmes_834	fetched		510601	102dacb09661c6b2c84066be7c55c0877185254df85342efff4383e6ce674fb7	834-0.txt
Arthur Conan Doyle	903	The White Company	The-White-Company_903	fetched		860818	a64106a5ec34554eb3dabf402c715904a76ff19103c444798a8e12f8c85eb232	903-0.txt
Arthur Conan Doyle	1638	The New Revelation	The-New-Revelation_1638	fetched		135279	bb8cade9e4f8ae4621fc27e1b735eb7d868ec0c77ba19e652c594a0f6cc6a3bb	1638.txt
Arthur Conan Doyle	1644	The Adventures of Gerard	The-Adventures-of-Gerard_1644	fetched		381692	22b9ba5e5eb8dbc1d3937087f6701bf62962c0f8b4b98664f26f32eef3731610	1644-0.txt
Arthur Conan Doyle	1661	The Adventures of Sherlock Holmes	The-Adventures-of-Sherlock-Holmes_1661	fetched		594951	87a68129bb1dd7c2eecca7a98f97c27bd507d9901a5e1115de765745a127a82e	1661-8.txt
Arthur Conan Doyle	2097	The Sign of the Four	The-Sign-of-the-Four_2097	fetched		257693	940b404710fc5cc8b3e9b4d19f91c12d8b1657f960eda9dea65a049b3ca05220	2097.txt
Arthur Conan Doyle	2343	The Adventure of Wisteria Lodge	The-Adventure-of-Wisteria-Lodge_2343	fetched		84022	077e62bb3fa14c90eda46b736f5dadf8bc5a62c84e7536ef5cb273735b14d796	2343.txt
Arthur Conan Doyle	2344	The Adventure of the Cardboard Box	The-Adventure-of-the-Cardboard-Box_2344	fetched		67058	0e304912b8754bbc64decf8b2b41bd1bc21223be2d096ef5e429a422d2902355	2344.txt
Arthur Conan Doyle	2345	The Adventure of the Red Circle	The-Adventure-of-the-Red-Circle_2345	fetched		60854	203d1bbbab3e64d01af3861b5e226f45367d60b46bcce48117fd35992c29f0ab	2345.txt
Arthur Conan Doyle	2346	The Adventure of the Bruce-Partington Plans	The-Adventure-of-the-Bruce-Partington-Plans_2346	fetched		81036	e368a3b698d50fa3823069bcf7c02bf6e6f9b9b66aad61ef41192cc69a6b23c4	2346.txt
Arthur Conan Doyle	2347	The Adventure of the Dying Detective	The-Adventure-of-the-Dying-Detective_2347	fetched		52387	ecb70dc59a206c07e18dba482c7072ad5c7659814f5fd59132e98c279e76ce1c	2347.txt
Arthur Conan Doyle	2348	The Disappearance of Lady Frances Carfax	The-Disappearance-of-Lady-Frances-Carfax_2348	fetched		63364	33fc0bcf6f56dab795e3fa49ce9538f51d258a2f27d75eee2ff77cdbedbe201d	2348.txt
Arthur Conan Doyle	2349	The Adventure of the Devil's Foot	The-Adventure-of-the-Devil-s-Foot_2349	fetched		76590	796b5a1430e4bd4ddba758670e3c50100f88b4b0215e306a9e1b64e1b1403a96	2349.txt
Arthur Eddington	29782	Space, Time and Gravitation: An Outline of the General Relativity Theory	Space-Time-and-Gravitation-An-Outline-of-the-General-Relativity-Theory_29782	unavailable				
Arthur Eddington	59248	The Mathematical Theory of Relativity	The-Mathematical-Theory-of-Relativity_59248	fetched		870801	6bdcd08666755d9930ee225cc953707d4fa5a8df48170bf00d874d007b2c0004	59248-8.txt
Arthur Schopenhauer	10714	The Essays of Arthur Schopenhauer; The Art of Literature	The-Essays-of-Arthur-Schopenhauer-The-Art-of-Literature_10714	unavailable				
Arthur Schopenhauer	10715	The Essays of Arthur Schopenhauer; Counsels and Maxims	The-Essays-of-Arthur-Schopenhauer-Counsels-and-Maxims_10715	unavailable				
Arthur Schopenhauer	10731	The Essays of Arthur Schopenhauer; the Art of Controversy	The-Essays-of-Arthur-Schopenhauer-the-Art-of-Controversy_10731	unavailable				
Arthur Schopenhauer	10732	The Essays of Arthur Schopenhauer; Studies in Pessimism	The-Essays-of-Arthur-Schopenhauer-Studies-in-Pessimism_10732	unavailable				
Arthur Schopenhauer	10739	The Essays of Arthur Schopenhauer; On Human Nature	The-Essays-of-Arthur-Schopenhauer-On-Human-Nature_10739	unavailable				
Arthur Schopenhauer	10741	The Essays of Arthur Schopenhauer: the Wisdom of Life	The-Essays-of-Arthur-Schopenhauer-the-Wisdom-of-Life_10741	unavailable				
Arthur Schopenhauer	10833	The Essays of Arthur Schopenhauer; Religion, a Dialogue, Etc.	The-Essays-of-Arthur-Schopenhauer-Religion-a-Dialogue-Etc_10833	unavailable				
Arthur Schopenhauer	11945	Essays of Schopenhauer	Essays-of-Schopenhauer_11945	fetched		454586	4853fb6016e35a9e0c4281c29d3437a8046c592c9d393a1b6d8befbc787ad028	11945-0.txt
Arthur Schopenhauer	26586	Studies in Pessimism	Studies-in-Pessimism_26586	unavailable				
Arthur Schopenhauer	38427	The World as Will and Idea (Vol. 1 of 3)	The-World-as-Will-and-Idea-Vol-1-of-3_38427	unavailable				
Arthur Schopenhauer	40097	The World as Will and Idea (Vol. 2 of 3)	The-World-as-Will-and-Idea-Vol-2-of-3_40097	unavailable				
Arthur Schopenhauer	40868	The World as Will and Idea (Vol. 3 of 3)	The-World-as-Will-and-Idea-Vol-3-of-3_40868	unavailable				
Arthur Schopenhauer	44929	The Basis of Morality	The-Basis-of-Morality_44929	fetched		483074	a47e04124cfd890107eebb0f32fed51457bb8fec005de5e5a10984dcc52471a9	44929-0.txt
Arthur Schopenhauer	50966	On the Fourfold Root of the Principle of Sufficient Reason, and On the Will in Nature: Two Essays (revised edition)	On-the-Fourfold-Root-of-the-Principle-of-Sufficient-Reason-and-On-the-Will-in-Nature-Two-Essays-revised-edition_50966	unavailable				
Arthur Schopenhauer	59024	Index of the Project Gutenberg Works of Arthur Schopenhauer	Index-of-the-Project-Gutenberg-Works-of-Arthur-Schopenhauer_59024	fetched		34123	dd0408258abaee6c6a8a272bb913b3fa0e282c846f034fdfbeaa01b15d2ef5b0	59024-0.txt
Arthur Wellesley	15254	Maxims and Opinions of Field-Marshal His Grace the Duke of Wellington, Selected From His Writings and Speeches During a Public Life of More Than Half a Century	Maxims-and-Opinions-of-Field-Marshal-His-Grace-the-Duke-of-Wellington-Selected-From-His-Writings-and-Speeches-During-a-Public-Life-of-More-Than-Half-a-Century_15254	unavailable				
Arthur Wellesley	35532	The Letters of the Duke of Wellington to Miss J., 1834-1851	The-Letters-of-the-Duke-of-Wellington-to-Miss-J-1834-1851_35532	unavailable				
Ben Jonson	3694	Every Man in His Humour	Every-Man-in-His-Humour_3694	fetched		312697	50de5fe5dd42f8f1a255b6214549f4e10d6d10d5adc1ede901df7c65c0585c91	3694.txt
Ben Jonson	3695	Every Man out of His Humour	Every-Man-out-of-His-Humour_3695	fetched		388225	8ee47360f3c0343754942aecbe88e71ba4f7b80e51510da81662d8d83b4956b7	3695-8.txt
Ben Jonson	3771	Cynthia's Revels; Or, The Fountain of Self-Love	Cynthia-s-Revels-Or-The-Fountain-of-Self-Love_3771	unavailable				
Ben Jonson	4011	Epicoene; Or, The Silent Woman	Epicoene-Or-The-Silent-Woman_4011	unavailable				
Ben Jonson	4039	Volpone; Or, The Fox	Volpone-Or-The-Fox_4039	unavailable				
Ben Jonson	4081	The Alchemist	The-Alchemist_4081	fetched		324456	346134ddf5318076dd39e12dae9e380ac5e843c1a43c6b015e8d8180d6a212b3	4081.txt
Ben Jonson	5134	Discoveries Made Upon Men and Matter and Some Poems	Discoveries-Made-Upon-Men-and-Matter-and-Some-Poems_5134	fetched		221299	0128f2add494cd5e4efb0021e759f2d31a9909ef85e4cd18d596887020b5e6f7	5134-0.txt
Ben Jonson	5166	The Poetaster	The-Poetaster_5166	fetched		341454	67c3f86c86bc111995b75111cabc2da55d23bd1521fa569c96fbab263488a188	5166-8.txt
Ben Jonson	5232	Sejanus: His Fall	Sejanus-His-Fall_5232	unavailable				
Ben Jonson	5333	Every Man in His Humor	Every-Man-in-His-Humor_5333	fetched		316547	c02408bc0e23ef969264a14112ef17c4a114c378d5bbb6995d5025dafed3148c	5333.txt
Ben Jonson	49461	Bartholomew Fair: A Comedy	Bartholomew-Fair-A-Comedy_49461	fetched		245267	bf12dc9e031f3a021cef240013074f7883151477481d5b36ab5ccca083586df1	49461-8.txt
Ben Jonson	50150	The Devil is an Ass	The-Devil-is-an-Ass_50150	fetched		752472	c2c0c5eb21d22c0b561ae1079a825508ad8f09d3790a6eb126cca8b1779579f5	50150-0.txt
Benjamin Disraeli	3760	Sybil, Or, The Two Nations	Sybil-Or-The-Two-Nations_3760	fetched		953264	3425b75155f8e41f2594b4c1405086b764c8c4ace6d5a750ddeb62e6555d519b	3760-0.txt
Benjamin Disraeli	7412	Coningsby; Or, The New Generation	Coningsby-Or-The-New-Generation_7412	unavailable				
Benjamin Disraeli	7487	Count Alarcos; a Tragedy	Count-Alarcos-a-Tragedy_7487	unavailable				
Benjamin Disraeli	7816	The Voyage of Captain Popanilla	The-Voyage-of-Captain-Popanilla_7816	fetched		225072	ae1b03e3287a3a692c5345ef096aece08b6d243e63bb05f42f50e0ba3d4778fe	7816-0.txt
Benjamin Disraeli	7835	Lothair	Lothair_7835	fetched		911795	a880d008c76415576b9057f3bc56c5875eb274d5ce053ef49e31cfa98aa3e2ef	7835-0.txt
Benjamin Disraeli	7842	The Rise of Iskander	The-Rise-of-Iskander_7842	fetched		175325	9790fc3de795eade142c25016a0ed601e36045d06fdf13b8dbf181b9d45e9252	7842-0.txt
Benjamin Disraeli	7926	Endymion	Endymion_7926	fetched		1031190	79412edc0a9c71f83fe08e99160bbda79d6be8552e7a6f66f0ddcf6c65a534a2	7926-0.txt
Benjamin Disraeli	9840	Vivian Grey	Vivian-Grey_9840	fetched		1156790	b64a42145d9b36bfcb0978720ff02e702071a9b8bb5e11858cb7a0f5ff93d4e9	9840-0.txt
Benjamin Disraeli	11869	Venetia	Venetia_11869	fetched		959652	5b288e11ed1ea1fe45b8e503521817e04a5ba438f6a363358d8231022e7443ef	11869-8.txt
Benjamin Disraeli	19771	Henrietta Temple: A Love Story	Henrietta-Temple-A-Love-Story_19771	unavailable				
Benjamin Disraeli	19781	Sketches	Sketches_19781	fetched		297810	ddc6c732c78a66f34e087912aa469e6703f78fcab6f1451dac10a8748e9480d5	19781-0.txt
Benjamin Disraeli	20002	Alroy: The Prince of the Captivity	Alroy-The-Prince-of-the-Captivity_20002	unavailable				
Benjamin Disraeli	20003	The Infernal Marriage	The-Infernal-Marriage_20003	fetched		139588	b9e1fb9a5f318caf19cb47feb93e0c4148b32773d940e257195bf8b5c6a1dea2	20003-0.txt
Benjamin Disraeli	20004	Tancred; Or, The New Crusade	Tancred-Or-The-New-Crusade_20004	unavailable				
Benjamin Disraeli	20007	Lord George Bentinck: A Political Biography	Lord-George-Bentinck-A-Political-Biography_20007	unavailable				
Benjamin Disraeli	20008	The Young Duke	The-Young-Duke_20008	fetched		677841	c0f83c5ea997f21238e42cac4d096bac81544c96422a1c20161fac844f7bd859	20008-0.txt
Benjamin Disraeli	20009	Ixion In Heaven	Ixion-In-Heaven_20009	fetched		71616	a71a36c0ab714a4162a04be4f9c6419992e87989607be92bbb360c4bf42d629d	20009-0.txt
Benjamin Disraeli	58739	Index of the Project Gutenberg Works of Benjamin Disraeli	Index-of-the-Project-Gutenberg-Works-of-Benjamin-Disraeli_58739	fetched		42638	d1c3f91207f40949189aca76e442ced5ca37ca933dcdaef54322665a47987ba7	58739-0.txt
Benjamin Franklin	148	The Autobiography of Benjamin Franklin	The-Autobiography-of-Benjamin-Franklin_148	fetched		405530	4569f58208f99440992a811d7c2b1c4f7b4dc166196ad01360f8d0e37fbf7d1f	148-8.txt
Benjamin Franklin	12712	Dialogue Between Franklin and the Gout	Dialogue-Between-Franklin-and-the-Gout_12712	unavailable				
Benjamin Franklin	17302	Transactions of the American Society of Civil Engineers, vol. LXVIII, Sept. 1910	Transactions-of-the-American-Society-of-Civil-Engineers-vol-LXVIII-Sept-1910_17302	unavailable				
Benjamin Franklin	17361	The German Element in Brazil	The-German-Element-in-Brazil_17361	unavailable				
Benjamin Franklin	20203	Autobiography of Benjamin Franklin	Autobiography-of-Benjamin-Franklin_20203	fetched		467196	b925e598db20dd68d2e5ded5d2961dc67bbd484042eefd953579897fe0795423	20203-8.txt
Benjamin Franklin	27571	Christianity and Greek Philosophy	Christianity-and-Greek-Philosophy_27571	unavailable				
Benjamin Franklin	31335	History of the Constitutions of Iowa	History-of-the-Constitutions-of-Iowa_31335	fetched		284497	6eba5855f7cef51d34f710ec75be5a52e989870ee770205b4008d6d2f9b1722a	31335.txt
Benjamin Franklin	35508	Benjamin Franklin	Benjamin-Franklin_35508	unavailable				
Benjamin Franklin	36151	Franklin's Autobiography	Franklin-s-Autobiography_36151	unavailable				
Benjamin Franklin	36338	Memoirs of Benjamin Franklin; Written by Himself. [Vol. 1 of 2]	Memoirs-of-Benjamin-Franklin-Written-by-Himself-Vol-1-of-2_36338	unavailable				
Benjamin Franklin	38408	The Captive in Patagonia	The-Captive-in-Patagonia_38408	fetched		373708	41cf0ab1078c285a6eb4fdb6a727d1e746580e3e7ef59409c8b32e34821fa665	38408-8.txt
Benjamin Franklin	40225	America Discovered by the Welsh in 1170 A.D.	America-Discovered-by-the-Welsh-in-1170-A-D_40225	unavailable				
Benjamin Franklin	40236	Memoirs of Benjamin Franklin; Written by Himself. [Vol. 2 of 2]	Memoirs-of-Benjamin-Franklin-Written-by-Himself-Vol-2-of-2_40236	unavailable				
Benjamin Franklin	41221	The Pre-Columbian Discovery of America by the Northmen	The-Pre-Columbian-Discovery-of-America-by-the-Northmen_41221	fetched		345813	becc6004cb0e096824fe6aad84692f25f038bf4f6a75e0a82bb1f9ff60b8f13b	41221.txt
Benjamin Franklin	41485	Makers and Romance of Alabama History	Makers-and-Romance-of-Alabama-History_41485	fetched		904267	9732a5fa4aae93e4fb4652b9742999b4752b555d5a18f91702ade8d9a99db53f	41485-8.txt
Benjamin Franklin	41787	Reports of the Committee on the Conduct of the War	Reports-of-the-Committee-on-the-Conduct-of-the-War_41787	unavailable				
Benjamin Franklin	43809	Benjamin Franklin and the First Balloons	Benjamin-Franklin-and-the-First-Balloons_43809	fetched		56223	f14b5e45e17f2e04b51b8b121541de48688c02f66526cd7a7c2592ef5d4824b2	43809-8.txt
Benjamin Franklin	43855	Franklin's Way to Wealth; or, "Poor Richard Improved"	Franklin-s-Way-to-Wealth-or-Poor-Richard-Improved_43855	unavailable				
Benjamin Franklin	45515	Experiments and Observations on Electricity Made at Philadelphia in America	Experiments-and-Observations-on-Electricity-Made-at-Philadelphia-in-America_45515	fetched		154378	43e0bd0bc5d9f0ab1bf10c626782e651f4bfd8c0cca5fdc9a0157c33b62baf0c	45515.txt
Benjamin Franklin	46544	The Theistic Conception of the World	The-Theistic-Conception-of-the-World_46544	unavailable				
Benjamin Franklin	48136	The Complete Works in Philosophy, Politics and Morals of the late Dr. Benjamin Franklin, Vol. 1 [of 3]	The-Complete-Works-in-Philosophy-Politics-and-Morals-of-the-late-Dr-Benjamin-Franklin-Vol-1-of-3_48136	unavailable				
Benjamin Franklin	48137	The Complete Works in Philosophy, Politics and Morals of the late Dr. Benjamin Franklin, Vol. 2 [of 3]	The-Complete-Works-in-Philosophy-Politics-and-Morals-of-the-late-Dr-Benjamin-Franklin-Vol-2-of-3_48137	unavailable				
Benjamin Franklin	48138	The Complete Works in Philosophy, Politics and Morals of the late Dr. Benjamin Franklin, Vol. 3 [of 3]	The-Complete-Works-in-Philosophy-Politics-and-Morals-of-the-late-Dr-Benjamin-Franklin-Vol-3-of-3_48138	unavailable				
Benjamin Franklin	56404	A Book of Gems, or, Choice selections from the writings of Benjamin Franklin	A-Book-of-Gems-or-Choice-selections-from-the-writings-of-Benjamin-Franklin_56404	unavailable				
Benjamin Franklin	58676	Index of the Project Gutenberg Works of Benjamin Franklin	Index-of-the-Project-Gutenberg-Works-of-Benjamin-Franklin_58676	fetched		57496	54998b06b71e77aea9c77d1cb72f660c149c43bb979c7df1f6a46dcc74beda94	58676-0.txt
Blaise Pascal	18269	Pascal's Pensées	Pascal-s-Pensees_18269	unavailable				
Blaise Pascal	46921	The Thoughts of Blaise Pascal	The-Thoughts-of-Blaise-Pascal_46921	fetched		699218	82694d790e9db00b368f8feb90fec2c90a039baa94cee2660f7dfab6bc9c8cf2	46921-0.txt
Bliss Carman	12389	Sappho: One Hundred Lyrics	Sappho-One-Hundred-Lyrics_12389	unavailable				
Bliss Carman	18007	More Songs From Vagabondia	More-Songs-From-Vagabondia_18007	fetched		92458	3f560767048598549b132567d2846523b7840889e30366c82f0f44a26f2e9306	18007-8.txt
Bliss Carman	18238	Songs from Vagabondia	Songs-from-Vagabondia_18238	fetched		70557	d511d21910274447bcae60ad9b9aeb4723e77c01387569aab72d6f5238b32ac5	18238-8.txt
Bliss Carman	18242	Behind the Arras: A Book of the Unseen	Behind-the-Arras-A-Book-of-the-Unseen_18242	unavailable				
Bliss Carman	18268	Ballads of Lost Haven: A Book of the Sea	Ballads-of-Lost-Haven-A-Book-of-the-Sea_18268	unavailable				
Bliss Carman	19583	A Vagabond Song	A-Vagabond-Song_19583	unavailable				
Bliss Carman	33417	Later Poems	Later-Poems_33417	fetched		203708	6c986955341c419801e2a46fdd225741ed94d6e3a126d0bf0c67a70bb97c2b6d	33417-8.txt
Bliss Carman	53053	By the Aurelian Wall, and Other Elegies	By-the-Aurelian-Wall-and-Other-Elegies_53053	fetched		73079	ccbdc8434409113794ee185a4de5d7e7e8f685afde8beca911d7ebe969fe1fb3	53053-0.txt
Bliss Carman	56300	Low Tide on Grand Pré: A Book of Lyrics	Low-Tide-on-Grand-Pre-A-Book-of-Lyrics_56300	fetched		82076	6ab0f634b32e24c1c7e37346d65d0cfb9a6035eff5062e9e2b6bbf1f5c45a454	56300-0.txt
Booker T. Washington	2376	Up from Slavery: An Autobiography	Up-from-Slavery-An-Autobiography_2376	unavailable				
Booker T. Washington	26507	The Future of the American Negro	The-Future-of-the-American-Negro_26507	fetched		243099	e278dbde414857372b383d883d49fa3c4a14b681d8e48cca0673d0c37ed2b92a	26507-8.txt
Booker T. Washington	35399	The Negro in the South	The-Negro-in-the-South_35399	unavailable				
Booker T. Washington	45125	The Story of Slavery	The-Story-of-Slavery_45125	fetched		65433	797343cb13cb7f8e0f61c97cf21c79eda6a58db0aa8428eae59d8b1f6b02e7cd	45125.txt
Booker T. Washington	60484	Character Building	Character-Building_60484	unavailable				
Booker T. Washington	61223	The Man Farthest Down: A Record of Observation and Study in Europe	The-Man-Farthest-Down-A-Record-of-Observation-and-Study-in-Europe_61223	fetched		516629	7256a9777de7c017166f72d998aacd6e747763bada373e5111eb3c051af87839	61223-8.txt
Booker T. Washington	61953	The Story of My Life and Work	The-Story-of-My-Life-and-Work_61953	fetched		511193	d1bb7a828ed27473e5e54be135c24bc7fd743b8ff4cee9ad5b73dc58146ddd76	61953-0.txt
Booker T. Washington	63620	Putting the Most Into Life	Putting-the-Most-Into-Life_63620	fetched		63726	4c1cc29709f7a3e727682db62f3f7c4499c0fdfd06624a984d9fe11089ca4189	63620-0.txt
Booker T. Washington	64504	Working With the Hands	Working-With-the-Hands_64504	unavailable				
Calvin Coolidge	5036	State of the Union Addresses	State-of-the-Union-Addresses_5036	fetched		342979	48c3663d33fbd7966a1e3b640e6864fd4b2c9c7892b6bc384470921f1983292b	5036.txt
Calvin Coolidge	13748	Have faith in Massachusetts; 2d ed.	Have-faith-in-Massachusetts-2d-ed_13748	unavailable				
Charles Babbage	1216	Reflections on the Decline of Science in England, and on Some of Its Causes	Reflections-on-the-Decline-of-Science-in-England-and-on-Some-of-Its-Causes_1216	fetched		329700	c3e300c4e68133cea4dbc2420d76d3987e029008ca9f21d06eecb9474d51288d	1216.txt
Charles Babbage	4238	On the Economy of Machinery and Manufactures	On-the-Economy-of-Machinery-and-Manufactures_4238	fetched		640491	e4a77ff8dbcc6e46d3ec82dff2595667d83ebe23e9f816ddf1f2a7a5cde9c6d1	4238.txt
Charles Babbage	57532	Passages from the Life of a Philosopher	Passages-from-the-Life-of-a-Philosopher_57532	fetched		903685	a516da08c65ddbd295165eee021afe94832e1d7bbbb2200ba564fbff4681224b	57532-0.txt
Charles Darwin	944	The Voyage of the Beagle	The-Voyage-of-the-Beagle_944	fetched		1227342	24b8d915eb5f61c091ee66403096bb3a950e3c0cb310caf086b6be0cc86781f1	944.txt
Charles Darwin	1227	The Expression of the Emotions in Man and Animals	The-Expression-of-the-Emotions-in-Man-and-Animals_1227	fetched		676653	5d5afa838d8340774bfe37377d29f289b23db0194553cd335b625a62d83c4f7e	1227-8.txt
Charles Darwin	1228	On the Origin of Species By Means of Natural Selection	On-the-Origin-of-Species-By-Means-of-Natural-Selection_1228	unavailable				
Charles Darwin	2009	The Origin of Species by Means of Natural Selection	The-Origin-of-Species-by-Means-of-Natural-Selection_2009	unavailable				
Charles Darwin	2010	The Autobiography of Charles Darwin	The-Autobiography-of-Charles-Darwin_2010	fetched		148522	eb2c4e03f7eff1ac5c6fdaa865099e8238df712d04e820c24d7768f6961cde96	2010.txt
Charles Darwin	2087	Life and Letters of Charles Darwin — Volume 1	Life-and-Letters-of-Charles-Darwin-Volume-1_2087	unavailable				
Charles Darwin	2088	Life and Letters of Charles Darwin — Volume 2	Life-and-Letters-of-Charles-Darwin-Volume-2_2088	unavailable				
Charles Darwin	2300	The Descent of Man, and Selection in Relation to Sex	The-Descent-of-Man-and-Selection-in-Relation-to-Sex_2300	fetched		1906909	495e818719d294afbc76233c1a8c5e7f39dd8d4b40e046520b7442b66a8852d7	2300.txt
Charles Darwin	2354	Note on the Resemblances and Differences in the Structure and the Development of the Brain in Man and Apes	Note-on-the-Resemblances-and-Differences-in-the-Structure-and-the-Development-of-the-Brain-in-Man-and-Apes_2354	unavailable				
Charles Darwin	2355	The Formation of Vegetable Mould Through the Action of Worms	The-Formation-of-Vegetable-Mould-Through-the-Action-of-Worms_2355	unavailable				
Charles Darwin	2485	The Movements and Habits of Climbing Plants	The-Movements-and-Habits-of-Climbing-Plants_2485	fetched		345611	c35727a8c34ddd3d91d5a3c0f08fcee2b1bff02212386abf455c01f016696278	2485-0.txt
Charles Darwin	2690	Coral Reefs	Coral-Reefs_2690	fetched		535815	6fad710ab78632f1d7a4aec7699e0bda660b935c20e2b956f6f83096987345e5	2690.txt
Charles Darwin	2739	More Letters of Charles Darwin — Volume 1	More-Letters-of-Charles-Darwin-Volume-1_2739	unavailable				
Charles Darwin	2740	More Letters of Charles Darwin — Volume 2	More-Letters-of-Charles-Darwin-Volume-2_2740	unavailable				
Charles Darwin	2871	The Variation of Animals and Plants under Domestication — Volume 1	The-Variation-of-Animals-and-Plants-under-Domestication-Volume-1_2871	fetched		1223536	7cf50b6260d165aaa718039dab025b52c0198749643e56d67bac64faaf11ed63	2871.txt
Charles Darwin	2872	The Variation of Animals and Plants under Domestication — Volume 2	The-Variation-of-Animals-and-Plants-under-Domestication-Volume-2_2872	fetched		1273475	e11449afabb0acba1812008182eeaef70690984a688355cfaf96e3c62749c220	2872.txt
Charles Darwin	3054	Volcanic Islands	Volcanic-Islands_3054	fetched		371479	e5e636282b365cb6286945fd2f5153eafa312d2f114d354f9ec3ec229caf25fb	3054.txt
Charles Darwin	3332	The Variation of Animals and Plants under Domestication	The-Variation-of-Animals-and-Plants-under-Domestication_3332	unavailable				
Charles Darwin	3620	Geological Observations on South America	Geological-Observations-on-South-America_3620	fetched		854124	dc09842ef88d428a78433a9a8081b26905a471ed5922617c72d31bf6a15d56ab	3620.txt
Charles Darwin	3704	Journal of Researches into the Natural History and Geology of the Countries Visited During the Voyage Round the World of H.M.S. Beagle Under the Command of Captain Fitz Roy, R.N.	Journal-of-Researches-into-the-Natural-History-and-Geology-of-the-Countries-Visited-During-the-Voyage-Round-the-World-of-H-M-S-Beagle-Under-the-Command-of-Captain-Fitz-Roy-R-N_3704	unavailable				
Charles Darwin	3807	The Different Forms of Flowers on Plants of the Same Species	The-Different-Forms-of-Flowers-on-Plants-of-the-Same-Species_3807	fetched		663855	97808318237ecdf74d30ecdb6d3c513f728dbad04bd81ce23cc4960a864f38ed	3807.txt
Charles Darwin	4022	Coral Reefs; Volcanic Islands; South American Geology — Complete	Coral-Reefs-Volcanic-Islands-South-American-Geology-Complete_4022	unavailable				
Charles Darwin	4346	The Effects of Cross & Self-Fertilisation in the Vegetable Kingdom	The-Effects-of-Cross-Self-Fertilisation-in-the-Vegetable-Kingdom_4346	fetched		987646	62dc138d0f0945b8ce241dddc07f624eb5362cba4977d7294b9acab5de9002f5	4346.txt
Charles Darwin	5605	The Power of Movement in Plants	The-Power-of-Movement-in-Plants_5605	fetched		1167976	8d1f9edd36286a09d48cbf9ea26d980cf9cbbaf52de0f6bdc123c17d42fdfd6d	5605.txt
Charles Darwin	5765	Insectivorous Plants	Insectivorous-Plants_5765	fetched		964898	63f88442f07c83cd441f1f16cee13b146d8d37ea4c9dbddc20e3183751724ebb	5765.txt
Charles Davenport	48288	Inheritance of Characteristics in Domestic Fowl	Inheritance-of-Characteristics-in-Domestic-Fowl_48288	fetched		429705	74f7ef91470eedd1cb97f21041ab891f086039c7fdc6e4fad331f21d63287e07	48288-0.txt
Charles Dickens	46	A Christmas Carol in Prose; Being a Ghost Story of Christmas	A-Christmas-Carol-in-Prose-Being-a-Ghost-Story-of-Christmas_46	unavailable				
Charles Dickens	98	A Tale of Two Cities	A-Tale-of-Two-Cities_98	fetched		804335	2fcfa071498b30724bd1bd714ba89e38477d632b86d74e87559f6259d3917e36	98-0.txt
Charles Dickens	564	The Mystery of Edwin Drood	The-Mystery-of-Edwin-Drood_564	fetched		587966	2ed4f87346205d6c5a696d62008f5745db58b8e4ae5fa83926d990b024f9f5a2	564-0.txt
Charles Dickens	580	The Pickwick Papers	The-Pickwick-Papers_580	fetched		1855144	d4e007ec55fe5918bf5d4ebb5f2ce5ee08c9193c54f424b5dd7ef188314b2dfe	580-0.txt
Charles Dickens	588	Master Humphrey's Clock	Master-Humphrey-s-Clock_588	fetched		299829	be697b90d17440f3622033adf91e4576fa8d01acabcc4128f929e0b3cda70c9f	588-0.txt
Charles Dickens	644	The Haunted Man and the Ghost's Bargain	The-Haunted-Man-and-the-Ghost-s-Bargain_644	fetched		216027	60ee5883f93468512ad25ffa62a2328f74f9262a4c76bb53d6bb246ebf8178ef	644-0.txt
Charles Dickens	650	Pictures from Italy	Pictures-from-Italy_650	fetched		445119	1aeea02a6fdc9f310ec58d890229a94df6cda0fe0e377c6f6f81e24d20d90901	650-0.txt
Charles Dickens	653	The Chimes	The-Chimes_653	unavailable				
Charles Dickens	675	American Notes	American-Notes_675	fetched		624215	4a01f8def4615e84dd5c6d54badcbbfed68213d3d0b11771d419a0abbe5183a6	675-0.txt
Charles Dickens	676	The Battle of Life	The-Battle-of-Life_676	unavailable				
Charles Dickens	678	The Cricket on the Hearth: A Fairy Tale of Home	The-Cricket-on-the-Hearth-A-Fairy-Tale-of-Home_678	unavailable				
Charles Dickens	699	A Child's History of England	A-Child-s-History-of-England_699	fetched		944565	252d2edc753a755d6f283c7d8db7fd5324259af38207857d8802f96c62f87ec0	699.txt
Charles Dickens	700	The Old Curiosity Shop	The-Old-Curiosity-Shop_700	fetched		1282845	1ac47a361e2320875efa31d9307727f4ad705cc7af54260886d707468b9b5b3c	700-0.txt
Charles Dickens	730	Oliver Twist	Oliver-Twist_730	fetched		936281	439543573a12e30e9bc1472ca8d2754a0bc20d06cc529a0f3efb148816792a0d	730.txt
Charles Dickens	766	David Copperfield	David-Copperfield_766	fetched		2033142	405d8997c6c5047c6b3ceb5ad1388bd2d30aa78598952744e23a23cea7100e6b	766-0.txt
Charles Dickens	786	Hard Times	Hard-Times_786	fetched		626055	086a962bb93eb533c51b869136fc9bb7c472d4e302f090e2691d130538593813	786-0.txt
Charles Dickens	807	Hunted Down: The Detective Stories of Charles Dickens	Hunted-Down-The-Detective-Stories-of-Charles-Dickens_807	fetched		69274	9cc58040738fd3b06469ba3d3c1784c0f2be18277699de9c2e98af3f2f196338	807-0.txt
Charles Dickens	809	Holiday Romance	Holiday-Romance_809	fetched		98922	6ff3a273bfe1f1ac2cc3eb63e785847a401643bcf775fbab5ec96839ae958651	809-0.txt
Charles Dickens	810	George Silverman's Explanation	George-Silverman-s-Explanation_810	fetched		82879	cfbbbfff3bf996854e464a779830c4b0f24f6c2b463339294440b4f34b4516f7	810-0.txt
Charles Dickens	821	Dombey and Son	Dombey-and-Son_821	fetched		2093834	ec231adef7020a10dc8e622aa9f90db0224cb1803ac3f65f620d66470de9f024	821-0.txt
Charles Dickens	824	Speeches: Literary and Social	Speeches-Literary-and-Social_824	fetched		602137	213b6eab6ee256d83227f381b52c366bcc799b170bf5133f34c95b9216201948	824-0.txt
Charles Dickens	872	Reprinted Pieces	Reprinted-Pieces_872	fetched		555144	e28ee928739549ae4a128e7dec98cb1073ea74a4ed200412bae144acc14b0b0c	872-0.txt
Charles Dickens	882	Sketches by Boz, Illustrative of Every-Day Life and Every-Day People	Sketches-by-Boz-Illustrative-of-Every-Day-Life-and-Every-Day-People_882	fetched		1569288	5ce3db563db47d8a0163f7276d728664fa8792b2b4c800292fef5be26d91637e	882-0.txt
Charles Dickens	883	Our Mutual Friend	Our-Mutual-Friend_883	fetched		1872025	092299711cc8a4f8ab54c2ba0cc23dcd0be2d85c03270ff97725d94be570c31f	883-0.txt
Charles Dickens	888	The Lazy Tour of Two Idle Apprentices	The-Lazy-Tour-of-Two-Idle-Apprentices_888	fetched		254715	460ea0ac877a8d49e205c010ba87fc2f8776d856d1e21c706ac694c1f9d473d2	888-0.txt
Charles Ives	3673	Essays Before a Sonata	Essays-Before-a-Sonata_3673	fetched		214951	cc6a7ccb4ce65725dacc1c89b283e6c854c9c5427ee361100be0dd00c35e4832	3673.txt
Charles Kendall Adams	52766	A History of the United States	A-History-of-the-United-States_52766	fetched		1233439	0f35b90fbbbac84c27f4489d85d9df33d98d468d7b1733492ee0117ace4210d1	52766-0.txt
Charles Kendall Adams	54929	Christopher Columbus: His Life and His Work	Christopher-Columbus-His-Life-and-His-Work_54929	fetched		443620	08de80b3ad9b06a18a9596ce08f890d637421031d74ed5e9679dd5abd5ceb526	54929-0.txt
Charles Spurgeon	42518	Talks to Farmers	Talks-to-Farmers_42518	fetched		542694	de2b3e74868faa574ac33564460eda8c7fffa7b1965b8af29c0524fa8919af10	42518-8.txt
Charles Spurgeon	42558	The Art of Illustration	The-Art-of-Illustration_42558	fetched		285158	c3fd356ca456557ccac4e5af4ecca7d8024465df29edb41be19dd714825221ec	42558-8.txt
Charles Spurgeon	42657	Gleanings among the Sheaves	Gleanings-among-the-Sheaves_42657	fetched		219705	a7f81daa2c304b5e1e111d8b8a81daf8e5a439b7db02a698317b941c40b684d1	42657-8.txt
Charles Spurgeon	60669	Around the Wicket Gate	Around-the-Wicket-Gate_60669	unavailable				
Charles Stuart Calverley	4096	Verses and Translations	Verses-and-Translations_4096	fetched		150149	1bb1b4954f167c58f9f227039fdd0a4315880690f3b2e47be3a0af86865d8877	4096-0.txt
Charles Stuart Calverley	4739	Fly Leaves	Fly-Leaves_4739	fetched		100148	e55608c9605457398234b7522c16d57c77ca39ea4afae69dbbc73ea414687d86	4739-0.txt
Christopher Morley	172	The Haunted Bookshop	The-Haunted-Bookshop_172	fetched		375241	d20aa2b66652946b2162cce5973667295c4c5c7d8443704e1a0a1adc2f0546cf	172.txt
Christopher Morley	1402	Where the Blue Begins	Where-the-Blue-Begins_1402	fetched		252170	5680896fff9985c60f5fa8b42f41b613129328eb33082e07e654403423e70da8	1402-0.txt
Christopher Morley	4249	In the Sweet Dry and Dry	In-the-Sweet-Dry-and-Dry_4249	fetched		177205	6d08081775214bf48a9884256a1844b5af84bb225e9184685821592c20a1673c	4249.txt
Christopher Morley	5311	Parnassus on Wheels	Parnassus-on-Wheels_5311	fetched		215361	26fa606a7f5e83c69aa120a525bd766960871e86aba79314db22d9fc26cf6b93	5311.txt
Christopher Morley	7208	Kathleen	Kathleen_7208	fetched		139302	1e44037e50164ab6c3e63f0e58145fbdd340f6911044bbd7e7135820618756bc	7208-0.txt
Christopher Morley	13694	Mince Pie	Mince-Pie_13694	fetched		320942	58297307a738db25263fc978eee8afa975d165fa7d74abff5d46943ef2c2e8ca	13694-8.txt
Christopher Morley	13739	Shandygaff	Shandygaff_13739	unavailable				
Christopher Morley	15794	Plum Pudding: Of Divers Ingredients, Discreetly Blended & Seasoned	Plum-Pudding-Of-Divers-Ingredients-Discreetly-Blended-Seasoned_15794	unavailable				
Christopher Morley	22699	Pipefuls	Pipefuls_22699	fetched		348815	c5b080ecb700ea56c1672102ccaa26681be4734a0c89cb73a89e258f6ec3ffc2	22699.txt
Christopher Morley	23196	Songs for a Little House	Songs-for-a-Little-House_23196	fetched		83939	388e28f8f427d3934ca6fb0308636b84715b93cf90d422ce2dfb8d3e4e4efb09	23196.txt
Christopher Morley	37852	Chimneysmoke	Chimneysmoke_37852	fetched		136979	d14d47aacb7deea6b607d4f4aef62d53fad4c02c20cc190fa04024e633923c77	37852.txt
Christopher Morley	51957	Tales from a Rolltop Desk	Tales-from-a-Rolltop-Desk_51957	fetched		343134	fea7fe7cbac7b4dbfaf2b3d184a4098c9cf09128b9f9977090418aa4870f47cf	51957-0.txt
Christopher Morley	51984	Thursday Evening: A Comedy in One Act	Thursday-Evening-A-Comedy-in-One-Act_51984	fetched		52848	a647a7642238f7e1bdf6bab38b9c71ba067154f4e76bd919c9a795cb3757b9ff	51984.txt
Christopher Morley	59614	Index of the Project Gutenberg Works of Christopher Morley	Index-of-the-Project-Gutenberg-Works-of-Christopher-Morley_59614	fetched		34019	078afd6eb702684ee2a6003df4780744aaeb5f5bdec523f195f2763b2dc918f5	59614-0.txt
Christopher Morley	66145	Religio Journalistici	Religio-Journalistici_66145	fetched		73173	04f3dbcfb6a154a02e4bbe7b7729e09adfe92193f0ad53b418f36742ad59425a	66145-0.txt
Christopher Morley	67188	The Powder of Sympathy	The-Powder-of-Sympathy_67188	fetched		455503	51755af9fa1b1434918d6c63d791fd0a458c8649e2b582c2f98d7b266ec2039b	67188-0.txt
Confucius	3330	The Analects of Confucius (from the Chinese Classics)	The-Analects-of-Confucius-from-the-Chinese-Classics_3330	fetched		186354	717cd5d679d45ee8f297dc55d9f81551679dd6a3786d74104431afc0347efcaa	3330.txt
Confucius	10056	Chinese Literature	Chinese-Literature_10056	unavailable				
Confucius	24055	The Sayings of Confucius	The-Sayings-of-Confucius_24055	fetched		195959	126f486b789c8ffae8e2ad28368bd8ebe12ec96b8b066d76ffd13e43bdd50a40	24055.txt
Confucius	33815	The Wisdom of Confucius	The-Wisdom-of-Confucius_33815	unavailable				
Confucius	46389	The Sayings of Confucius	The-Sayings-of-Confucius_46389	unavailable				
D.H. Lawrence	217	Sons and Lovers	Sons-and-Lovers_217	fetched		944144	87820b8a61a6e7a664020942c86538eafc8765afaceb05832bf808565f93b2b7	217-0.txt
D.H. Lawrence	4216	Touch and Go: A Play in Three Acts	Touch-and-Go-A-Play-in-Three-Acts_4216	unavailable				
D.H. Lawrence	4240	Women in Love	Women-in-Love_4240	fetched		1097028	67246b2d80c8d4bd4a935c35d7780663e86b3078cd8965decda868d60276cf71	4240-0.txt
D.H. Lawrence	4520	Aaron's Rod	Aaron-s-Rod_4520	fetched		677289	a0ebd9c0a8ce806e080f1eec9e9d4e64ac6d4f6866bb7fe1a4c046dbead043e6	4520-0.txt
D.H. Lawrence	6544	Aaron's Rod	Aaron-s-Rod_6544	unavailable				
D.H. Lawrence	8914	England, My England	England-My-England_8914	fetched		385136	8aa8b9ce0993dc3c9b605d584148b9d74f4d04c4311efd2a9c2a5c8716784cac	8914-8.txt
D.H. Lawrence	9497	Twilight in Italy	Twilight-in-Italy_9497	fetched		343368	32514e060b1c8ef22c83c95e3244361920ad43d8cf1e2a624c9b9e5b32a17a21	9497-8.txt
D.H. Lawrence	9498	The Trespasser	The-Trespasser_9498	fetched		427869	0d0f249effa61a05f548bd398c4d96195193f60f02d0b124003e303b24151e3d	9498-8.txt
D.H. Lawrence	19838	Embankment at Night	Embankment-at-Night_19838	unavailable				
D.H. Lawrence	20654	Fantasia of the Unconscious	Fantasia-of-the-Unconscious_20654	fetched		385080	78ed2c088ba427cfbc2931229860baa1ee5715cbe32801d12f830d570ab7b1ec	20654.txt
D.H. Lawrence	22475	Tortoises	Tortoises_22475	fetched		40888	597bc87d330fea13fa3df0e6110e8ffd7fbff00cd23291f82cb48244d577db03	22475-8.txt
D.H. Lawrence	22477	Wintry Peacock	Wintry-Peacock_22477	unavailable				
D.H. Lawrence	22480	The Prussian Officer	The-Prussian-Officer_22480	fetched		470177	0a68a13fde0dd114660e62da0143b8bd7571d9377a1925a565e5c339e227aec4	22480-0.txt
D.H. Lawrence	22531	Amores: Poems	Amores-Poems_22531	unavailable				
D.H. Lawrence	22726	New Poems	New-Poems_22726	fetched		64086	cd44dfff7faff9e433eee7c7f2dddcb318c2a455afb747118e253a49b81c6e44	22726-8.txt
D.H. Lawrence	22734	Bay: A Book of Poems	Bay-A-Book-of-Poems_22734	unavailable				
D.H. Lawrence	23394	Look! We Have Come Through!	Look-We-Have-Come-Through_23394	unavailable				
D.H. Lawrence	23727	The Lost Girl	The-Lost-Girl_23727	fetched		809010	3fe76ab7805eba6b80351c8fb58dd19f0c19a962a0edf41e94317869598f7ad7	23727.txt
D.H. Lawrence	28948	The Rainbow	The-Rainbow_28948	fetched		1074479	d94ee1594d694679a1fabee2130549cb8738114cc6dd88449657cc3b1f74bccb	28948-8.txt
D.H. Lawrence	30276	Some Imagist Poets: An Anthology	Some-Imagist-Poets-An-Anthology_30276	unavailable				
D.H. Lawrence	37206	Sea and Sardinia	Sea-and-Sardinia_37206	fetched		463232	9e54e1ee1c06f3b0baf4af998b8cf4e01b5d9ec3d0946f5faf37a59969e6a87f	37206-8.txt
D.H. Lawrence	37469	Some Imagist Poets, 1916: An Annual Anthology	Some-Imagist-Poets-1916-An-Annual-Anthology_37469	unavailable				
D.H. Lawrence	38561	The White Peacock	The-White-Peacock_38561	fetched		722275	259ffb3af2140ec43f0840836a0c8385187909d4a7e27c12e801f2040630b895	38561-0.txt
D.H. Lawrence	47634	Sons and Lovers	Sons-and-Lovers_47634	fetched		935318	c11b4ebaa6ecdb6fb145b845ac70e9228c29226bb417aed6dbf8cc9bf13052aa	47634-0.txt
D.H. Lawrence	54058	Love Poems and Others	Love-Poems-and-Others_54058	fetched		74950	a8df2d20c9f0b80b239c786475c9ccb707cc31b84b5826ded563b7ad96ce1a20	54058-8.txt
Daniel Defoe	370	The Fortunes and Misfortunes of the Famous Moll Flanders	The-Fortunes-and-Misfortunes-of-the-Famous-Moll-Flanders_370	fetched		738921	a34b0b90283164a7a2d56a5b168fd2b54f7fb9b72aeed71a52440f973979f5d5	370.txt
Daniel Defoe	376	A Journal of the Plague Year	A-Journal-of-the-Plague-Year_376	unavailable				
Daniel Defoe	521	The Life and Adventures of Robinson Crusoe	The-Life-and-Adventures-of-Robinson-Crusoe_521	fetched		655616	036d58d71359033cae59322292692c82469923cb37dadd9bc2f0464de4567c2a	521-0.txt
Daniel Defoe	561	The Further Adventures of Robinson Crusoe	The-Further-Adventures-of-Robinson-Crusoe_561	fetched		558553	61266e64b638e1ec6a38c135f24390b51ef9aa2fa8ee4b7ca40bbb5524b07968	561.txt
Daniel Defoe	983	Tour through the Eastern Counties of England, 1722	Tour-through-the-Eastern-Counties-of-England-1722_983	fetched		250042	f78649ca7df28fc14f6dc7a9858f3034ea6ed316de84ed542f793fc06792bbba	983-0.txt
Daniel Defoe	1149	From London to Land's End	From-London-to-Land-s-End_1149	unavailable				
Daniel Defoe	2051	Dickory Cronke: The Dumb Philosopher, or, Great Britain's Wonder	Dickory-Cronke-The-Dumb-Philosopher-or-Great-Britain-s-Wonder_2051	unavailable				
Daniel Defoe	2052	Everybody's Business Is Nobody's Business	Everybody-s-Business-Is-Nobody-s-Business_2052	unavailable				
Daniel Defoe	4087	An Essay Upon Projects	An-Essay-Upon-Projects_4087	fetched		307356	73a5d81e23ff3bcbc6e86f2d95bcacd835a63014a461f7f410110e81316ef666	4087-0.txt
Daniel Defoe	6422	The Life, Adventures & Piracies of the Famous Captain Singleton	The-Life-Adventures-Piracies-of-the-Famous-Captain-Singleton_6422	unavailable				
Daniel Defoe	6936	Robinson Crusoe — in Words of One Syllable	Robinson-Crusoe-in-Words-of-One-Syllable_6936	unavailable				
Daniel Defoe	7089	The Consolidator; or, Memoirs of Sundry Transactions from the World in the Moon	The-Consolidator-or-Memoirs-of-Sundry-Transactions-from-the-World-in-the-Moon_7089	fetched		380400	55923b522822ce3de12a2b6f15feb0390d304e20592372c520282b34ed363ff5	7089.txt
Daniel Defoe	7779	Of Captain Mission	Of-Captain-Mission_7779	fetched		119828	f35201c21628861f2fd9d06eabd28d1a3c12cb7cd2650b89fd2379d83fafb9c8	7779-8.txt
Daniel Defoe	7799	An American Robinson Crusoe	An-American-Robinson-Crusoe_7799	fetched		179512	6b70fa4359f4dc1b3f12c07527d4a90f68b94bf2402fd4c3c8e447b79e5edfd2	7799.txt
Daniel Defoe	9677	Of Captain Mission	Of-Captain-Mission_9677	unavailable				
Daniel Defoe	9678	The Consolidator	The-Consolidator_9678	unavailable				
Daniel Defoe	9679	The Life, Adventures and Piracies of the Famous Captain Singleton	The-Life-Adventures-and-Piracies-of-the-Famous-Captain-Singleton_9679	unavailable				
Daniel Defoe	9680	Dickory Cronke	Dickory-Cronke_9680	unavailable				
Daniel Defoe	9681	Everybody's Business is Nobody's Business	Everybody-s-Business-is-Nobody-s-Business_9681	unavailable				
Daniel Defoe	9682	An Essay Upon Projects	An-Essay-Upon-Projects_9682	unavailable				
Daniel Defoe	9683	A Journal of the Plague Year	A-Journal-of-the-Plague-Year_9683	unavailable				
Daniel Defoe	9684	From London to Land's End	From-London-to-Land-s-End_9684	unavailable				
Daniel Defoe	9685	Moll Flanders	Moll-Flanders_9685	unavailable				
Daniel Defoe	9686	The Further Adventures of Robinson Crusoe	The-Further-Adventures-of-Robinson-Crusoe_9686	unavailable				
Daniel Defoe	9687	Robinson Crusoe	Robinson-Crusoe_9687	unavailable				
Dante Alighieri	1001	Divine Comedy, Longfellow's Translation, Hell	Divine-Comedy-Longfellow-s-Translation-Hell_1001	fetched		242619	be0cbb09f8090dc9f182a7f2f834f3d6068fced67d11271045edcc7a1149d66c	1001.txt
Dante Alighieri	1002	Divine Comedy, Longfellow's Translation, Purgatory	Divine-Comedy-Longfellow-s-Translation-Purgatory_1002	fetched		233404	ed14f3236205af213ff1c47dc337c34ebede1e92d59a1b16b0ca96e4f25d7352	1002.txt
Dante Alighieri	1003	Divine Comedy, Longfellow's Translation, Paradise	Divine-Comedy-Longfellow-s-Translation-Paradise_1003	fetched		243390	3fb394030bd0b3d995d57324ae08ce1494d512811a5db3cbcda225d62dcff5e1	1003.txt
Dante Alighieri	1004	Divine Comedy, Longfellow's Translation, Complete	Divine-Comedy-Longfellow-s-Translation-Complete_1004	fetched		684845	1027a101aebb0902ce1a767267e5ee4090549042cc8ccce810762ec379b431ad	1004.txt
Dante Alighieri	1005	Divine Comedy, Cary's Translation, Hell	Divine-Comedy-Cary-s-Translation-Hell_1005	fetched		228337	1b6474f9c53206f81861853ff87b0ec39a84cd94445e834ae6c309e9ad4bd1e4	1005.txt
Dante Alighieri	1006	Divine Comedy, Cary's Translation, Purgatory	Divine-Comedy-Cary-s-Translation-Purgatory_1006	fetched		228661	3d1f46d25f2231d0bc4740bd7664fc999944ca4326f2df149b0cc2e98a8b08f5	1006.txt
Dante Alighieri	1007	Divine Comedy, Cary's Translation, Paradise	Divine-Comedy-Cary-s-Translation-Paradise_1007	fetched		223625	35a8ff7282ada89c4ff4f5bb0776ef307b28a07a6bfad48137d7c7a3e2944e6f	1007.txt
Dante Alighieri	1008	Divine Comedy, Cary's Translation, Complete	Divine-Comedy-Cary-s-Translation-Complete_1008	fetched		893448	971e7087f11992d5b42959f7a5a261542c598036e0633d20fa10937746cb5ec5	1008.txt
Dante Alighieri	1995	The Divine Comedy, Volume 1, Hell	The-Divine-Comedy-Volume-1-Hell_1995	fetched		280572	7e9a482c9cc3e444ce4c0f9b884c2992c1b0a56a6d6f95d8d92907c6c2da0450	1995.txt
Dante Alighieri	1996	The Divine Comedy, Volume 2, Purgatory	The-Divine-Comedy-Volume-2-Purgatory_1996	fetched		298819	94394443ec0928efc4fd432db77439349e61eb7687857e408915d9903ae0b6ab	1996.txt
Dante Alighieri	1997	The Divine Comedy, Volume 3, Paradise	The-Divine-Comedy-Volume-3-Paradise_1997	fetched		298696	769d36c6e9609c3fd01baf804bd78d20a7fe564d6f7aee8299b7893ac1b8b64d	1997.txt
Dante Alighieri	8779	The Divine Comedy by Dante, Illustrated, Hell, Volume 01	The-Divine-Comedy-by-Dante-Illustrated-Hell-Volume-01_8779	fetched		32426	158a0d3b7ca9ac21e9d6ca9b3bbbbe8758c64ae89f014cda99518d4ce750a66e	8779.txt
Dante Alighieri	8780	The Divine Comedy by Dante, Illustrated, Hell, Volume 02	The-Divine-Comedy-by-Dante-Illustrated-Hell-Volume-02_8780	fetched		32257	3123adb8d540b1c9f9b24a208c05b07c5b9bf8c02a095f4d7bc29aced87b0ac7	8780.txt
Dante Alighieri	8781	The Divine Comedy by Dante, Illustrated, Hell, Volume 03	The-Divine-Comedy-by-Dante-Illustrated-Hell-Volume-03_8781	fetched		31693	13615e7c658995aa02292b1968b8193665c0d7a0225609fa28c504cfa0fc9b11	8781.txt
Dante Alighieri	8782	The Divine Comedy by Dante, Illustrated, Hell, Volume 04	The-Divine-Comedy-by-Dante-Illustrated-Hell-Volume-04_8782	fetched		32014	b708166741df5adf52937c154334739be107a3d353ad211b848df0391bc7c678	8782.txt
Dante Alighieri	8783	The Divine Comedy by Dante, Illustrated, Hell, Volume 05	The-Divine-Comedy-by-Dante-Illustrated-Hell-Volume-05_8783	fetched		43862	9833d4be886d00b1757e859d25f4695e2586ee002fe3349914e2317e2e6d1a06	8783.txt
Dante Alighieri	8784	The Divine Comedy by Dante, Illustrated, Hell, Volume 06	The-Divine-Comedy-by-Dante-Illustrated-Hell-Volume-06_8784	fetched		157741	8157f6e125230f87220ce05e09f91847015e0430ca58f097542c9be2dafd10f7	8784.txt
Dante Alighieri	8785	The Divine Comedy by Dante, Illustrated, Hell, Volume 07	The-Divine-Comedy-by-Dante-Illustrated-Hell-Volume-07_8785	fetched		126628	df41b88453266d1348ff6dda0bd6e2e50a3bf741645b6ba156dd20356f0f254a	8785.txt
Dante Alighieri	8786	The Divine Comedy by Dante, Illustrated, Hell, Volume 08	The-Divine-Comedy-by-Dante-Illustrated-Hell-Volume-08_8786	fetched		57722	3e11a3c095b50b9d90644b5a8c9d73e522386ba2dc7f52675b8b58301d2d1433	8786.txt
Dante Alighieri	8787	The Divine Comedy by Dante, Illustrated, Hell, Volume 09	The-Divine-Comedy-by-Dante-Illustrated-Hell-Volume-09_8787	fetched		38897	f282fddce85e7a0e4f3d0a3964f98e4cf7d72d07b35486ee2e0f4b8045b2a907	8787.txt
Dante Alighieri	8788	The Divine Comedy by Dante, Illustrated, Hell, Volume 10	The-Divine-Comedy-by-Dante-Illustrated-Hell-Volume-10_8788	fetched		39201	e154bd65267655491f5941a7aa6ba5a9f2214ecd654a2caf3f43d530f65269e7	8788.txt
Dante Alighieri	8789	The vision of hell. 	The-vision-of-hell_8789	unavailable				
Dante Alighieri	8790	The Divine Comedy by Dante, Illustrated, Purgatory, Volume 1	The-Divine-Comedy-by-Dante-Illustrated-Purgatory-Volume-1_8790	fetched		44188	608c0dd87d5fb145c1d77162f9b0902787ef775c5e523dced9d8ce84b5254295	8790.txt
Dante Alighieri	8791	The Divine Comedy by Dante, Illustrated, Purgatory, Volume 2	The-Divine-Comedy-by-Dante-Illustrated-Purgatory-Volume-2_8791	fetched		56873	da27d728ae0ac5c582b80bcdf42749b608d5acb3171aab36266e9ac031a228b1	8791.txt
Dante Alighieri	8792	The Divine Comedy by Dante, Illustrated, Purgatory, Volume 3	The-Divine-Comedy-by-Dante-Illustrated-Purgatory-Volume-3_8792	fetched		70965	0ae5f388387266a0535634c871b07e364389ddc7aa4a3803928b079c1e6c249c	8792.txt
David Garrick	12842	A Fairy Tale in Two Acts Taken from Shakespeare (1763)	A-Fairy-Tale-in-Two-Acts-Taken-from-Shakespeare-1763_12842	unavailable				
David Hume	4320	An Enquiry Concerning the Principles of Morals	An-Enquiry-Concerning-the-Principles-of-Morals_4320	fetched		317833	6f3d4f8a8a71877cdd083b8c4d510c6e9008174abfe8882ab2fa2d8723e8ea60	4320.txt
David Hume	4583	Dialogues Concerning Natural Religion	Dialogues-Concerning-Natural-Religion_4583	fetched		236818	8425d6642c9245ed7c93bc391069183f6045f500ff08f992c4227f543e1bfe3a	4583.txt
David Hume	4705	A Treatise of Human Nature	A-Treatise-of-Human-Nature_4705	fetched		1366088	5ed86d083837ad6fed815249401774cc3e26abcbe1d9886ad52f1ebd47bd29d5	4705.txt
David Hume	9662	An Enquiry Concerning Human Understanding	An-Enquiry-Concerning-Human-Understanding_9662	fetched		373387	23045d500d84241409564cd6bbda18acabf04aa34c50a93af4076dc164252ec9	9662-8.txt
David Hume	10574	The History of England, Volume I	The-History-of-England-Volume-I_10574	unavailable				
David Hume	19211	The History of England in Three Volumes, Vol. I., Part A.	The-History-of-England-in-Three-Volumes-Vol-I-Part-A_19211	unavailable				
David Hume	19212	The History of England in Three Volumes, Vol. I., Part B.	The-History-of-England-in-Three-Volumes-Vol-I-Part-B_19212	unavailable				
David Hume	19213	The History of England in Three Volumes, Vol. I., Part C.	The-History-of-England-in-Three-Volumes-Vol-I-Part-C_19213	unavailable				
David Hume	19214	The History of England in Three Volumes, Vol. I., Part D.	The-History-of-England-in-Three-Volumes-Vol-I-Part-D_19214	unavailable				
David Hume	19215	The History of England in Three Volumes, Vol. I., Part E.	The-History-of-England-in-Three-Volumes-Vol-I-Part-E_19215	unavailable				
David Hume	19216	The History of England in Three Volumes, Vol. I., Part F.	The-History-of-England-in-Three-Volumes-Vol-I-Part-F_19216	unavailable				
David Hume	28884	A History of England from Early Times: A Linked Index to the Project Gutenberg Editions	A-History-of-England-from-Early-Times-A-Linked-Index-to-the-Project-Gutenberg-Editions_28884	unavailable				
David Hume	36120	Essays	Essays_36120	fetched		234531	67032a032ee7cb5fa51867fc065fa47e11595de66ff98569c90ec75d4f291cdd	36120-0.txt
David Hume	53791	Philosophical Works, v. 1 (of 4)	Philosophical-Works-v-1-of-4_53791	unavailable				
David Hume	53792	Philosophical Works, v. 2 (of 4)	Philosophical-Works-v-2-of-4_53792	unavailable				
David Hume	59792	Hume's Political Discourses	Hume-s-Political-Discourses_59792	fetched		652665	bd0260dc72dc9cfca2b65d76f6b59ce7e17cbffeb1c4dbc3cefbf053e6544c77	59792-0.txt
David Hume	62856	A Treatise of Human Nature	A-Treatise-of-Human-Nature_62856	unavailable				
Desiderius Erasmus	8400	Selections from Erasmus: Principally from his Epistles	Selections-from-Erasmus-Principally-from-his-Epistles_8400	fetched		301464	892e7b8163a159e7c0cc10da74d74ab558232691c17a9284be97cc9cc13014c7	8400-8.txt
Desiderius Erasmus	9371	The Praise of Folly	The-Praise-of-Folly_9371	fetched		225736	b97cc359273176bd9750e77fa63aba8d8434dda2afa4f88e649d065b84137976	9371-8.txt
Desiderius Erasmus	14031	The Colloquies of Erasmus, Volume I.	The-Colloquies-of-Erasmus-Volume-I_14031	unavailable				
Desiderius Erasmus	14282	A Merry Dialogue Declaringe the Properties of Shrowde Shrews and Honest Wives	A-Merry-Dialogue-Declaringe-the-Properties-of-Shrowde-Shrews-and-Honest-Wives_14282	fetched		56894	7a61f1429ce109d61aaf5d07dd71b10cf55d3704cd8bbded18a652cdccd6bb0f	14282.txt
Desiderius Erasmus	14500	Two Dyaloges (c. 1549)	Two-Dyaloges-c-1549_14500	unavailable				
Desiderius Erasmus	14746	A dialoge or communication of two persons	A-dialoge-or-communication-of-two-persons_14746	unavailable				
Desiderius Erasmus	16246	A Very Pleasaunt & Fruitful Diologe Called the Epicure	A-Very-Pleasaunt-Fruitful-Diologe-Called-the-Epicure_16246	unavailable				
Desiderius Erasmus	28338	The Education of Children	The-Education-of-Children_28338	fetched		166510	256e9568def82a30d1b4b96ab62c99f89eaf726f48aa6fae6365ef8bab7a9059	28338-0.txt
Desiderius Erasmus	30201	In Praise of Folly	In-Praise-of-Folly_30201	unavailable				
Desiderius Erasmus	39038	One dialogue, or Colloquye of Erasmus (entituled Diuersoria)	One-dialogue-or-Colloquye-of-Erasmus-entituled-Diuersoria_39038	unavailable				
Desiderius Erasmus	39487	Erasmus Against War	Erasmus-Against-War_39487	unavailable				
Desiderius Erasmus	46239	A Modest Meane to Mariage	A-Modest-Meane-to-Mariage_46239	unavailable				
Douglas Fairbanks	12887	Laugh and Live	Laugh-and-Live_12887	fetched		199058	398ac1bd8ade633ddd2abbef4d4eead84f81196ebfe0449b4fc7a7436c338173	12887-8.txt
Douglas Fairbanks	48565	Making Life Worth While	Making-Life-Worth-While_48565	fetched		103300	751ec42f13e928d2c04a3ce97d8b8b1e2f9a20b7a1048c5f7d483410e78c457f	48565-0.txt
Edgar Allan Poe	932	The Fall of the House of Usher	The-Fall-of-the-House-of-Usher_932	fetched		63278	d5ad3e3e92f0e2448e144a925d037f0549f5475c379cc79c218691eed5747dd9	932.txt
Edgar Allan Poe	1062	First Project Gutenberg Collection of Edgar Allan Poe	First-Project-Gutenberg-Collection-of-Edgar-Allan-Poe_1062	fetched		55901	d8f1ef8ab6cc998de295583141fed892df7c248e9309eb707117aa93a5d1d25e	1062-8.txt
Edgar Allan Poe	1063	The Cask of Amontillado	The-Cask-of-Amontillado_1063	fetched		33232	5eedb49c44f2f12709e660c04b17adb05730c404d56db20837cecbf614b3c3d7	1063.txt
Edgar Allan Poe	1064	The Masque of the Red Death	The-Masque-of-the-Red-Death_1064	fetched		33940	68dafb04eafbb86466866d6f79c8443b1faea05ef0f3411ada630f462ecbfddb	1064-8.txt
Edgar Allan Poe	1065	The Raven	The-Raven_1065	fetched		27070	ec2a84588940a1d82cdb4866d716036625da7eb4224e7bcf0e0353b7b19954e5	1065.txt
Edgar Allan Poe	2147	The Works of Edgar Allan Poe — Volume 1	The-Works-of-Edgar-Allan-Poe-Volume-1_2147	unavailable				
Edgar Allan Poe	2148	The Works of Edgar Allan Poe — Volume 2	The-Works-of-Edgar-Allan-Poe-Volume-2_2148	unavailable				
Edgar Allan Poe	2149	The Works of Edgar Allan Poe — Volume 3	The-Works-of-Edgar-Allan-Poe-Volume-3_2149	unavailable				
Edgar Allan Poe	2150	The Works of Edgar Allan Poe — Volume 4	The-Works-of-Edgar-Allan-Poe-Volume-4_2150	unavailable				
Edgar Allan Poe	2151	The Works of Edgar Allan Poe — Volume 5	The-Works-of-Edgar-Allan-Poe-Volume-5_2151	unavailable				
Edgar Allan Poe	6557	The Fall of the House of Usher	The-Fall-of-the-House-of-Usher_6557	unavailable				
Edgar Allan Poe	8893	Selections from Poe	Selections-from-Poe_8893	fetched		426344	de44a4e9da3a2b36ab842336997fe82b77ce06b357303b70089e07cd0364abd5	8893-0.txt
Edgar Allan Poe	9511	Several Works by Edgar Allan Poe	Several-Works-by-Edgar-Allan-Poe_9511	unavailable				
Edgar Allan Poe	9512	The Works of Edgar Allan Poe, Volume 1	The-Works-of-Edgar-Allan-Poe-Volume-1_9512	unavailable				
Edgar Allan Poe	9513	The Works of Edgar Allan Poe, Volume 2	The-Works-of-Edgar-Allan-Poe-Volume-2_9513	unavailable				
Edgar Allan Poe	9514	The Works of Edgar Allan Poe, Volume 3	The-Works-of-Edgar-Allan-Poe-Volume-3_9514	unavailable				
Edgar Allan Poe	9515	The Works of Edgar Allan Poe, Volume 4	The-Works-of-Edgar-Allan-Poe-Volume-4_9515	unavailable				
Edgar Allan Poe	9516	The Works of Edgar Allan Poe, Volume 5	The-Works-of-Edgar-Allan-Poe-Volume-5_9516	unavailable				
Edgar Allan Poe	10031	The Complete Poetical Works of Edgar Allan Poe	The-Complete-Poetical-Works-of-Edgar-Allan-Poe_10031	unavailable				
Edgar Allan Poe	12714	Alone	Alone_12714	unavailable				
Edgar Allan Poe	14082	Le Corbeau = The Raven	Le-Corbeau-The-Raven_14082	unavailable				
Edgar Allan Poe	17192	The Raven	The-Raven_17192	fetched		66409	8c3491292072ccb77e9417e910fa6d41880b89c674a3de6dabd6b789fd8b4a06	17192-8.txt
Edgar Allan Poe	23901	The Raven	The-Raven_23901	unavailable				
Edgar Allan Poe	25525	The Works of Edgar Allan Poe, The Raven Edition	The-Works-of-Edgar-Allan-Poe-The-Raven-Edition_25525	unavailable				
Edgar Allan Poe	28908	A Dream within a Dream	A-Dream-within-a-Dream_28908	unavailable				
Edmond About	14381	The Roman Question	The-Roman-Question_14381	fetched		413716	b4ffc3e791d238cf92892a7976c5ea8c519d436b83c48cdd5d1db4c04b370809	14381.txt
Edmond About	20724	The Man With The Broken Ear	The-Man-With-The-Broken-Ear_20724	fetched		367114	f6f31600c876b392d38f8ebe48987938e7f01b4b173de5523d5b0de6c7f75f74	20724-8.txt
Edmond About	42096	The King of the Mountains	The-King-of-the-Mountains_42096	fetched		385363	7b51921c44ce01193aded76e0bd4a7d04031fedd8ddd103e06def557b9532dd7	42096.txt
Edmund Burke	2173	Thoughts on the Present Discontents, and Speeches	Thoughts-on-the-Present-Discontents-and-Speeches_2173	fetched		297073	e7f1f8763cb07758e8e0bc6dd61c2baf5de6cba3427cfd2f8584ed0b99af37ce	2173.txt
Edmund Burke	3286	Selections from the Speeches and Writings of Edmund Burke	Selections-from-the-Speeches-and-Writings-of-Edmund-Burke_3286	fetched		981671	a54e58c983c14eacbd6ec9f7422042e1a73628e9fc03c916f9850389c3c2d24e	3286.txt
Edmund Burke	5655	Burke's Speech on Conciliation with America	Burke-s-Speech-on-Conciliation-with-America_5655	fetched		218933	9a66b058d9ee3bbb5a3886d276a92f036426606595d7e03edd062d7997a941d5	5655.txt
Edmund Burke	13968	The Works of the Right Honourable Edmund Burke, Vol. 09 (of 12)	The-Works-of-the-Right-Honourable-Edmund-Burke-Vol-09-of-12_13968	unavailable				
Edmund Burke	15043	The Works of the Right Honourable Edmund Burke, Vol. 01 (of 12)	The-Works-of-the-Right-Honourable-Edmund-Burke-Vol-01-of-12_15043	unavailable				
Edmund Burke	15198	The Works of the Right Honourable Edmund Burke, Vol. 02 (of 12)	The-Works-of-the-Right-Honourable-Edmund-Burke-Vol-02-of-12_15198	unavailable				
Edmund Burke	15679	The Works of the Right Honourable Edmund Burke, Vol. 03 (of 12)	The-Works-of-the-Right-Honourable-Edmund-Burke-Vol-03-of-12_15679	unavailable				
Edmund Burke	15700	The Works of the Right Honourable Edmund Burke, Vol. 04 (of 12)	The-Works-of-the-Right-Honourable-Edmund-Burke-Vol-04-of-12_15700	unavailable				
Edmund Burke	15701	The Works of the Right Honourable Edmund Burke, Vol. 05 (of 12)	The-Works-of-the-Right-Honourable-Edmund-Burke-Vol-05-of-12_15701	unavailable				
Edmund Burke	15702	The Works of the Right Honourable Edmund Burke, Vol. 06 (of 12)	The-Works-of-the-Right-Honourable-Edmund-Burke-Vol-06-of-12_15702	unavailable				
Edmund Burke	16292	The Works of the Right Honourable Edmund Burke, Vol. 07 (of 12)	The-Works-of-the-Right-Honourable-Edmund-Burke-Vol-07-of-12_16292	unavailable				
Edmund Burke	18161	The Works of the Right Honourable Edmund Burke, Vol. 08 (of 12)	The-Works-of-the-Right-Honourable-Edmund-Burke-Vol-08-of-12_18161	unavailable				
Edmund Burke	18192	The Works of the Right Honourable Edmund Burke, Vol. 10 (of 12)	The-Works-of-the-Right-Honourable-Edmund-Burke-Vol-10-of-12_18192	unavailable				
Edmund Burke	18218	The Works of the Right Honourable Edmund Burke, Vol. 11 (of 12)	The-Works-of-the-Right-Honourable-Edmund-Burke-Vol-11-of-12_18218	unavailable				
Edmund Burke	18315	The Works of the Right Honourable Edmund Burke, Vol. 12 (of 12)	The-Works-of-the-Right-Honourable-Edmund-Burke-Vol-12-of-12_18315	unavailable				
Edmund Burke	58646	Index of the Project Gutenberg Works of Edmund Burke	Index-of-the-Project-Gutenberg-Works-of-Edmund-Burke_58646	fetched		44078	66075fdc0950979c3cee63dd9c83164bc819b15f1b691556720ebde1f4c91930	58646-0.txt
Edna Ferber	350	Fanny Herself	Fanny-Herself_350	fetched		598015	2970038ae1632c0ebf2e52629e673abf6515a2161dd52dcb4635b6da1685b184	350-0.txt
Edna Ferber	352	Buttered Side Down: Stories	Buttered-Side-Down-Stories_352	unavailable				
Edna Ferber	453	Emma McChesney and Co.	Emma-McChesney-and-Co_453	unavailable				
Edna Ferber	489	One Basket	One-Basket_489	fetched		295997	c5d4ab1ff9dcebd028fdc5af6773164d4c3fc47b41264a7a6262a1800f9100ab	489.txt
Edna Ferber	1602	Dawn O'Hara: The Girl Who Laughed	Dawn-O-Hara-The-Girl-Who-Laughed_1602	unavailable				
Edna Ferber	6016	Roast Beef, Medium: The Business Adventures of Emma McChesney	Roast-Beef-Medium-The-Business-Adventures-of-Emma-McChesney_6016	unavailable				
Edna Ferber	11395	Cheerful—By Request	CheerfulBy-Request_11395	unavailable				
Edna Ferber	12677	Personality Plus: Some Experiences of Emma McChesney and Her Son, Jock	Personality-Plus-Some-Experiences-of-Emma-McChesney-and-Her-Son-Jock_12677	unavailable				
Edna Ferber	14714	Half Portions	Half-Portions_14714	fetched		406754	e71be821dee41fbab0112b0efe978b07a84b93b182caef12cdd2f7576688d7fb	14714-8.txt
Edna Ferber	20419	Gigolo	Gigolo_20419	fetched		391429	70ce99c19788ff04c91b9a8e4b2c1c22a31a107e086ddec1ef0b072225b4f528	20419-8.txt
Edna Ferber	58195	Index of the Project Gutenberg Works of Edna Ferber	Index-of-the-Project-Gutenberg-Works-of-Edna-Ferber_58195	fetched		25590	bb768cccdba2ad0e56bc87a6f6376dcc740a4fdca0e662f67d00ef4d6a64c4c0	58195-0.txt
Edna Ferber	61686	So Big	So-Big_61686	fetched		560355	88e99112fae7756dd60def13b5678e3a2a16cc53e4601f97d25cb6277d9ad0f2	61686-0.txt
Edna Ferber	65906	My Story That I Like Best	My-Story-That-I-Like-Best_65906	fetched		332531	1c7a6074cc1a1173f344fc720a494ad75409e1a9eae9034cb5af7bd014c0345a	65906-0.txt
Edna Ferber	67123	Show Boat	Show-Boat_67123	unavailable				
Edward Everett Hale	1492	The Life of Columbus	The-Life-of-Columbus_1492	unavailable				
Edward Everett Hale	1633	The Brick Moon, and Other Stories	The-Brick-Moon-and-Other-Stories_1633	fetched		495265	8d6c5d6170ecb69279670b387ac77cd271acbffeee07d0f79496165649e7fb2a	1633.txt
Edward Everett Hale	8904	How to Do It	How-to-Do-It_8904	fetched		297383	a43f5851af42bbe67877e92f21a1bf9ab83ee167984ed6bc18c39547ac27b680	8904-0.txt
Edward Everett Hale	15868	The Man Without a Country, and Other Tales	The-Man-Without-a-Country-and-Other-Tales_15868	fetched		451514	ee3704d41bd34db79d06fc758cfc26df20b639ff81ec49a0c0cf53586f86b1a4	15868.txt
Edward Everett Hale	16227	The Uses of Astronomy	The-Uses-of-Astronomy_16227	unavailable				
Edward Everett Hale	16493	The Man Without a Country	The-Man-Without-a-Country_16493	fetched		94546	9d8a272ecb3d53b9d49c44e54aa7daaa7e05b28e81230e25e1017ef1259d5afa	16493.txt
Edward Everett Hale	28379	If, Yes and Perhaps	If-Yes-and-Perhaps_28379	unavailable				
Edward Everett Hale	32455	Christmas Eve and Christmas Day: Ten Christmas stories	Christmas-Eve-and-Christmas-Day-Ten-Christmas-stories_32455	unavailable				
Edward Everett Hale	40276	Stories of Invention, Told by Inventors and their Friends	Stories-of-Invention-Told-by-Inventors-and-their-Friends_40276	fetched		534409	f2c8c8c2aaed35465d82b79ba73347bdee099a9ba0bdbb8c45a2cc9cca9dcda6	40276.txt
Edward Everett Hale	48311	James Russell Lowell and His Friends	James-Russell-Lowell-and-His-Friends_48311	fetched		527759	5e52683ee8f20ba9553b246878769f43c21ed3208373987b8980c88a8e3116ae	48311-0.txt
Edward Everett Hale	48747	Who Ate the Pink Sweetmeat? And Other Christmas Stories	Who-Ate-the-Pink-Sweetmeat-And-Other-Christmas-Stories_48747	fetched		135061	6ca2b39b28c3ecc6d5db70522bdffb0046c50d3a3ffa3dc2581f0ef88433ba25	48747-8.txt
Edward Everett Hale	49442	Crusoe in New York, and other tales	Crusoe-in-New-York-and-other-tales_49442	fetched		398220	37e5f3390fd0d99fbff608b181752e4d1eb9d86fe110faf300c10638beb511ad	49442-8.txt
Elbert Hubbard	412	John Jacob Astor	John-Jacob-Astor_412	fetched		57297	bbbf82a59b94db17631e9012c1a158be05d336554a692e60115a1966daf4faaa	412.txt
Elbert Hubbard	6306	Little Journeys to the Homes of the Great - Volume 06	Little-Journeys-to-the-Homes-of-the-Great-Volume-06_6306	unavailable				
Elbert Hubbard	6449	Little Journeys to the Homes of the Great - Volume 09	Little-Journeys-to-the-Homes-of-the-Great-Volume-09_6449	unavailable				
Elbert Hubbard	10417	Love, Life & Work	Love-Life-Work_10417	unavailable				
Elbert Hubbard	12933	Little Journeys to the Homes of the Great - Volume 01	Little-Journeys-to-the-Homes-of-the-Great-Volume-01_12933	unavailable				
Elbert Hubbard	13619	Little Journeys to the Homes of the Great - Volume 05	Little-Journeys-to-the-Homes-of-the-Great-Volume-05_13619	unavailable				
Elbert Hubbard	13778	Little Journeys to the Homes of the Great - Volume 02	Little-Journeys-to-the-Homes-of-the-Great-Volume-02_13778	unavailable				
Elbert Hubbard	13911	Little Journeys to the Homes of the Great - Volume 03	Little-Journeys-to-the-Homes-of-the-Great-Volume-03_13911	unavailable				
Elbert Hubbard	17195	A Message to Garcia	A-Message-to-Garcia_17195	unavailable				
Elbert Hubbard	17504	The Mintage: Being Ten Stories & One More	The-Mintage-Being-Ten-Stories-One-More_17504	unavailable				
Elbert Hubbard	18118	Little Journeys to the Homes of the Great - Volume 04	Little-Journeys-to-the-Homes-of-the-Great-Volume-04_18118	unavailable				
Elbert Hubbard	18936	Little Journeys to the Homes of the Great - Volume 10	Little-Journeys-to-the-Homes-of-the-Great-Volume-10_18936	unavailable				
Elbert Hubbard	19080	Little Journeys to the Homes of the Great - Volume 12	Little-Journeys-to-the-Homes-of-the-Great-Volume-12_19080	unavailable				
Elbert Hubbard	20318	Little Journeys to the Homes of the Great - Volume 14	Little-Journeys-to-the-Homes-of-the-Great-Volume-14_20318	unavailable				
Elbert Hubbard	23458	Little Journeys to the Homes of the Great - Volume 13	Little-Journeys-to-the-Homes-of-the-Great-Volume-13_23458	unavailable				
Elbert Hubbard	23595	Little Journeys to the Homes of the Great - Volume 11	Little-Journeys-to-the-Homes-of-the-Great-Volume-11_23595	unavailable				
Elbert Hubbard	23640	Little Journeys to the Homes of the Great Philosophers, Volume 8	Little-Journeys-to-the-Homes-of-the-Great-Philosophers-Volume-8_23640	fetched		550524	122519173f85fa0a5a37f97d8558f0537f529f1b90bf97d4935b5c7885be577b	23640.txt
Elbert Hubbard	23761	Little Journeys to the Homes of the Great, Volume 7	Little-Journeys-to-the-Homes-of-the-Great-Volume-7_23761	unavailable				
Elbert Hubbard	36566	The Roycroft Dictionary, Concocted by Ali Baba and the Bunch on Rainy Days.	The-Roycroft-Dictionary-Concocted-by-Ali-Baba-and-the-Bunch-on-Rainy-Days_36566	unavailable				
Elbert Hubbard	52049	The Man: A Story of To-day	The-Man-A-Story-of-To-day_52049	fetched		231643	77e5d617ffdd3596272cc32505f87285666e4de0463f62d9dfeaf5e882fd1b77	52049-0.txt
Elbert Hubbard	59864	The Silver Arrow	The-Silver-Arrow_59864	fetched		46301	7ad63015348da0a85dbfc2bf4a3623d5378e1652a355f4145fd3eee4a2308bd7	59864.txt
Elizabeth Barrett Browning	2002	Sonnets from the Portuguese	Sonnets-from-the-Portuguese_2002	fetched		53762	03bfece4f5234b96826a9353e96dd62212fa30373640303c3d95dbe2fdcd577d	2002-0.txt
Elizabeth Barrett Browning	13018	The Letters of Elizabeth Barrett Browning (Volume 1 of 2)	The-Letters-of-Elizabeth-Barrett-Browning-Volume-1-of-2_13018	unavailable				
Elizabeth Barrett Browning	16182	The Letters of Robert Browning and Elizabeth Barrett Barrett, Vol. 1 (of 2) 1845-1846	The-Letters-of-Robert-Browning-and-Elizabeth-Barrett-Barrett-Vol-1-of-2-1845-1846_16182	unavailable				
Elizabeth Barrett Browning	16646	The Letters of Elizabeth Barrett Browning (Volume 2 of 2)	The-Letters-of-Elizabeth-Barrett-Browning-Volume-2-of-2_16646	unavailable				
Elizabeth Barrett Browning	20742	O May I Join the Choir Invisible! and Other Favorite Poems	O-May-I-Join-the-Choir-Invisible-and-Other-Favorite-Poems_20742	unavailable				
Elizabeth Barrett Browning	21161	Sonnet 43	Sonnet-43_21161	unavailable				
Elizabeth Barrett Browning	23079	Sonnets from the Portuguese	Sonnets-from-the-Portuguese_23079	unavailable				
Elizabeth Barrett Browning	25643	'He Giveth His Beloved Sleep'	He-Giveth-His-Beloved-Sleep_25643	unavailable				
Elizabeth Barrett Browning	31015	The Poetical Works of Elizabeth Barrett Browning, Volume 4	The-Poetical-Works-of-Elizabeth-Barrett-Browning-Volume-4_31015	unavailable				
Elizabeth Barrett Browning	33363	The Poetical Works of Elizabeth Barrett Browning, Volume 2	The-Poetical-Works-of-Elizabeth-Barrett-Browning-Volume-2_33363	unavailable				
Elizabeth Barrett Browning	37452	The Poetical Works of Elizabeth Barrett Browning, Volume 1	The-Poetical-Works-of-Elizabeth-Barrett-Browning-Volume-1_37452	unavailable				
Elizabeth Barrett Browning	54435	Aurora Leigh	Aurora-Leigh_54435	fetched		34092	15a67330e66efc2dc896e5599f5f9f7b8b26950ee2b153e4c14b989fb0c6f60b	54435.txt
Elizabeth Barrett Browning	56621	Aurora Leigh	Aurora-Leigh_56621	fetched		579402	abc27a9b956772ee798d051f1593650d8b381ca575e9a8efe860664f5cf25bb5	56621-0.txt
Elizabeth Cady Stanton	9880	The Woman's Bible	The-Woman-s-Bible_9880	fetched		824847	426c91b687064d36118895db0906187ff33db95ccd1fba734ec4cdea4832e4b2	9880.txt
Elizabeth Cady Stanton	11982	Eighty Years and More; Reminiscences 1815-1897	Eighty-Years-and-More-Reminiscences-1815-1897_11982	unavailable				
Elizabeth Gaskell	394	Cranford	Cranford_394	fetched		422979	4af9221b94f5206b5e3cdc6ba16d0aec5003fd293ed15acb9a73501d4ec0c639	394-0.txt
Elizabeth Gaskell	1700	The Life of Charlotte Brontë — Volume 2	The-Life-of-Charlotte-Bronte-Volume-2_1700	unavailable				
Elizabeth Gaskell	1827	The Life of Charlotte Brontë — Volume 1	The-Life-of-Charlotte-Bronte-Volume-1_1827	unavailable				
Elizabeth Gaskell	2153	Mary Barton	Mary-Barton_2153	fetched		919994	aa568811515cb9105b700f50843f7f12534a3c0efb217a2c09f56c1a735d5465	2153-8.txt
Elizabeth Gaskell	2324	A House to Let	A-House-to-Let_2324	fetched		208965	61b86f697316cdf4bdf3554cb7b342eed03ea25068fa79230ca793b9516a77da	2324.txt
Elizabeth Gaskell	2521	Lizzie Leigh	Lizzie-Leigh_2521	fetched		89782	4facd75d9c7d8df8e590b63ef20517c1b297525efe82541f433a17d4a8e7df03	2521.txt
Elizabeth Gaskell	2522	A Dark Night's Work	A-Dark-Night-s-Work_2522	fetched		398314	ac3d31b74a9b922dff01b5bf8a1a65e381873783c958ab747ad3fe7b2466a701	2522.txt
Elizabeth Gaskell	2524	My Lady Ludlow	My-Lady-Ludlow_2524	fetched		446027	65611e2ad83fa4fc331913ad0f98d8582180b4a4d4f3d3f6f3acc3e307cdcfdd	2524.txt
Elizabeth Gaskell	2531	An Accursed Race	An-Accursed-Race_2531	fetched		57606	a01e776eae5db574967621ef874b0db3a3a3cdc05715e5e84b425171b8b65bc3	2531.txt
Elizabeth Gaskell	2532	The Half-Brothers	The-Half-Brothers_2532	fetched		47465	832eeb014ab7dd9bdcb8ef6fc8ca5afcd31998a2e58aa16aa743508d246eb88f	2532.txt
Elizabeth Gaskell	2533	Round the Sofa	Round-the-Sofa_2533	fetched		42512	80cd1e6d488d95746eee1906cafa58863e78a680bcb9b74826375ea44642284f	2533-0.txt
Elizabeth Gaskell	2547	Half a Life-Time Ago	Half-a-Life-Time-Ago_2547	fetched		121098	ec2c8080a3dd85bdeb4c0cd446a8706e93a8dc05f58b2e1d5fb04c1b3693493d	2547-0.txt
Elizabeth Gaskell	2548	The Poor Clare	The-Poor-Clare_2548	fetched		146897	f4a051b9fd50a2f505c7936d59f1ec08a9ba19979ce347681efa6751b13a6cb4	2548-0.txt
Elizabeth Gaskell	2549	The Doom of the Griffiths	The-Doom-of-the-Griffiths_2549	fetched		103492	1f2d2c72afbed0de83d3ac67450e77187e79b18b17d7519ffc92946aa0727001	2549-0.txt
Elizabeth Gaskell	4268	Cousin Phillis	Cousin-Phillis_4268	fetched		237861	3437391527609a4cc87812ed97002d254b2a82a7933161dad5be6f1c0d1e660c	4268.txt
Elizabeth Gaskell	4274	Wives and Daughters	Wives-and-Daughters_4274	fetched		1529637	55c362efc41a485b16bc2f3de4a41f562afd3e2dee325141d53531500d12b806	4274.txt
Elizabeth Gaskell	4275	Ruth	Ruth_4275	fetched		916984	503a9242bceebab2722e42c23c35e8491a2ed368b63bc5bca57b9128025be1eb	4275.txt
Elizabeth Gaskell	4276	North and South	North-and-South_4276	fetched		1034710	0eeef1601e32c53fb1c729caf6d5314747b8f14b72eed8cbb3bb9ed8de405fef	4276.txt
Elizabeth Gaskell	4534	Sylvia's Lovers — Volume 1	Sylvia-s-Lovers-Volume-1_4534	unavailable				
Elizabeth Gaskell	4535	Sylvia's Lovers — Volume 2	Sylvia-s-Lovers-Volume-2_4535	unavailable				
Elizabeth Gaskell	4536	Sylvia's Lovers — Volume 3	Sylvia-s-Lovers-Volume-3_4536	unavailable				
Elizabeth Gaskell	4537	Sylvia's Lovers — Complete	Sylvia-s-Lovers-Complete_4537	unavailable				
Elizabeth Gaskell	9714	A House to Let	A-House-to-Let_9714	unavailable				
Elizabeth Gaskell	11371	The Moorland Cottage	The-Moorland-Cottage_11371	fetched		262113	29cb14d859ad6123823e4f434add07cc00b7c1727890629695d61a59f23259cb	11371-0.txt
Elizabeth Gaskell	24879	Curious, if True	Curious-if-True_24879	unavailable				
Elizabeth I	18682	A Declaration of the Causes, which mooved the chiefe Commanders of the Nauie of her most excellent Maiestie the Queene of England, in their voyage and expedition for Portingal, to take and arrest in the mouth of the Riuer of Lisbone, certaine Shippes of corne and other prouisions of warre bound for the said Citie	A-Declaration-of-the-Causes-which-mooved-the-chiefe-Commanders-of-the-Nauie-of-her-most-excellent-Maiestie-the-Queene-of-England-in-their-voyage-and-expedition-for-Portingal-to-take-and-arrest-in-the-mouth-of-the-Riuer-of-Lisbone-certaine-Shippes-of-corne-and-other-prouisions-of-warre-bound-for-the-said-Citie_18682	unavailable				
Elizabeth I	37187	Ulster Folklore	Ulster-Folklore_37187	fetched		207909	60a8ff14d79fc24b7a2b925cd0fda73dc8e0bfe35955d3ad1b2305cd696f3e0f	37187.txt
Elizabeth I	68492	The story of iron	The-story-of-iron_68492	fetched		206783	3017574479d878110e0f92b1278cb8dd434bffb787b2eba481dc2fd77c0ab71c	68492-0.txt
Emily Bronte	768	Wuthering Heights	Wuthering-Heights_768	fetched		681637	2ff1cd2fa12ecff82da679e889ca7645e132e7bcfd55768ea42a955abe12c1e1	768.txt
Emily Bronte	1019	Poems by Currer, Ellis, and Acton Bell	Poems-by-Currer-Ellis-and-Acton-Bell_1019	fetched		224858	6ce66e2f35af4f4269eb7b41bd5e113f6e807ad6a2e45a7c7a11993c7930bda5	1019.txt
Emily Dickinson	2678	Poems by Emily Dickinson, Series One	Poems-by-Emily-Dickinson-Series-One_2678	fetched		64835	6ce3fcbdb18c3665cc0ba1561f629f5afbf45b7273243ed412ea033168689433	2678.txt
Emily Dickinson	2679	Poems by Emily Dickinson, Series Two	Poems-by-Emily-Dickinson-Series-Two_2679	fetched		91669	d6004aa72d444531cc78e9f2bc800dd55c21af0a5fedd40c4047933d957dfd12	2679.txt
Emily Dickinson	12241	Poems by Emily Dickinson, Third Series	Poems-by-Emily-Dickinson-Third-Series_12241	fetched		78965	e0a2962604b245a2074cedc332968ba0b471d29cc2bdec661830c245ba68054d	12241-8.txt
Emily Dickinson	12242	Poems by Emily Dickinson, Three Series, Complete	Poems-by-Emily-Dickinson-Three-Series-Complete_12242	fetched		208198	3cd508fabaa362813b95809b2c09d43c379e5d5d448077dbf37b55658f4c1d97	12242-8.txt
Emily Dickinson	22444	Selected Poems of Emily Dickinson	Selected-Poems-of-Emily-Dickinson_22444	unavailable				
Emily Dickinson	26248	Life: Poem XXI	Life-Poem-XXI_26248	unavailable				
Erasmus Darwin	9612	The Botanic Garden, a Poem in Two Parts. Part 1: the Economy of Vegetation	The-Botanic-Garden-a-Poem-in-Two-Parts-Part-1-the-Economy-of-Vegetation_9612	unavailable				
Erasmus Darwin	10671	The Botanic Garden. Part 2, Containing the Loves of the Plants. A Poem.	The-Botanic-Garden-Part-2-Containing-the-Loves-of-the-Plants-A-Poem_10671	unavailable				
Erasmus Darwin	15707	Zoonomia; Or, the Laws of Organic Life, Vol. I	Zoonomia-Or-the-Laws-of-Organic-Life-Vol-I_15707	unavailable				
Erasmus Darwin	26861	The Temple of Nature; or, the Origin of Society: A Poem, with Philosophical Notes	The-Temple-of-Nature-or-the-Origin-of-Society-A-Poem-with-Philosophical-Notes_26861	unavailable				
Erasmus Darwin	27600	Zoonomia; Or, the Laws of Organic Life, Vol. II	Zoonomia-Or-the-Laws-of-Organic-Life-Vol-II_27600	unavailable				
Ernest Renan	5637	Literary and Philosophical Essays: French, German and Italian	Literary-and-Philosophical-Essays-French-German-and-Italian_5637	fetched		907827	8e9e67b1b5c6977aa97bae34105da9e9b5fa2b04ec3f7baf46c453518943272c	5637.txt
Ernest Renan	12748	Recollections of My Youth	Recollections-of-My-Youth_12748	fetched		504732	af25fefd0fd65ca335dc9b75e660292aeab6440eda6f4862ed2f2fe7781ce063	12748-8.txt
Ernest Renan	16581	The Life of Jesus	The-Life-of-Jesus_16581	fetched		738694	cd31ef19a66ab12cde6d8adbbf43db51bf7e454c9b9afd83116d772d50c95853	16581.txt
Ernest Renan	42865	English Conferences of Ernest Renan: Rome and Christianity. Marcus Aurelius	English-Conferences-of-Ernest-Renan-Rome-and-Christianity-Marcus-Aurelius_42865	unavailable				
Ernest Renan	45081	The Apostles	The-Apostles_45081	fetched		675023	e59de2ef2bd59adfa00265a7af682999e66efcce6b9bb6b72463bc6b25b38b9b	45081-0.txt
Ernst Haeckel	6430	The Evolution of Man — Volume 1	The-Evolution-of-Man-Volume-1_6430	fetched		646288	82d962f748916f5ac485d77a563d1028b1d7fe9562058ff7d6ad0d14ad821fc7	6430.txt
Ernst Haeckel	6710	The Evolution of Man — Volume 2	The-Evolution-of-Man-Volume-2_6710	fetched		668247	31f7dcc0c615b3a22c5b33706094fedbf33157d7123fb446e98267353aac3324	6710.txt
Ernst Haeckel	8700	The Evolution of Man	The-Evolution-of-Man_8700	fetched		15795	e0d0e2b620b3dfd6441fce4be52b2c0e729bab1b1914f827e959f3b0726e2d6a	8700.txt
Ernst Haeckel	9199	Monism as Connecting Religion and Science	Monism-as-Connecting-Religion-and-Science_9199	unavailable				
Ernst Haeckel	25711	Freedom in Science and Teaching.	Freedom-in-Science-and-Teaching_25711	unavailable				
Ernst Haeckel	40472	The History of Creation, Vol. 1 (of 2)	The-History-of-Creation-Vol-1-of-2_40472	unavailable				
Ernst Haeckel	40473	The History of Creation, Vol. 2 (of 2)	The-History-of-Creation-Vol-2-of-2_40473	unavailable				
Ernst Haeckel	42968	The Riddle of the Universe at the close of the nineteenth century	The-Riddle-of-the-Universe-at-the-close-of-the-nineteenth-century_42968	fetched		715739	4bc7d2b110cf5401b2a346142c8b394eb1016a552430b8ce567dc7b171bf06a7	42968.txt
Ernst Haeckel	44525	Report on the Radiolaria Collected by H.M.S. Challenger During the Years 1873-1876, First Part: Porulosa (Spumellaria and Acantharia)	Report-on-the-Radiolaria-Collected-by-H-M-S-Challenger-During-the-Years-1873-1876-First-Part-Porulosa-Spumellaria-and-Acantharia_44525	unavailable				
Ernst Haeckel	44526	Report on the Radiolaria Collected by H.M.S. Challenger During the Years 1873-1876, Second Part: Subclass Osculosa; Index	Report-on-the-Radiolaria-Collected-by-H-M-S-Challenger-During-the-Years-1873-1876-Second-Part-Subclass-Osculosa-Index_44526	unavailable				
Ernst Haeckel	44527	Report on the Radiolaria Collected by H.M.S. Challenger During the Years 1873-1876, Plates	Report-on-the-Radiolaria-Collected-by-H-M-S-Challenger-During-the-Years-1873-1876-Plates_44527	unavailable				
Ernst Haeckel	44541	The Last Link: Our Present Knowledge of the Descent of Man	The-Last-Link-Our-Present-Knowledge-of-the-Descent-of-Man_44541	unavailable				
Ernst Haeckel	46652	The Wonders of Life: A Popular Study of Biological Philosophy	The-Wonders-of-Life-A-Popular-Study-of-Biological-Philosophy_46652	fetched		979768	6d7ded4f1b29380cee6505c916bc11c360b766daa60eb5204dc6ce607b7bfd60	46652-0.txt
Ernst Haeckel	53639	Last Words on Evolution: A Popular Retrospect and Summary	Last-Words-on-Evolution-A-Popular-Retrospect-and-Summary_53639	fetched		215554	141156c2a82ed66e0af8ca968c70340a6c615b41facee219163d7a592c9d3c07	53639-0.txt
Felix Adler	21981	The Essentials of Spirituality	The-Essentials-of-Spirituality_21981	fetched		119974	793ce7d6009cf4ff10cdf2d857e68fdef8ac2c61fa649b3408816b4cd1322ab3	21981.txt
Felix Adler	37697	Creed and Deed: A Series of Discourses	Creed-and-Deed-A-Series-of-Discourses_37697	unavailable				
Felix Adler	38730	The Moral Instruction of Children	The-Moral-Instruction-of-Children_38730	fetched		429796	908b7b559ee03748879f224a0bd7b1c06cf73831321792bdbe70968711037b82	38730.txt
Felix Adler	57689	The Punishment of Children	The-Punishment-of-Children_57689	fetched		92395	5c7004121a411743cbf675f597c3318815c3df45afc4547bf139b33333603308	57689.txt
Felix Adler	57752	Life and destiny	Life-and-destiny_57752	fetched		100319	58b53f5dc3a58ab1b43365711bbb279fd07672ef0d69390cee3835a00763322f	57752-0.txt
Felix Adler	60068	An ethical philosophy of life presented in its main outlines	An-ethical-philosophy-of-life-presented-in-its-main-outlines_60068	fetched		632981	0d13b775c58740a0f430120afeca6670dc1e89d8b2d613fa93a99577ee788606	60068-0.txt
Finley Peter Dunne	4729	Observations By Mr. Dooley	Observations-By-Mr-Dooley_4729	unavailable				
Finley Peter Dunne	7976	Mr. Dooley's Philosophy	Mr-Dooley-s-Philosophy_7976	unavailable				
Finley Peter Dunne	13784	Mr. Dooley: In the Hearts of His Countrymen	Mr-Dooley-In-the-Hearts-of-His-Countrymen_13784	unavailable				
Finley Peter Dunne	14684	Mr. Dooley Says	Mr-Dooley-Says_14684	unavailable				
Finley Peter Dunne	22537	Mr. Dooley in Peace and in War	Mr-Dooley-in-Peace-and-in-War_22537	unavailable				
Francis Bacon	575	The Essays or Counsels, Civil and Moral	The-Essays-or-Counsels-Civil-and-Moral_575	fetched		324252	6d24b0b28b793b57e09e95a3e01ca0170d87bd33d0b5725c8590cee920ecc6ab	575.txt
Francis Bacon	2434	New Atlantis	New-Atlantis_2434	fetched		107640	fb408314bff8e7588409b400d4e9595264aab8822f6a4d8829ea9dfd21850db2	2434.txt
Francis Bacon	3290	Valerius Terminus: Of the Interpretation of Nature	Valerius-Terminus-Of-the-Interpretation-of-Nature_3290	fetched		306028	9af2377953a907c0306a3cdda9483361d102b0bf5ec977bb267d0ee0b0334386	3290-8.txt
Francis Bacon	5500	The Advancement of Learning	The-Advancement-of-Learning_5500	fetched		516939	4601a500267d7bd7351cf19bcbc2c0606467dd864eee569bddc64692b43b9385	5500-0.txt
Francis Bacon	22978	The Essays of Francis Bacon	The-Essays-of-Francis-Bacon_22978	unavailable				
Francis Bacon	45988	Novum Organum; Or, True Suggestions for the Interpretation of Nature	Novum-Organum-Or-True-Suggestions-for-the-Interpretation-of-Nature_45988	unavailable				
Francis Bacon	46964	Of Gardens: An essay	Of-Gardens-An-essay_46964	fetched		34317	28bd65d649bee409c16bcc47439a121571aba5a3c5de7078f5f0ab84bcaf4b06	46964-0.txt
Francis Bacon	56463	Bacon's Essays, and Wisdom of the Ancients	Bacon-s-Essays-and-Wisdom-of-the-Ancients_56463	fetched		701337	da94dc4f101ee74c9605dbb93a58e3252ac537e5e8b4c30330ef0ea93c510c31	56463-0.txt
Francis Bacon	59163	Index of the Project Gutenberg Works of Francis Bacon	Index-of-the-Project-Gutenberg-Works-of-Francis-Bacon_59163	fetched		30292	a561721c23810f34e2e89d5dcfb0ab8ff6517bb9787204e95dd6e5a5c5ed654e	59163-0.txt
Frank James	314	Guide to Life and Literature of the Southwest, with a Few Observations	Guide-to-Life-and-Literature-of-the-Southwest-with-a-Few-Observations_314	fetched		357330	ba50b6d2254c054851ff85cf979d11d8d97ab03b7825553fb8d0975f1526c305	314.txt
Frank James	66365	Vicksburg	Vicksburg_66365	fetched		44103	39cea6622ba8049a416e1626fd98b183e97f9a84680494ddb432473b506621e6	66365-0.txt
Franz Kafka	5200	Metamorphosis	Metamorphosis_5200	fetched		141450	c9f7245e700dc729a652166b69eab4b8cba02006c14baf5e081b039507aa7853	5200.txt
Franz Kafka	7849	The Trial	The-Trial_7849	fetched		481118	062eb6b725281dee61843b75467394ea36b2999cca96ee417376cf9cf873ecd9	7849.txt
Franz Kafka	26298	The Metamorphosis	The-Metamorphosis_26298	unavailable				
François Rabelais	1200	Gargantua and Pantagruel	Gargantua-and-Pantagruel_1200	fetched		1888540	8e2acd1427703312648b1cafeb2beffc8a858cccafe4d5c71e25b5b1039b6ffa	1200-0.txt
François Rabelais	8166	Gargantua and Pantagruel, Illustrated, Book 1	Gargantua-and-Pantagruel-Illustrated-Book-1_8166	fetched		413182	6359b1e33b403b9d49e2b44aaa3cc65be92599d69252d86c9783437beefb3d3a	8166.txt
François Rabelais	8167	Gargantua and Pantagruel, Illustrated, Book 2	Gargantua-and-Pantagruel-Illustrated-Book-2_8167	fetched		302874	c4a49a9f31f807809a969583f89d66d5059951baf044f1a831d0ed6acd9875e9	8167.txt
François Rabelais	8168	Gargantua and Pantagruel, Illustrated, Book 3	Gargantua-and-Pantagruel-Illustrated-Book-3_8168	fetched		519928	0deb11283b349679ca814a9e91f1a5d8ea2d0d5c76053a5dae9e90daac053808	8168.txt
François Rabelais	8169	Gargantua and Pantagruel, Illustrated, Book 4	Gargantua-and-Pantagruel-Illustrated-Book-4_8169	fetched		411446	aaab0cc544a152c5e61819ae7b16a8b6466eec1107b89f977f26e741c79b6fb1	8169.txt
François Rabelais	8170	Gargantua and Pantagruel, Illustrated, Book 5	Gargantua-and-Pantagruel-Illustrated-Book-5_8170	fetched		295286	4b2ea23a229fea30b1abf7efb2bc321db82c2e4449f4edbfa76b85dc96bf5c5b	8170.txt
François Rabelais	59049	Index of the Project Gutenberg Works of Rabelais	Index-of-the-Project-Gutenberg-Works-of-Rabelais_59049	fetched		47733	beb743d1f231e6076fd97267b41c14c56cc66229df77086d61f5b05b963c687d	59049-0.txt
François Rabelais	59235	Three Good Giants	Three-Good-Giants_59235	unavailable				
Frederic William Farrar	10846	Seekers after God	Seekers-after-God_10846	fetched		526117	f30c6cda707a4ac1fdaaa5db361a0cf44fc732901940f19dede0ad3f9a0b74ab	10846-8.txt
Frederic William Farrar	12083	Eric; Or, Little by Little	Eric-Or-Little-by-Little_12083	unavailable				
Frederic William Farrar	23126	Eric, or Little by Little	Eric-or-Little-by-Little_23126	fetched		563035	7307f9f3f499fe876f54426eb4e8a71e9b203d542669d9b515545b3289d39430	23126.txt
Frederic William Farrar	23127	Julian Home	Julian-Home_23127	fetched		626324	43ffdca280162395f1c4828ec934defe5bf9433f09932406267b4bc86a34fae2	23127.txt
Frederic William Farrar	24329	St. Winifred's; or, The World of School	St-Winifred-s-or-The-World-of-School_24329	unavailable				
Frederic William Farrar	42027	The Expositor's Bible: The Second Book of Kings	The-Expositor-s-Bible-The-Second-Book-of-Kings_42027	unavailable				
Frederic William Farrar	42891	The Expositor's Bible: The First Book of Kings	The-Expositor-s-Bible-The-First-Book-of-Kings_42891	unavailable				
Frederic William Farrar	44103	The Expositor's Bible: The Book of Daniel	The-Expositor-s-Bible-The-Book-of-Daniel_44103	unavailable				
Frederic William Farrar	47825	Darkness and Dawn; Or, Scenes in the Days of Nero. An Historic Tale	Darkness-and-Dawn-Or-Scenes-in-the-Days-of-Nero-An-Historic-Tale_47825	fetched		1298682	be2714e86ce17fb4b4f922dad7825fab19d11437e4432aa45f56b7894582ea07	47825-0.txt
Frederic William Farrar	62598	An essay on the origin of language, based on modern researches, and especially on the works of M. Renan	An-essay-on-the-origin-of-language-based-on-modern-researches-and-especially-on-the-works-of-M-Renan_62598	unavailable				
Frederick Douglass	23	Narrative of the Life of Frederick Douglass, an American Slave	Narrative-of-the-Life-of-Frederick-Douglass-an-American-Slave_23	fetched		248399	948d491964b6ac66df3966476b2a9305b5d7ea56b8ec0b78c3c56815c5d9605f	23.txt
Frederick Douglass	99	Collected Articles of Frederick Douglass	Collected-Articles-of-Frederick-Douglass_99	fetched		66702	8a41fa5474ce5bf51c2e1d1e98485eeb6daac1e1032858fc0f1fec72ab97a92f	99.txt
Frederick Douglass	202	My Bondage and My Freedom	My-Bondage-and-My-Freedom_202	fetched		801377	bdb346b8db3a382de154816e2c4807dcbfdc3d896ee665921671d1da832435e1	202-0.txt
Frederick Douglass	6545	Frederick Douglass on Reconstruction	Frederick-Douglass-on-Reconstruction_6545	unavailable				
Frederick Douglass	31839	John Brown: An Address at the 14th Anniversary of Storer College	John-Brown-An-Address-at-the-14th-Anniversary-of-Storer-College_31839	unavailable				
Frederick Douglass	34915	Abolition Fanaticism in New York	Abolition-Fanaticism-in-New-York_34915	unavailable				
Frederick Douglass	59116	Why is the Negro Lynched?	Why-is-the-Negro-Lynched_59116	fetched		108634	c006fa52c49ace97ef1b2af5fbc8e75a05f59c8144dada11d8d8727686e9d804	59116-0.txt
Frederick Douglass	67919	Three addresses on the relations subsisting between the white and colored people of the United States	Three-addresses-on-the-relations-subsisting-between-the-white-and-colored-people-of-the-United-States_67919	unavailable				
Friedrich Nietzsche	1998	Thus Spake Zarathustra: A Book for All and None	Thus-Spake-Zarathustra-A-Book-for-All-and-None_1998	unavailable				
Friedrich Nietzsche	4363	Beyond Good and Evil	Beyond-Good-and-Evil_4363	fetched		408809	feae718cf7af07e9285958634e3f6ebf639ac3ca6baf72fbadfa9a495206e5d4	4363.txt
Friedrich Nietzsche	5652	Thoughts out of Season, Part I	Thoughts-out-of-Season-Part-I_5652	fetched		380447	616c5e1e8ad883339255bcb4c3bccfe7800472a6d5cbef8a91fbe8510c526a2c	5652.txt
Friedrich Nietzsche	18188	Homer and Classical Philology	Homer-and-Classical-Philology_18188	fetched		60383	8d1af13385fc1ca181ff00a216f2b516efd405bfe942e9c0b98ed8434d2c9b15	18188.txt
Friedrich Nietzsche	18267	We Philologists	We-Philologists_18267	unavailable				
Friedrich Nietzsche	19322	The Antichrist	The-Antichrist_19322	fetched		226311	0ad7240be275c09e9a53743191f8e2a5a85499b2551f6f6730e4910f693bf9ec	19322.txt
Friedrich Nietzsche	19634	Beyond Good and Evil	Beyond-Good-and-Evil_19634	unavailable				
Friedrich Nietzsche	25012	The Case of Wagner, Nietzsche Contra Wagner, and Selected Aphorisms.	The-Case-of-Wagner-Nietzsche-Contra-Wagner-and-Selected-Aphorisms_25012	unavailable				
Friedrich Nietzsche	28146	On the Future of our Educational Institutions	On-the-Future-of-our-Educational-Institutions_28146	fetched		238452	b4eb5396976299c0f9b20f3828b12e743a03e15e383d941b2092145d74cb5dcd	28146.txt
Friedrich Nietzsche	28734	The Antichrist	The-Antichrist_28734	unavailable				
Friedrich Nietzsche	37841	Human, All-Too-Human: A Book for Free Spirits, Part 2	Human-All-Too-Human-A-Book-for-Free-Spirits-Part-2_37841	unavailable				
Friedrich Nietzsche	38145	Human, All Too Human: A Book for Free Spirits	Human-All-Too-Human-A-Book-for-Free-Spirits_38145	unavailable				
Friedrich Nietzsche	38226	Thoughts Out of Season, Part II	Thoughts-Out-of-Season-Part-II_38226	unavailable				
Friedrich Nietzsche	39955	The Dawn of Day	The-Dawn-of-Day_39955	fetched		597091	294bd231a593daaf2b2dd9e6c809ebb5ad76d11c272c28bd6114655c98c32363	39955-0.txt
Friedrich Nietzsche	51356	The Birth of Tragedy; or, Hellenism and Pessimism	The-Birth-of-Tragedy-or-Hellenism-and-Pessimism_51356	fetched		353917	996f6ce8d9492c661ed6f5b1921e7444430407b3bb13c34e9493c02dfda5baa2	51356-0.txt
Friedrich Nietzsche	51548	Early Greek Philosophy & Other Essays	Early-Greek-Philosophy-Other-Essays_51548	unavailable				
Friedrich Nietzsche	51580	On the Future of our Educational Institutions; Homer and Classical Philology	On-the-Future-of-our-Educational-Institutions-Homer-and-Classical-Philology_51580	unavailable				
Friedrich Nietzsche	51710	Thoughts out of Season, Part I	Thoughts-out-of-Season-Part-I_51710	unavailable				
Friedrich Nietzsche	51935	Human, All-Too-Human: A Book for Free Spirits, Part 1	Human-All-Too-Human-A-Book-for-Free-Spirits-Part-1_51935	unavailable				
Friedrich Nietzsche	52124	The Joyful Wisdom ("La Gaya Scienza")	The-Joyful-Wisdom-La-Gaya-Scienza_52124	unavailable				
Friedrich Nietzsche	52166	The Case of Wagner	The-Case-of-Wagner_52166	unavailable				
Friedrich Nietzsche	52190	Ecce Homo	Ecce-Homo_52190	unavailable				
Friedrich Nietzsche	52263	The Twilight of the Idols; or, How to Philosophize with the Hammer. The Antichrist	The-Twilight-of-the-Idols-or-How-to-Philosophize-with-the-Hammer-The-Antichrist_52263	unavailable				
Friedrich Nietzsche	52319	The Genealogy of Morals	The-Genealogy-of-Morals_52319	unavailable				
Friedrich Nietzsche	52881	The Joyful Wisdom ("La Gaya Scienza")	The-Joyful-Wisdom-La-Gaya-Scienza_52881	fetched		566986	eda6b1122633dae8e60a8ef4891930519323c19e95a8a149fc5ffe92b94a891a	52881-0.txt
G.K. Chesterton	130	Orthodoxy	Orthodoxy_130	fetched		382040	09e2fb4134ea452325c284e8eb1d5251bff0320c5e80fed779d5544ebab89b64	130.txt
G.K. Chesterton	204	The Innocence of Father Brown	The-Innocence-of-Father-Brown_204	fetched		477692	8dde97c66d80dc47cc9df7888fcb2055da4ea87a1fd3c1b7d018ba6c4f7b5c14	204-0.txt
G.K. Chesterton	223	The Wisdom of Father Brown	The-Wisdom-of-Father-Brown_223	fetched		434743	ee2835ad7a51a32c1886eba422828a7d4c136271ffbfd1042d067328d1659539	223-0.txt
G.K. Chesterton	470	Heretics	Heretics_470	fetched		388739	d0ae11b8cb75d982ebf42ec80e773fe17e8768906f86b662261b9aef83b4abc4	470.txt
G.K. Chesterton	1695	The Man Who Was Thursday: A Nightmare	The-Man-Who-Was-Thursday-A-Nightmare_1695	unavailable				
G.K. Chesterton	1696	The Club of Queer Trades	The-Club-of-Queer-Trades_1696	fetched		275345	0a4c22db466b3cfd36ca0e0598f390630821b3be88d335ae2a8d53eec0347104	1696-0.txt
G.K. Chesterton	1717	What's Wrong with the World	What-s-Wrong-with-the-World_1717	fetched		363760	8b701f908c723742ab07fc66c5059481e42687fc9a75409a31ea2afe251de233	1717-0.txt
G.K. Chesterton	1718	Manalive	Manalive_1718	fetched		353609	2f92f96de9fa53e10b5931fa2af714dfc6dc8718d0600885d7ae48209f104ef4	1718.txt
G.K. Chesterton	1719	The Ballad of the White Horse	The-Ballad-of-the-White-Horse_1719	fetched		141811	a94ec7b599f401129227a790476b6a845c0ef374898257da2d4b9ba4eefe0d04	1719.txt
G.K. Chesterton	1720	The Man Who Knew Too Much	The-Man-Who-Knew-Too-Much_1720	fetched		354849	0ff8cf401f6345d9895627c91ac34f9c1f58b95acce4d7be21404c9d0d7f82c2	1720.txt
G.K. Chesterton	1721	The Trees of Pride	The-Trees-of-Pride_1721	fetched		161356	18a0a83ba421c815f79c6cb6bcc63ed2491ea265645f8454179db628ad7de481	1721-0.txt
G.K. Chesterton	2015	A Miscellany of Men	A-Miscellany-of-Men_2015	fetched		318308	8bb0cdbc57799949f58e4bdf2c6549f5f491e4a87b49b1f92a33347a6dd5de6b	2015-0.txt
G.K. Chesterton	2134	Utopia of Usurers and Other Essays	Utopia-of-Usurers-and-Other-Essays_2134	fetched		207051	fa0ccfb5c7bc413c417cf2239596d6c3d96830fc77cd861663df6db6a74f2516	2134-0.txt
G.K. Chesterton	5265	The Ball and the Cross	The-Ball-and-the-Cross_5265	fetched		477343	e9ab132a3395895e35b561f34f570554b75bba57a69aefa156f859113407a5dc	5265-0.txt
G.K. Chesterton	8092	Tremendous Trifles	Tremendous-Trifles_8092	fetched		332562	1b61e2c87deda3032580ee363b87e7eceead0ba2c99770743d9404ae8110e6f6	8092-0.txt
G.K. Chesterton	9656	Alarms and Discursions	Alarms-and-Discursions_9656	fetched		304231	220e286043df529b4c677300adcd9eb07645cffd47d8e058a9523b56829732f3	9656-0.txt
G.K. Chesterton	11505	All Things Considered	All-Things-Considered_11505	fetched		359805	b4e3cf930dc7c605960bb160d0f8b8d015bcedc4f3902b17058dc3da33b46b9a	11505.txt
G.K. Chesterton	11554	The Crimes of England	The-Crimes-of-England_11554	fetched		200379	5c388ef5383ddac26a606d0d72e0837933660e0951d750ae88af67a8fcc6af45	11554-8.txt
G.K. Chesterton	11560	The Barbarism of Berlin	The-Barbarism-of-Berlin_11560	fetched		88265	4884adfa4d6e3b296dd4acff7c0cd706515d4e9d5d0a247c93e30a430661ba26	11560.txt
G.K. Chesterton	11605	The Appetite of Tyranny: Including Letters to an Old Garibaldian	The-Appetite-of-Tyranny-Including-Letters-to-an-Old-Garibaldian_11605	unavailable				
G.K. Chesterton	12037	The Wild Knight and Other Poems	The-Wild-Knight-and-Other-Poems_12037	fetched		91306	6ed43d0232ab3310702be5935c86adf7e9271d7223add72c79d814b65a2ee10a	12037-8.txt
G.K. Chesterton	12245	The Defendant	The-Defendant_12245	fetched		177132	0cf9510fa614f8d30056bbf4d2372b4084dd7dc44d14f492251a2f1bc71d5194	12245-8.txt
G.K. Chesterton	12491	Twelve Types	Twelve-Types_12491	fetched		173645	23cfa0094884eb157a9896da04e17b6fb6f13139973a65fc54ad53a4b5b27aed	12491.txt
G.K. Chesterton	13342	Robert Browning	Robert-Browning_13342	fetched		376220	99d064d72ad5d1fbe49b643f6698a93c518c475ff0d249da4d096741e834c72a	13342.txt
G.K. Chesterton	13468	The New Jerusalem	The-New-Jerusalem_13468	fetched		544047	ae498cdeb23124982c3264b635d23098b052ea5be5dfe60176a17691be02b7d1	13468.txt
Galileo Galilei	37729	A Discourse Presented to the Most Serene Don Cosimo II., Great Duke of Tuscany, Concerning the Natation of Bodies Vpon, and Submersion In, the Water.	A-Discourse-Presented-to-the-Most-Serene-Don-Cosimo-II-Great-Duke-of-Tuscany-Concerning-the-Natation-of-Bodies-Vpon-and-Submersion-In-the-Water_37729	unavailable				
Galileo Galilei	46036	The Sidereal Messenger of Galileo Galilei	The-Sidereal-Messenger-of-Galileo-Galilei_46036	unavailable				
George Ade	11279	The Slim Princess	The-Slim-Princess_11279	fetched		149153	8a0586a99bf11537db2891ddad0fade97cb1dd9d4383ade0ddf37448fcf5cca2	11279-8.txt
George Ade	11930	More Fables	More-Fables_11930	fetched		136928	013c831035a8ffd2f5f1c00c5dace38b6d275deaada371bdd0c2a83b51dbc2e3	11930.txt
George Ade	13543	People You Know	People-You-Know_13543	fetched		171085	59e3a144cab4349da7e265c76218ea21a17a6e7213d6f471e03602c4dd063540	13543-8.txt
George Ade	19813	Ade's Fables	Ade-s-Fables_19813	fetched		231730	e6c8081000f352097a33bd5d486d33013e59bc7bd5a05d22e394fafa267fe5e4	19813.txt
George Ade	19829	Knocking the Neighbors	Knocking-the-Neighbors_19829	fetched		161560	aa396c0cc994d59ab25c2394fa12d585b9c13a9856ba74587571cb8a9a7f0cfb	19829.txt
George Ade	20510	Ade's Fables	Ade-s-Fables_20510	fetched		236128	dee675257d0c36282be65bc0aa70c92b9dea1387344a1e5561da6179e1bceba3	20510-8.txt
George Ade	25322	Fables in Slang	Fables-in-Slang_25322	fetched		114787	8a2c2973d80ba8c15ee8279865de6b36bc1e62f0e2481e902c272bfabeb5405d	25322-8.txt
George Ade	38364	In Pastures New	In-Pastures-New_38364	fetched		326087	7e54f75477b9722592a0683f9d4f45d33acea3fe8cd88161bc38630921846718	38364-8.txt
George Bancroft	26750	Memorial Address on the Life and Character of Abraham Lincoln	Memorial-Address-on-the-Life-and-Character-of-Abraham-Lincoln_26750	unavailable				
George Bernard Shaw	908	Treatise on Parents and Children	Treatise-on-Parents-and-Children_908	fetched		250488	e28e8cf35c1a506778b8fb19659ae0a5e6d94d017364ba0068b57bca1fae6940	908.txt
George Bernard Shaw	943	Misalliance	Misalliance_943	fetched		206262	a35a23dd1e8e8d7a1ad65956dc658addd2643f7470275af1e8460a9b46515602	943.txt
George Bernard Shaw	1050	The Dark Lady of the Sonnets	The-Dark-Lady-of-the-Sonnets_1050	fetched		110338	71bce764c2ee37c9bca2e3599e1a9a1514b5121c96f750de43ce421239370115	1050.txt
George Bernard Shaw	1097	Mrs. Warren's Profession	Mrs-Warren-s-Profession_1097	unavailable				
George Bernard Shaw	1487	The Perfect Wagnerite: A Commentary on the Niblung's Ring	The-Perfect-Wagnerite-A-Commentary-on-the-Niblung-s-Ring_1487	unavailable				
George Bernard Shaw	1654	An Unsocial Socialist	An-Unsocial-Socialist_1654	fetched		545207	5ed8b46a56f2a4b664cae99588c8ce4f776f4d6a3334b2e22e928c3786e428ac	1654-0.txt
George Bernard Shaw	2175	You Never Can Tell	You-Never-Can-Tell_2175	fetched		225876	4ff11354c514d2decb13eaad1bb51ec017b4356c3905cc7c100d443c6df2d1c1	2175.txt
George Bernard Shaw	3328	Man and Superman: A Comedy and a Philosophy	Man-and-Superman-A-Comedy-and-a-Philosophy_3328	unavailable				
George Bernard Shaw	3329	Caesar and Cleopatra	Caesar-and-Cleopatra_3329	fetched		234203	81f5b544d1eb36ae6374f913653306f671a4741663aa69faf50ec0708dff3155	3329.txt
George Bernard Shaw	3418	Captain Brassbound's Conversion	Captain-Brassbound-s-Conversion_3418	fetched		186753	2600fc127f201bb7302932241d5aa4f11015445a0458805f6b939b71f6479bd5	3418-8.txt
George Bernard Shaw	3484	O'Flaherty V.C.: A Recruiting Pamphlet	O-Flaherty-V-C-A-Recruiting-Pamphlet_3484	unavailable				
George Bernard Shaw	3485	Annajanska, the Bolshevik Empress	Annajanska-the-Bolshevik-Empress_3485	fetched		50169	a7a89405a6fb7b0357fac4130041cad9fac03bc2e9350b84f7cbfd69b548116e	3485.txt
George Bernard Shaw	3486	The Inca of Perusalem: An Almost Historical Comedietta	The-Inca-of-Perusalem-An-Almost-Historical-Comedietta_3486	unavailable				
George Bernard Shaw	3487	Augustus Does His Bit: A True-to-Life Farce	Augustus-Does-His-Bit-A-True-to-Life-Farce_3487	unavailable				
George Bernard Shaw	3488	Great Catherine (Whom Glory Still Adores)	Great-Catherine-Whom-Glory-Still-Adores_3488	unavailable				
George Bernard Shaw	3543	Heartbreak House	Heartbreak-House_3543	fetched		293883	55ac8452b0c9c7f720e8d2f55f3407271e42de80f8cbbbcde89f0be95857b975	3543-8.txt
George Bernard Shaw	3544	How He Lied to Her Husband	How-He-Lied-to-Her-Husband_3544	fetched		67169	b0aa21751bb39a3c34eba9cdc8278ec7ccf8057d8485cd2ae515b3a9279ff912	3544.txt
George Bernard Shaw	3612	John Bull's Other Island	John-Bull-s-Other-Island_3612	fetched		229616	b6b04eb67b6d1bcc9e434cb7c022d370f0e771e063c99013f3f5f84b945e0c1e	3612.txt
George Bernard Shaw	3618	Arms and the Man	Arms-and-the-Man_3618	fetched		164183	4b81366b5768dce164c961af62fb9463d89eac38fcb51018e4caea53d3f45d81	3618.txt
George Bernard Shaw	3638	The Devil's Disciple	The-Devil-s-Disciple_3638	fetched		178997	2ca8fd324d28b2631b3214d5ba2255be40d751a547ed517491b19f706a499707	3638.txt
George Bernard Shaw	3789	Preface to Major Barbara: First Aid to Critics	Preface-to-Major-Barbara-First-Aid-to-Critics_3789	unavailable				
George Bernard Shaw	3790	Major Barbara	Major-Barbara_3790	fetched		207415	6be521b29f17522cdc3c2cfc09960966f0e739aa3ae61cafa1cfbe814a6a1ea1	3790.txt
George Bernard Shaw	3825	Pygmalion	Pygmalion_3825	fetched		212678	372eea095186dca19fb169cba041de0b68e075b1ac209df8754022c810f96165	3825.txt
George Bernard Shaw	3830	Overruled	Overruled_3830	fetched		96204	ba3696d6794160fc8fb27800dd34b379c2cdf2ee8c074bdb5fb7a7dae3673aaf	3830.txt
George Bernard Shaw	4003	Androcles and the Lion	Androcles-and-the-Lion_4003	fetched		113398	8546b7779fe5b1257c40459b8df8298a9d32fb65ad1f1468d8338b1d90dfc5c4	4003.txt
George Canning	22081	Parodies of Ballad Criticism (1711-1787)	Parodies-of-Ballad-Criticism-1711-1787_22081	unavailable				
George Chapman	20356	Hero and Leander and Other Poems	Hero-and-Leander-and-Other-Poems_20356	fetched		138646	846056ad23eb2e88a706627231f9caa5a9a8df14e4917cf33d97d7a0b9f8f226	20356.txt
George Chapman	20890	Bussy D'Ambois and The Revenge of Bussy D'Ambois	Bussy-D-Ambois-and-The-Revenge-of-Bussy-D-Ambois_20890	fetched		541658	5078357abfc72247e77b3c5f17169b5d783de02c13ab3dae84f3fd82db15761c	20890-0.txt
George Eliot	145	Middlemarch	Middlemarch_145	fetched		1847718	13423f5590be43aabc2d383386d544dc121eca306ced42cf790346733968a7f8	145-8.txt
George Eliot	507	Adam Bede	Adam-Bede_507	fetched		1206576	c9bd99331b1d3689a76eba8c6c82aa0ded6fb216a00a269aecf1061a6f6720bb	507-0.txt
George Eliot	550	Silas Marner	Silas-Marner_550	fetched		420906	46b39559666acdce85bfbea4d98df3b3db0e044bcbacd22f4a55ba86be76a189	550.txt
George Eliot	2165	The Lifted Veil	The-Lifted-Veil_2165	fetched		120677	70f79c9d4fbc23b7ce3c20f079ddd6cdb8dc2d5d907960c8411a95b2a20c6ccc	2165.txt
George Eliot	2171	Brother Jacob	Brother-Jacob_2171	fetched		115658	f46db1ac90bf14533e1cb421cfefe43b5146b9c3f00dc4ce9f36fee8cdbbef2e	2171.txt
George Eliot	6688	The Mill on the Floss	The-Mill-on-the-Floss_6688	fetched		1185830	9b489d9d8b9d48f06b38447ef37610209ace1464fb783456d0391e4211105f02	6688-0.txt
George Eliot	7469	Daniel Deronda	Daniel-Deronda_7469	fetched		1794759	cb7deebfb983f07a817d5caef74a6e94fabb74bb8dae2d7384e11f70c576cbd0	7469-0.txt
George Eliot	8227	Middlemarch	Middlemarch_8227	unavailable				
George Eliot	9671	Daniel Deronda	Daniel-Deronda_9671	unavailable				
George Eliot	9672	Adam Bede	Adam-Bede_9672	unavailable				
George Eliot	9673	Brother Jacob	Brother-Jacob_9673	unavailable				
George Eliot	9674	The Lifted Veil	The-Lifted-Veil_9674	unavailable				
George Eliot	9675	The Mill on the Floss	The-Mill-on-the-Floss_9675	unavailable				
George Eliot	9676	Silas Marner	Silas-Marner_9676	unavailable				
George Eliot	10762	Impressions of Theophrastus Such	Impressions-of-Theophrastus-Such_10762	fetched		368372	c34c5e7801a9c9f0fdcf22c4ccffa41b6e287880d1329b7a68db076f82a87c1f	10762.txt
George Eliot	17780	Scenes of Clerical Life	Scenes-of-Clerical-Life_17780	fetched		848630	2e685746105f6c4ca41368179d54c7132f7c5e376acf00fc038fbef9ff6955c9	17780.txt
George Eliot	20742	O May I Join the Choir Invisible! and Other Favorite Poems	O-May-I-Join-the-Choir-Invisible-and-Other-Favorite-Poems_20742	unavailable				
George Eliot	20813	How Lisa Loved the King	How-Lisa-Loved-the-King_20813	fetched		49297	20924f3c36bc383c7dba4ed2148937364c51833d00eee70d3789cb6054322016	20813.txt
George Eliot	24020	Romola	Romola_24020	fetched		1316871	7c2afcd48abbb196b619c88e74ad29e9da2e4248dbe60641a7ef90c7bc4beea7	24020.txt
George Eliot	26269	Silas Marner	Silas-Marner_26269	unavailable				
George Eliot	28289	The Essays of "George Eliot"	The-Essays-of-George-Eliot_28289	unavailable				
George Eliot	30273	Tom and Maggie Tulliver	Tom-and-Maggie-Tulliver_30273	fetched		126876	193d005c63666b31838dc3713a2e7aa0f1602a52f6f049de4fab493755893784	30273.txt
George Eliot	40882	Felix Holt, the Radical	Felix-Holt-the-Radical_40882	fetched		1060583	fa5f7b1025397fddebe3789ac5306c4c6df7c7f87bc0948ad3b98b73be3d9255	40882-8.txt
George Eliot	43043	George Eliot's Life, as Related in Her Letters and Journals. Vol. 1 (of 3)	George-Eliot-s-Life-as-Related-in-Her-Letters-and-Journals-Vol-1-of-3_43043	unavailable				
George Eliot	43044	George Eliot's Life, as Related in Her Letters and Journals. Vol. 2 (of 3)	George-Eliot-s-Life-as-Related-in-Her-Letters-and-Journals-Vol-2-of-3_43044	unavailable				
George Farquhar	21334	The Beaux-Stratagem	The-Beaux-Stratagem_21334	fetched		199320	b52f97bc9c5bbf580b19f92c7e42f4eee21dd86e483c7281c8755fabfea08339	21334-8.txt
George Farquhar	32419	The Constant Couple; Or, A Trip to the Jubilee: A Comedy, in Five Acts	The-Constant-Couple-Or-A-Trip-to-the-Jubilee-A-Comedy-in-Five-Acts_32419	unavailable				
George Farquhar	35961	The Inconstant	The-Inconstant_35961	fetched		130866	f9d96a83b9b11cfbda0f414eaccc5d4849e08919dc1fa89107b21f93259aa463	35961-8.txt
George Farquhar	37012	The Recruiting Officer	The-Recruiting-Officer_37012	fetched		142345	782112386b3f1b193e5a1bcf792904e31230681425db41859c50a315cb42ce8b	37012-8.txt
George Farquhar	37195	The Beaux-Stratagem: A comedy in five acts	The-Beaux-Stratagem-A-comedy-in-five-acts_37195	unavailable				
George Herbert	35	The Time Machine	The-Time-Machine_35	fetched		204492	0eb70818a4c7e2e04f91be807bad37ca5c1475cd51cec2a7b620c4db2b595ce4	35-0.txt
George Herbert	36	The War of the Worlds	The-War-of-the-Worlds_36	fetched		366813	0c9bea907452abd6e9a31d9152188ef5007f0e2d3e4a52d7a6a627a37616249f	36-0.txt
George Herbert	159	The Island of Doctor Moreau	The-Island-of-Doctor-Moreau_159	fetched		267719	d3d351be177ff9ded031f260f5872988f782808ac3119389dbea0252d02e3d57	159.txt
George Herbert	456	The Door in the Wall, and Other Stories	The-Door-in-the-Wall-and-Other-Stories_456	fetched		263952	d665b30d2fbe7e503c26052b9f97d6546826b224814429a2ce300dc70a63b49f	456.txt
George Herbert	524	Ann Veronica: A Modern Love Story	Ann-Veronica-A-Modern-Love-Story_524	unavailable				
George Herbert	718	Tono-Bungay	Tono-Bungay_718	fetched		802873	35f002e0f15804bff06673b3cdd5b0169424684466059471349b544a1233232f	718-0.txt
George Herbert	775	When the Sleeper Wakes	When-the-Sleeper-Wakes_775	fetched		508367	7207646e29d41a14081d4cc1a361fdc6227c49112bd5ec54f1ec064ba375e563	775-0.txt
George Herbert	780	The War in the Air	The-War-in-the-Air_780	fetched		595436	2bfb7a32e18bb897f4a629d2a1a3a5dce0010cbbd1526c8c804de727619d9873	780-0.txt
George Herbert	1013	The First Men in the Moon	The-First-Men-in-the-Moon_1013	fetched		406613	698e4d24fa4f0011de1ace23eb5a8cb436d44a9c3b715d44a3d9135fb5a747bf	1013.txt
George Herbert	1046	God, the Invisible King	God-the-Invisible-King_1046	fetched		253315	3ae2cea5f03df37f67803ed7f3981bd9b4cb915f1342f663fbe05479d337b8c5	1046-0.txt
George Herbert	1047	The New Machiavelli	The-New-Machiavelli_1047	fetched		875085	1f913d1a6a24cfc63ca405061aaade3e68a415ca05dd5f6e80eacb61136bcea9	1047-0.txt
George Herbert	1059	The World Set Free	The-World-Set-Free_1059	fetched		406702	fa670c8cd280e756ac78e638b252ba8b95b39ea9265135fe891712a8ec52516c	1059-0.txt
George Herbert	1138	The Research Magnificent	The-Research-Magnificent_1138	fetched		672496	666044b762e9012db2ac4e991e92e172e257b822e0bd368ece5058044d0f1934	1138-0.txt
George Herbert	1264	The Wheels of Chance: A Bicycling Idyll	The-Wheels-of-Chance-A-Bicycling-Idyll_1264	unavailable				
George Herbert	1269	The Soul of a Bishop	The-Soul-of-a-Bishop_1269	fetched		482249	6a16f02ca2da1e32240c8b2b0def83ba050b387d55bbd2c1dbda30fd3702e651	1269-0.txt
George Herbert	1734	The Secret Places of the Heart	The-Secret-Places-of-the-Heart_1734	fetched		393904	70314ecb342b11e8e30fdc1778700b0d46ec42f1664b93fb8441665bb631a54c	1734-0.txt
George Herbert	1743	Twelve Stories and a Dream	Twelve-Stories-and-a-Dream_1743	fetched		437069	5d36c1bdab88e648e31a483e7939a0afd50865650b3caae6bf30c1c7584579a4	1743-0.txt
George Herbert	1804	War and the Future: Italy, France and Britain at War	War-and-the-Future-Italy-France-and-Britain-at-War_1804	unavailable				
George Herbert	3690	Floor Games; a companion volume to "Little Wars"	Floor-Games-a-companion-volume-to-Little-Wars_3690	unavailable				
George Herbert	3691	Little Wars; a game for boys from twelve years of age to one hundred and fifty and for that more intelligent sort of girl who likes boys' games and books.	Little-Wars-a-game-for-boys-from-twelve-years-of-age-to-one-hundred-and-fifty-and-for-that-more-intelligent-sort-of-girl-who-likes-boys-games-and-books_3691	unavailable				
George Herbert	3797	In the Days of the Comet	In-the-Days-of-the-Comet_3797	fetched		485176	939f732c5b664ad74bbd60bd376b87f6cbe24c411c316ca573fd01dba0a8de0e	3797.txt
George Herbert	4225	First and Last Things: A Confession of Faith and Rule of Life	First-and-Last-Things-A-Confession-of-Faith-and-Rule-of-Life_4225	unavailable				
George Herbert	5230	The Invisible Man: A Grotesque Romance	The-Invisible-Man-A-Grotesque-Romance_5230	unavailable				
George Herbert	6424	A Modern Utopia	A-Modern-Utopia_6424	fetched		565228	7a29b445c7bc48cfbc99c549ce9d924c4ca379635b03fc97e1b92d1d4ab67e19	6424.txt
George Herbert	6620	The Time Machine	The-Time-Machine_6620	unavailable				
George Jean Nathan	20306	Europe After 8:15	Europe-After-8-15_20306	fetched		214953	fe14a1fd1b066d108ad7adbe43003b65896e307c29b004a814323f97994ef9bd	20306.txt
George Jean Nathan	23858	The American Credo	The-American-Credo_23858	unavailable				
George Jean Nathan	27660	A Book Without a Title	A-Book-Without-a-Title_27660	fetched		56293	d5352fa011bb47226d68ed685b47bdb77a834ddfd71273030798e7f5c32a7de1	27660-8.txt
George Jean Nathan	61281	Heliogabalus: A Buffoonery in Three Acts	Heliogabalus-A-Buffoonery-in-Three-Acts_61281	fetched		212420	29b0ff39e4605959635e5d0161f1316ab9f58d0f25a6970164b19f70bc9006a3	61281-8.txt
George Jean Nathan	63188	The Critic and the Drama	The-Critic-and-the-Drama_63188	fetched		167585	dd81c30c01914f7b898acd9fc4f274d50164a6fa5f02ad8b4267e09211ea0c6c	63188-0.txt
George Jean Nathan	66775	Bottoms Up: An Application of the Slapstick to Satire	Bottoms-Up-An-Application-of-the-Slapstick-to-Satire_66775	fetched		106206	37cc0e00406b3618efefefa3a78892d935ee113ba73c97509c4cf0e5b5ed0de5	66775-0.txt
George Pierce Baker	36580	Dramatic Technique	Dramatic-Technique_36580	fetched		1097688	3ebb9eff86f12e63122799af162502a038c117748446f40bcb181ba79afa6b69	36580.txt
George Sand	2194	Mauprat	Mauprat_2194	fetched		734198	905596c76d5b40db75a4403ae6629c0343367330694f7cf179b9e9ccd7783a08	2194-0.txt
George Sand	5115	The George Sand-Gustave Flaubert Letters	The-George-Sand-Gustave-Flaubert-Letters_5115	fetched		710500	c36e5339a7bb9671717efcf451d2f528683af2b42ede8539f4bc82cc5b616a88	5115.txt
George Sand	12816	The Devil's Pool	The-Devil-s-Pool_12816	fetched		235510	b9f36aff82c06756605a9b3d6d7ab54ecc0a3ac89eb0f04c2eb1bf146fc61e24	12816-8.txt
George Sand	21993	The Devil's Pool	The-Devil-s-Pool_21993	fetched		228992	826309ca6961d559968ff6b0f1736646d00bb0491b4e0d5c32c43d9dcb8f0946	21993-0.txt
George Sand	28810	The Devil's Pool	The-Devil-s-Pool_28810	unavailable				
George Sand	62338	The Countess of Rudolstadt	The-Countess-of-Rudolstadt_62338	unavailable				
George Sand	63083	The Marquis de Villemer	The-Marquis-de-Villemer_63083	fetched		560228	2ecf1b241fb2d088ac3bac2e87df48b909de22342e1907eba130010172d9d9db	63083-0.txt
George Sand	63445	Indiana	Indiana_63445	fetched		596825	11bd8c894f7424c8aa67277be7447f54d6c847c272674a6f6bc5f482be980393	63445-0.txt
George Sand	65170	Antonia	Antonia_65170	unavailable				
George Sand	66513	The Bagpipers	The-Bagpipers_66513	fetched		681662	00b4ddbd79849972b58aaacde5d5de41fb184c2e4f6b0b9a3fa7b7fa23525306	66513-0.txt
George Sand	67460	The Sin of Monsieur Antoine, Volume 1 (of 2)	The-Sin-of-Monsieur-Antoine-Volume-1-of-2_67460	fetched		588720	e84899fdcb825475420ba1cb7de4ab7f82543298f298f81212355e2dccaf62e0	67460-0.txt
George Sand	67461	The Sin of Monsieur Antoine, Volume 2 (of 2) and Leone Leoni	The-Sin-of-Monsieur-Antoine-Volume-2-of-2-and-Leone-Leoni_67461	fetched		600693	9df99688db162d51703f49bcd83bfff74d6a7a446ee70d2f23c03f4922cde732	67461-0.txt
George Sand	68045	She and he; Lavinia; Memoir	She-and-he-Lavinia-Memoir_68045	unavailable				
George Santayana	15000	The Life of Reason: The Phases of Human Progress	The-Life-of-Reason-The-Phases-of-Human-Progress_15000	unavailable				
George Santayana	16712	Some Turns of Thought in Modern Philosophy: Five Essays	Some-Turns-of-Thought-in-Modern-Philosophy-Five-Essays_16712	unavailable				
George Santayana	17771	Winds Of Doctrine: Studies in Contemporary Opinion	Winds-Of-Doctrine-Studies-in-Contemporary-Opinion_17771	unavailable				
George Santayana	26842	The Sense of Beauty: Being the Outlines of Aesthetic Theory	The-Sense-of-Beauty-Being-the-Outlines-of-Aesthetic-Theory_26842	unavailable				
George Santayana	28916	Some Turns of Thought in Modern Philosophy	Some-Turns-of-Thought-in-Modern-Philosophy_28916	unavailable				
George Santayana	34654	Character and Opinion in the United States	Character-and-Opinion-in-the-United-States_34654	fetched		290858	dc9e09802adce126e9532c2bf58e8d0cfae1619c916b8a137dbd7262c9bf44f3	34654-8.txt
George Santayana	35612	Three Philosophical Poets: Lucretius, Dante, and Goethe	Three-Philosophical-Poets-Lucretius-Dante-and-Goethe_35612	unavailable				
George Santayana	48429	Soliloquies in England, and Later Soliloquies	Soliloquies-in-England-and-Later-Soliloquies_48429	fetched		596145	c7e68410c996e66e2f9e0413bfd1512a7b6e8538c9e181ff7e5f6ac44f246a0a	48429.txt
George Santayana	48431	Egotism in German Philosophy	Egotism-in-German-Philosophy_48431	fetched		240849	2d074b6649ae8292873f44689293d502c2b3aa5bdbca6f13f26f7c82a5af11b6	48431.txt
George Santayana	48563	Interpretations of Poetry and Religion	Interpretations-of-Poetry-and-Religion_48563	fetched		431494	539e1ce7a541896aa2bc8d41e47fd714710b0da1511309c39a78d8c483885899	48563-8.txt
George Santayana	49721	Poems	Poems_49721	fetched		137346	25888eeaa4a5ac161513c227875b71a93a0f6ba8ba16586f13e92f1d787e3fb1	49721-8.txt
George Santayana	49888	A Hermit of Carmel, and Other Poems	A-Hermit-of-Carmel-and-Other-Poems_49888	fetched		187538	4a7f9451245b2096d71256f53e02367fe4554a20a78ea4df0598c4f34f3d1872	49888-8.txt
George Washington	1233	The Origin and Nature of the Emotions; Miscellaneous Papers	The-Origin-and-Nature-of-the-Emotions-Miscellaneous-Papers_1233	unavailable				
George Washington	2810	Plunkitt of Tammany Hall: a series of very plain talks on very practical politics, delivered by ex-Senator George Washington Plunkitt, the Tammany philosopher, from his rostrum—the New York County court house bootblack stand; Recorded by William L. Riordon	Plunkitt-of-Tammany-Hall-a-series-of-very-plain-talks-on-very-practical-politics-delivered-by-ex-Senator-George-Washington-Plunkitt-the-Tammany-philosopher-from-his-rostrumthe-New-York-County-court-house-bootblack-stand-Recorded-by-William-L-Riordon_2810	unavailable				
George Washington	5010	State of the Union Addresses	State-of-the-Union-Addresses_5010	fetched		123695	34ec767befffeb6dae466295a2ca8b2684403aa53f1cbcc5eeba812b3a76d818	5010.txt
George Washington	9838	Strong Hearts	Strong-Hearts_9838	fetched		224539	670452348bd22fd4406a195e7bf7c9db1c66bb6d1a900824182c213b244899bd	9838.txt
George Washington	9839	The Cavalier	The-Cavalier_9839	fetched		483511	25731dde60e107e731d22b6af5e1132c80de47b14ae73ad28be99e9aae87fa20	9839-8.txt
George Washington	10234	Old Creole Days: A Story of Creole Life	Old-Creole-Days-A-Story-of-Creole-Life_10234	unavailable				
George Washington	11719	Kincaid's Battery	Kincaid-s-Battery_11719	fetched		641260	322c37a41f16c5b0c6cd72151cdd5876ebb65122af92ba865b468fde26e360ef	11719-8.txt
George Washington	12029	George Washington's Rules of Civility	George-Washington-s-Rules-of-Civility_12029	unavailable				
George Washington	12280	The Grandissimes	The-Grandissimes_12280	fetched		688633	a8634fbdc496928d73cbfd7d25d3cdfd895abb1a5341a3998a785aab89dd464f	12280-8.txt
George Washington	12577	Strange True Stories of Louisiana	Strange-True-Stories-of-Louisiana_12577	fetched		540730	8eeefe2053b99dc168d3533028ce1d1659b1fb1b71ec76b09d9f6771eb64ec2e	12577.txt
George Washington	14575	Bylow Hill	Bylow-Hill_14575	fetched		156789	e1b0ba57369ea731a0f7a18bb05f37bd3ca877f05d7aa080fecab033835d4aec	14575.txt
George Washington	15735	History of the Negro Race in America From 1619 to 1880. Vol 1	History-of-the-Negro-Race-in-America-From-1619-to-1880-Vol-1_15735	unavailable				
George Washington	15881	The Flower of the Chapdelaines	The-Flower-of-the-Chapdelaines_15881	fetched		341232	1b50ad3ea21d9786b66d1ba58d88cfb7b09a60f04dbb7b5eef71eac458bf6ccc	15881-8.txt
George Washington	16858	Wit, Humor, Reason, Rhetoric, Prose, Poetry and Story Woven into Eight Popular Lectures	Wit-Humor-Reason-Rhetoric-Prose-Poetry-and-Story-Woven-into-Eight-Popular-Lectures_16858	fetched		397838	281aff76f8a71a228508902ecd885646139f2c5a4ac71f5fdc33aeafac703239	16858.txt
George Washington	19348	Gideon's Band: A Tale of the Mississippi	Gideon-s-Band-A-Tale-of-the-Mississippi_19348	unavailable				
George Washington	19408	The Amateur Garden	The-Amateur-Garden_19408	fetched		234960	ab3157f0ddcde8b57447370e18b69fd722e3792721b80d0b6099fb94a970d4c2	19408-8.txt
George Washington	19703	Madame Delphine	Madame-Delphine_19703	fetched		133992	8331ba96c1f437f0533273e1d8b8397b9c5f71345e491bbbc8b5746ce4666315	19703-8.txt
George Washington	20712	Trail's End	Trail-s-End_20712	fetched		504009	7ca666945a1363d338c35efa9edd773b8d95599c1e1849c692f8f471fae81231	20712.txt
George Washington	21851	History of the Negro Race in America from 1619 to 1880. Vol. 2	History-of-the-Negro-Race-in-America-from-1619-to-1880-Vol-2_21851	unavailable				
George Washington	24078	Bonaventure: A Prose Pastoral of Acadian Louisiana	Bonaventure-A-Prose-Pastoral-of-Acadian-Louisiana_24078	unavailable				
George Washington	29439	Dr. Sevier	Dr-Sevier_29439	unavailable				
George Washington	29668	The Flockmaster of Poison Creek	The-Flockmaster-of-Poison-Creek_29668	fetched		478616	43b3ed844db48c68fe71033e1f330ec46f480677e5d9366dadb7df044ad0d90b	29668-8.txt
George Washington	29949	Washington's Masonic Correspondence	Washington-s-Masonic-Correspondence_29949	unavailable				
George Washington	31470	John March, Southerner	John-March-Southerner_31470	fetched		764343	a0a0f84e0c0e5af3da37eb4c0555c0ae2de46c806fa4b04e438f5af29953829a	31470-8.txt
George Washington	52395	Journal of my journey over the mountains	Journal-of-my-journey-over-the-mountains_52395	unavailable				
George Washington Cable	5010	State of the Union Addresses	State-of-the-Union-Addresses_5010	fetched		123695	34ec767befffeb6dae466295a2ca8b2684403aa53f1cbcc5eeba812b3a76d818	5010.txt
George Washington Cable	9838	Strong Hearts	Strong-Hearts_9838	fetched		224539	670452348bd22fd4406a195e7bf7c9db1c66bb6d1a900824182c213b244899bd	9838.txt
George Washington Cable	9839	The Cavalier	The-Cavalier_9839	fetched		483511	25731dde60e107e731d22b6af5e1132c80de47b14ae73ad28be99e9aae87fa20	9839-8.txt
George Washington Cable	10234	Old Creole Days: A Story of Creole Life	Old-Creole-Days-A-Story-of-Creole-Life_10234	unavailable				
George Washington Cable	11719	Kincaid's Battery	Kincaid-s-Battery_11719	fetched		641260	322c37a41f16c5b0c6cd72151cdd5876ebb65122af92ba865b468fde26e360ef	11719-8.txt
George Washington Cable	12029	George Washington's Rules of Civility	George-Washington-s-Rules-of-Civility_12029	unavailable				
George Washington Cable	12280	The Grandissimes	The-Grandissimes_12280	fetched		688633	a8634fbdc496928d73cbfd7d25d3cdfd895abb1a5341a3998a785aab89dd464f	12280-8.txt
George Washington Cable	12577	Strange True Stories of Louisiana	Strange-True-Stories-of-Louisiana_12577	fetched		540730	8eeefe2053b99dc168d3533028ce1d1659b1fb1b71ec76b09d9f6771eb64ec2e	12577.txt
George Washington Cable	14575	Bylow Hill	Bylow-Hill_14575	fetched		156789	e1b0ba57369ea731a0f7a18bb05f37bd3ca877f05d7aa080fecab033835d4aec	14575.txt
George Washington Cable	15881	The Flower of the Chapdelaines	The-Flower-of-the-Chapdelaines_15881	fetched		341232	1b50ad3ea21d9786b66d1ba58d88cfb7b09a60f04dbb7b5eef71eac458bf6ccc	15881-8.txt
George Washington Cable	19348	Gideon's Band: A Tale of the Mississippi	Gideon-s-Band-A-Tale-of-the-Mississippi_19348	unavailable				
George Washington Cable	19408	The Amateur Garden	The-Amateur-Garden_19408	fetched		234960	ab3157f0ddcde8b57447370e18b69fd722e3792721b80d0b6099fb94a970d4c2	19408-8.txt
George Washington Cable	19703	Madame Delphine	Madame-Delphine_19703	fetched		133992	8331ba96c1f437f0533273e1d8b8397b9c5f71345e491bbbc8b5746ce4666315	19703-8.txt
George Washington Cable	24078	Bonaventure: A Prose Pastoral of Acadian Louisiana	Bonaventure-A-Prose-Pastoral-of-Acadian-Louisiana_24078	unavailable				
George Washington Cable	29439	Dr. Sevier	Dr-Sevier_29439	unavailable				
George Washington Cable	29949	Washington's Masonic Correspondence	Washington-s-Masonic-Correspondence_29949	unavailable				
George Washington Cable	31470	John March, Southerner	John-March-Southerner_31470	fetched		764343	a0a0f84e0c0e5af3da37eb4c0555c0ae2de46c806fa4b04e438f5af29953829a	31470-8.txt
George Washington Cable	52395	Journal of my journey over the mountains	Journal-of-my-journey-over-the-mountains_52395	unavailable				
George Washington Carver	5010	State of the Union Addresses	State-of-the-Union-Addresses_5010	fetched		123695	34ec767befffeb6dae466295a2ca8b2684403aa53f1cbcc5eeba812b3a76d818	5010.txt
George Washington Carver	12029	George Washington's Rules of Civility	George-Washington-s-Rules-of-Civility_12029	unavailable				
George Washington Carver	29949	Washington's Masonic Correspondence	Washington-s-Masonic-Correspondence_29949	unavailable				
George Washington Carver	52395	Journal of my journey over the mountains	Journal-of-my-journey-over-the-mountains_52395	unavailable				
Georges Clemenceau	40618	The Surprises of Life	The-Surprises-of-Life_40618	fetched		375607	d16d6972a5239d625bfb518992c74d690117c0d318d238871d9f34480998fd1a	40618-8.txt
Georges Clemenceau	45621	South America To-day	South-America-To-day_45621	unavailable				
Gilbert K. Chesterton	130	Orthodoxy	Orthodoxy_130	fetched		382040	09e2fb4134ea452325c284e8eb1d5251bff0320c5e80fed779d5544ebab89b64	130.txt
Gilbert K. Chesterton	204	The Innocence of Father Brown	The-Innocence-of-Father-Brown_204	fetched		477692	8dde97c66d80dc47cc9df7888fcb2055da4ea87a1fd3c1b7d018ba6c4f7b5c14	204-0.txt
Gilbert K. Chesterton	223	The Wisdom of Father Brown	The-Wisdom-of-Father-Brown_223	fetched		434743	ee2835ad7a51a32c1886eba422828a7d4c136271ffbfd1042d067328d1659539	223-0.txt
Gilbert K. Chesterton	470	Heretics	Heretics_470	fetched		388739	d0ae11b8cb75d982ebf42ec80e773fe17e8768906f86b662261b9aef83b4abc4	470.txt
Gilbert K. Chesterton	1695	The Man Who Was Thursday: A Nightmare	The-Man-Who-Was-Thursday-A-Nightmare_1695	unavailable				
Gilbert K. Chesterton	1696	The Club of Queer Trades	The-Club-of-Queer-Trades_1696	fetched		275345	0a4c22db466b3cfd36ca0e0598f390630821b3be88d335ae2a8d53eec0347104	1696-0.txt
Gilbert K. Chesterton	1717	What's Wrong with the World	What-s-Wrong-with-the-World_1717	fetched		363760	8b701f908c723742ab07fc66c5059481e42687fc9a75409a31ea2afe251de233	1717-0.txt
Gilbert K. Chesterton	1718	Manalive	Manalive_1718	fetched		353609	2f92f96de9fa53e10b5931fa2af714dfc6dc8718d0600885d7ae48209f104ef4	1718.txt
Gilbert K. Chesterton	1719	The Ballad of the White Horse	The-Ballad-of-the-White-Horse_1719	fetched		141811	a94ec7b599f401129227a790476b6a845c0ef374898257da2d4b9ba4eefe0d04	1719.txt
Gilbert K. Chesterton	1720	The Man Who Knew Too Much	The-Man-Who-Knew-Too-Much_1720	fetched		354849	0ff8cf401f6345d9895627c91ac34f9c1f58b95acce4d7be21404c9d0d7f82c2	1720.txt
Gilbert K. Chesterton	1721	The Trees of Pride	The-Trees-of-Pride_1721	fetched		161356	18a0a83ba421c815f79c6cb6bcc63ed2491ea265645f8454179db628ad7de481	1721-0.txt
Gilbert K. Chesterton	2015	A Miscellany of Men	A-Miscellany-of-Men_2015	fetched		318308	8bb0cdbc57799949f58e4bdf2c6549f5f491e4a87b49b1f92a33347a6dd5de6b	2015-0.txt
Gilbert K. Chesterton	2134	Utopia of Usurers and Other Essays	Utopia-of-Usurers-and-Other-Essays_2134	fetched		207051	fa0ccfb5c7bc413c417cf2239596d6c3d96830fc77cd861663df6db6a74f2516	2134-0.txt
Gilbert K. Chesterton	5265	The Ball and the Cross	The-Ball-and-the-Cross_5265	fetched		477343	e9ab132a3395895e35b561f34f570554b75bba57a69aefa156f859113407a5dc	5265-0.txt
Gilbert K. Chesterton	8092	Tremendous Trifles	Tremendous-Trifles_8092	fetched		332562	1b61e2c87deda3032580ee363b87e7eceead0ba2c99770743d9404ae8110e6f6	8092-0.txt
Gilbert K. Chesterton	9656	Alarms and Discursions	Alarms-and-Discursions_9656	fetched		304231	220e286043df529b4c677300adcd9eb07645cffd47d8e058a9523b56829732f3	9656-0.txt
Gilbert K. Chesterton	11505	All Things Considered	All-Things-Considered_11505	fetched		359805	b4e3cf930dc7c605960bb160d0f8b8d015bcedc4f3902b17058dc3da33b46b9a	11505.txt
Gilbert K. Chesterton	11554	The Crimes of England	The-Crimes-of-England_11554	fetched		200379	5c388ef5383ddac26a606d0d72e0837933660e0951d750ae88af67a8fcc6af45	11554-8.txt
Gilbert K. Chesterton	11560	The Barbarism of Berlin	The-Barbarism-of-Berlin_11560	fetched		88265	4884adfa4d6e3b296dd4acff7c0cd706515d4e9d5d0a247c93e30a430661ba26	11560.txt
Gilbert K. Chesterton	11605	The Appetite of Tyranny: Including Letters to an Old Garibaldian	The-Appetite-of-Tyranny-Including-Letters-to-an-Old-Garibaldian_11605	unavailable				
Gilbert K. Chesterton	12037	The Wild Knight and Other Poems	The-Wild-Knight-and-Other-Poems_12037	fetched		91306	6ed43d0232ab3310702be5935c86adf7e9271d7223add72c79d814b65a2ee10a	12037-8.txt
Gilbert K. Chesterton	12245	The Defendant	The-Defendant_12245	fetched		177132	0cf9510fa614f8d30056bbf4d2372b4084dd7dc44d14f492251a2f1bc71d5194	12245-8.txt
Gilbert K. Chesterton	12491	Twelve Types	Twelve-Types_12491	fetched		173645	23cfa0094884eb157a9896da04e17b6fb6f13139973a65fc54ad53a4b5b27aed	12491.txt
Gilbert K. Chesterton	13342	Robert Browning	Robert-Browning_13342	fetched		376220	99d064d72ad5d1fbe49b643f6698a93c518c475ff0d249da4d096741e834c72a	13342.txt
Gilbert K. Chesterton	13468	The New Jerusalem	The-New-Jerusalem_13468	fetched		544047	ae498cdeb23124982c3264b635d23098b052ea5be5dfe60176a17691be02b7d1	13468.txt
Gilbert Parker	3746	The Judgment House	The-Judgment-House_3746	fetched		853194	fe0c3bff942b4853124d584a2edb9fdafe64655e537decbb18fb1e064a194289	3746.txt
Gilbert Parker	6174	Pierre and His People: Tales of the Far North. Volume 1.	Pierre-and-His-People-Tales-of-the-Far-North-Volume-1_6174	fetched		130710	1779bf12740ce3c0c5e4d8232a613aabe3a36d0c83629d977ce45cb91f03ee75	6174.txt
Gilbert Parker	6175	Pierre and His People: Tales of the Far North. Volume 2.	Pierre-and-His-People-Tales-of-the-Far-North-Volume-2_6175	fetched		126592	58bb04d13f2cb2520c98d22bd87ab0cc49e8e326858ced26e516c4fde7a417f7	6175.txt
Gilbert Parker	6176	Pierre and His People: Tales of the Far North. Volume 3.	Pierre-and-His-People-Tales-of-the-Far-North-Volume-3_6176	fetched		116422	1c638174d1bfd0afe26a1431bc246d608941cae6b87ac8417837c66b9a76ae0d	6176.txt
Gilbert Parker	6177	Pierre and His People: Tales of the Far North. Volume 4.	Pierre-and-His-People-Tales-of-the-Far-North-Volume-4_6177	fetched		113416	42b5090050bdc2f60cc3b18e0cdf074f595f6038287b53d8957df8302798a75b	6177.txt
Gilbert Parker	6178	Pierre and His People: Tales of the Far North. Volume 5.	Pierre-and-His-People-Tales-of-the-Far-North-Volume-5_6178	fetched		104147	101eef2f89f51a7a1e90c55e5e21aa878f67b027e6f0fa8a877787f9b5c4552a	6178.txt
Gilbert Parker	6179	Pierre and His People: Tales of the Far North. Complete	Pierre-and-His-People-Tales-of-the-Far-North-Complete_6179	unavailable				
Gilbert Parker	6180	A Romany of the Snows, vol. 1	A-Romany-of-the-Snows-vol-1_6180	unavailable				
Gilbert Parker	6181	A Romany of the Snows, vol. 2	A-Romany-of-the-Snows-vol-2_6181	unavailable				
Gilbert Parker	6182	A Romany of the Snows, vol. 3	A-Romany-of-the-Snows-vol-3_6182	unavailable				
Gilbert Parker	6183	A Romany of the Snows, vol. 4	A-Romany-of-the-Snows-vol-4_6183	unavailable				
Gilbert Parker	6184	A Romany of the Snows, vol. 5	A-Romany-of-the-Snows-vol-5_6184	unavailable				
Gilbert Parker	6185	A Romany of the Snows, Complete	A-Romany-of-the-Snows-Complete_6185	unavailable				
Gilbert Parker	6186	Northern Lights, Volume 1.	Northern-Lights-Volume-1_6186	fetched		146028	ce8b65fce9b228f577f7bdb99f2668fd9ee13d48b88587fd1666da914c7bc62d	6186.txt
Gilbert Parker	6187	Northern Lights, Volume 2.	Northern-Lights-Volume-2_6187	fetched		172153	e75978c507bfae2e76e3e16fe0b74ecbdfb6135444f60f20c41bf4a22fb7b68f	6187.txt
Gilbert Parker	6188	Northern Lights, Volume 3.	Northern-Lights-Volume-3_6188	fetched		114369	9104534e281ba0641a39327e30bf3658a9bb742a7f11007440f6d73d3201edf3	6188.txt
Gilbert Parker	6189	Northern Lights, Volume 4.	Northern-Lights-Volume-4_6189	fetched		153904	2ad4dea366085877e145f53aa1733829a53b0ad386a0a71716a916c5007acdad	6189.txt
Gilbert Parker	6190	Northern Lights, Volume 5.	Northern-Lights-Volume-5_6190	fetched		113834	01857532fef67237b1ed3ba068d69e1c4b69e620c313991b604acc9a38f82c21	6190.txt
Gilbert Parker	6191	Northern Lights, Complete	Northern-Lights-Complete_6191	fetched		637655	77cef9ad287340aaff2859ff7828c39199a5681210f664c9ad3c55de7f5a6653	6191-0.txt
Gilbert Parker	6192	Mrs. Falchion, Volume 1.	Mrs-Falchion-Volume-1_6192	fetched		277554	8478cdcf473718f93fe234700f5bc10a1b004269ecd8f47523285fa7a3b9232b	6192.txt
Gilbert Parker	6193	Mrs. Falchion, Volume 2.	Mrs-Falchion-Volume-2_6193	fetched		272489	4d10fb8a9adc13d9cad4b1888c840ef916bcdc914574c20697796285c043c0a5	6193.txt
Gilbert Parker	6194	Mrs. Falchion, Complete	Mrs-Falchion-Complete_6194	unavailable				
Gilbert Parker	6195	Cumner's Son and Other South Sea Folk — Volume 01	Cumner-s-Son-and-Other-South-Sea-Folk-Volume-01_6195	fetched		119310	fd760aa812d6fed598ea5f47bd27faddb4a8024dd9625c324db21995be587568	6195.txt
Gilbert Parker	6196	Cumner's Son and Other South Sea Folk — Volume 02	Cumner-s-Son-and-Other-South-Sea-Folk-Volume-02_6196	fetched		105941	bd1ee24efb8a5502bb16b1e1f182a57c0e1c4a4c1609984f7249b8fd9e2abcc9	6196.txt
Gilbert Parker	6197	Cumner's Son and Other South Sea Folk — Volume 03	Cumner-s-Son-and-Other-South-Sea-Folk-Volume-03_6197	fetched		94711	295746e1a1000ca68c6393ab6ddb04485636a63a6b7919dd19886bb1f3ef8853	6197.txt
Giraldus Cambrensis	1092	The Description of Wales	The-Description-of-Wales_1092	fetched		129062	543c0ecb121867173e901ec8571a177e76d0a79fff78ac99c63e730bc0a83822	1092-0.txt
Giraldus Cambrensis	1148	The Itinerary of Archbishop Baldwin Through Wales	The-Itinerary-of-Archbishop-Baldwin-Through-Wales_1148	fetched		346409	651ba22e1a4b852e0f9709ebd5ba30906f47659cb17738a03c51c2fbeb5517bf	1148-0.txt
Giuseppe Garibaldi	38486	Rule of the Monk; Or, Rome in the Nineteenth Century	Rule-of-the-Monk-Or-Rome-in-the-Nineteenth-Century_38486	unavailable				
Giuseppe Garibaldi	50544	The Life of General Garibaldi	The-Life-of-General-Garibaldi_50544	unavailable				
H. G. Wells	35	The Time Machine	The-Time-Machine_35	fetched		204492	0eb70818a4c7e2e04f91be807bad37ca5c1475cd51cec2a7b620c4db2b595ce4	35-0.txt
H. G. Wells	36	The War of the Worlds	The-War-of-the-Worlds_36	fetched		366813	0c9bea907452abd6e9a31d9152188ef5007f0e2d3e4a52d7a6a627a37616249f	36-0.txt
H. G. Wells	159	The Island of Doctor Moreau	The-Island-of-Doctor-Moreau_159	fetched		267719	d3d351be177ff9ded031f260f5872988f782808ac3119389dbea0252d02e3d57	159.txt
H. G. Wells	456	The Door in the Wall, and Other Stories	The-Door-in-the-Wall-and-Other-Stories_456	fetched		263952	d665b30d2fbe7e503c26052b9f97d6546826b224814429a2ce300dc70a63b49f	456.txt
H. G. Wells	524	Ann Veronica: A Modern Love Story	Ann-Veronica-A-Modern-Love-Story_524	unavailable				
H. G. Wells	718	Tono-Bungay	Tono-Bungay_718	fetched		802873	35f002e0f15804bff06673b3cdd5b0169424684466059471349b544a1233232f	718-0.txt
H. G. Wells	775	When the Sleeper Wakes	When-the-Sleeper-Wakes_775	fetched		508367	7207646e29d41a14081d4cc1a361fdc6227c49112bd5ec54f1ec064ba375e563	775-0.txt
H. G. Wells	780	The War in the Air	The-War-in-the-Air_780	fetched		595436	2bfb7a32e18bb897f4a629d2a1a3a5dce0010cbbd1526c8c804de727619d9873	780-0.txt
H. G. Wells	1013	The First Men in the Moon	The-First-Men-in-the-Moon_1013	fetched		406613	698e4d24fa4f0011de1ace23eb5a8cb436d44a9c3b715d44a3d9135fb5a747bf	1013.txt
H. G. Wells	1046	God, the Invisible King	God-the-Invisible-King_1046	fetched		253315	3ae2cea5f03df37f67803ed7f3981bd9b4cb915f1342f663fbe05479d337b8c5	1046-0.txt
H. G. Wells	1047	The New Machiavelli	The-New-Machiavelli_1047	fetched		875085	1f913d1a6a24cfc63ca405061aaade3e68a415ca05dd5f6e80eacb61136bcea9	1047-0.txt
H. G. Wells	1059	The World Set Free	The-World-Set-Free_1059	fetched		406702	fa670c8cd280e756ac78e638b252ba8b95b39ea9265135fe891712a8ec52516c	1059-0.txt
H. G. Wells	1138	The Research Magnificent	The-Research-Magnificent_1138	fetched		672496	666044b762e9012db2ac4e991e92e172e257b822e0bd368ece5058044d0f1934	1138-0.txt
H. G. Wells	1264	The Wheels of Chance: A Bicycling Idyll	The-Wheels-of-Chance-A-Bicycling-Idyll_1264	unavailable				
H. G. Wells	1269	The Soul of a Bishop	The-Soul-of-a-Bishop_1269	fetched		482249	6a16f02ca2da1e32240c8b2b0def83ba050b387d55bbd2c1dbda30fd3702e651	1269-0.txt
H. G. Wells	1734	The Secret Places of the Heart	The-Secret-Places-of-the-Heart_1734	fetched		393904	70314ecb342b11e8e30fdc1778700b0d46ec42f1664b93fb8441665bb631a54c	1734-0.txt
H. G. Wells	1743	Twelve Stories and a Dream	Twelve-Stories-and-a-Dream_1743	fetched		437069	5d36c1bdab88e648e31a483e7939a0afd50865650b3caae6bf30c1c7584579a4	1743-0.txt
H. G. Wells	1804	War and the Future: Italy, France and Britain at War	War-and-the-Future-Italy-France-and-Britain-at-War_1804	unavailable				
H. G. Wells	3690	Floor Games; a companion volume to "Little Wars"	Floor-Games-a-companion-volume-to-Little-Wars_3690	unavailable				
H. G. Wells	3691	Little Wars; a game for boys from twelve years of age to one hundred and fifty and for that more intelligent sort of girl who likes boys' games and books.	Little-Wars-a-game-for-boys-from-twelve-years-of-age-to-one-hundred-and-fifty-and-for-that-more-intelligent-sort-of-girl-who-likes-boys-games-and-books_3691	unavailable				
H. G. Wells	3797	In the Days of the Comet	In-the-Days-of-the-Comet_3797	fetched		485176	939f732c5b664ad74bbd60bd376b87f6cbe24c411c316ca573fd01dba0a8de0e	3797.txt
H. G. Wells	4225	First and Last Things: A Confession of Faith and Rule of Life	First-and-Last-Things-A-Confession-of-Faith-and-Rule-of-Life_4225	unavailable				
H. G. Wells	5230	The Invisible Man: A Grotesque Romance	The-Invisible-Man-A-Grotesque-Romance_5230	unavailable				
H. G. Wells	6424	A Modern Utopia	A-Modern-Utopia_6424	fetched		565228	7a29b445c7bc48cfbc99c549ce9d924c4ca379635b03fc97e1b92d1d4ab67e19	6424.txt
H. G. Wells	6620	The Time Machine	The-Time-Machine_6620	unavailable				
H. L. Mencken	1270	In Defense of Women	In-Defense-of-Women_1270	fetched		266593	ca572f0e916c33b2c42776416bd2954e6023ab86b4307324b7f6cded3a995e4f	1270.txt
H. L. Mencken	18948	Damn! A Book of Calumny	Damn-A-Book-of-Calumny_18948	unavailable				
H. L. Mencken	19355	A Book of Prefaces	A-Book-of-Prefaces_19355	fetched		382485	01516df4a24ae30614cc3120f62cfcef94e4c48e328643ba1d38856d977b92dd	19355.txt
H. L. Mencken	20306	Europe After 8:15	Europe-After-8-15_20306	fetched		214953	fe14a1fd1b066d108ad7adbe43003b65896e307c29b004a814323f97994ef9bd	20306.txt
H. L. Mencken	22145	A Book of Burlesques	A-Book-of-Burlesques_22145	fetched		199356	4284661ba5bae012ce553c455e223f516f92059d9d8ffb09a6fc3167de06caa6	22145.txt
H. L. Mencken	23858	The American Credo	The-American-Credo_23858	unavailable				
H. L. Mencken	43376	The American Language	The-American-Language_43376	unavailable				
H. L. Mencken	44974	A short account of the extraordinary life and travels of H. L. L.----	A-short-account-of-the-extraordinary-life-and-travels-of-H-L-L_44974	unavailable				
H. L. Mencken	49316	The Philosophy of Friedrich Nietzsche	The-Philosophy-of-Friedrich-Nietzsche_49316	fetched		506798	b7e87b2c0504caa7055755717d116b5edde93d7944c21e569d024b42afc490cf	49316-8.txt
H. L. Mencken	52904	Ventures Into Verse	Ventures-Into-Verse_52904	unavailable				
H. L. Mencken	53467	Prejudices, Second Series	Prejudices-Second-Series_53467	fetched		364803	5647fc6977dd236dcb240e34b4dc2304d8f9a66ff749fe7ae82cf90a2ebab0bf	53467-8.txt
H. L. Mencken	53474	Prejudices, Third Series	Prejudices-Third-Series_53474	fetched		452292	f63473de7b8e03a3dde3000be63e565d85ada8063cad59861d603ff434f3cd16	53474-8.txt
H. L. Mencken	53538	Prejudices, First Series	Prejudices-First-Series_53538	fetched		364149	f35d30bddbdec3667226939f8e13f7e5a1777dae34195849b46acf091afd3a50	53538-0.txt
H. L. Mencken	61281	Heliogabalus: A Buffoonery in Three Acts	Heliogabalus-A-Buffoonery-in-Three-Acts_61281	fetched		212420	29b0ff39e4605959635e5d0161f1316ab9f58d0f25a6970164b19f70bc9006a3	61281-8.txt
H. L. Mencken	67978	Prejudices: Fourth Series	Prejudices-Fourth-Series_67978	fetched		421872	0bdebf21d54ed17deed0c0ba9332c02817ffed1d82d2b1b9d80bf3d53399c13f	67978-0.txt
H. L. Mencken	68209	George Bernard Shaw: His Plays	George-Bernard-Shaw-His-Plays_68209	fetched		196830	0d45bdb0fb795855443888fedb5c3300c72c21f1937adfdbb672c1c7fc65bfe2	68209-0.txt
H.L. Mencken	1270	In Defense of Women	In-Defense-of-Women_1270	fetched		266593	ca572f0e916c33b2c42776416bd2954e6023ab86b4307324b7f6cded3a995e4f	1270.txt
H.L. Mencken	18948	Damn! A Book of Calumny	Damn-A-Book-of-Calumny_18948	unavailable				
H.L. Mencken	19355	A Book of Prefaces	A-Book-of-Prefaces_19355	fetched		382485	01516df4a24ae30614cc3120f62cfcef94e4c48e328643ba1d38856d977b92dd	19355.txt
H.L. Mencken	20306	Europe After 8:15	Europe-After-8-15_20306	fetched		214953	fe14a1fd1b066d108ad7adbe43003b65896e307c29b004a814323f97994ef9bd	20306.txt
H.L. Mencken	22145	A Book of Burlesques	A-Book-of-Burlesques_22145	fetched		199356	4284661ba5bae012ce553c455e223f516f92059d9d8ffb09a6fc3167de06caa6	22145.txt
H.L. Mencken	23858	The American Credo	The-American-Credo_23858	unavailable				
H.L. Mencken	43376	The American Language	The-American-Language_43376	unavailable				
H.L. Mencken	44974	A short account of the extraordinary life and travels of H. L. L.----	A-short-account-of-the-extraordinary-life-and-travels-of-H-L-L_44974	unavailable				
H.L. Mencken	49316	The Philosophy of Friedrich Nietzsche	The-Philosophy-of-Friedrich-Nietzsche_49316	fetched		506798	b7e87b2c0504caa7055755717d116b5edde93d7944c21e569d024b42afc490cf	49316-8.txt
H.L. Mencken	52904	Ventures Into Verse	Ventures-Into-Verse_52904	unavailable				
H.L. Mencken	53467	Prejudices, Second Series	Prejudices-Second-Series_53467	fetched		364803	5647fc6977dd236dcb240e34b4dc2304d8f9a66ff749fe7ae82cf90a2ebab0bf	53467-8.txt
H.L. Mencken	53474	Prejudices, Third Series	Prejudices-Third-Series_53474	fetched		452292	f63473de7b8e03a3dde3000be63e565d85ada8063cad59861d603ff434f3cd16	53474-8.txt
H.L. Mencken	53538	Prejudices, First Series	Prejudices-First-Series_53538	fetched		364149	f35d30bddbdec3667226939f8e13f7e5a1777dae34195849b46acf091afd3a50	53538-0.txt
H.L. Mencken	61281	Heliogabalus: A Buffoonery in Three Acts	Heliogabalus-A-Buffoonery-in-Three-Acts_61281	fetched		212420	29b0ff39e4605959635e5d0161f1316ab9f58d0f25a6970164b19f70bc9006a3	61281-8.txt
H.L. Mencken	67978	Prejudices: Fourth Series	Prejudices-Fourth-Series_67978	fetched		421872	0bdebf21d54ed17deed0c0ba9332c02817ffed1d82d2b1b9d80bf3d53399c13f	67978-0.txt
H.L. Mencken	68209	George Bernard Shaw: His Plays	George-Bernard-Shaw-His-Plays_68209	fetched		196830	0d45bdb0fb795855443888fedb5c3300c72c21f1937adfdbb672c1c7fc65bfe2	68209-0.txt
Hamlin Garland	2809	Main-Travelled Roads	Main-Travelled-Roads_2809	fetched		519880	2debabe5c45391521d5becb72c414a5e57c7a0b2c3295a8e7e969956acf9fecd	2809-0.txt
Hamlin Garland	19764	The Moccasin Ranch: A Story of Dakota	The-Moccasin-Ranch-A-Story-of-Dakota_19764	unavailable				
Hamlin Garland	20247	Wayside Courtships	Wayside-Courtships_20247	fetched		414163	818de0ceb69d4ff425b375284e428d1d104953c8a7bb6f515f1e93581675f7cf	20247-8.txt
Hamlin Garland	20695	The Spirit of Sweetwater	The-Spirit-of-Sweetwater_20695	fetched		103600	66287877a44172153629d52e9f32d1b1755191b1f3ab876d6d8cc146eca57395	20695-8.txt
Hamlin Garland	20697	Prairie Folks	Prairie-Folks_20697	fetched		307319	1fb40bf58dd3e3db157c5dec446560eee5420ec8805298f614ee05501be373f4	20697-0.txt
Hamlin Garland	20714	Other Main-Travelled Roads	Other-Main-Travelled-Roads_20714	fetched		472089	335b8b1061739b95d3e1d612fbad976a5623fea4e78a3d4b830a8a64cdfe91b0	20714-8.txt
Hamlin Garland	21255	The Eagle's Heart	The-Eagle-s-Heart_21255	fetched		463913	46cf57f88bddeaf9ad35b7fca80f92d0fcb9f2ca06daa4206c8e97258f0f2088	21255-8.txt
Hamlin Garland	21850	A Little Norsk; Or, Ol' Pap's Flaxen	A-Little-Norsk-Or-Ol-Pap-s-Flaxen_21850	unavailable				
Hamlin Garland	22329	A Daughter of the Middle Border	A-Daughter-of-the-Middle-Border_22329	fetched		748962	8a3a74fe804e1f847bd57127a73dcd5c585063ee614bd3c1b4cb480b60e6c32d	22329-8.txt
Hamlin Garland	22593	The Shadow World	The-Shadow-World_22593	fetched		412037	06e93f6334148868db450d995df991af84cfc07784674e6c21782b1439ec77b0	22593.txt
Hamlin Garland	24220	The Tyranny of the Dark	The-Tyranny-of-the-Dark_24220	fetched		625828	e227d40d352e63527321a44599deaf0a8f0e8290554753bb305df263b884d287	24220.txt
Hamlin Garland	26189	A Spoil of Office: A Story of the Modern West	A-Spoil-of-Office-A-Story-of-the-Modern-West_26189	unavailable				
Hamlin Garland	26239	The Forester's Daughter: A Romance of the Bear-Tooth Range	The-Forester-s-Daughter-A-Romance-of-the-Bear-Tooth-Range_26239	unavailable				
Hamlin Garland	26244	Cavanagh, Forest Ranger: A Romance of the Mountain West	Cavanagh-Forest-Ranger-A-Romance-of-the-Mountain-West_26244	unavailable				
Hamlin Garland	28492	The Light of the Star: A Novel	The-Light-of-the-Star-A-Novel_28492	unavailable				
Hamlin Garland	28551	The Trail of the Goldseekers: A Record of Travel in Prose and Verse	The-Trail-of-the-Goldseekers-A-Record-of-Travel-in-Prose-and-Verse_28551	unavailable				
Hamlin Garland	28791	A Son of the Middle Border	A-Son-of-the-Middle-Border_28791	fetched		831320	847b29948e2024822bf1b3190e04ecd81e756d0c819c2fdfebedc66cd2164775	28791.txt
Hamlin Garland	29119	They of the High Trails	They-of-the-High-Trails_29119	fetched		598494	2c7cccb4254a4937b2fd6610b7a516b68a6029ff7ba3ccfef90b6fd991b9c6c0	29119.txt
Hamlin Garland	30318	Money Magic: A Novel	Money-Magic-A-Novel_30318	unavailable				
Hamlin Garland	33458	The Captain of the Gray-Horse Troop	The-Captain-of-the-Gray-Horse-Troop_33458	fetched		620758	084ba0117f90f7c9e9bb618000626d01e0949a8957977e8293eccf4adda25bcb	33458-8.txt
Hamlin Garland	34250	Victor Ollnee's Discipline	Victor-Ollnee-s-Discipline_34250	fetched		413393	09aba8f6de313790991a2653e9d5fdf5106af8cb1a25f0351731b25afc0190ea	34250-8.txt
Hamlin Garland	35805	Rose of Dutcher's Coolly	Rose-of-Dutcher-s-Coolly_35805	fetched		509450	fb6fe9c442cebb756a360e5eeba7acd8d79a1e0fa14e854ff599ba93e0890a52	35805.txt
Hamlin Garland	48442	A Pioneer Mother	A-Pioneer-Mother_48442	fetched		43447	a163c0de6aee0d0eae0b2d2a7826fd968a8926c1e3e5fe5850b8963ade40b0c8	48442-0.txt
Harriet Ann Jacobs	11030	Incidents in the Life of a Slave Girl, Written by Herself	Incidents-in-the-Life-of-a-Slave-Girl-Written-by-Herself_11030	unavailable				
Havelock Ellis	8125	Impressions and Comments	Impressions-and-Comments_8125	fetched		336643	815f8ac8dff9136ae1f520c8089aa5286e06a7b47fec9b7b4477019956c50249	8125-8.txt
Havelock Ellis	9887	Essays in War-Time: Further Studies in the Task of Social Hygiene	Essays-in-War-Time-Further-Studies-in-the-Task-of-Social-Hygiene_9887	unavailable				
Havelock Ellis	13610	Studies in the Psychology of Sex, Volume 1	Studies-in-the-Psychology-of-Sex-Volume-1_13610	unavailable				
Havelock Ellis	13611	Studies in the Psychology of Sex, Volume 2	Studies-in-the-Psychology-of-Sex-Volume-2_13611	unavailable				
Havelock Ellis	13612	Studies in the Psychology of Sex, Volume 3	Studies-in-the-Psychology-of-Sex-Volume-3_13612	unavailable				
Havelock Ellis	13613	Studies in the Psychology of Sex, Volume 4	Studies-in-the-Psychology-of-Sex-Volume-4_13613	unavailable				
Havelock Ellis	13614	Studies in the Psychology of Sex, Volume 5	Studies-in-the-Psychology-of-Sex-Volume-5_13614	unavailable				
Havelock Ellis	13615	Studies in the Psychology of Sex, Volume 6	Studies-in-the-Psychology-of-Sex-Volume-6_13615	unavailable				
Havelock Ellis	15687	Little Essays of Love and Virtue	Little-Essays-of-Love-and-Virtue_15687	fetched		273686	1eb5681dd3fbc88e9cdf74229c1c7f658bf42a3ca0a394cb58cf63336af550bf	15687.txt
Havelock Ellis	22090	The Task of Social Hygiene	The-Task-of-Social-Hygiene_22090	fetched		761967	90ce2a884ea3038647b1961833be36d105e7f9402b1508d0fb8c8b3ddb261647	22090.txt
Havelock Ellis	44500	The Criminal	The-Criminal_44500	fetched		623387	5514d4b0c01b0900552956f4894b0beeb3379fd7297f491d89c8cb304f5b3b0b	44500-0.txt
Havelock Ellis	55878	The New Spirit	The-New-Spirit_55878	unavailable				
Havelock Ellis	59214	The World of Dreams	The-World-of-Dreams_59214	fetched		537781	018dae391391beaf4617a1a1bc4f29b47da0172dc199247a7ea9cb30112a6374	59214-0.txt
Havelock Ellis	59409	Index of the Project Gutenberg Works of Havelock Ellis	Index-of-the-Project-Gutenberg-Works-of-Havelock-Ellis_59409	fetched		85301	4e415ce46a11105ec0883189b6331e752add55a9d4c167f7b2e97bc101cc9106	59409-0.txt
Havelock Ellis	65714	The Dance of Life	The-Dance-of-Life_65714	fetched		692581	182c8d7ad0b838cf5cfcb1878fb2c97c01b25fb04bad46f8faf6c188c5ad9680	65714-0.txt
Helen Hunt Jackson	2802	Ramona	Ramona_2802	fetched		884922	21965207464c2e72b3782737b6a964eddfd34af59db173f73f792d3989150d4d	2802-0.txt
Helen Hunt Jackson	9311	Hetty's Strange History	Hetty-s-Strange-History_9311	fetched		354272	56dc03162eef806d91108e4bae6807cf033607d93cb856eb07a540740073cb35	9311-0.txt
Helen Hunt Jackson	9825	A Calendar of Sonnets	A-Calendar-of-Sonnets_9825	fetched		28084	80645c7621f8322f8dde4d65d1022df5bddfeb29b219415449b200f35f2d4c71	9825-8.txt
Helen Hunt Jackson	10516	Bits about Home Matters	Bits-about-Home-Matters_10516	fetched		325508	74748df30d401975ca3694669e75139fb141a88ea3cf7a4e0037d3384865adcf	10516-8.txt
Helen Hunt Jackson	10519	Mercy Philbrick's Choice	Mercy-Philbrick-s-Choice_10519	fetched		461716	9b1aa4a1d659ee61c13cfdf3edee40f4c50b0639338ef70b1c272b4171a5c3cb	10519.txt
Helen Hunt Jackson	10756	Between Whiles	Between-Whiles_10756	fetched		338476	bd057abaa43597d9110747d99a7ba3c43afbc3152fdd3f4f2713f09fb258d41b	10756.txt
Helen Hunt Jackson	10926	Saxe Holm's Stories	Saxe-Holm-s-Stories_10926	unavailable				
Helen Hunt Jackson	19504	A Calendar of Sonnets	A-Calendar-of-Sonnets_19504	unavailable				
Helen Hunt Jackson	28385	The Hunter Cats of Connorloa	The-Hunter-Cats-of-Connorloa_28385	fetched		116640	f612a54fff8cd75d9f8d31c69888b9bdb20cd8ec6a42b2017ca75c2b1738e7c2	28385-8.txt
Helen Hunt Jackson	29699	Hetty's Strange History	Hetty-s-Strange-History_29699	fetched		361059	02abee5c4c616f995c08be2a1e45385ea37336398836bbdb49686eb27699798e	29699.txt
Helen Hunt Jackson	32069	Letters from a Cat	Letters-from-a-Cat_32069	unavailable				
Helen Hunt Jackson	33240	Mammy Tittleback and Her Family: A True Story of Seventeen Cats	Mammy-Tittleback-and-Her-Family-A-True-Story-of-Seventeen-Cats_33240	unavailable				
Helen Hunt Jackson	34430	Nelly's Silver Mine: A Story of Colorado Life	Nelly-s-Silver-Mine-A-Story-of-Colorado-Life_34430	unavailable				
Helen Hunt Jackson	42009	Glimpses of Three Coasts	Glimpses-of-Three-Coasts_42009	fetched		958142	6a247117cb45e726fe20f4b49e57629dbc3a1e0ad992e1b66c2e14ad90f039f5	42009.txt
Helen Hunt Jackson	50560	A Century of Dishonor	A-Century-of-Dishonor_50560	unavailable				
Henrik Ibsen	2289	Rosmersholm	Rosmersholm_2289	fetched		175764	b32b806a40c8cc467095757778215cb5f426a2a2ee429a2b6714d9e0d58e18a4	2289.txt
Henrik Ibsen	2296	Pillars of Society	Pillars-of-Society_2296	fetched		200124	da6b6440379f95ba3aad028e5f06da21ddd84568f1352104c8f47ed2533132a4	2296.txt
Henrik Ibsen	2446	An Enemy of the People	An-Enemy-of-the-People_2446	fetched		200152	f5c000541cc13407f33827fc518fd5fb77cfa265e44da9e604f3040da962e86f	2446.txt
Henrik Ibsen	2467	Ghosts: A Domestic Tragedy in Three Acts	Ghosts-A-Domestic-Tragedy-in-Three-Acts_2467	unavailable				
Henrik Ibsen	2542	A Doll's House : a play	A-Doll-s-House-a-play_2542	unavailable				
Henrik Ibsen	2765	The Lady from the Sea	The-Lady-from-the-Sea_2765	fetched		170348	686f8b202c968e31f8f8032249df7461f32d91036f615470f00a114c29984ed8	2765.txt
Henrik Ibsen	4070	The Master Builder	The-Master-Builder_4070	fetched		194619	d27caf814b89e3ab8c7912694043857500ba21c2c5596ee779f52f0f10e8d958	4070.txt
Henrik Ibsen	4093	Hedda Gabler	Hedda-Gabler_4093	fetched		204108	fc6e17e947ed8ac816ffda106cba3af639b72ea0a28bb71c37512c3b858ca361	4093.txt
Henrik Ibsen	4782	When We Dead Awaken	When-We-Dead-Awaken_4782	fetched		137991	6cdf6a02f1e338ba54a50ded668acfb7877557e7f84b98238828a64966194b70	4782.txt
Henrik Ibsen	7172	Early Plays — Catiline, the Warrior's Barrow, Olaf Liljekrans	Early-Plays-Catiline-the-Warrior-s-Barrow-Olaf-Liljekrans_7172	unavailable				
Henrik Ibsen	7942	Little Eyolf	Little-Eyolf_7942	fetched		145394	d952973031735a533720c4ebf95ffda1af0cb10486f62bc33b148595f80d336c	7942-8.txt
Henrik Ibsen	8121	Ghosts	Ghosts_8121	fetched		159816	daafec2ce66f89ce2cc809be470f77bcad4113637e7123af2a191858b147306e	8121-8.txt
Henrik Ibsen	15492	A Doll's House	A-Doll-s-House_15492	fetched		169293	90b9d76c067dee0cc4d7f7bc19337668df3279feb36fda8268b18d45f9cdc7c1	15492.txt
Henrik Ibsen	18428	The Feast at Solhoug	The-Feast-at-Solhoug_18428	fetched		123539	ea1d12d16132581d0102d4dce54b73b57aa098192874d253ce36365856645a04	18428.txt
Henrik Ibsen	18657	Love's Comedy	Love-s-Comedy_18657	fetched		189550	00a667ff1c3499ea44df6bb1a5f9225a6a03a82c2c5d53df2d9bde1c62ceb2f6	18657.txt
Henrik Ibsen	18792	John Gabriel Borkman	John-Gabriel-Borkman_18792	fetched		176554	a40a82b73862bf8327fd61167e226a2b5a98742850e0705f536d8fb0f58b94f7	18792.txt
Henrik Ibsen	19018	Lady Inger of Ostrat: Henrik Ibsen's Prose Dramas Vol III	Lady-Inger-of-Ostrat-Henrik-Ibsen-s-Prose-Dramas-Vol-III_19018	unavailable				
Henrik Ibsen	19205	The Vikings of Helgeland: The Prose Dramas Of Henrik Ibsen, Vol. III.	The-Vikings-of-Helgeland-The-Prose-Dramas-Of-Henrik-Ibsen-Vol-III_19205	unavailable				
Henrik Ibsen	66060	The Collected Works of Henrik Ibsen, Vol. 01 (of 11)	The-Collected-Works-of-Henrik-Ibsen-Vol-01-of-11_66060	unavailable				
Henrik Ibsen	66186	The Collected Works of Henrik Ibsen Vol. 02 (of 11)	The-Collected-Works-of-Henrik-Ibsen-Vol-02-of-11_66186	fetched		524081	9f429e5ba343d69b4b5c8a5e138942b40b69d99d05853faae910414c0bc91b28	66186-0.txt
Henrik Ibsen	66238	The Collected Works of Henrik Ibsen Vol. 03 (of 11)	The-Collected-Works-of-Henrik-Ibsen-Vol-03-of-11_66238	fetched		394584	3e940e1228204a2efdb604e048c4addee04e04c371a75c5fb04ac6c7bbd8a4a6	66238-0.txt
Henrik Ibsen	66239	The Collected Works of Henrik Ibsen Vol. 04 (of 11)	The-Collected-Works-of-Henrik-Ibsen-Vol-04-of-11_66239	fetched		456631	b80be4737714d05bc732fd9f616a3e802b8a6fcc4e5a485181533b123fcfaa71	66239-0.txt
Henrik Ibsen	66240	The Collected Works of Henrik Ibsen Vol. 05 (of 11)	The-Collected-Works-of-Henrik-Ibsen-Vol-05-of-11_66240	fetched		673140	b59c789457fa5120a861fa3f3b13ba1ac8ac6365e61aa1e0939af7c48d732295	66240-0.txt
Henry Adams	2044	The Education of Henry Adams	The-Education-of-Henry-Adams_2044	fetched		1060798	55ad62cc1d02a65406e730dfc82a3ba7dd4d78bf371eff87d1a210c9f2bd59b8	2044-8.txt
Henry Adams	2815	Democracy, an American novel	Democracy-an-American-novel_2815	fetched		429527	c31fc46b55022370de93278b48798b048bb8523cf7a5b420b42215c67d6873a8	2815-0.txt
Henry Adams	4584	Mont-Saint-Michel and Chartres	Mont-Saint-Michel-and-Chartres_4584	fetched		854271	b6bbd7780f63c11cfb3d1b53694d85162d8aaee54df2aa541185a12d7998bdcd	4584.txt
Henry Adams	7980	The Sewerage of Sea Coast Towns	The-Sewerage-of-Sea-Coast-Towns_7980	fetched		237850	d74ffef68d8aa932d209aae711056f2230031aeafa41d340ef5710852c07c2b8	7980-8.txt
Henry Adams	14409	Esther	Esther_14409	fetched		335826	47494fbceee2a75487962294bcf863a8e73a5eb3f285431a5aa4fd760bcdbaba	14409-8.txt
Henry Adams	24496	Making a Rock Garden	Making-a-Rock-Garden_24496	fetched		62561	937c4d9b7f32339088a29233fa2e024c3f58baa1b16f510f4e51bc5c721fd542	24496-8.txt
Henry Adams	31034	By-ways in Book-land: Short Essays on Literary Subjects	By-ways-in-Book-land-Short-Essays-on-Literary-Subjects_31034	unavailable				
Henry Adams	31479	Celebrated Women Travellers of the Nineteenth Century	Celebrated-Women-Travellers-of-the-Nineteenth-Century_31479	fetched		683550	88671c56dfd4d89164a196c5b1bccdc05d67a05e0174cc083208c625763f4a17	31479.txt
Henry Adams	33304	Hair-Breadth Escapes: The Adventures of Three Boys in South Africa	Hair-Breadth-Escapes-The-Adventures-of-Three-Boys-in-South-Africa_33304	unavailable				
Henry Adams	38175	Perils in the Transvaal and Zululand	Perils-in-the-Transvaal-and-Zululand_38175	fetched		636635	5d5039e27130dc31cb08bd7c89263f1bbc5b74a373199aaf6120a4c53b0ec9a3	38175.txt
Henry Adams	38763	Witch, Warlock, and Magician	Witch-Warlock-and-Magician_38763	unavailable				
Henry Adams	41550	Nests and Eggs of Familiar British Birds, Second Series	Nests-and-Eggs-of-Familiar-British-Birds-Second-Series_41550	unavailable				
Henry Adams	41566	Curiosities of Superstition, and Sketches of Some Unrevealed Religions	Curiosities-of-Superstition-and-Sketches-of-Some-Unrevealed-Religions_41566	unavailable				
Henry Adams	42749	Some Heroes of Travel	Some-Heroes-of-Travel_42749	unavailable				
Henry Adams	45654	The Life of Albert Gallatin	The-Life-of-Albert-Gallatin_45654	fetched		1619297	0c1dff13ad38fab414ed9a30d76418e4d84676637a471a5ab60745ff0ee6c735	45654-8.txt
Henry Adams	47586	Everyday Objects; Or, Picturesque Aspects of Natural History.	Everyday-Objects-Or-Picturesque-Aspects-of-Natural-History_47586	fetched		698335	0aab863bd193c153668534cad0f4b643e3355c300ba6b66796461a5cb33d9047	47586-0.txt
Henry Adams	53705	Harper's Outdoor Book for Boys	Harper-s-Outdoor-Book-for-Boys_53705	fetched		505856	d514d48740124899d1313830a5a4a70492c4c0f9347d22fa3001e35f84b590dd	53705-0.txt
Henry Adams	54692	In the Far East	In-the-Far-East_54692	unavailable				
Henry Adams	57900	Lighthouses and Lightships	Lighthouses-and-Lightships_57900	unavailable				
Henry Adams	64592	Harper's Electricity Book for Boys	Harper-s-Electricity-Book-for-Boys_64592	fetched		648943	458365f98cfc43585f29c300f3653920e9b8d35c5462ebc9ad7253aab90551d9	64592-0.txt
Henry Beston	12330	A Volunteer Poilu	A-Volunteer-Poilu_12330	fetched		283191	9f0ba021c1042dba4c1e92d5915b1d7655e13247d106f8203d4b6d13ed0cf932	12330-8.txt
Henry Beston	19207	The Firelight Fairy Book	The-Firelight-Fairy-Book_19207	fetched		261008	06439b82ba8da281d3b49c30cb63e80b2d1558b1f2a8015114f1ebd232ac5e80	19207.txt
Henry Beston	60196	Full Speed Ahead: Tales from the Log of a Correspondent with Our Navy	Full-Speed-Ahead-Tales-from-the-Log-of-a-Correspondent-with-Our-Navy_60196	fetched		280866	c748620ae5a3a65c4f8462e89c3ea6f84b716987f5f77a2ef84aeab9b85fbabe	60196-8.txt
Henry Beston	66124	The Starlight Wonder Book	The-Starlight-Wonder-Book_66124	fetched		259956	1367c5a94e1cb17cc7ad755ecb7cd10434bb4564420b22c2cccaffd740eb97a0	66124-0.txt
Henry Beston	66460	The Book of Gallant Vagabonds	The-Book-of-Gallant-Vagabonds_66460	fetched		246151	aad3558a074a7442ffad1d95150b566a24b6974412997f76a5a1e1e85a520a9f	66460-0.txt
Henry David Thoreau	71	On the Duty of Civil Disobedience	On-the-Duty-of-Civil-Disobedience_71	fetched		72438	e1a70529a35fbe54b5d4f717c28aa88f39ff4433bcd2092524a9f45140d3deb8	71-0.txt
Henry David Thoreau	205	Walden, and On The Duty Of Civil Disobedience	Walden-and-On-The-Duty-Of-Civil-Disobedience_205	fetched		666766	1c8b8df7bf5633b021b9139de4bc241d11984c879456823701d3918f3b2f725d	205.txt
Henry David Thoreau	1022	Walking	Walking_1022	fetched		88948	ea996729f2b6ff5074ffc94b94838eb99e270eb3297bb52343bcff8798bb6976	1022-0.txt
Henry David Thoreau	2567	A Plea for Captain John Brown	A-Plea-for-Captain-John-Brown_2567	unavailable				
Henry David Thoreau	4066	Wild Apples	Wild-Apples_4066	fetched		71896	9adc81c6f4c1de392b6406835411a2e38fe5edb8251095a467f2695c3932345f	4066.txt
Henry David Thoreau	4232	A Week on the Concord and Merrimack Rivers	A-Week-on-the-Concord-and-Merrimack-Rivers_4232	fetched		683264	f9cd2d1faaa9c7c2e5936f1e512e52ffb3d100b5186d405d2e1cba8241aac7df	4232-0.txt
Henry David Thoreau	9846	Excursions	Excursions_9846	fetched		427158	1f8a662523cd21a87b03bb61b586350b471cd83361b45f2f9aef2c0b64dec717	9846-8.txt
Henry David Thoreau	26289	Walden	Walden_26289	unavailable				
Henry David Thoreau	26573	On the Duty of Civil Disobedience	On-the-Duty-of-Civil-Disobedience_26573	unavailable				
Henry David Thoreau	34392	Cape Cod	Cape-Cod_34392	fetched		461214	d833e61a9410db155c2deea7e3f7fb70a379d6589186385c5ec7417f3fd6b192	34392-8.txt
Henry David Thoreau	34990	Canoeing in the wilderness	Canoeing-in-the-wilderness_34990	fetched		206127	38a9d586d12b789e52a0c3679d9b1ab01207dbd63cce06b84e65e2dc280de7e4	34990-8.txt
Henry David Thoreau	42500	The Maine Woods	The-Maine-Woods_42500	unavailable				
Henry David Thoreau	42553	Excursions, and Poems	Excursions-and-Poems_42553	unavailable				
Henry David Thoreau	43523	Familiar Letters	Familiar-Letters_43523	unavailable				
Henry David Thoreau	57393	Journal 01, 1837-1846	Journal-01-1837-1846_57393	unavailable				
Henry David Thoreau	58273	Index of the Project Gutenberg Works of Henry David Thoreau	Index-of-the-Project-Gutenberg-Works-of-Henry-David-Thoreau_58273	unavailable				
Henry David Thoreau	59031	Journal 02, 1850-September 15, 1851	Journal-02-1850-September-15-1851_59031	unavailable				
Henry David Thoreau	59988	Poems of Nature	Poems-of-Nature_59988	fetched		91394	00e3d2b59a5589720be2e1d76dcb23bdefa417ff4506956546eed6f900a89eb5	59988-0.txt
Henry David Thoreau	60951	The Service	The-Service_60951	fetched		46476	c8ea49d81b0c966fc52b0717690654837b2ddc8073081bb1a06e0f4edeccadd1	60951-0.txt
Henry David Thoreau	63459	Paradise (to be) Regained	Paradise-to-be-Regained_63459	fetched		77479	42b04f65ed78f7428065b554e9676310f555231ecd152730c1e4bb917cefbcb2	63459-0.txt
Henry Ford	3041	The Cleveland Era: A Chronicle of the New Order in Politics	The-Cleveland-Era-A-Chronicle-of-the-New-Order-in-Politics_3041	unavailable				
Henry Ford	7213	My Life and Work	My-Life-and-Work_7213	fetched		546251	e8b43cdc1b5363851b286c1daee8aa39d5acc264ed96bbafd0a7e4e79c36a1c2	7213.txt
Henry Ford	11702	Washington and his colleagues; a chronicle of the rise and fall of federalism	Washington-and-his-colleagues-a-chronicle-of-the-rise-and-fall-of-federalism_11702	unavailable				
Henry Ford	57117	Henry Ford: Highlights of His Life	Henry-Ford-Highlights-of-His-Life_57117	fetched		50694	1478b5ccb1f213b4db4e7357982eca355c513c5dec1b5bbccb0fcf7234028fb7	57117-0.txt
Henry James	176	Roderick Hudson	Roderick-Hudson_176	fetched		786963	d5850be23a577aadf8bfaad0d6a47f951e5623da6fa1f4108eb3e1c5d2ea1e1d	176-0.txt
Henry James	177	The American	The-American_177	fetched		772617	52e8fafc28c2483441f0a3c21c4c58c342532e360c5757ed5dccbcaa9286880a	177.txt
Henry James	178	Confidence	Confidence_178	fetched		458504	5728fc4b74b42bb0092627fd5eb6ea04131f6e22d4ba569a296537a0f4307b77	178-0.txt
Henry James	179	The Europeans	The-Europeans_179	fetched		371202	8b45ab9d95aec5af84f4d5b6b1574e093d5d435d85db1dc503018532167364f6	179-0.txt
Henry James	208	Daisy Miller: A Study	Daisy-Miller-A-Study_208	unavailable				
Henry James	209	The Turn of the Screw	The-Turn-of-the-Screw_209	fetched		258212	cc2003855ceda7ca36fa2e2578e0925da0d9a69b1e46a66eb984970094db0366	209-0.txt
Henry James	210	An International Episode	An-International-Episode_210	fetched		182181	098da95607673db55e91370876aba0778fe9e5e456ddfdf1ab1e0fdf32636cf0	210-0.txt
Henry James	211	The Aspern Papers	The-Aspern-Papers_211	fetched		234596	e750270d82e84e0d75da19e5d1012315228336fd9b0fb58347712b787f1644b2	211-0.txt
Henry James	432	The Ambassadors	The-Ambassadors_432	fetched		948118	28fa22f2273102c6e95eebfeefe030c675f4b4a3d3b6da4d089c11b717415a72	432.txt
Henry James	642	The Altar of the Dead	The-Altar-of-the-Dead_642	fetched		102723	42400fe7405ad817c67965f5a2a80d1629b802187b29fa0a8e978ba3bbc574ae	642-0.txt
Henry James	643	The Death of the Lion	The-Death-of-the-Lion_643	fetched		104518	6a4d2c6f8a6a745148eac404a9732f8df552484077cb4c3b5d6d3e964e789caa	643-0.txt
Henry James	645	The Figure in the Carpet	The-Figure-in-the-Carpet_645	fetched		106998	0eb0ba083bb041a98a0014e5d47f7a75c7435da0b1875333e5174d88a772e529	645-0.txt
Henry James	898	The Lesson of the Master	The-Lesson-of-the-Master_898	fetched		165724	8aa28754999e43412309f7bc419be72e68e54c272831a8e0bbe1b0080031c996	898-0.txt
Henry James	1032	The Pupil	The-Pupil_1032	fetched		123189	49012a4ebc467f34ffa58d6390850d64385c490f2331f3956fcc7ff8bc66249f	1032-0.txt
Henry James	1093	The Beast in the Jungle	The-Beast-in-the-Jungle_1093	fetched		123404	f2328ef0024907763d09ea8c81b54043a898bd995675483aa699f532bdf70ced	1093.txt
Henry James	1144	In the Cage	In-the-Cage_1144	fetched		218940	15295ee240088c6321a16b1a7f87cb876391d13d81feae0ff656117b2dc881be	1144.txt
Henry James	1190	The Jolly Corner	The-Jolly-Corner_1190	fetched		100700	eefc1daf6589d7dd611e2dac5663048656829b07075fd3e639e82161b0c9044d	1190.txt
Henry James	1193	The Coxon Fund	The-Coxon-Fund_1193	fetched		152651	3fbca59527efd328b57586236c90a71979977cb85e7223bf84eca6fd85e2859d	1193-0.txt
Henry James	1195	Glasses	Glasses_1195	fetched		126309	b2c6760631ca221323e9e0898079562bc3812305f0b41a5480d1276a173758eb	1195.txt
Henry James	2159	A Little Tour in France	A-Little-Tour-in-France_2159	fetched		444702	a5e23f2a4df18e879461deb61b0cc9cff682cdf009259d40c0b364d1727e7b6f	2159.txt
Henry James	2299	Pandora	Pandora_2299	fetched		138143	da5f1990540ecd1a8d11e09507847b66f02e82330c6a8ad61d8cc3241a5f568a	2299-0.txt
Henry James	2327	Some Short Stories [by Henry James]	Some-Short-Stories-by-Henry-James_2327	unavailable				
Henry James	2366	The Beldonald Holbein	The-Beldonald-Holbein_2366	fetched		66093	915b561591b13a59c7474ccb456198f2c2146e7c462aa1f101a50730cd6d2daf	2366.txt
Henry James	2425	A Bundle of Letters	A-Bundle-of-Letters_2425	fetched		96956	f4f65ea2372cb76b3182b6d87f067c8a4213f55a8a6bb3a77c0e8c97ef2b7d35	2425.txt
Henry James	2426	The Diary of a Man of Fifty	The-Diary-of-a-Man-of-Fifty_2426	fetched		85936	d4f1382287b9264489104711457263a3d62dab48f19969a0a4b8a1b15ca3de95	2426.txt
Henry St. John	5132	Letters to Sir William Windham and Mr. Pope	Letters-to-Sir-William-Windham-and-Mr-Pope_5132	fetched		292201	1cdd1fbffeb1eb55e9462aff6edbdac314a41e95bc196f63e6a270a1892ff0b8	5132-0.txt
Henry St. John	15103	The Imaginary Marriage	The-Imaginary-Marriage_15103	fetched		429616	ae22fd8efc617654b41453f0eeeb2eb854be10a84b0f66559627baa954d8fa43	15103.txt
Henry St. John	45181	Heraldry for Craftsmen & Designers	Heraldry-for-Craftsmen-Designers_45181	unavailable				
Henry St. John	49074	The Garden of Memories	The-Garden-of-Memories_49074	fetched		553476	021a9b21fde2ecd7d8d7855d634c27f05dc3426230a6b32d145101a4aec2a3c4	49074-0.txt
Henry Van Dyke	704	The Mansion	The-Mansion_704	fetched		69467	ab41b904a726f032a225d3ac68a4a29b06c5660e94648f2f0a3266b7bab64940	704.txt
Henry Van Dyke	1048	The Ruling Passion: Tales of Nature and Human Nature	The-Ruling-Passion-Tales-of-Nature-and-Human-Nature_1048	unavailable				
Henry Van Dyke	1139	Fisherman's Luck and Some Other Uncertain Things	Fisherman-s-Luck-and-Some-Other-Uncertain-Things_1139	fetched		285163	ad7945f62e0bb64f3bb38a8fb271c70daebe75fb7109299ac21607d047b3be23	1139.txt
Henry Van Dyke	1562	Little Rivers: A Book of Essays in Profitable Idleness	Little-Rivers-A-Book-of-Essays-in-Profitable-Idleness_1562	unavailable				
Henry Van Dyke	1603	The Blue Flower	The-Blue-Flower_1603	fetched		312008	eda6731ba93f46fc5f597c0e9ffcb16f6bd2c68ef6f1aa608f9a681ffbcdcff5	1603-0.txt
Henry Van Dyke	3525	Music, and Other Poems	Music-and-Other-Poems_3525	fetched		88699	cd4066ddac7018868fe17fe729ffd3440267378a0d39e95616be5a93158f71f5	3525.txt
Henry Van Dyke	3757	The White Bees	The-White-Bees_3757	fetched		90958	3faf82d16c298f8e9c835c24e8fbf1e2f6f5d51ec7f931a14c41906fec43775c	3757.txt
Henry Van Dyke	4384	The Lost Word: A Christmas Legend of Long Ago	The-Lost-Word-A-Christmas-Legend-of-Long-Ago_4384	unavailable				
Henry Van Dyke	5066	The Whole Family: a Novel by Twelve Authors	The-Whole-Family-a-Novel-by-Twelve-Authors_5066	unavailable				
Henry Van Dyke	6009	The Valley of Vision : A Book of Romance and Some Half-Told Tales	The-Valley-of-Vision-A-Book-of-Romance-and-Some-Half-Told-Tales_6009	unavailable				
Henry Van Dyke	9372	Songs out of Doors	Songs-out-of-Doors_9372	fetched		97605	d0f648db43979a34ad585b2f8f9ed981ab7050d99cfdea91b0357936015c7e3b	9372-8.txt
Henry Van Dyke	9388	The Red Flower: Poems Written in War Time	The-Red-Flower-Poems-Written-in-War-Time_9388	unavailable				
Henry Van Dyke	10395	Joy and Power: Three Messages with One Meaning	Joy-and-Power-Three-Messages-with-One-Meaning_10395	unavailable				
Henry Van Dyke	10679	The Story of the Other Wise Man	The-Story-of-the-Other-Wise-Man_10679	fetched		71079	143d26574d3d6ceccf5620cb08c0fb8b6ebcc65095dbc56debb63bc12592ac32	10679.txt
Henry Van Dyke	11192	The Americanism of Washington	The-Americanism-of-Washington_11192	fetched		58525	f2d86f68df789a59b343d97394fe9f792f0136de0def071d560252233a435c32	11192-8.txt
Henry Van Dyke	14572	The Spirit of Christmas	The-Spirit-of-Christmas_14572	fetched		52943	7873dab31cd10faefb58413f31493e5b602b31f2d3f826eacf9a081eb52a9de3	14572.txt
Henry Van Dyke	15266	What Peace Means	What-Peace-Means_15266	fetched		58866	7718e216cb6da6854eef59e41aa5876fd0e5923da2d81f8f2e65178902ee75d0	15266.txt
Henry Van Dyke	15936	The Sad Shepherd: A Christmas Story	The-Sad-Shepherd-A-Christmas-Story_15936	unavailable				
Henry Van Dyke	15978	The Broken Soldier and the Maid of France	The-Broken-Soldier-and-the-Maid-of-France_15978	fetched		70885	060076ae10da945be9beeba6200c1693c3cbb154667a781e868232aeda77c355	15978.txt
Henry Van Dyke	16134	The First Christmas Tree: A Story of the Forest	The-First-Christmas-Tree-A-Story-of-the-Forest_16134	unavailable				
Henry Van Dyke	16229	The Poems of Henry Van Dyke	The-Poems-of-Henry-Van-Dyke_16229	fetched		503302	41624aa06483a9b868a93b85f243498bc57d1751b15e400688583243a9565d53	16229.txt
Henry Van Dyke	16291	The Story of the Other Wise Man	The-Story-of-the-Other-Wise-Man_16291	fetched		74526	8c35a8cb7d9670fe680a2cad0e83accc683230f533c07ebcb90256b0ad458398	16291.txt
Henry Van Dyke	17944	The House of Rimmon: A Drama in Four Acts	The-House-of-Rimmon-A-Drama-in-Four-Acts_17944	unavailable				
Henry Van Dyke	19608	The Story of the Other Wise Man	The-Story-of-the-Other-Wise-Man_19608	fetched		69981	a00e86400747a1051c276661dab68fdb9b9483de0445f50f0bb44c0cdd161fd3	19608.txt
Henry Van Dyke	19693	Fighting For Peace	Fighting-For-Peace_19693	fetched		238938	42291ab9e8f92af073cd23748d439ab9b8b818d031cc035b3261985eedaa2fab	19693.txt
Henry Wadsworth Longfellow	19	The Song of Hiawatha	The-Song-of-Hiawatha_19	fetched		214325	c1f1725c6e9a8d96ac34de046f2c9ee320b49ed27f724dc51f85c643b715748f	19.txt
Henry Wadsworth Longfellow	1365	The Complete Poetical Works of Henry Wadsworth Longfellow	The-Complete-Poetical-Works-of-Henry-Wadsworth-Longfellow_1365	fetched		1966416	9a2594213268bb8eed98081881264b23515a762eadf19d1ab14031231ceb397d	1365.txt
Henry Wadsworth Longfellow	2039	Evangeline: A Tale of Acadie	Evangeline-A-Tale-of-Acadie_2039	unavailable				
Henry Wadsworth Longfellow	5436	Hyperion	Hyperion_5436	fetched		422114	04a1b10322a675de4808cf9ac9286bacf01b41f0897919a6bc8573c0bb05f6c8	5436-8.txt
Henry Wadsworth Longfellow	9080	The Children's Own Longfellow	The-Children-s-Own-Longfellow_9080	fetched		111536	4f3df855a3c450f7a2ab696d081f96ecd40d34469790e53ae60ddacafdbb7618	9080.txt
Henry Wadsworth Longfellow	10490	The Golden Legend	The-Golden-Legend_10490	fetched		187625	29497c4256173d1331bb3d8c24da81bd170108dc2cb1afb5df1598f07ef6dc53	10490-8.txt
Henry Wadsworth Longfellow	13830	The Wreck of the Hesperus	The-Wreck-of-the-Hesperus_13830	fetched		25931	6cef299cbfa7656a9bcae75f3d1a922942ee0b1a713caef30ff637228062bcf9	13830-8.txt
Henry Wadsworth Longfellow	15390	Evangeline	Evangeline_15390	unavailable				
Henry Wadsworth Longfellow	23332	Greetings from Longfellow	Greetings-from-Longfellow_23332	fetched		26587	52f2b6c3d893d09c94ea4a08021f23594551f4d22bf022293b232f27b8e554dd	23332.txt
Henry Wadsworth Longfellow	25153	Tales of a Wayside Inn	Tales-of-a-Wayside-Inn_25153	fetched		202374	e0b8d63455c38cfb1df37143a27536a192a8c99ee3dd5c8c31a7886ae0d18985	25153-8.txt
Henry Wadsworth Longfellow	28352	The Children's Longfellow	The-Children-s-Longfellow_28352	unavailable				
Henry Wadsworth Longfellow	30795	The Song of Hiawatha: An Epic Poem	The-Song-of-Hiawatha-An-Epic-Poem_30795	unavailable				
Henry Wadsworth Longfellow	31926	The Story of Hiawatha, Adapted from Longfellow	The-Story-of-Hiawatha-Adapted-from-Longfellow_31926	fetched		393309	e8d3fd41df1ffdd6ed5a04ee01d35cedf60f4093e488c12f7b44a99877b2cc93	31926-8.txt
Henry Wadsworth Longfellow	44398	Poems on Slavery	Poems-on-Slavery_44398	fetched		35757	26c5fd3a80c1674f07c81d22d292e71802b63bafdb3dae3a7581d298f8ac920c	44398-8.txt
Henry Wadsworth Longfellow	48227	The Land of Evangeline: The Authentic Story of Her Country and Her People	The-Land-of-Evangeline-The-Authentic-Story-of-Her-Country-and-Her-People_48227	fetched		155746	8d12f53854dd2c9b42cfa7bdaba290b6a061c8ac850b794f95013117995d5ae8	48227-0.txt
Henry Wadsworth Longfellow	54414	Courtship of Miles Standish	Courtship-of-Miles-Standish_54414	unavailable				
Henry Wadsworth Longfellow	57417	The Courtship of Miles Standish:	The-Courtship-of-Miles-Standish_57417	unavailable				
Henry Wadsworth Longfellow	59216	The Courtship of Miles Standish	The-Courtship-of-Miles-Standish_59216	unavailable				
Henry Wadsworth Longfellow	59281	Index of the Project Gutenberg Works of Henry Wadsworth Longfellow	Index-of-the-Project-Gutenberg-Works-of-Henry-Wadsworth-Longfellow_59281	fetched		63592	7ff04adb69e507baf7d35cfa90d8e69c498de4ecaf43a8b678506b616ee6e0a3	59281-0.txt
Henry Wadsworth Longfellow	67148	A dramatization of Longfellow's Hiawatha: A spectacular drama in six acts	A-dramatization-of-Longfellow-s-Hiawatha-A-spectacular-drama-in-six-acts_67148	fetched		76888	fa2dc818968d26d1a932de998bdeac0c0e03e852677bf05b66e95552a657f5dd	67148-0.txt
Henry Ward Beecher	25653	Conflict of Northern and Southern Theories of Man and Society	Conflict-of-Northern-and-Southern-Theories-of-Man-and-Society_25653	unavailable				
Henry Ward Beecher	30392	Twelve Causes of Dishonesty	Twelve-Causes-of-Dishonesty_30392	fetched		64509	657b7e69f3b8416d877073201648b895090ac39a8f40c14dc8250b324b1674a8	30392.txt
Henry Ward Beecher	34743	Gamblers and Gambling	Gamblers-and-Gambling_34743	fetched		71489	bc48d80be26e0ab8b799be37811f027a45754a9b3289cfc67dfbbd6a6e6b4e24	34743.txt
Henry Ward Beecher	47746	Campfire and Battlefield	Campfire-and-Battlefield_47746	unavailable				
Henry Ward Beecher	56640	Pleasant Talk About Fruits, Flowers and Farming	Pleasant-Talk-About-Fruits-Flowers-and-Farming_56640	fetched		975906	49225ac04e052c44e4c2c621e7f788316e4827142652a512effa9de01e6fca0d	56640-0.txt
Herman Melville	15	Moby-Dick; or, The Whale	Moby-Dick-or-The-Whale_15	unavailable				
Herman Melville	1900	Typee: A Romance of the South Seas	Typee-A-Romance-of-the-South-Seas_1900	unavailable				
Herman Melville	2489	Moby Dick; Or, The Whale	Moby-Dick-Or-The-Whale_2489	fetched		1255701	ef9f55e1a87d3cbee99b4bd89c61ebbe0728aee678286d6a8d4b932c7c3edee8	2489.txt
Herman Melville	2694	I and My Chimney	I-and-My-Chimney_2694	fetched		85942	362bf6a3b67745360c6c745a06ab8f432b7fe1c4b9630fb07895ba1e0d251967	2694-0.txt
Herman Melville	2701	Moby Dick; Or, The Whale	Moby-Dick-Or-The-Whale_2701	unavailable				
Herman Melville	4045	Omoo: Adventures in the South Seas	Omoo-Adventures-in-the-South-Seas_4045	unavailable				
Herman Melville	8118	Redburn. His First Voyage	Redburn-His-First-Voyage_8118	unavailable				
Herman Melville	9146	I and My Chimney	I-and-My-Chimney_9146	unavailable				
Herman Melville	9147	Moby Dick	Moby-Dick_9147	unavailable				
Herman Melville	9268	Omoo: Adventures in the South Seas	Omoo-Adventures-in-the-South-Seas_9268	unavailable				
Herman Melville	9269	Typee	Typee_9269	unavailable				
Herman Melville	10712	White Jacket; Or, The World on a Man-of-War	White-Jacket-Or-The-World-on-a-Man-of-War_10712	unavailable				
Herman Melville	11231	Bartleby, the Scrivener: A Story of Wall-Street	Bartleby-the-Scrivener-A-Story-of-Wall-Street_11231	unavailable				
Herman Melville	12384	Battle-Pieces and Aspects of the War	Battle-Pieces-and-Aspects-of-the-War_12384	fetched		211638	0ebdec1c62bbf11ede73e6792b076073d7303e80d740142613f491f9edd325c8	12384-8.txt
Herman Melville	12841	John Marr and Other Poems	John-Marr-and-Other-Poems_12841	fetched		147937	6ab0eb1bd8935cd92da23cc1363b378bf0d5e183421016b8cc61e16c86c09558	12841-8.txt
Herman Melville	13720	Mardi: and A Voyage Thither, Vol. I	Mardi-and-A-Voyage-Thither-Vol-I_13720	unavailable				
Herman Melville	13721	Mardi: and A Voyage Thither, Vol. II	Mardi-and-A-Voyage-Thither-Vol-II_13721	unavailable				
Herman Melville	15422	Israel Potter: His Fifty Years of Exile	Israel-Potter-His-Fifty-Years-of-Exile_15422	unavailable				
Herman Melville	15859	The Piazza Tales	The-Piazza-Tales_15859	fetched		496511	7455c56bb55d7c9434f5357370114dc1ae07c83fbcaa42801ea42ef64ffe7119	15859.txt
Herman Melville	21816	The Confidence-Man: His Masquerade	The-Confidence-Man-His-Masquerade_21816	unavailable				
Herman Melville	23969	Typee	Typee_23969	unavailable				
Herman Melville	28656	Typee	Typee_28656	fetched		618301	3c904ed10a0fdea8313c1b24391eb0491b0faef762c1c7a80a2c34f1388b88c1	28656-0.txt
Herman Melville	28794	Moby Dick; Or, The Whale	Moby-Dick-Or-The-Whale_28794	unavailable				
Herman Melville	34970	Pierre; or The Ambiguities	Pierre-or-The-Ambiguities_34970	unavailable				
Herman Melville	53861	The Apple-Tree Table, and Other Sketches	The-Apple-Tree-Table-and-Other-Sketches_53861	fetched		373226	54cdaae860f36de559a6d3e23fad25f61dbf4c31512c7ada0b28bb789323d1ff	53861-8.txt
Hermann Ebbinghaus	52823	Psychology: an elementary text-book	Psychology-an-elementary-text-book_52823	fetched		403734	b9723e7ddbc0d710ed8c2227fac97b396ee5125c7fee4347e5b24c1a423f08bc	52823-0.txt
Heywood Broun	35679	Pieces of Hate; And Other Enthusiasms	Pieces-of-Hate-And-Other-Enthusiasms_35679	unavailable				
Heywood Broun	35793	Seeing Things at Night	Seeing-Things-at-Night_35793	fetched		372211	b72afeeffc94c67f8ed785abd0aa4bd40bf6367ea66b80f7da39f1386084ce25	35793-8.txt
Heywood Broun	36057	The Boy Grew Older	The-Boy-Grew-Older_36057	fetched		326542	c58a3ef71ace44a9ab5e44ff8aff240964f7cecec0bf566399450e0db47afac5	36057-8.txt
Heywood Broun	36514	Our Army at the Front	Our-Army-at-the-Front_36514	fetched		388306	88a7c92a8e4bbf193681986044bcf19e17a5a5db4876910f3ba8566430ad1169	36514-0.txt
Heywood Broun	39072	The A. E. F.: With General Pershing and the American Forces	The-A-E-F-With-General-Pershing-and-the-American-Forces_39072	unavailable				
Honore de Balzac	469	The Duchesse of Langeais	The-Duchesse-of-Langeais_469	fetched		338359	b67623971ec5513748f3a2052c706ed77796f35cb48489fd08871be360826405	469-0.txt
Honore de Balzac	1189	The Message	The-Message_1189	fetched		48806	f081903b8cdb811880efb1e63a4415819feb1118ab9790221025a441045f13c7	1189.txt
Honore de Balzac	1196	The Purse	The-Purse_1196	fetched		89980	cc188078a86fe93aeae0dc987cb4ff6158784b28dbc7c1e22792fd9d21c8d510	1196-0.txt
Honore de Balzac	1215	The Elixir of Life	The-Elixir-of-Life_1215	fetched		73455	256550138b7e916cb2126d71ec328891a303e4212c1fd468fc4cfabb0675148c	1215.txt
Honore de Balzac	1220	The Atheist's Mass	The-Atheist-s-Mass_1220	fetched		58797	7af7b3ed0b37f695ca0de9c0d2aa7b19d7d9fc74b377266cfe600b745dd64653	1220.txt
Honore de Balzac	1223	Ursula	Ursula_1223	fetched		502870	f15a9f6ea7f2d7a74bdcc4a46d950c6cbdf827fbfc44fcbf616b4da354fcf4a5	1223-0.txt
Honore de Balzac	1230	Pierre Grassou	Pierre-Grassou_1230	fetched		67444	e59791b77db62cd481d22278c586e1aa31fa0418e0d13fada2bbd62a82d46854	1230.txt
Honore de Balzac	1237	Father Goriot	Father-Goriot_1237	fetched		612270	5dd484aa16e5e90d6da40577fa4fbe4151925dccf150e922b5764c5aad4821c0	1237-0.txt
Honore de Balzac	1242	Unconscious Comedians	Unconscious-Comedians_1242	fetched		152712	95e5e9157779ccd705765dbd0433179481c9e17e58421a4fee13592c57a0c3c9	1242-0.txt
Honore de Balzac	1277	Melmoth Reconciled	Melmoth-Reconciled_1277	fetched		127206	d9190e4d2fce818a382a736ad76e9beaf2a083ea449e23b194f8b39bbff5d97b	1277-0.txt
Honore de Balzac	1294	The Firm of Nucingen	The-Firm-of-Nucingen_1294	fetched		184166	d08bd2ef3a830aa3cb3a66d198f0758e18f1ddafa04202b8a40060c8670b6c33	1294-0.txt
Honore de Balzac	1305	The Ball at Sceaux	The-Ball-at-Sceaux_1305	fetched		149014	b0758f56760695e3f55cdedc72682f917a19d4c81cee7b8b86431d29128176e7	1305-0.txt
Honore de Balzac	1307	The Magic Skin	The-Magic-Skin_1307	fetched		583091	c410380cab063f41aa27ec9be3a17ca3891a16d9081fdc9fcf8e1b0276f1c452	1307-0.txt
Honore de Balzac	1343	Bureaucracy	Bureaucracy_1343	fetched		481033	d86451499021817bb54ecef4065b56954e71d940caaee1fbdf8cba7f656217f5	1343-0.txt
Honore de Balzac	1344	The Secrets of the Princesse de Cadignan	The-Secrets-of-the-Princesse-de-Cadignan_1344	fetched		144791	0b02c654be4d3bf1d75ba94874e40a140072733481c96f67ace45349899776b1	1344-0.txt
Honore de Balzac	1345	The Vicar of Tours	The-Vicar-of-Tours_1345	fetched		170035	90c81a6a9fe7c21ab600e2ee2707483b3a1f7a738d3bbda015aa1bab45b8e8aa	1345-0.txt
Honore de Balzac	1350	The Country Doctor	The-Country-Doctor_1350	fetched		587550	79754b9c411d2ba058a7ff1ce59dc7d265b8db8dd431b02e0a0e2a2df9a7265e	1350-0.txt
Honore de Balzac	1352	An Old Maid	An-Old-Maid_1352	fetched		311743	01df97229b1bbb157c4570decf517fbe8d5d10b242eb725a2fd5095510856b59	1352-0.txt
Honore de Balzac	1357	Madame Firmiani	Madame-Firmiani_1357	fetched		65035	f044f9e7c17a128006d5aaf8d737f1e0bf283caa3afd0b3b6577a2c22af402cd	1357-0.txt
Honore de Balzac	1369	Paz (La Fausse Maitresse)	Paz-La-Fausse-Maitresse_1369	unavailable				
Honore de Balzac	1373	Study of a Woman	Study-of-a-Woman_1373	fetched		41351	c395b31dee4bad4643c19be43173a56dd50478ad3645cdb3a953b57803794b02	1373.txt
Honore de Balzac	1374	Vendetta	Vendetta_1374	fetched		169140	f8dfc1589c06400fb2d3e4a7ac3d82186f4eed5130ea70f2dfc17986a0a9a484	1374-0.txt
Honore de Balzac	1380	The Two Brothers	The-Two-Brothers_1380	fetched		654669	ad4a031c0ec6b4c776f63f4f7e75c0057749de25ffede563efa202130e33a576	1380-0.txt
Honore de Balzac	1389	Gobseck	Gobseck_1389	fetched		151437	62c9bd14d3163c1e830ad4cb29f13a291f1ae2a6db4cf4e79286df56373be3cd	1389-0.txt
Honore de Balzac	1403	A Start in Life	A-Start-in-Life_1403	fetched		372340	ece89ae29112f70cb191bfeaac31f5759f4aec4ef87cba2daf377031cff04ff2	1403-0.txt
Hosea Ballou	8225	A Series of Letters, in Defence of Divine Revelation	A-Series-of-Letters-in-Defence-of-Divine-Revelation_8225	unavailable				
Hugh Dalton	10107	With British Guns in Italy: A Tribute to Italian Achievement	With-British-Guns-in-Italy-A-Tribute-to-Italian-Achievement_10107	unavailable				
Immanuel Kant	4280	The Critique of Pure Reason	The-Critique-of-Pure-Reason_4280	fetched		1313936	9c2923a640da2590ae577632e7e21e802e3fdb9f59e42bbf8fad9bbcca248168	4280-0.txt
Immanuel Kant	5637	Literary and Philosophical Essays: French, German and Italian	Literary-and-Philosophical-Essays-French-German-and-Italian_5637	fetched		907827	8e9e67b1b5c6977aa97bae34105da9e9b5fa2b04ec3f7baf46c453518943272c	5637.txt
Immanuel Kant	5682	Fundamental Principles of the Metaphysic of Morals	Fundamental-Principles-of-the-Metaphysic-of-Morals_5682	fetched		194830	bcb01322b371b62b628256ffb0e88d0732e7b4e3b4e080634607dcc456854146	5682.txt
Immanuel Kant	5683	The Critique of Practical Reason	The-Critique-of-Practical-Reason_5683	fetched		397391	3ad485191a3ac3916e8c101008e15bbaac0ec280fbad2b8341088cb1bd0fccf2	5683.txt
Immanuel Kant	5684	The Metaphysical Elements of Ethics	The-Metaphysical-Elements-of-Ethics_5684	fetched		99399	d31c8dd82424b79302793ac99691cb39e06e4257bf24ab3823a5cb8b22f66322	5684.txt
Immanuel Kant	26585	Perpetual Peace: A Philosophic Essay	Perpetual-Peace-A-Philosophic-Essay_26585	unavailable				
Immanuel Kant	28800	On the Popular Judgment	On-the-Popular-Judgment_28800	unavailable				
Immanuel Kant	46060	Of the Injustice of Counterfeiting Books	Of-the-Injustice-of-Counterfeiting-Books_46060	unavailable				
Immanuel Kant	48433	Kant's Critique of Judgement	Kant-s-Critique-of-Judgement_48433	fetched		845715	e0ff8b92fa83af40c4b8284165006b4da0b5fd90fa99a3ae9b5584bacf1313dd	48433-0.txt
Immanuel Kant	50922	Perpetual Peace: A Philosophical Essay	Perpetual-Peace-A-Philosophical-Essay_50922	fetched		349921	29548dba0982adbf29d428b9916fe5202ecc35bdbec40e0d6b8382f734f1190f	50922-0.txt
Immanuel Kant	52821	Kant's Prolegomena to Any Future Metaphysics	Kant-s-Prolegomena-to-Any-Future-Metaphysics_52821	fetched		316325	93e194b38ea7534c4a8efa27aa18da28d3015ef959d47c4b8bdd9b222de2524a	52821-0.txt
Immanuel Kant	59023	Index of the Project Gutenberg Works of Immanuel Kant	Index-of-the-Project-Gutenberg-Works-of-Immanuel-Kant_59023	fetched		43340	712a28cc002b99eb7a144592b809b382e72810e8d52c7371a88eb1ff877d21ad	59023-0.txt
Irving Babbitt	50235	Rousseau and Romanticism	Rousseau-and-Romanticism_50235	fetched		864758	dd0178848e4e1186859136e2cea9a1f1a0d5548a038cdd236682b92747849b5f	50235-0.txt
Isaac Newton	15784	The Chronology of Ancient Kingdoms Amended	The-Chronology-of-Ancient-Kingdoms-Amended_15784	unavailable				
Isaac Newton	16878	Observations upon the Prophecies of Daniel, and the Apocalypse of St. John	Observations-upon-the-Prophecies-of-Daniel-and-the-Apocalypse-of-St-John_16878	unavailable				
Isaac Newton	22285	An American Suffragette	An-American-Suffragette_22285	fetched		295189	0b00c43012fb1be5aa98d06b5ed6fb180fe43fa47e9f75fe24c17098ee020835	22285.txt
Isaac Newton	33504	Opticks	Opticks_33504	unavailable				
James Branch Cabell	288	The Certain Hour (Dizain des Poëtes)	The-Certain-Hour-Dizain-des-Poetes_288	unavailable				
James Branch Cabell	8715	Gallantry: Dizain des Fetes Galantes	Gallantry-Dizain-des-Fetes-Galantes_8715	unavailable				
James Branch Cabell	8771	Jurgen: A Comedy of Justice	Jurgen-A-Comedy-of-Justice_8771	unavailable				
James Branch Cabell	9488	The Line of Love; Dizain des Mariages	The-Line-of-Love-Dizain-des-Mariages_9488	unavailable				
James Branch Cabell	9608	The Cords of Vanity: A Comedy of Shirking	The-Cords-of-Vanity-A-Comedy-of-Shirking_9608	unavailable				
James Branch Cabell	9663	Domnei: A Comedy of Woman-Worship	Domnei-A-Comedy-of-Woman-Worship_9663	unavailable				
James Branch Cabell	9829	The Jewel Merchants: A Comedy in One Act	The-Jewel-Merchants-A-Comedy-in-One-Act_9829	unavailable				
James Branch Cabell	10041	The Rivet in Grandfather's Neck: A Comedy of Limitations	The-Rivet-in-Grandfather-s-Neck-A-Comedy-of-Limitations_10041	unavailable				
James Branch Cabell	10882	The Eagle's Shadow	The-Eagle-s-Shadow_10882	fetched		307285	71f80c7f60240c977b30c936e4c9d8efdd2cc79ad9683814efd44a139b34aed6	10882-8.txt
James Branch Cabell	11639	Figures of Earth: A Comedy of Appearances	Figures-of-Earth-A-Comedy-of-Appearances_11639	unavailable				
James Branch Cabell	11752	Chivalry: Dizain des Reines	Chivalry-Dizain-des-Reines_11752	unavailable				
James Branch Cabell	17134	Taboo	Taboo_17134	unavailable				
James Branch Cabell	22463	Chivalry	Chivalry_22463	fetched		352256	baa0d070b3635d96d5b1d7cad5503e814f0f22fe1892095ef822500cb6acb58b	22463-8.txt
James Branch Cabell	66146	The Cream of the Jest: A comedy of evasions	The-Cream-of-the-Jest-A-comedy-of-evasions_66146	fetched		306557	2aa9d42078488873be83417b6d5e3f366f36dd41468997bc4abec2b33443e4b1	66146-0.txt
James Branch Cabell	67043	The High Place: A Comedy of Disenchantment	The-High-Place-A-Comedy-of-Disenchantment_67043	fetched		409314	6d6eb9a7c8e180acc47d0260432a760302721a1214b1a4b24595e8808d09c119	67043-0.txt
James Branch Cabell	67744	The Silver Stallion: A Comedy of Redemption	The-Silver-Stallion-A-Comedy-of-Redemption_67744	fetched		465541	201409f5a9a8ad05deff3ddc8b3581111ac7f97bc4f235c454cc3b4278d0334d	67744-0.txt
James Joyce	2814	Dubliners	Dubliners_2814	fetched		405900	da7545c112c5580fc1572ee01c422ba25d9d82fe0e56c26e42c337374f72ca5e	2814-0.txt
James Joyce	2817	Chamber Music	Chamber-Music_2817	fetched		38290	9fcea12a41604b7c99ced78ca7c1d2ab50bb9078c545d0d34be0f5db4503e9c6	2817.txt
James Joyce	4217	A Portrait of the Artist as a Young Man	A-Portrait-of-the-Artist-as-a-Young-Man_4217	fetched		496309	f3c56de02f2cea4554a4058cf5419005f576f2d571af5585c8d5bd12c3629356	4217-0.txt
James Joyce	4300	Ulysses	Ulysses_4300	fetched		1580890	4ea566a510a547adcb01b52fe78ff269926fe8d5e8060591f725de6d77afa3ac	4300-0.txt
James Joyce	7872	Dubliners	Dubliners_7872	unavailable				
James Joyce	20601	Chamber Music	Chamber-Music_20601	unavailable				
James Joyce	55945	Exiles: A Play in Three Acts	Exiles-A-Play-in-Three-Acts_55945	unavailable				
James Joyce	59785	Index of the Project Gutenberg Works of James Joyce	Index-of-the-Project-Gutenberg-Works-of-James-Joyce_59785	fetched		23714	52eaafa31ec0481b3031e59d28881a58fb056d725efb8a97cfea9e1cfe8d3546	59785-0.txt
James M. Barrie	16	Peter Pan	Peter-Pan_16	fetched		290755	b1e7ade0c061259293c7b07fe3f8ba445b4cf3353e6c657c8cdcd0223bbe0eb8	16-0.txt
James M. Barrie	342	Margaret Ogilvy	Margaret-Ogilvy_342	fetched		188738	6eaf304eed49f49041418f855fbac072482a1e11a9811cf133bf14d13b2dba4c	342-0.txt
James M. Barrie	1332	Peter Pan in Kensington Gardens	Peter-Pan-in-Kensington-Gardens_1332	fetched		106164	96bfc8acbad6befd631e03a0eea0f55421a17c348ef9728b027400fe462831c7	1332-0.txt
James M. Barrie	1376	The Little White Bird; Or, Adventures in Kensington Gardens	The-Little-White-Bird-Or-Adventures-in-Kensington-Gardens_1376	unavailable				
James M. Barrie	3490	The Admirable Crichton	The-Admirable-Crichton_3490	fetched		165086	7586a4fac4a1432f6ad13e362410f3af34f0a63cfbf815a88b814d2317ca71cd	3490-0.txt
James M. Barrie	4021	Dear Brutus	Dear-Brutus_4021	fetched		142344	89f81fe2c71d123cf825d49555833b852616a39cdc9b3ad167653f78ccb6ab25	4021.txt
James M. Barrie	5093	The Little Minister	The-Little-Minister_5093	fetched		626072	6991e4a55f5032dbb7c18023bee8800a588a99b8b97bd94adeceeb799a374059	5093.txt
James M. Barrie	5654	What Every Woman Knows	What-Every-Woman-Knows_5654	fetched		169676	ba9b3e61ed906bdf44957ffafb9438050152a6b5b5e091e747c1bd37ba2293fe	5654-0.txt
James M. Barrie	6965	Alice Sit-By-The-Fire	Alice-Sit-By-The-Fire_6965	fetched		152212	045facf65859d97ced3ba99a29477d5919623d9d9440ab8388e2543ea502bcbb	6965-0.txt
James M. Barrie	8590	Auld Licht Idyls	Auld-Licht-Idyls_8590	fetched		268353	a017ec5d3d0d06dba65228db69f9b0c0b5871c325ce678ebda6c33f318beecc2	8590-0.txt
James M. Barrie	9617	Echoes of the War	Echoes-of-the-War_9617	fetched		165193	add124869beaf5889e6de9f5083eedd377e7cdc5e794beac13723432240b3bce	9617.txt
James M. Barrie	10767	Courage	Courage_10767	fetched		62746	c013a572fb83198c2c1ae57dda139b89fcfe4fb037e453f4f32afadbfadc82a7	10767.txt
James M. Barrie	11901	Tommy and Grizel	Tommy-and-Grizel_11901	fetched		695310	0d0332eda0dce5dcff77d4e87d06e141976dbd16e77b8adbd70704d52d744741	11901-8.txt
James M. Barrie	14961	Sentimental Tommy	Sentimental-Tommy_14961	unavailable				
James M. Barrie	18934	My Lady Nicotine: A Study in Smoke	My-Lady-Nicotine-A-Study-in-Smoke_18934	unavailable				
James M. Barrie	20807	Better Dead	Better-Dead_20807	fetched		123504	e21c131f38927e33ffe6cce6a749b27af62354bd74895392554210f902c601d7	20807-8.txt
James M. Barrie	20914	A Window in Thrums	A-Window-in-Thrums_20914	fetched		238625	2da9010677f49b4f478c55f04b711f35c135cf42d8d00831c112fe1034ccb231	20914.txt
James M. Barrie	20918	Auld Licht Idylls	Auld-Licht-Idylls_20918	fetched		273146	809cacf362753c166f51394acd552258223a3a69b21e3b0d0aad5e52b9b63600	20918.txt
James M. Barrie	22984	Peter Pan	Peter-Pan_22984	unavailable				
James M. Barrie	26654	Peter and Wendy	Peter-and-Wendy_26654	fetched		282893	04d4c9777d106dee2f4882b205bbccf1a1d53c79d82a06fec69304983a6ac9a5	26654-8.txt
James M. Barrie	26998	Peter Pan in Kensington Gardens	Peter-Pan-in-Kensington-Gardens_26998	fetched		141268	7969694a33fefdcc345651048f6098db3a5de52882076097243f41d80c80397a	26998.txt
James M. Barrie	26999	Peter Pan in Kensington Gardens	Peter-Pan-in-Kensington-Gardens_26999	fetched		149102	fe8cd0e288bf79ac1141595ded73d8d28e5370ee60b5b61a16a05652efb58e48	26999.txt
James M. Barrie	31266	Quality Street: A Comedy	Quality-Street-A-Comedy_31266	unavailable				
James M. Barrie	33901	The Little Minister	The-Little-Minister_33901	fetched		635938	f95b9eb1e388d555ef69f88c4500adae7c9ab14a290f535b14f36cf818949eb3	33901-8.txt
James M. Barrie	39178	"Der Tag"; or, The Tragic Man	Der-Tag-or-The-Tragic-Man_39178	unavailable				
James Madison	18	The Federalist Papers	The-Federalist-Papers_18	fetched		1213088	ee0484c2e0f03f1b64743db6eb16f66588262d902c119145033e1bc4d24c9ce5	18.txt
James Madison	1404	The Federalist Papers	The-Federalist-Papers_1404	fetched		1186932	a163b394950a4e59c8b8ef3b32cd021200b4b54cccd808110aed6fe4dbb248e6	1404-8.txt
James Madison	5013	State of the Union Addresses	State-of-the-Union-Addresses_5013	fetched		154633	4844c79016e237e343b18d080afca767baba3db60ae24d8988dc637e11711b94	5013.txt
James Madison	22788	The Federalist Papers	The-Federalist-Papers_22788	unavailable				
James Madison	33179	Personal Recollections of the Civil War	Personal-Recollections-of-the-Civil-War_33179	unavailable				
James Madison	40861	The Journal of the Debates in the Convention which Framed the Constitution of the United States, May-September 1787. Volume 1	The-Journal-of-the-Debates-in-the-Convention-which-Framed-the-Constitution-of-the-United-States-May-September-1787-Volume-1_40861	unavailable				
James Madison	41095	The Journal of the Debates in the Convention which Framed the Constitution of the United States, May-September 1787. Volume 2	The-Journal-of-the-Debates-in-the-Convention-which-Framed-the-Constitution-of-the-United-States-May-September-1787-Volume-2_41095	unavailable				
James Mark Baldwin	6168	Fifty Famous People: A Book of Short Stories	Fifty-Famous-People-A-Book-of-Short-Stories_6168	fetched		191210	68b08c73f4d942cd963c1e09c7b93dab8eebe3a5a384b25c8b8f4faf97f4e262	6168.txt
James Mark Baldwin	6866	The Story of Siegfried	The-Story-of-Siegfried_6866	fetched		466242	543a380160b95b11f66f0df2ef12397aeeabaaa4687f23b9e167de2ac5c5c285	6866-0.txt
James Mark Baldwin	11174	Four Great Americans: Washington, Franklin, Webster, Lincoln	Four-Great-Americans-Washington-Franklin-Webster-Lincoln_11174	unavailable				
James Mark Baldwin	11582	Old Greek Stories	Old-Greek-Stories_11582	fetched		251864	feeadc214fcf4e3e72a70b11913e720430955c51fd4adfb32dc071aa8d9491bf	11582-8.txt
James Mark Baldwin	15616	Hero Tales	Hero-Tales_15616	fetched		239353	a0fec219638f59a0a33579d11a5c144bfdb50a5a5cac13537079d03c1f6c9957	15616-0.txt
James Mark Baldwin	18442	Fifty Famous Stories Retold	Fifty-Famous-Stories-Retold_18442	fetched		192389	3c0e566813bba8f6d083acdfafb89e3e6c5b45f2355d9add3e02cd691fbaa3b4	18442.txt
James Mark Baldwin	20522	The Story of the Mind	The-Story-of-the-Mind_20522	fetched		438480	c8fb55134f1357f96fbf3ccb8ba7fcd3a3c770dcc0fdaa29fdbcc5ff2c1f78b2	20522.txt
James Mark Baldwin	30235	Six Centuries of English Poetry: Tennyson to Chaucer	Six-Centuries-of-English-Poetry-Tennyson-to-Chaucer_30235	unavailable				
James Mark Baldwin	36864	School Reading by Grades: Sixth Year	School-Reading-by-Grades-Sixth-Year_36864	unavailable				
James Mark Baldwin	47013	The Book-lover: A Guide to the Best Reading	The-Book-lover-A-Guide-to-the-Best-Reading_47013	fetched		282850	2e226690d3c8e67ab15f1e3bf7cd7cb058cb101aae9aa4c47f39d361b6fdfb0c	47013-0.txt
James Mark Baldwin	51000	School Reading By Grades: Fifth Year	School-Reading-By-Grades-Fifth-Year_51000	fetched		275309	d859bfbff5babd637f1713e9eca692f478a63d01fadb64a585eec02db4afe38e	51000-0.txt
James Mark Baldwin	54214	A Story of the Golden Age	A-Story-of-the-Golden-Age_54214	fetched		429176	5e22951f1ab3307d326713a0b0b05ca96072ecdbd27fec08905e37b4b346ee74	54214-0.txt
James Mark Baldwin	66819	The Sampo: A Wonder Tale of the Old North	The-Sampo-A-Wonder-Tale-of-the-Old-North_66819	fetched		421183	454c947a9f4b3d153e0e9241323873d571fc24c9ea4ff215f456d053b219a1ea	66819-0.txt
James Russell Lowell	880	My Garden Acquaintance	My-Garden-Acquaintance_880	fetched		62644	cb2d734f256f304a40f103309340d7cbe64635656dfa561dee99a89c1d517f36	880.txt
James Russell Lowell	906	Abraham Lincoln	Abraham-Lincoln_906	fetched		63247	899e7be745cfe33dd4757c0fd64fd01abf407a85633699e3903dc85bbf44059d	906.txt
James Russell Lowell	8503	Among My Books. First Series	Among-My-Books-First-Series_8503	fetched		750270	b023c5c8d11f4b94485763e3e45d063846ccec3732fbe8f9bd6dcef891334d1a	8503.txt
James Russell Lowell	8509	Among My Books. Second Series	Among-My-Books-Second-Series_8509	fetched		657688	77c9c8a28db226ec3ab4c381e6671954c5357f1ed8fb0aaea4641371dda7d4c7	8509-8.txt
James Russell Lowell	13310	The Complete Poetical Works of James Russell Lowell	The-Complete-Poetical-Works-of-James-Russell-Lowell_13310	fetched		1676327	13d3edb6b0195389d72973249142effa6ba999d9acce2668ad7036ede81e74bf	13310.txt
James Russell Lowell	14481	The Function of the Poet, and Other Essays	The-Function-of-the-Poet-and-Other-Essays_14481	fetched		328769	ca0b7358e2012dbdf2a388501436c7acbf5ffb847624d11a0b9dbe16a4dee47a	14481-0.txt
James Russell Lowell	17119	The Vision of Sir Launfal	The-Vision-of-Sir-Launfal_17119	unavailable				
James Russell Lowell	17948	The Vision of Sir Launfal	The-Vision-of-Sir-Launfal_17948	unavailable				
James Russell Lowell	22609	The Writings of James Russell Lowell in Prose and Poetry, Volume V	The-Writings-of-James-Russell-Lowell-in-Prose-and-Poetry-Volume-V_22609	unavailable				
James Russell Lowell	22680	The Biglow Papers	The-Biglow-Papers_22680	fetched		313985	a39f6eb598acee2de62444a4af06be8e8448658311b7666a8a0a0e23ca5628c9	22680.txt
James Russell Lowell	38520	Poems of James Russell Lowell	Poems-of-James-Russell-Lowell_38520	unavailable				
James Russell Lowell	65136	The Cathedral	The-Cathedral_65136	fetched		60357	fab4f8812d7fd535ea2b300e0337f2ccce642c770e2ee57625eec45023f0ac34	65136-0.txt
James Russell Lowell	66213	A Fable for Critics	A-Fable-for-Critics_66213	fetched		141987	e93856fb37ec573760c9f314d10e20bb3a211318d7d7f7b4d825366d94ad6c06	66213-0.txt
James Russell Lowell	68260	Heartsease and Rue	Heartsease-and-Rue_68260	fetched		207116	c647771c2d2c9e198ee696800d898b184f6493ca5dfc62ae28e7af78abd116ff	68260-0.txt
Jane Addams	1325	Twenty Years at Hull House; with Autobiographical Notes	Twenty-Years-at-Hull-House-with-Autobiographical-Notes_1325	unavailable				
Jane Addams	15221	A New Conscience and an Ancient Evil	A-New-Conscience-and-an-Ancient-Evil_15221	fetched		261635	ddb3e578ce072533da0b0f51acbe16046255dd85fa22fb0a0785f4d8d3cca3b2	15221-8.txt
Jane Addams	15487	Democracy and Social Ethics	Democracy-and-Social-Ethics_15487	fetched		307987	1f2eefb20be2001aa2172540e6d851bfd15627555ca33a0b4d9348b1671e4a5f	15487-8.txt
Jane Addams	16221	The Spirit of Youth and the City Streets	The-Spirit-of-Youth-and-the-City-Streets_16221	fetched		179696	82c19d04043f35bb6bc9ea38133367375cfa99e98b67ed089c640fef86c66326	16221-8.txt
Jean Ingelow	12303	Fated to Be Free: A Novel	Fated-to-Be-Free-A-Novel_12303	unavailable				
Jean Ingelow	13223	Poems by Jean Ingelow, In Two Volumes, Volume I.	Poems-by-Jean-Ingelow-In-Two-Volumes-Volume-I_13223	unavailable				
Jean Ingelow	13224	Poems by Jean Ingelow, In Two Volumes, Volume II.	Poems-by-Jean-Ingelow-In-Two-Volumes-Volume-II_13224	unavailable				
Jean Ingelow	21014	Wonder-Box Tales	Wonder-Box-Tales_21014	fetched		143010	54173e99d9a0127c200286fa33158ae1017a3c41a7c3d29aff8a7c2dd45fa03f	21014.txt
Jean Ingelow	32867	Mopsa the Fairy	Mopsa-the-Fairy_32867	fetched		243868	e91d365d47380760b8aa2fd521cce3bdaedf7bd76cefbbc960275d4ac0aebb6e	32867-8.txt
Jean Ingelow	67087	Mopsa the Fairy	Mopsa-the-Fairy_67087	fetched		259417	149b47979b1417ec85706b6f4dbb249d90d5c1d5d30790bcb658d31088dba758	67087-0.txt
Jean de La Fontaine	5275	Tales and Novels of J. de La Fontaine — Volume 01	Tales-and-Novels-of-J-de-La-Fontaine-Volume-01_5275	fetched		51652	8c2eb6c71f854f65a2a1de45527355045a1e8f6faa33904399cd4d27322b3bce	5275.txt
Jean de La Fontaine	5276	Tales and Novels of J. de La Fontaine — Volume 02	Tales-and-Novels-of-J-de-La-Fontaine-Volume-02_5276	fetched		35405	5561af406c4ae0994b84139790a26dfc56415f019106232940b26ba9aef4b703	5276.txt
Jean de La Fontaine	5277	Tales and Novels of J. de La Fontaine — Volume 03	Tales-and-Novels-of-J-de-La-Fontaine-Volume-03_5277	fetched		48639	24744a94e8fefeb77d5c982ef064e5df2c674853894a9094595e0cba5da2631d	5277.txt
Jean de La Fontaine	5278	Tales and Novels of J. de La Fontaine — Volume 04	Tales-and-Novels-of-J-de-La-Fontaine-Volume-04_5278	fetched		41072	e16f238a85e3ed8df9c81c46d185e7e25f4d7e8221156e4a4b66eb3788b47fc3	5278.txt
Jean de La Fontaine	5279	Tales and Novels of J. de La Fontaine — Volume 05	Tales-and-Novels-of-J-de-La-Fontaine-Volume-05_5279	fetched		57942	bacad304f99416a6aa8799511524184a8a076078677ff97d4442d237b62c296e	5279.txt
Jean de La Fontaine	5280	Tales and Novels of J. de La Fontaine — Volume 06	Tales-and-Novels-of-J-de-La-Fontaine-Volume-06_5280	fetched		40682	e3dcfa1d4db0b32d21037181aa362d47baec14220ee38a4e4e948a869d40ab82	5280.txt
Jean de La Fontaine	5281	Tales and Novels of J. de La Fontaine — Volume 07	Tales-and-Novels-of-J-de-La-Fontaine-Volume-07_5281	fetched		59591	d238145507664e39fb321e67d3aac44a0771e4b0040d3e0d84369ce3e5d728b1	5281.txt
Jean de La Fontaine	5282	The Tales and Novels, v9: Belphegor and Others	The-Tales-and-Novels-v9-Belphegor-and-Others_5282	unavailable				
Jean de La Fontaine	5283	Tales and Novels of J. de La Fontaine — Volume 09	Tales-and-Novels-of-J-de-La-Fontaine-Volume-09_5283	fetched		37079	780bdf816aacd0be3ad313139b84b01ff14bd07f94ebbf90007e5398cc1fac3f	5283.txt
Jean de La Fontaine	5284	Tales and Novels of J. de La Fontaine — Volume 10	Tales-and-Novels-of-J-de-La-Fontaine-Volume-10_5284	fetched		22012	0ec5efaeecf562467e87b8952d233e2b1b12597629aeeac61dba749dda3d413e	5284.txt
Jean de La Fontaine	5285	Tales and Novels of J. de La Fontaine — Volume 11	Tales-and-Novels-of-J-de-La-Fontaine-Volume-11_5285	fetched		43701	23452c4945111850b677fe72607d0b0bf670cf9cb7dcaee7a6ad387a33777c90	5285.txt
Jean de La Fontaine	5286	Tales and Novels of J. de La Fontaine — Volume 12	Tales-and-Novels-of-J-de-La-Fontaine-Volume-12_5286	fetched		37585	c409f1e9eff18aa6b7742e36c3bceb8cb7a3f9104772ef0226eabf264e9b3b07	5286.txt
Jean de La Fontaine	5287	Tales and Novels of J. de La Fontaine — Volume 13	Tales-and-Novels-of-J-de-La-Fontaine-Volume-13_5287	fetched		35830	73323ba1be10955e4631a78010f31963ab6c343a8bdec19569bfe6790ef9af0b	5287.txt
Jean de La Fontaine	5288	Tales and Novels of J. de La Fontaine — Volume 14	Tales-and-Novels-of-J-de-La-Fontaine-Volume-14_5288	fetched		40704	e080ab228338380c73444e1c7a42a2bcedaaf47d140e2787f3bd17c6d8315e7c	5288.txt
Jean de La Fontaine	5289	Tales and Novels of J. de La Fontaine — Volume 15	Tales-and-Novels-of-J-de-La-Fontaine-Volume-15_5289	fetched		45934	97e8c5fc8379bd378b980e0195e7664d48a85a2ff57964f1da7b3442c8edbadb	5289.txt
Jean de La Fontaine	5290	Tales and Novels of J. de La Fontaine — Volume 16	Tales-and-Novels-of-J-de-La-Fontaine-Volume-16_5290	fetched		45102	897125b3bf1892c5b590ad9461a571659502b957c056a1aabcf8c0f1b0dd6977	5290.txt
Jean de La Fontaine	5291	Tales and Novels of J. de La Fontaine — Volume 17	Tales-and-Novels-of-J-de-La-Fontaine-Volume-17_5291	fetched		38703	59e94dff8073154d7b18384bfe6f88b00f7e0e380c2c4131cbeda94170e8d23b	5291.txt
Jean de La Fontaine	5292	Tales and Novels of J. de La Fontaine — Volume 18	Tales-and-Novels-of-J-de-La-Fontaine-Volume-18_5292	fetched		45480	5e17c808a748db3810169fdebf499cb5447c74aba8f153311818acd54ace8562	5292.txt
Jean de La Fontaine	5293	Tales and Novels of J. de La Fontaine — Volume 19	Tales-and-Novels-of-J-de-La-Fontaine-Volume-19_5293	fetched		42364	4af2d7f3c0d77eb187ab58047513cb66369a37fe33933ee7731819111ba5cd48	5293.txt
Jean de La Fontaine	5294	Tales and Novels of J. de La Fontaine — Volume 20	Tales-and-Novels-of-J-de-La-Fontaine-Volume-20_5294	fetched		37566	a389790d6752aa867f9c8ced68b063d270bf24a0bf72abe2041673abadb9c51a	5294.txt
Jean de La Fontaine	5295	Tales and Novels of J. de La Fontaine — Volume 21	Tales-and-Novels-of-J-de-La-Fontaine-Volume-21_5295	fetched		36702	88bafb740613f85dfc7bf2fbb4cac9ac18c3cbb4cd948050ed281d836ff3508f	5295.txt
Jean de La Fontaine	5296	Tales and Novels of J. de La Fontaine — Volume 22	Tales-and-Novels-of-J-de-La-Fontaine-Volume-22_5296	fetched		41909	bf3d8eac7f3711b679aa261629876d9c2d5d9d25b1de279168a6e8a17044e764	5296.txt
Jean de La Fontaine	5297	Tales and Novels of J. de La Fontaine — Volume 23	Tales-and-Novels-of-J-de-La-Fontaine-Volume-23_5297	fetched		41653	999b9b7da977af99bf015d7e0b76cceaeecddeb44ba59da525a8f33ad256b49e	5297.txt
Jean de La Fontaine	5298	Tales and Novels of J. de La Fontaine — Volume 24	Tales-and-Novels-of-J-de-La-Fontaine-Volume-24_5298	fetched		39821	7b0f2473839a98b5c6d9de019932c3ba7b0e954077d611287940e22b6447d516	5298.txt
Jean de La Fontaine	5299	Tales and Novels of J. de La Fontaine — Volume 25	Tales-and-Novels-of-J-de-La-Fontaine-Volume-25_5299	fetched		37431	9239d83aeaf45698a5b7b614018a654410145e25931600aa27cff71b19597379	5299.txt
Jeremy Bentham	42984	Not Paul, But Jesus	Not-Paul-But-Jesus_42984	fetched		857660	16caefad8dabc025b0339f11f44ba8680cd403978df2bccb720091e250ef5d1e	42984.txt
Joanna Baillie	14617	Poems, &c. (1790)	Poems-c-1790_14617	unavailable				
Johann Sebastian Bach	4949	Brandenburg Concerto No. 2 in F Major, BWV 1047	Brandenburg-Concerto-No-2-in-F-Major-BWV-1047_4949	unavailable				
Johann Sebastian Bach	5190	Brandenburg Concerto No. 5 in D Major, BWV 1050	Brandenburg-Concerto-No-5-in-D-Major-BWV-1050_5190	unavailable				
Johann Wolfgang von Goethe	1287	The Poems of Goethe, Translated in the Original Metres	The-Poems-of-Goethe-Translated-in-the-Original-Metres_1287	fetched		597443	7aa0fb4ae574aa21d99dbc188134171822eda88f5a6f4d8d82f1313b34ce0351	1287.txt
Johann Wolfgang von Goethe	1945	Egmont	Egmont_1945	fetched		188788	3ce493697cf946f7b40ad3c2aada716a88fc95e69b8c3b4f2b1bc4c75f3ed43f	1945.txt
Johann Wolfgang von Goethe	1958	Hermann and Dorothea	Hermann-and-Dorothea_1958	fetched		158016	8ac436b7ec5a386fb0b7cfc2556810bf90e66f0ac9ae00ae2f782145831dcaa5	1958.txt
Johann Wolfgang von Goethe	2527	The Sorrows of Young Werther	The-Sorrows-of-Young-Werther_2527	fetched		259380	5e9eabd2d321a98d8f9f81fb114a68a1b11e7743879ee92b440e31dc9d6d85f4	2527.txt
Johann Wolfgang von Goethe	3023	Faust — Part 1	Faust-Part-1_3023	fetched		226324	c2d31eb6ffc93f389feebe4434a5dfcbc8b03e33f15e54f56c58173a457336a1	3023.txt
Johann Wolfgang von Goethe	5733	Autobiography: Truth and Fiction Relating to My Life	Autobiography-Truth-and-Fiction-Relating-to-My-Life_5733	fetched		905685	334f214eb964a7eab6113500a666927208e2669b29d74f10a7cc0e578c99739a	5733-8.txt
Johann Wolfgang von Goethe	7889	Erotica Romana	Erotica-Romana_7889	fetched		61926	9536c0b14f2cc751ec19ad7ae68df46215887911c703ed777235fb18cf038ee8	7889-8.txt
Johann Wolfgang von Goethe	14460	Faust: a Tragedy [part 1], Translated from the German of Goethe	Faust-a-Tragedy-part-1-Translated-from-the-German-of-Goethe_14460	unavailable				
Johann Wolfgang von Goethe	14591	Faust [part 1]. Translated Into English in the Original Metres	Faust-part-1-Translated-Into-English-in-the-Original-Metres_14591	unavailable				
Johann Wolfgang von Goethe	15850	Iphigenia in Tauris	Iphigenia-in-Tauris_15850	fetched		139645	9b0968660ee7275a5abe78e4d89ccdf9d11d6236ba843231226b50d46b61d8cf	15850-0.txt
Johann Wolfgang von Goethe	33670	Maxims and Reflections	Maxims-and-Reflections_33670	fetched		208058	3a805121337388eb3ae62ad6672408bee1371106c2b00eef92be02fcc29bd3db	33670.txt
Johann Wolfgang von Goethe	34506	German Fiction	German-Fiction_34506	unavailable				
Johann Wolfgang von Goethe	36483	Wilhelm Meister's Apprenticeship and Travels, Vol. I (of 2)	Wilhelm-Meister-s-Apprenticeship-and-Travels-Vol-I-of-2_36483	unavailable				
Johann Wolfgang von Goethe	50572	Goethe's Theory of Colours	Goethe-s-Theory-of-Colours_50572	fetched		607561	ee1ff8eb8315ee8081ca7b94bcf047d7a57e8c51d8a4e3bfb80676f3ec0ae4fb	50572-0.txt
Johann Wolfgang von Goethe	52654	The Autobiography of Goethe	The-Autobiography-of-Goethe_52654	unavailable				
Johann Wolfgang von Goethe	53205	Letters from Switzerland and Travels in Italy	Letters-from-Switzerland-and-Travels-in-Italy_53205	fetched		896210	63713241681485f331f93a1321838e966ed7a9f6c602bfa3fd4c0251dbd0cccc	53205-0.txt
Johann Wolfgang von Goethe	63203	Faust: A Tragedy	Faust-A-Tragedy_63203	fetched		375267	c309fdf3fdc01c29f063451d4061c203b77bd223cb4ea51d55934de49f1568b9	63203-0.txt
John Abbott	3775	Napoleon Bonaparte	Napoleon-Bonaparte_3775	fetched		321605	373c83bc67c1a31d736ded74079dc8a00b8fb87d5b8d6c9f58e2f5c9530d2d68	3775.txt
John Abbott	4355	David Crockett: His Life and Adventures	David-Crockett-His-Life-and-Adventures_4355	unavailable				
John Abbott	13811	Peter Stuyvesant, the Last Dutch Governor of New Amsterdam	Peter-Stuyvesant-the-Last-Dutch-Governor-of-New-Amsterdam_13811	fetched		478180	084fe930eeba4b5e769aa541efae74f1e362691f02bc4ea51c0e92f0168bd1c6	13811.txt
John Abbott	14243	Christopher Carson, Familiarly Known as Kit Carson	Christopher-Carson-Familiarly-Known-as-Kit-Carson_14243	fetched		462970	0b94bf28b824db27c40652ab96c7ca2d3e84e65362216b080ad193447538ef80	14243.txt
John Abbott	15269	The Empire of Russia: From the Remotest Periods to the Present Time	The-Empire-of-Russia-From-the-Remotest-Periods-to-the-Present-Time_15269	unavailable				
John Abbott	16070	The Empire of Austria; Its Rise and Present Power	The-Empire-of-Austria-Its-Rise-and-Present-Power_16070	unavailable				
John Abbott	18533	The Child at Home: The Principles of Filial Duty, Familiarly Illustrated	The-Child-at-Home-The-Principles-of-Filial-Duty-Familiarly-Illustrated_18533	unavailable				
John Abbott	23798	Daniel Boone: The Pioneer of Kentucky	Daniel-Boone-The-Pioneer-of-Kentucky_23798	unavailable				
John Abbott	24400	The Adventures of the Chevalier De La Salle and His Companions, in Their Explorations of the Prairies, Forests, Lakes, and Rivers, of the New World, and Their Interviews with the Savage Tribes, Two Hundred Years Ago	The-Adventures-of-the-Chevalier-De-La-Salle-and-His-Companions-in-Their-Explorations-of-the-Prairies-Forests-Lakes-and-Rivers-of-the-New-World-and-Their-Interviews-with-the-Savage-Tribes-Two-Hundred-Years-Ago_24400	unavailable				
John Abbott	24659	Hortense	Hortense_24659	unavailable				
John Abbott	27056	Louis XIV.	Louis-XIV_27056	unavailable				
John Abbott	28199	Louis Philippe	Louis-Philippe_28199	unavailable				
John Abbott	28445	Madame Roland, Makers of History	Madame-Roland-Makers-of-History_28445	fetched		371213	7ffc8c3584e2241b63e414ee11cc29bf23d2f0bf317466a04aef8cf11133d1de	28445-8.txt
John Abbott	29172	Ferdinand De Soto, The Discoverer of the Mississippi	Ferdinand-De-Soto-The-Discoverer-of-the-Mississippi_29172	unavailable				
John Abbott	29494	King Philip	King-Philip_29494	unavailable				
John Abbott	29603	Henry IV, Makers of History	Henry-IV-Makers-of-History_29603	fetched		400588	dc974f7d117eb286eb1060c6a220b96853dc845ae116835772c1c318223a7083	29603-8.txt
John Abbott	30406	Benjamin Franklin	Benjamin-Franklin_30406	unavailable				
John Abbott	30875	Maria Antoinette	Maria-Antoinette_30875	unavailable				
John Abbott	32047	Josephine	Josephine_32047	unavailable				
John Abbott	32490	Hernando Cortez	Hernando-Cortez_32490	unavailable				
John Abbott	35768	Joseph Bonaparte	Joseph-Bonaparte_35768	unavailable				
John Abbott	50550	Captain William Kidd and Others of the Buccaneers	Captain-William-Kidd-and-Others-of-the-Buccaneers_50550	fetched		497189	af12dedd35de2cc67008b272fa083568837508596a47f97c10180a0b8dc22577	50550-0.txt
John Abbott	55867	The Life and Adventures of Rear-Admiral John Paul Jones, Commonly Called Paul Jones	The-Life-and-Adventures-of-Rear-Admiral-John-Paul-Jones-Commonly-Called-Paul-Jones_55867	fetched		490467	4f2ef0d0aa0ad76a3c7e3ece00efa01ee7eea0ee79028205e005333c79c9084d	55867-0.txt
John Abbott	56928	History of Frederick the Second, Called Frederick the Great.	History-of-Frederick-the-Second-Called-Frederick-the-Great_56928	fetched		1298687	3ee7bf1452568841573a99480e84b599db4bb400af3e1c99b130a936bda588d5	56928-0.txt
John Abbott	57067	Miles Standish, the Puritan Captain	Miles-Standish-the-Puritan-Captain_57067	fetched		520476	e7b77aad61d20a48c085542deaae848731882ebbb291216f8528bc58d21e8851	57067-0.txt
John Acton	18685	Lectures on Modern history	Lectures-on-Modern-history_18685	fetched		774847	1f4db8915fd24394d66ec5e0ee6bea46d10d4f8ecdaafc3a6f82f50483fc248c	18685.txt
John Acton	25720	A Lecture on the Study of History	A-Lecture-on-the-Study-of-History_25720	fetched		194313	b901137ed8e7cbaddfaa4e1353adc460630ffff206d0f0bda59b77a31e5cee5c	25720-0.txt
John Acton	27488	Lectures on the French Revolution	Lectures-on-the-French-Revolution_27488	fetched		809327	d0b75aa8f96ee269bde0a65681fe6e90c024d65f14b0bd1564b3a5449b412aa6	27488-8.txt
John Acton	31278	The History of Freedom, and Other Essays	The-History-of-Freedom-and-Other-Essays_31278	fetched		1570096	3ae869c1dba3611b23205be5c887b2fc604ec16f691df42ff9519ce1f7ec3978	31278.txt
John Acton	38214	Letters of Lord Acton to Mary, Daughter of the Right Hon. W. E. Gladstone	Letters-of-Lord-Acton-to-Mary-Daughter-of-the-Right-Hon-W-E-Gladstone_38214	unavailable				
John Adams	896	The Jubilee of the Constitution	The-Jubilee-of-the-Constitution_896	unavailable				
John Adams	4669	Town and Country; Or, Life at Home and Abroad, Without and Within Us	Town-and-Country-Or-Life-at-Home-and-Abroad-Without-and-Within-Us_4669	fetched		581827	855e50377af19d6bae6f6a4f75b79885fb91dc1792730dec521df3b59a62c87f	4669.txt
John Adams	5011	State of the Union Addresses	State-of-the-Union-Addresses_5011	fetched		64857	156fa43684bd5364289aa28f44323bf740e8b0835b960bdd2cfc8c98c09f8a18	5011.txt
John Adams	5015	State of the Union Addresses of John Quincy Adams	State-of-the-Union-Addresses-of-John-Quincy-Adams_5015	fetched		210987	074ea4ab97ad60691b7e1b964f9c14b8e1317ec6e5e60267bfb25dc9192f4e8f	5015.txt
John Adams	15328	The Lost Hunter	The-Lost-Hunter_15328	unavailable				
John Adams	16114	The Knight of the Golden Melice: A Historical Romance	The-Knight-of-the-Golden-Melice-A-Historical-Romance_16114	unavailable				
John Adams	20476	Hymns for Christian Devotion	Hymns-for-Christian-Devotion_20476	unavailable				
John Adams	34123	Familiar Letters of John Adams and His Wife Abigail Adams During the Revolution	Familiar-Letters-of-John-Adams-and-His-Wife-Abigail-Adams-During-the-Revolution_34123	unavailable				
John Adams	38906	Ex-President John Quincy Adams in Pittsburgh in 1843	Ex-President-John-Quincy-Adams-in-Pittsburgh-in-1843_38906	unavailable				
John Adams	45034	Fifty Notable Years	Fifty-Notable-Years_45034	unavailable				
John Adams	45205	Novanglus, and Massachusettensis	Novanglus-and-Massachusettensis_45205	unavailable				
John Adams	48399	Kingless Folk, and Other Addresses on Bible Animals	Kingless-Folk-and-Other-Addresses-on-Bible-Animals_48399	fetched		155069	76f017005c699905f1bf487915f0ac64d5dc25da3b751bfbbe306469f3ca1361	48399-0.txt
John Adams	49014	Reminiscences of the Nineteenth Massachusetts Regiment	Reminiscences-of-the-Nineteenth-Massachusetts-Regiment_49014	fetched		335012	08170352d39c1b18655dc0f63d49c93ab73b87e1bb648af181632d76a79bfebb	49014-0.txt
John Adams	55690	William Hamilton Gibson: artist—naturalist—author	William-Hamilton-Gibson-artistnaturalistauthor_55690	fetched		418036	ff17b328f8bf5a0d6dd8f86797372a9244d099c03cda0a37d057b2834d011d30	55690-0.txt
John Burroughs	3163	Birds and Bees, Sharp Eyes, and Other Papers	Birds-and-Bees-Sharp-Eyes-and-Other-Papers_3163	fetched		332569	01e6fe0870fcb4272987cf94d136ba576efd120bd74fc791a400768dcf380d39	3163-8.txt
John Burroughs	4203	Wake-Robin	Wake-Robin_4203	fetched		367092	51110b795ecdff18867fb8b9c9a5123616eed295d662149944932c5bdfaecc50	4203.txt
John Burroughs	4279	Winter Sunshine	Winter-Sunshine_4279	fetched		367124	721044ca4c1116d5b1bcc98849552a31f133b98b5811ecef9cacfe10d2349fd5	4279.txt
John Burroughs	5177	Birds and Poets : with Other Papers	Birds-and-Poets-with-Other-Papers_5177	unavailable				
John Burroughs	5706	Time and Change	Time-and-Change_5706	fetched		393845	b3aec91d9897c23628ae65882c64c718279a9da0e47bbcba7c37541927328bb5	5706.txt
John Burroughs	6355	Locusts and Wild Honey	Locusts-and-Wild-Honey_6355	fetched		365204	200bc369f13f97fd7b27584acd51f14d66c2c1f6bff0222602a602784c3a35a3	6355-8.txt
John Burroughs	7280	My Boyhood	My-Boyhood_7280	fetched		276538	681ef7d0102b915b4260c59a5d271c46bd34accaee812355187c0136a30402f5	7280-8.txt
John Burroughs	7404	John James Audubon	John-James-Audubon_7404	fetched		154688	e71036a002fe0edc88e272fb277ad2604a22a718bc3046eb1af32b3f1e61ebe1	7404-8.txt
John Burroughs	7441	The Writings of John Burroughs — Volume 05: Pepacton	The-Writings-of-John-Burroughs-Volume-05-Pepacton_7441	fetched		377614	5d0d0d1048bd29cbf9ccfa2f320b5645160102503dcd4084aa66dbe03cedce17	7441-0.txt
John Burroughs	14108	In the Catskills: Selections from the Writings of John Burroughs	In-the-Catskills-Selections-from-the-Writings-of-John-Burroughs_14108	unavailable				
John Burroughs	18335	The Breath of Life	The-Breath-of-Life_18335	fetched		447407	4f968d0f789caca40315fa503249af20d242d5585acbd24bb834bd1f352267e3	18335.txt
John Burroughs	18903	The Last Harvest	The-Last-Harvest_18903	fetched		430007	99ae29130a9a9f818e4445b388f7e9e91c3daa9164d0dcd62137ff443cf5473d	18903.txt
John Burroughs	20448	The Wit of a Duck and Other Papers	The-Wit-of-a-Duck-and-Other-Papers_20448	fetched		147757	621c8f025b10a56b3d9a41f58236158cc180d9f31191736432f7602694850034	20448-8.txt
John Burroughs	23714	Squirrels and Other Fur-Bearers	Squirrels-and-Other-Fur-Bearers_23714	unavailable				
John Burroughs	24388	Squirrels and Other Fur-Bearers	Squirrels-and-Other-Fur-Bearers_24388	fetched		209280	6874b56033e55cab219d2c2f7497fc5b4d570b0332d452df56c7adcadf5c96a3	24388.txt
John Burroughs	26046	Bird Stories from Burroughs	Bird-Stories-from-Burroughs_26046	unavailable				
John Burroughs	29312	Camping with President Roosevelt	Camping-with-President-Roosevelt_29312	fetched		83109	6fc0efc0f37e7e965cc7391a7f59ff299bf41b7cfc6d3d0f233b53d33115e725	29312.txt
John Burroughs	30246	Under the Maples	Under-the-Maples_30246	fetched		328120	f2b2a1c5497d8254e7daa334684256c84fe4365d43863a23ee0d576026c593f9	30246-0.txt
John Burroughs	30249	Ways of Nature	Ways-of-Nature_30249	fetched		424503	2ee525e908d57fe53f472b7ff9682879269355bfc0ed578592dd0582d43e00b9	30249-8.txt
John Burroughs	30342	Whitman: A Study	Whitman-A-Study_30342	unavailable				
John Burroughs	31292	A Year in the Fields	A-Year-in-the-Fields_31292	fetched		286197	48ebcf3434909b7933b327893c79c0116b8328a1d23b4d1837a68e91c76ca91a	31292.txt
John Burroughs	33053	Camping & Tramping with Roosevelt	Camping-Tramping-with-Roosevelt_33053	unavailable				
John Burroughs	35712	Wake-Robin	Wake-Robin_35712	fetched		363397	1c2a9c3803de5e8a1827e0bdcc9a007ad05abbf18fe81a27a08ee309d286c6f6	35712.txt
John Burroughs	44127	Fresh Fields	Fresh-Fields_44127	fetched		459382	19265eb8f504212bfa341876c8be68c4c24c215b4b8ba055d50212c55933c621	44127.txt
John Burroughs	45307	Riverby	Riverby_45307	fetched		511515	6c5fd5e61f9d721d25bacb0642844606aa290068bf394547f0d216b4b8d841e3	45307.txt
John C. Calhoun	740	Remarks of Mr. Calhoun of South Carolina on the bill to prevent the interference of certain federal officers in elections: delivered in the Senate of the United States February 22, 1839	Remarks-of-Mr-Calhoun-of-South-Carolina-on-the-bill-to-prevent-the-interference-of-certain-federal-officers-in-elections-delivered-in-the-Senate-of-the-United-States-February-22-1839_740	unavailable				
John Calvin	37890	The Brothers' War	The-Brothers-War_37890	fetched		899482	023944d18a9a8657e3bb3568e0e9bd80422f33cb015e047278d03b83c05f297d	37890.txt
John Calvin	52838	Creation of the Teton Landscape: The Geologic Story of Grand Teton National Park	Creation-of-the-Teton-Landscape-The-Geologic-Story-of-Grand-Teton-National-Park_52838	fetched		224223	55365196336ecce10e072dee81fae9718795f0b6749711e4873d625dde2f0274	52838-0.txt
John D. Rockefeller	17090	Random Reminiscences of Men and Events	Random-Reminiscences-of-Men-and-Events_17090	fetched		236044	32d05a4ad4c603b778c29731d0b11be3445876044946b836b59d9c4995e1d57a	17090.txt
John D. Rockefeller	65336	The Personal Relation in Industry	The-Personal-Relation-in-Industry_65336	fetched		193866	fa5c052c5e00bf6e0cc0b60bbfd1e0a620b197be9abcbbad3adb6751385d83a4	65336-0.txt
John Dewey	852	Democracy and Education: An Introduction to the Philosophy of Education	Democracy-and-Education-An-Introduction-to-the-Philosophy-of-Education_852	unavailable				
John Dewey	25172	Moral Principles in Education	Moral-Principles-in-Education_25172	fetched		86866	caed03495c3ac389a4fa816fcbf64c5d608933510f2f2e31911cf9fa56d65309	25172-8.txt
John Dewey	28393	China, Japan and the U.S.A.	China-Japan-and-the-U-S-A_28393	unavailable				
John Dewey	29259	The Child and the Curriculum	The-Child-and-the-Curriculum_29259	fetched		64064	807b511c6a6204a843d8178af6462564d4c4d84f45973fb55974619c65502064	29259.txt
John Dewey	31043	Letters from China and Japan	Letters-from-China-and-Japan_31043	fetched		289282	d5baaff91db17b3a24b90db4b8b92866c1eb997a5a78b6c1beb0157dcbd87368	31043-8.txt
John Dewey	33727	Creative Intelligence: Essays in the Pragmatic Attitude	Creative-Intelligence-Essays-in-the-Pragmatic-Attitude_33727	unavailable				
John Dewey	37423	How We Think	How-We-Think_37423	fetched		431545	18621adfba0fa5a6afbe947cb2242b0ddb1ad48ec2404578cf9c657084862c18	37423.txt
John Dewey	39551	Ethics	Ethics_39551	fetched		1291197	a843ae7ed505a085ca13bdeeab96b80831bbf75dfdc8c9dd8ba23544ec42c113	39551.txt
John Dewey	40089	Reconstruction in Philosophy	Reconstruction-in-Philosophy_40089	fetched		344109	16bd23a21c5ec032802d32d7251e62e6dc5e085bebcf1bc0bdb105aa48148298	40089-8.txt
John Dewey	40665	Studies in Logical Theory	Studies-in-Logical-Theory_40665	fetched		838858	d55fb69ceb73f5c757141afb2dc69cbf24c3610e116b1bdbb11ec55ac751dd36	40665.txt
John Dewey	40744	Psychology and Social Practice	Psychology-and-Social-Practice_40744	fetched		67482	8c79476900ec77c9952dcda6e938228f98eddcd0b1135d73b9565a374ee60f1a	40744-8.txt
John Dewey	40794	Essays in Experimental Logic	Essays-in-Experimental-Logic_40794	fetched		695058	429ac7afa6de4dc5473462ddeb7e84998514df4d17168d60c25694caa4a96319	40794.txt
John Dewey	40957	Leibniz's New Essays Concerning the Human Understanding: A Critical Exposition	Leibniz-s-New-Essays-Concerning-the-Human-Understanding-A-Critical-Exposition_40957	unavailable				
John Dewey	41386	Human Nature and Conduct: An introduction to social psychology	Human-Nature-and-Conduct-An-introduction-to-social-psychology_41386	unavailable				
John Dewey	42208	German philosophy and politics	German-philosophy-and-politics_42208	fetched		185769	5ae64e4a78eeb8ec3f85f87b757e92ef61913fdcc439554206f5917b4591d235	42208-8.txt
John Dewey	48906	Schools of to-morrow	Schools-of-to-morrow_48906	fetched		431027	7c2ce235adbe6ba87f6871985f8a7370db09a7687fa61dbbfa006deb36cb07b5	48906-0.txt
John Dewey	51525	The Influence of Darwin on Philosophy, and other essays in contemporary thought	The-Influence-of-Darwin-on-Philosophy-and-other-essays-in-contemporary-thought_51525	fetched		461989	bf3806d746d323beb140f35c6a3be9113f84e3d6721c86aa4ef1399d9e78ab0e	51525-0.txt
John Dewey	53910	The School and Society	The-School-and-Society_53910	unavailable				
John Dewey	60422	Outlines of a Critical Theory of Ethics	Outlines-of-a-Critical-Theory-of-Ethics_60422	fetched		380746	a313366abbbd08944e01cd560bcf2e7adc77b18e886eea7a18fff14a95349e8a	60422-8.txt
John Dryden	2062	All for Love; Or, The World Well Lost: A Tragedy	All-for-Love-Or-The-World-Well-Lost-A-Tragedy_2062	unavailable				
John Dryden	2615	Discourses on Satire and on Epic Poetry	Discourses-on-Satire-and-on-Epic-Poetry_2615	fetched		381612	3d894af96a8ff15d8207ce1a3069d21c3e6fb44f4e1b71d3f16c4405cc8fe1f6	2615-0.txt
John Dryden	7490	Dryden's Palamon and Arcite	Dryden-s-Palamon-and-Arcite_7490	fetched		225587	1a99c1ecb1664986b3ee790ca50e7a835d49fa32e38cc7d2123327243220997d	7490.txt
John Dryden	11488	The Poetical Works of John Dryden, Volume 1	The-Poetical-Works-of-John-Dryden-Volume-1_11488	unavailable				
John Dryden	11578	The Poetical Works of John Dryden, Volume 2	The-Poetical-Works-of-John-Dryden-Volume-2_11578	unavailable				
John Dryden	12166	The Works of John Dryden, now first collected in eighteen volumes. Volume 02	The-Works-of-John-Dryden-now-first-collected-in-eighteen-volumes-Volume-02_12166	unavailable				
John Dryden	14947	The Works of John Dryden, now first collected in eighteen volumes. Volume 16	The-Works-of-John-Dryden-now-first-collected-in-eighteen-volumes-Volume-16_14947	unavailable				
John Dryden	15074	His Majesties Declaration Defended	His-Majesties-Declaration-Defended_15074	fetched		101549	3875f6bbacdb7e2c4828026d7b6389e71b6dec31f53b766b460ba36216ed0fd6	15074.txt
John Dryden	15349	The Works of John Dryden, now first collected in eighteen volumes. Volume 04	The-Works-of-John-Dryden-now-first-collected-in-eighteen-volumes-Volume-04_15349	unavailable				
John Dryden	16208	The Works of John Dryden, now first collected in eighteen volumes. Volume 05	The-Works-of-John-Dryden-now-first-collected-in-eighteen-volumes-Volume-05_16208	unavailable				
John Dryden	16402	The Works of John Dryden, now first collected in eighteen volumes. Volume 07	The-Works-of-John-Dryden-now-first-collected-in-eighteen-volumes-Volume-07_16402	unavailable				
John Dryden	16456	The Works of John Dryden, now first collected in eighteen volumes. Volume 06	The-Works-of-John-Dryden-now-first-collected-in-eighteen-volumes-Volume-06_16456	unavailable				
John Dryden	24901	The American Type of Isthmian Canal	The-American-Type-of-Isthmian-Canal_24901	unavailable				
John Dryden	37645	Dryden's Works Vol. 3	Dryden-s-Works-Vol-3_37645	unavailable				
John Dryden	44050	The Works of John Dryden, now first collected in Eighteen Volumes, Volume 11	The-Works-of-John-Dryden-now-first-collected-in-Eighteen-Volumes-Volume-11_44050	fetched		764090	cb7fc31a775dd8ab4547f1e8c92843ce0e6f4aa64951c081c8c59110ae3ef018	44050-0.txt
John Dryden	47383	Dryden's Works Vol. 13	Dryden-s-Works-Vol-13_47383	unavailable				
John Dryden	47511	Haiti: Its dawn of progress after years in a night of revolution	Haiti-Its-dawn-of-progress-after-years-in-a-night-of-revolution_47511	fetched		111432	2ef170939aacb58be9dfbe907296ea2d61ca227fc4c1088098fa61dbcb9d4354	47511-8.txt
John Dryden	47641	The Works of John Dryden, now first collected in eighteen volumes. Volume 15	The-Works-of-John-Dryden-now-first-collected-in-eighteen-volumes-Volume-15_47641	unavailable				
John Dryden	47679	Dryden's Works Vol. 08 (of 18)	Dryden-s-Works-Vol-08-of-18_47679	fetched		764389	c26cdd7f9e1da5c2c99ba5db0de103759bdc62576f19b6a203cd31df09a29e55	47679-0.txt
John Dryden	49221	The Works of John Dryden, now first collected in eighteen volumes. Volume 09	The-Works-of-John-Dryden-now-first-collected-in-eighteen-volumes-Volume-09_49221	unavailable				
John Dryden	50637	The Works of John Dryden, now first collected in eighteen volumes. Volume 18	The-Works-of-John-Dryden-now-first-collected-in-eighteen-volumes-Volume-18_50637	unavailable				
John Dryden	51652	The Works of John Dryden, now first collected in eighteen volumes. Volume 10	The-Works-of-John-Dryden-now-first-collected-in-eighteen-volumes-Volume-10_51652	fetched		872644	c09ed4c52142dad412f2a6457993cd0aa8b29d8ed12264a8d6aaa3d99cee2302	51652-0.txt
John Dryden	54361	The Works of John Dryden, Now First Collected in Eighteen Volumes; Vol. 12	The-Works-of-John-Dryden-Now-First-Collected-in-Eighteen-Volumes-Vol-12_54361	unavailable				
John Dryden	64337	The Works of John Dryden, now first collected in eighteen volumes. Volume 14	The-Works-of-John-Dryden-now-first-collected-in-eighteen-volumes-Volume-14_64337	fetched		816334	49da7fdb8e98741db76121943d93eda881a433428f548d6a92c817fa4cc81909	64337-0.txt
John Gay	2421	The Beggar's Opera	The-Beggar-s-Opera_2421	unavailable				
John Gay	10587	The Poetical Works of Addison; Gay's Fables; and Somerville's Chase	The-Poetical-Works-of-Addison-Gay-s-Fables-and-Somerville-s-Chase_10587	unavailable				
John Gay	25063	The Beggar's Opera; to Which is Prefixed the Musick to Each Song	The-Beggar-s-Opera-to-Which-is-Prefixed-the-Musick-to-Each-Song_25063	unavailable				
John Gay	26199	Fables of John Gay (Somewhat Altered)	Fables-of-John-Gay-Somewhat-Altered_26199	unavailable				
John Gay	37667	Three Hours after Marriage	Three-Hours-after-Marriage_37667	fetched		187250	1d0f45ac0f08c68aa466f84ba58c281eedd5ba186a5a3aef06982350fb692fe9	37667.txt
John Locke	3828	Simon the Jester	Simon-the-Jester_3828	fetched		587362	4913fcfb085046fec288ce7e1d36427061ada20b2a6b5738bb9349a48950b217	3828-0.txt
John Locke	4287	The Red Planet	The-Red-Planet_4287	fetched		592050	c99c4f6aedcddefad79b0299f992c1f058483e6f1f90d6e83f5de425371619fd	4287.txt
John Locke	4379	The Fortunate Youth	The-Fortunate-Youth_4379	fetched		589278	0765556fe453d88de9794d6a2e174847c6ed8938bc1eb4f93df4a57fc610340d	4379.txt
John Locke	5051	The Morals of Marcus Ordeyne : a Novel	The-Morals-of-Marcus-Ordeyne-a-Novel_5051	unavailable				
John Locke	8430	The Mountebank	The-Mountebank_8430	fetched		564413	6db9ebed2c6918fc2220be8ff5b96a1f5080e8a3833f18f68faed12fdabc764e	8430-8.txt
John Locke	9924	Viviette	Viviette_9924	fetched		176818	d97d0f9a227221a147e11ef71466c2f8cb47608fc3fdfa46ef30e2031af839e1	9924-8.txt
John Locke	10707	A Christmas Mystery: The Story of Three Wise Men	A-Christmas-Mystery-The-Story-of-Three-Wise-Men_10707	unavailable				
John Locke	14395	Septimus	Septimus_14395	fetched		515324	aae742a79ab2d4d2f4637da50d436b7417859400067538fe7059769b0bfb74f8	14395-8.txt
John Locke	14669	Jaffery	Jaffery_14669	fetched		600533	6eb297500b4b46b92f4251004a7d9c1d774b10df3b25a2eedb7de6ef26abb059	14669.txt
John Locke	26154	The Joyous Adventures of Aristide Pujol	The-Joyous-Adventures-of-Aristide-Pujol_26154	fetched		430572	0c13d74722ed5aa6411b68aed655d66008743fe778200f8cb2fa94cfc1bef020	26154-8.txt
John Locke	27786	The Rough Road	The-Rough-Road_27786	fetched		581201	6e1a0ee01d69db074bde5de21755adfd9c4f31562e776838358eb4bdea41f09a	27786.txt
John Locke	28489	The Belovéd Vagabond	The-Beloved-Vagabond_28489	unavailable				
John Locke	50479	Far-away Stories	Far-away-Stories_50479	fetched		365031	b71d9fd4e80874cc115c92f3380dff2295cf60715911086faf488386caf63477	50479-8.txt
John Locke	53993	At the Gate of Samaria	At-the-Gate-of-Samaria_53993	fetched		680615	003d0ec9d2ae17e5b83b7c8c6c3ba5531406c237e1ea1029e4ec097f86533da6	53993-0.txt
John Locke	53994	Stella Maris	Stella-Maris_53994	fetched		614742	6d67b8e56ad4780d77081e21883fe4065783ce81f8cf83f8ae9e252264dd9a2e	53994-0.txt
John Locke	53995	A Study In Shadows	A-Study-In-Shadows_53995	fetched		299911	4537a93510788ef4c065aef9eea1c80e051f10b15d201e5a4036916d1fc5c75e	53995-0.txt
John Locke	53996	Where Love Is	Where-Love-Is_53996	fetched		589421	930ae502dc54a357290253096c62369346790faaec4ad184d5ea8aa346da951f	53996-0.txt
John Locke	55927	Derelicts	Derelicts_55927	fetched		472196	e06f3ecb1d073a0f922df545fc44d378b275b94cbf9a8459169a464b0f5ca99a	55927-0.txt
John Locke	56013	The White Dove	The-White-Dove_56013	fetched		447172	5c4fdada73a884e95b4ddd9598b3219b5c2400ec9ee72a7b1639e704e8830581	56013-0.txt
John Locke	56014	The Demagogue and Lady Phayre	The-Demagogue-and-Lady-Phayre_56014	fetched		226604	5054fb97e1ce344b394d705a71b0ac0f689abfe435976f41beeb3e784a7b8719	56014-0.txt
John Locke	56015	Idols	Idols_56015	fetched		489564	fbd0b3f2dfb12fda6945ffe846a066a496ead60e26c2bfa96da65621b277af7e	56015-0.txt
John Locke	59541	Index of the Project Gutenberg Works of William J. Locke	Index-of-the-Project-Gutenberg-Works-of-William-J-Locke_59541	fetched		30531	3ef5bef98feb08d998f1e357927505f756fde31b356b5100c5f78d9549dff479	59541-0.txt
John Locke	60120	The House of Baltazar	The-House-of-Baltazar_60120	fetched		653139	3d0024ed61468a2715b6cc45249ce1b444732206f2a279b02c217250355e5aa5	60120-0.txt
John Locke	60121	The Glory of Clementina Wing	The-Glory-of-Clementina-Wing_60121	fetched		691422	01004d987108231ea34c5a666086d5969b7926505269967de14a04b94288343c	60121-0.txt
John Locke	60122	The Tale of Triona	The-Tale-of-Triona_60122	fetched		641200	cda5f96723f776cda25b4d047f593dfb32cd9ebb7ee3c2de9fd13f836dbac3e9	60122-0.txt
John Lubbock	7952	The Pleasures of Life	The-Pleasures-of-Life_7952	fetched		417266	d9a3e81d4b8bb6af7327712ef0b81bb6f618d6247fe9934b364f29f0275fcae6	7952-8.txt
John Lubbock	28274	The Beauties of Nature, and the Wonders of the World We Live In	The-Beauties-of-Nature-and-the-Wonders-of-the-World-We-Live-In_28274	fetched		426482	0b355dbce1102e1ac0cc05b41cfa16c5ed7b7d1807addebf24f9a8a96b760ee6	28274.txt
John Lubbock	38207	On the Origin and Metamorphoses of Insects	On-the-Origin-and-Metamorphoses-of-Insects_38207	fetched		201390	7ff2b8f4e5fa7e382017e9d32e63b3a751a2174ed5c991089f4f6011276da94b	38207-0.txt
John Muir	326	Steep Trails	Steep-Trails_326	unavailable				
John Muir	7091	The Yosemite	The-Yosemite_7091	fetched		382007	a2240c52b1b69b1c3272f68bb8c0adc7e21d035acc8fc1d7c472421d671cc8b2	7091.txt
John Muir	7345	Travels in Alaska	Travels-in-Alaska_7345	fetched		503741	f97a192cd5b6f74ad2251c323e998bd85292d40fd75f92acf59574956bf6388b	7345.txt
John Muir	10012	The Mountains of California	The-Mountains-of-California_10012	fetched		561124	17b5f1330ff23285bceea76577a48a806d8a5633a240316443c83073d9a97482	10012.txt
John Muir	11673	Stickeen	Stickeen_11673	fetched		66440	5e430c9ef90a5245f01810f4f2817c99a404ac85d10ecc789bcfb92df08fb675	11673.txt
John Muir	12298	The Grand Cañon of the Colorado	The-Grand-Canon-of-the-Colorado_12298	unavailable				
John Muir	18359	The Story of My Boyhood and Youth	The-Story-of-My-Boyhood-and-Youth_18359	fetched		328737	e374cdc813379a85976fd0a3e39fe239de524b8ec550a22ff3531c5a620aae5e	18359.txt
John Muir	26592	The Yosemite	The-Yosemite_26592	unavailable				
John Muir	32540	My First Summer in the Sierra	My-First-Summer-in-the-Sierra_32540	fetched		373230	247f6f423a4db634132fd10240a395061786bf27d0e26a1d71b126ad7f1eca3d	32540.txt
John Muir	33443	Cruise of the Revenue-Steamer Corwin in Alaska and the N.W. Arctic Ocean in 1881: Botanical Notes	Cruise-of-the-Revenue-Steamer-Corwin-in-Alaska-and-the-N-W-Arctic-Ocean-in-1881-Botanical-Notes_33443	unavailable				
John Muir	56130	Letters to a Friend, Written to Mrs. Ezra S. Carr, 1866-1879	Letters-to-a-Friend-Written-to-Mrs-Ezra-S-Carr-1866-1879_56130	fetched		210580	282d894aad876a4ffb3fd898cd7c911f7ebca1c93ffddd96d0571ec94f713bb8	56130-0.txt
John Muir	60749	A Thousand-Mile Walk to the Gulf	A-Thousand-Mile-Walk-to-the-Gulf_60749	fetched		254191	8bd39b76410deca18b1ac7df4a8502b9b63cb155e8934ab3737ab1e3dfff0a7e	60749-0.txt
John Muir	60929	Our National Parks	Our-National-Parks_60929	fetched		583523	49004dd5157cdc8431814d62a8f79a6c4b265873e05128ba52999e22ac16b703	60929-0.txt
John Quincy Adams	896	The Jubilee of the Constitution	The-Jubilee-of-the-Constitution_896	unavailable				
John Quincy Adams	5011	State of the Union Addresses	State-of-the-Union-Addresses_5011	fetched		64857	156fa43684bd5364289aa28f44323bf740e8b0835b960bdd2cfc8c98c09f8a18	5011.txt
John Quincy Adams	5015	State of the Union Addresses of John Quincy Adams	State-of-the-Union-Addresses-of-John-Quincy-Adams_5015	fetched		210987	074ea4ab97ad60691b7e1b964f9c14b8e1317ec6e5e60267bfb25dc9192f4e8f	5015.txt
John Quincy Adams	34123	Familiar Letters of John Adams and His Wife Abigail Adams During the Revolution	Familiar-Letters-of-John-Adams-and-His-Wife-Abigail-Adams-During-the-Revolution_34123	unavailable				
John Quincy Adams	38906	Ex-President John Quincy Adams in Pittsburgh in 1843	Ex-President-John-Quincy-Adams-in-Pittsburgh-in-1843_38906	unavailable				
John Quincy Adams	40106	Loimologia: Or, an Historical Account of the Plague in London in 1665	Loimologia-Or-an-Historical-Account-of-the-Plague-in-London-in-1665_40106	unavailable				
John Quincy Adams	45205	Novanglus, and Massachusettensis	Novanglus-and-Massachusettensis_45205	unavailable				
John Quincy Adams	48399	Kingless Folk, and Other Addresses on Bible Animals	Kingless-Folk-and-Other-Addresses-on-Bible-Animals_48399	fetched		155069	76f017005c699905f1bf487915f0ac64d5dc25da3b751bfbbe306469f3ca1361	48399-0.txt
John Ruskin	701	The King of the Golden River	The-King-of-the-Golden-River_701	fetched		76446	1ce9a05ffcf6e65e325140066320820e615cd2d84cfa01ad72a30e8f3c0163dc	701.txt
John Ruskin	1293	Sesame and Lilies	Sesame-and-Lilies_1293	fetched		285500	55c91bc5873b0d9012ef4af8b7c817157dfafd27da8ddd8f6a0644578ad96672	1293-0.txt
John Ruskin	4701	The Ethics of the Dust	The-Ethics-of-the-Dust_4701	fetched		310110	51a4900b6a4a59688b41d0f905376c7eec62ad5b6f677c1b9360e6ace403b270	4701.txt
John Ruskin	7227	Mornings in Florence	Mornings-in-Florence_7227	fetched		268005	8f9c7ac7bedd72c6a4b328f1e0e9ecf9fbef70a53d66a0319f41f76a0bb3d105	7227.txt
John Ruskin	7291	The Two Paths	The-Two-Paths_7291	fetched		333897	31440da85d11b0b22412765f79727ccca3e381d6d9d201d53fe4406d2ea63162	7291-8.txt
John Ruskin	8523	Val d'Arno	Val-d-Arno_8523	unavailable				
John Ruskin	9804	Stones of Venice [introductions]	Stones-of-Venice-introductions_9804	unavailable				
John Ruskin	12641	The Queen of the Air: Being a Study of the Greek Myths of Cloud and Storm	The-Queen-of-the-Air-Being-a-Study-of-the-Greek-Myths-of-Cloud-and-Storm_12641	unavailable				
John Ruskin	15088	Proserpina, Volume 2	Proserpina-Volume-2_15088	unavailable				
John Ruskin	15200	Selections From the Works of John Ruskin	Selections-From-the-Works-of-John-Ruskin_15200	fetched		647193	77c19666d983fb6988650862c241828f45ddb785a3b17a3cf5f76a56ba9c8db9	15200.txt
John Ruskin	15947	The Pleasures of England	The-Pleasures-of-England_15947	unavailable				
John Ruskin	17774	The Poetry of Architecture	The-Poetry-of-Architecture_17774	unavailable				
John Ruskin	18371	Giotto and his works in Padua	Giotto-and-his-works-in-Padua_18371	unavailable				
John Ruskin	19164	Lectures on Art, Delivered Before the University of Oxford in Hilary Term, 1870	Lectures-on-Art-Delivered-Before-the-University-of-Oxford-in-Hilary-Term-1870_19164	unavailable				
John Ruskin	19980	A Joy For Ever (and Its Price in the Market)	A-Joy-For-Ever-and-Its-Price-in-the-Market_19980	unavailable				
John Ruskin	20019	Lectures on Landscape	Lectures-on-Landscape_20019	unavailable				
John Ruskin	20204	The Storm-Cloud of the Nineteenth Century	The-Storm-Cloud-of-the-Nineteenth-Century_20204	unavailable				
John Ruskin	20421	Proserpina, Volume 1	Proserpina-Volume-1_20421	unavailable				
John Ruskin	21138	Love's Meinie: Three Lectures on Greek and English Birds	Love-s-Meinie-Three-Lectures-on-Greek-and-English-Birds_21138	unavailable				
John Ruskin	21263	On the Old Road, Vol. 2 (of 2)	On-the-Old-Road-Vol-2-of-2_21263	unavailable				
John Ruskin	21591	The Harbours of England	The-Harbours-of-England_21591	fetched		142215	e00006fa8704c1e5687315e0944c2a12dee5efe35ecefe124d5299fe77532b2b	21591-8.txt
John Ruskin	22230	Hortus Inclusus	Hortus-Inclusus_22230	unavailable				
John Ruskin	23593	Lectures on Architecture and Painting, Delivered at Edinburgh in November 1853	Lectures-on-Architecture-and-Painting-Delivered-at-Edinburgh-in-November-1853_23593	unavailable				
John Ruskin	24428	Our Fathers Have Told Us	Our-Fathers-Have-Told-Us_24428	unavailable				
John Ruskin	25678	On the Old Road  Vol. 1  (of 2)	On-the-Old-Road-Vol-1-of-2_25678	unavailable				
John Vanbrugh	51113	Plays, written by Sir John Vanbrugh, volume the first	Plays-written-by-Sir-John-Vanbrugh-volume-the-first_51113	fetched		683180	c3f97463136c47bd73f1ca07f25d24f4955686612f4cfd2002ccded4e358abf0	51113-0.txt
John Vanbrugh	51114	Plays, written by Sir John Vanbrugh, volume the second	Plays-written-by-Sir-John-Vanbrugh-volume-the-second_51114	fetched		622783	442d54fc684be314f277eb5621a29eb8d49b1994d45a22824dda95d0c947bf23	51114-0.txt
Jonathan Edwards	34632	Selected Sermons of Jonathan Edwards	Selected-Sermons-of-Jonathan-Edwards_34632	fetched		425228	ee2d14bf8326a42f85afc82873601c41b7fdc6875e858a35e1a9c6a833bc817f	34632.txt
Jonathan Swift	623	The Battle of the Books, and other Short Pieces	The-Battle-of-the-Books-and-other-Short-Pieces_623	fetched		252079	f1e723f62a2c361a1f5e8822eaf0e79e393d48a1e7c1290d6a1b40a8c79f35a9	623.txt
Jonathan Swift	829	Gulliver's Travels into Several Remote Nations of the World	Gulliver-s-Travels-into-Several-Remote-Nations-of-the-World_829	unavailable				
Jonathan Swift	1080	A Modest Proposal	A-Modest-Proposal_1080	unavailable				
Jonathan Swift	1090	The Bickerstaff-Partridge Papers	The-Bickerstaff-Partridge-Papers_1090	fetched		95909	352f1aefc0f5acce751a7d3ebdd6bee9921221134cbffeb3715666ca60c08cad	1090.txt
Jonathan Swift	4208	The Journal to Stella	The-Journal-to-Stella_4208	fetched		1339149	4e6b80dc2c6e697056711cf1bff95f7a7534930b0c4b665ee9f23d7b81043bdf	4208-0.txt
Jonathan Swift	4737	A Tale of a Tub	A-Tale-of-a-Tub_4737	fetched		292423	dcd0ac13f0f362d53bea090cd98316ba23065fc0376cbdb1bea3ea1d3390691d	4737-0.txt
Jonathan Swift	4738	Three Prayers and Sermons	Three-Prayers-and-Sermons_4738	fetched		86181	63261af850bd7bf02fde3eb470a5ac38e42089b5ad92a249df1b1effd11ea22b	4738-0.txt
Jonathan Swift	9270	The Battle of the Books	The-Battle-of-the-Books_9270	unavailable				
Jonathan Swift	9271	The Bickerstaff-Partridge Papers	The-Bickerstaff-Partridge-Papers_9271	unavailable				
Jonathan Swift	9272	Gulliver's Travels	Gulliver-s-Travels_9272	unavailable				
Jonathan Swift	9273	A Modest Proposal	A-Modest-Proposal_9273	unavailable				
Jonathan Swift	9274	The Journal to Stella	The-Journal-to-Stella_9274	unavailable				
Jonathan Swift	9275	A Tale of a Tub	A-Tale-of-a-Tub_9275	unavailable				
Jonathan Swift	9276	Three Sermons, Three Prayers	Three-Sermons-Three-Prayers_9276	unavailable				
Jonathan Swift	12252	The Prose Works of Jonathan Swift, D.D. — Volume 03	The-Prose-Works-of-Jonathan-Swift-D-D-Volume-03_12252	unavailable				
Jonathan Swift	12746	The Prose Works of Jonathan Swift, D.D. — Volume 04	The-Prose-Works-of-Jonathan-Swift-D-D-Volume-04_12746	unavailable				
Jonathan Swift	12784	The Prose Works of Jonathan Swift, D.D. — Volume 06	The-Prose-Works-of-Jonathan-Swift-D-D-Volume-06_12784	unavailable				
Jonathan Swift	13040	The Prose Works of Jonathan Swift, D.D. — Volume 10	The-Prose-Works-of-Jonathan-Swift-D-D-Volume-10_13040	unavailable				
Jonathan Swift	13169	The Prose Works of Jonathan Swift, D.D. — Volume 09	The-Prose-Works-of-Jonathan-Swift-D-D-Volume-09_13169	unavailable				
Jonathan Swift	13621	The Poems of Jonathan Swift, D.D., Volume 2	The-Poems-of-Jonathan-Swift-D-D-Volume-2_13621	unavailable				
Jonathan Swift	14353	The Poems of Jonathan Swift, D.D., Volume 1	The-Poems-of-Jonathan-Swift-D-D-Volume-1_14353	unavailable				
Jonathan Swift	17157	Gulliver's Travels into Several Remote Regions of the World	Gulliver-s-Travels-into-Several-Remote-Regions-of-the-World_17157	unavailable				
Jonathan Swift	18250	The Prose Works of Jonathan Swift, D.D. - Volume 07	The-Prose-Works-of-Jonathan-Swift-D-D-Volume-07_18250	unavailable				
Jonathan Swift	19508	A Modest Proposal	A-Modest-Proposal_19508	unavailable				
Jonathan Swift	28946	Gulliver's Travels	Gulliver-s-Travels_28946	unavailable				
Joseph Addison	2791	Essays and Tales	Essays-and-Tales_2791	fetched		280787	3d1c864fa2206055c586445d5545ec16b8a7aac65e746aee119e3561d20c2d9f	2791.txt
Joseph Addison	3318	Days with Sir Roger De Coverley	Days-with-Sir-Roger-De-Coverley_3318	fetched		81982	fb9a2b52c669e15242061bc1fecf689fbf2bb3f827628e4fa910a406a5241cb8	3318.txt
Joseph Addison	6482	The Coverley Papers, From 'The Spectator'	The-Coverley-Papers-From-The-Spectator_6482	unavailable				
Joseph Addison	9334	The Spectator, Volume 1	The-Spectator-Volume-1_9334	unavailable				
Joseph Addison	10587	The Poetical Works of Addison; Gay's Fables; and Somerville's Chase	The-Poetical-Works-of-Addison-Gay-s-Fables-and-Somerville-s-Chase_10587	unavailable				
Joseph Addison	11010	The Spectator, Volume 2.	The-Spectator-Volume-2_11010	unavailable				
Joseph Addison	12030	The Spectator, Volumes 1, 2 and 3	The-Spectator-Volumes-1-2-and-3_12030	unavailable				
Joseph Addison	13645	The Tatler, Volume 1	The-Tatler-Volume-1_13645	unavailable				
Joseph Addison	20648	The De Coverley Papers, From 'The Spectator'	The-De-Coverley-Papers-From-The-Spectator_20648	unavailable				
Joseph Addison	31592	Cato: A Tragedy, in Five Acts	Cato-A-Tragedy-in-Five-Acts_31592	unavailable				
Joseph Addison	31645	The Tatler, Volume 3	The-Tatler-Volume-3_31645	fetched		783290	0df386308fd09ac44696193830acb18211c686b62bfba0dc55b800b83b97e64e	31645.txt
Joseph Addison	45769	The Tatler, Volume 2	The-Tatler-Volume-2_45769	unavailable				
Joseph Addison	48026	The Sir Roger de Coverley Papers	The-Sir-Roger-de-Coverley-Papers_48026	fetched		463173	4e3053a304cd4af394a20e5e11d17327c9902aacacc2a00f62acdb33dc3812d6	48026-0.txt
Joseph Addison	49009	The Tatler, Volume 4	The-Tatler-Volume-4_49009	unavailable				
Joseph Conrad	219	Heart of Darkness	Heart-of-Darkness_219	fetched		234041	b5aad152564fa9bdd92d71434134a26fbc3146afdeabd6cc7a09e723dfb0a414	219-0.txt
Joseph Conrad	220	The Secret Sharer	The-Secret-Sharer_220	fetched		111928	b6ff35d92e3db513f8db610ab9a8660662a90988cb2941af000bcd70e07ce35a	220-0.txt
Joseph Conrad	451	The Shadow Line: A Confession	The-Shadow-Line-A-Confession_451	unavailable				
Joseph Conrad	493	Falk: A Reminiscence	Falk-A-Reminiscence_493	unavailable				
Joseph Conrad	494	To-morrow	To-morrow_494	fetched		79373	4233554a1be4c181a50c273e1c2879d57d8c0c655b4b7fdbd1c078769a23a994	494-0.txt
Joseph Conrad	495	Amy Foster	Amy-Foster_495	fetched		89051	603940c4bdd079d0a2170251322c349423f8eae27a04306ebbdca25dcacd5b38	495-0.txt
Joseph Conrad	525	Youth, a Narrative	Youth-a-Narrative_525	fetched		92957	2ba94a4f1df80d7612717e5a22a617e39e1c03a808e4e005ea8487437d781b1e	525-0.txt
Joseph Conrad	526	Heart of Darkness	Heart-of-Darkness_526	fetched		233839	a3080e65b4c1679247db285b56e94541c1ed6650bf5529cd7a43409e73ed27ba	526.txt
Joseph Conrad	527	The End of the Tether	The-End-of-the-Tether_527	fetched		317883	df41cfaa252bb5243fc289ea3ef73197c5f55256f55c7ec0fff1ea5bc33fa367	527-0.txt
Joseph Conrad	638	An Outcast of the Islands	An-Outcast-of-the-Islands_638	fetched		628827	27628e390d23e7fc964ba0ac5f2cf559ab04c3362484ceae276752c0c4fda3d9	638-0.txt
Joseph Conrad	687	A Personal Record	A-Personal-Record_687	fetched		278278	1753d94defc9e8363ecee3e57e0ea3650e88da1cc5f960cbc59a8c2eddf4b7c1	687-0.txt
Joseph Conrad	720	Almayer's Folly: A Story of an Eastern River	Almayer-s-Folly-A-Story-of-an-Eastern-River_720	unavailable				
Joseph Conrad	974	The Secret Agent: A Simple Tale	The-Secret-Agent-A-Simple-Tale_974	unavailable				
Joseph Conrad	1053	Within the Tides: Tales	Within-the-Tides-Tales_1053	unavailable				
Joseph Conrad	1055	'Twixt Land & Sea: Tales	Twixt-Land-Sea-Tales_1055	unavailable				
Joseph Conrad	1058	The Mirror of the Sea	The-Mirror-of-the-Sea_1058	fetched		369264	1b98aaa8b2105ecb28ff3b9cae318e261f02101b07b29458b703c6100f203f25	1058-0.txt
Joseph Conrad	1083	The Arrow of Gold: A Story Between Two Notes	The-Arrow-of-Gold-A-Story-Between-Two-Notes_1083	unavailable				
Joseph Conrad	1142	Typhoon	Typhoon_1142	fetched		199291	e95a0023b0282eb5cf27e36e9733c538da10c773e6f229d2c7646fe24decfe13	1142-0.txt
Joseph Conrad	1143	Notes on Life & Letters	Notes-on-Life-Letters_1143	unavailable				
Joseph Conrad	1202	Tales of Unrest	Tales-of-Unrest_1202	fetched		375604	88df3d73393c59a72f18beac22cad40a2cfd6d87b563235195b8ff99f5139aaf	1202-8.txt
Joseph Conrad	1316	Some Reminiscences	Some-Reminiscences_1316	fetched		276566	7a8bdce8b7e421cc204928b8350c6b3adb9533f04fe85b34eb4c505086823ba2	1316-0.txt
Joseph Conrad	1476	Chance: A Tale in Two Parts	Chance-A-Tale-in-Two-Parts_1476	unavailable				
Joseph Conrad	1712	The Rescue: A Romance of the Shallows	The-Rescue-A-Romance-of-the-Shallows_1712	unavailable				
Joseph Conrad	2021	Nostromo: A Tale of the Seaboard	Nostromo-A-Tale-of-the-Seaboard_2021	unavailable				
Joseph Conrad	2305	A Set of Six	A-Set-of-Six_2305	fetched		597430	8a565065f4438992efd0b7786309755d17de8d2b429c905fb7872f21f2ab15c1	2305-0.txt
Joseph Hall	56978	The Book of the Feet: A History of Boots and Shoes	The-Book-of-the-Feet-A-History-of-Boots-and-Shoes_56978	fetched		284473	ab9528478fb2a75e48fb301e2fc05fcf2ddb9dce0237524177ef5f0328d044e6	56978-0.txt
Josephus Daniels	10230	Remarks from a Visit to Edison Laboratory	Remarks-from-a-Visit-to-Edison-Laboratory_10230	unavailable				
Josephus Daniels	63596	Our Navy at war	Our-Navy-at-war_63596	fetched		874241	c1726f86a70e14ac41821e5d6d928fd64a29951399f2ee409f1198d86616ddc1	63596-0.txt
Josh Billings	36556	The Complete Works of Josh Billings	The-Complete-Works-of-Josh-Billings_36556	fetched		854321	47e032c4fec11a6044dcf2fcd9cc46f42c677854bfe05b70c09a710a9801b41a	36556-0.txt
Josh Billings	40191	Josh Billings' Farmer's Allminax, 1870-1879	Josh-Billings-Farmer-s-Allminax-1870-1879_40191	unavailable				
Josh Billings	41025	Josh Billings on Ice, and Other Things	Josh-Billings-on-Ice-and-Other-Things_41025	unavailable				
Josh Billings	45365	Josh Billings, Hiz Sayings	Josh-Billings-Hiz-Sayings_45365	fetched		224268	c09ee7f620aec1dcd0467a6f39b72543123cf80316769f59f8e7e2a47ffda41f	45365-8.txt
Julia Margaret Cameron	60406	The Seven Purposes: An Experience in Psychic Phenomena	The-Seven-Purposes-An-Experience-in-Psychic-Phenomena_60406	fetched		383359	03b042c2c78045e9a68d13d53aea544c6c539087bb0284e6748a88f287ee0107	60406-0.txt
Kahlil Gibran	5616	The Madman: His Parables and Poems	The-Madman-His-Parables-and-Poems_5616	unavailable				
Kahlil Gibran	54580	The Forerunner, His Parables and Poems	The-Forerunner-His-Parables-and-Poems_54580	fetched		61381	d9d5425c4a180427ac61293c17921e2ff26a94f2fda14c885c7c78a02059a02b	54580-0.txt
Kahlil Gibran	58585	The Prophet	The-Prophet_58585	fetched		91189	7709cdd7d6b6f1f124f97d571495d41f01cb58f1e5302bce4a397970c5cf4815	58585-0.txt
Karel Capek	59112	R.U.R. (Rossum's Universal Robots)	R-U-R-Rossum-s-Universal-Robots_59112	unavailable				
Karel Capek	61420	'And So Ad Infinitum' (The Life of the Insects)	And-So-Ad-Infinitum-The-Life-of-the-Insects_61420	unavailable				
Karl Abraham	55443	Psycho-Analysis and the War Neuroses	Psycho-Analysis-and-the-War-Neuroses_55443	fetched		180458	e093bc9f8d74fe2f713aaa2e9597c51dd55b9d6dde4c2d18384cee166835a584	55443-0.txt
Karl Marx	61	The Communist Manifesto	The-Communist-Manifesto_61	fetched		94275	8c852079cb029e17ca2e3fa5d8c57f0e828ebf0bf544ed55e246fd5d751a4bb1	61.txt
Karl Marx	1346	The Eighteenth Brumaire of Louis Bonaparte	The-Eighteenth-Brumaire-of-Louis-Bonaparte_1346	fetched		272033	c45c7e95f7db0fab7ce7ff151ef19860ee170d26fd6b48da467b4aa044e09dfc	1346.txt
Karl Marx	23905	The Communist Manifesto	The-Communist-Manifesto_23905	unavailable				
Karl Marx	31193	Manifesto of the Communist Party	Manifesto-of-the-Communist-Party_31193	fetched		114430	65c676360a713ed8d39af5c9a4ec252b8625e656b47c331efd98fd40a71e1f55	31193-8.txt
Karl Marx	32370	Secret Diplomatic History of The Eighteenth Century	Secret-Diplomatic-History-of-The-Eighteenth-Century_32370	fetched		220016	91fde15f3bd758b85b02ffb2f808437d831ca5feaf240d9fb2997df1c630c6f3	32370-8.txt
Karl Marx	32966	Revolution and Counter-Revolution; Or, Germany in 1848	Revolution-and-Counter-Revolution-Or-Germany-in-1848_32966	unavailable				
Karl Marx	46423	A Contribution to the Critique of Political Economy	A-Contribution-to-the-Critique-of-Political-Economy_46423	unavailable				
Knut Hamsun	7214	Pan	Pan_7214	fetched		253443	92b6ab9db60aaac293bc46635427b0945e626aa979008d01c2841f1ab260446d	7214-0.txt
Knut Hamsun	7537	Shallow Soil	Shallow-Soil_7537	fetched		428616	673f22cd61dcd4ffa4cbddff2e0e78ad957695432f54aa96d4a364cd6963e8a0	7537-8.txt
Knut Hamsun	7762	Wanderers	Wanderers_7762	fetched		545321	270a4d3added76d426957420cfefbb808fca170497201b106725d22a84188611	7762-0.txt
Knut Hamsun	8387	Hunger	Hunger_8387	fetched		382814	a74675b8f16f48ac0d69bd8d93245495afb0598576c734d922964c9fa2425db4	8387-8.txt
Knut Hamsun	8445	Look Back on Happiness	Look-Back-on-Happiness_8445	fetched		359627	00a61be95d3529ca79612d0fb6aa9b4a5b99497e7146e93e1af6c56defb5319e	8445.txt
Knut Hamsun	10984	Growth of the Soil	Growth-of-the-Soil_10984	fetched		799202	153c3b0b1ce4400743fc0e56f0159a2777660dead522654c5f0850c214bed85f	10984.txt
Knut Hamsun	46220	Mothwise	Mothwise_46220	fetched		226843	64b5ca2d2ca8578c3e19ee6147fdd592b21ae4b9042d10735b05e4e20cb50ed0	46220-0.txt
La Rochefoucauld	9105	Reflections; or Sentences and Moral Maxims	Reflections-or-Sentences-and-Moral-Maxims_9105	unavailable				
Lady Mary Wortley Montagu	10590	Lady Mary Wortley Montague, Her Life and Letters (1689-1762)	Lady-Mary-Wortley-Montague-Her-Life-and-Letters-1689-1762_10590	unavailable				
Lady Mary Wortley Montagu	17520	Letters of the Right Honourable Lady M—y W—y M—e	Letters-of-the-Right-Honourable-Lady-My-Wy-Me_17520	unavailable				
Lascelles Abercrombie	10716	The Epic	The-Epic_10716	unavailable				
Lascelles Abercrombie	15472	Emblems of Love	Emblems-of-Love_15472	fetched		239587	26d418b8dd7452a007fa6dccf0f80dca5eb583bc623c17e03c93d919d6110ed0	15472-8.txt
Laurence Sterne	804	A Sentimental Journey Through France and Italy	A-Sentimental-Journey-Through-France-and-Italy_804	fetched		244976	b3d0db1a3e965d9dbcf915daf01f30e1774df1d8fd2b169bc852751ab20b5731	804-0.txt
Laurence Sterne	1079	The Life and Opinions of Tristram Shandy, Gentleman	The-Life-and-Opinions-of-Tristram-Shandy-Gentleman_1079	fetched		1070225	63f8e958b607acbface0f2537aa96e6ef5f90e1be855b65cae194422b2048d4b	1079.txt
Laurence Sterne	20257	A Political Romance	A-Political-Romance_20257	fetched		78967	6517890d07fc8e92ba2af9531a10151a295fe8375a7d53b9e751cb13979f855c	20257.txt
Laurence Sterne	39270	The Life and Opinions of Tristram Shandy, Gentleman	The-Life-and-Opinions-of-Tristram-Shandy-Gentleman_39270	fetched		1175199	6d7187d2cc47b94bd38a52f50a4e656a1aedb3a360bc5388c9f0333e9b720eea	39270-0.txt
Laurence Sterne	60563	The Journal to Eliza and Various letters by Laurence Sterne and Elizabeth Draper	The-Journal-to-Eliza-and-Various-letters-by-Laurence-Sterne-and-Elizabeth-Draper_60563	unavailable				
Leo Tolstoy	243	The Forged Coupon, and Other Stories	The-Forged-Coupon-and-Other-Stories_243	fetched		352273	fa70fc73e1f52bf20d6571fd853b53f5f8f6c914990f112bcae246ccebde7679	243-0.txt
Leo Tolstoy	689	The Kreutzer Sonata and Other Stories	The-Kreutzer-Sonata-and-Other-Stories_689	fetched		384147	b1eff6f29bb103b5c3239fdb5c47bea380896eecec48ce4a2dcdff9e7d62544d	689-0.txt
Leo Tolstoy	985	Father Sergius	Father-Sergius_985	fetched		119573	227dd14cdd78964c448df8fe9b8d4276a3b270c0c2910ea143319c71e017f1d9	985-0.txt
Leo Tolstoy	986	Master and Man	Master-and-Man_986	fetched		130043	b08a5a42bb4299366da5cf5196c3df88ec881df600277124a1e659582eebff67	986-0.txt
Leo Tolstoy	1399	Anna Karenina	Anna-Karenina_1399	fetched		2068089	ed44f47853a75d27009a011ae6d243fa89b8e03806b1dfcc66c1a80658d6b0c4	1399-0.txt
Leo Tolstoy	1938	Resurrection	Resurrection_1938	fetched		1027544	e5b3b61b38c0b8144c9d8be2b2021f627710a2f95700a45fb776eb521967c74b	1938-0.txt
Leo Tolstoy	2142	Childhood	Childhood_2142	fetched		238550	d036c0bc6fc5f83b268fd2e4cdd28bfaf2a1a06038963640f5e8d640d0fc1dd0	2142-0.txt
Leo Tolstoy	2450	Boyhood	Boyhood_2450	fetched		184231	e626239177e14e80becf05cb388e98a8a97b25eea85b2e0b024568d97467d39a	2450-0.txt
Leo Tolstoy	2600	War and Peace	War-and-Peace_2600	fetched		3359542	6cbcc5ca5e590fb9ace161a5b93e4ecf280d7118104be0d63b686c004cfa70ae	2600-0.txt
Leo Tolstoy	2637	Youth	Youth_2637	fetched		394630	01358fcfd043d788990993d392c1cfbf8b7220948332928ae0e6bb0a0ebca4ac	2637-0.txt
Leo Tolstoy	3540	The Census in Moscow	The-Census-in-Moscow_3540	fetched		43757	afb6132a66acb81b94396fd3700c4e34008df7e91ac276441c5af90f533733d6	3540.txt
Leo Tolstoy	3541	What to Do? Thoughts Evoked By the Census of Moscow	What-to-Do-Thoughts-Evoked-By-the-Census-of-Moscow_3541	unavailable				
Leo Tolstoy	3630	What to Do? Thoughts Evoked by the Census of Moscow	What-to-Do-Thoughts-Evoked-by-the-Census-of-Moscow_3630	unavailable				
Leo Tolstoy	3631	On the Significance of Science and Art	On-the-Significance-of-Science-and-Art_3631	fetched		158025	bd5b6dfac0c17fc357ee2cb55d8548edc5c658e4f8169b8b800bd90244ae24d0	3631.txt
Leo Tolstoy	4602	"The Kingdom of God Is Within You"	The-Kingdom-of-God-Is-Within-You_4602	unavailable				
Leo Tolstoy	4761	The Cossacks: A Tale of 1852	The-Cossacks-A-Tale-of-1852_4761	unavailable				
Leo Tolstoy	6157	What Men Live By, and Other Tales	What-Men-Live-By-and-Other-Tales_6157	fetched		120557	67c28e2453cbbd62c9e6bc21102dbc376dd56a60f1104f56c1a714714506ffce	6157-0.txt
Leo Tolstoy	7176	A Letter to a Hindu	A-Letter-to-a-Hindu_7176	fetched		54580	17ff97ce832dfe4affd85cc258dfc7e12a13ea962a7bfe5bf98f15ef74e478a7	7176.txt
Leo Tolstoy	9792	Redemption and two other plays	Redemption-and-two-other-plays_9792	fetched		446369	5c455af046c3a2e6513f8abc6486b066ac53beebe94b5774eb6e05ba4590e4bd	9792-8.txt
Leo Tolstoy	17352	The Awakening	The-Awakening_17352	unavailable				
Leo Tolstoy	19680	Childhood	Childhood_19680	unavailable				
Leo Tolstoy	26472	What Men Live By and Other Tales	What-Men-Live-By-and-Other-Tales_26472	unavailable				
Leo Tolstoy	26581	Master and Man	Master-and-Man_26581	unavailable				
Leo Tolstoy	26660	Plays: Complete Edition, Including the Posthumous Plays	Plays-Complete-Edition-Including-the-Posthumous-Plays_26660	unavailable				
Leo Tolstoy	26661	The Power of Darkness	The-Power-of-Darkness_26661	fetched		176309	8ba4eeb3d7a0dd27affe2790c52deb89d95882a0c8e728178e255c3989c1912c	26661-8.txt
Leonard Bacon	20160	A History of American Christianity	A-History-of-American-Christianity_20160	fetched		860161	8d456899a41fa5a55f50edc5317a0780c6673780642a25b65619a5246a10151d	20160.txt
Leonardo da Vinci	4998	The Notebooks of Leonardo Da Vinci — Volume 1	The-Notebooks-of-Leonardo-Da-Vinci-Volume-1_4998	fetched		618156	de9dbdd9bf643edba707dd94bef2f7b24fecc9c18b858f3c1ac73ba59dddc1e9	4998-8.txt
Leonardo da Vinci	4999	The Notebooks of Leonardo Da Vinci — Volume 2	The-Notebooks-of-Leonardo-Da-Vinci-Volume-2_4999	fetched		820695	fa71f5e29fe649cf26bae5ffbfefaa2bb5b24eadd1bda6a9e6249879c0f867ef	4999-8.txt
Leonardo da Vinci	5000	The Notebooks of Leonardo Da Vinci — Complete	The-Notebooks-of-Leonardo-Da-Vinci-Complete_5000	fetched		1428841	e4057f057d4f60d9a890012564f234c6018867e36478e4f27765cbf43b078553	5000-8.txt
Leonardo da Vinci	29904	Thoughts on Art and Life	Thoughts-on-Art-and-Life_29904	fetched		293653	f4bdc130b5a6d702c90746026b5b2fff0f25e628e440e41f7f55216792e29e8e	29904-8.txt
Leonardo da Vinci	46915	A Treatise on Painting	A-Treatise-on-Painting_46915	fetched		449122	a760ee101a93dae93430f0cca9a213ac01dd97f807699ea16611aea65432db9a	46915-8.txt
Lewis Carroll	11	Alice's Adventures in Wonderland	Alice-s-Adventures-in-Wonderland_11	fetched		173595	49a0b2726606e1290ac03a63978fa1dd1bd38a8d805704d98265f393533ea094	11-0.txt
Lewis Carroll	12	Through the Looking-Glass	Through-the-Looking-Glass_12	fetched		193607	24bae70935e7fce7be74357779c53861c0cd04b3687f3005c1a8687f2b909988	12-0.txt
Lewis Carroll	13	The Hunting of the Snark: An Agony in Eight Fits	The-Hunting-of-the-Snark-An-Agony-in-Eight-Fits_13	unavailable				
Lewis Carroll	620	Sylvie and Bruno	Sylvie-and-Bruno_620	fetched		402973	2a56262226fbda7b3f8990c03e405282d7d7ddc1ca6ce9f82417fdc4f05021ee	620-0.txt
Lewis Carroll	651	Phantasmagoria and Other Poems	Phantasmagoria-and-Other-Poems_651	fetched		110312	bd07222f41e907f106734618119003722e486d57fa6142b60b1c2175717e46c8	651-0.txt
Lewis Carroll	928	Alice's Adventures in Wonderland	Alice-s-Adventures-in-Wonderland_928	unavailable				
Lewis Carroll	4763	The Game of Logic	The-Game-of-Logic_4763	fetched		139514	1d7e1409783c5d6f4aaa25d07a2b78cabec25c572b17c5dcaeb28696fbe73d63	4763.txt
Lewis Carroll	19002	Alice's Adventures Under Ground	Alice-s-Adventures-Under-Ground_19002	unavailable				
Lewis Carroll	19033	Alice's Adventures in Wonderland	Alice-s-Adventures-in-Wonderland_19033	fetched		74735	3125fd340a53e10150a581695890f134094788552081b043aefd96bf6fbb046a	19033-8.txt
Lewis Carroll	19551	Alice in Wonderland, Retold in Words of One Syllable	Alice-in-Wonderland-Retold-in-Words-of-One-Syllable_19551	fetched		124552	d3ac675a38f6a2579375a4e644fe2b14f7fb00a8e44afdb1b819ae75bce48d99	19551-8.txt
Lewis Carroll	19573	Alice's Adventures in Wonderland	Alice-s-Adventures-in-Wonderland_19573	unavailable				
Lewis Carroll	21521	The Hunting of the Snark	The-Hunting-of-the-Snark_21521	unavailable				
Lewis Carroll	23716	Alice's Adventures in Wonderland	Alice-s-Adventures-in-Wonderland_23716	unavailable				
Lewis Carroll	23717	Jabberwocky	Jabberwocky_23717	unavailable				
Lewis Carroll	23718	Through the Looking-Glass	Through-the-Looking-Glass_23718	unavailable				
Lewis Carroll	28696	Symbolic Logic	Symbolic-Logic_28696	fetched		471197	d0331eac3a54d811aab8d67c34ad70d49e9e1a60781b90b0da71e8a51d59fb29	28696.txt
Lewis Carroll	28885	Alice's Adventures in Wonderland	Alice-s-Adventures-in-Wonderland_28885	unavailable				
Lewis Carroll	29042	A Tangled Tale	A-Tangled-Tale_29042	fetched		184036	f275109eee71f0d05444c96882bc824598b96ad0e203c5009582f32cac1d92ed	29042.txt
Lewis Carroll	29888	The Hunting of the Snark: An Agony, in Eight Fits	The-Hunting-of-the-Snark-An-Agony-in-Eight-Fits_29888	unavailable				
Lewis Carroll	33582	Rhyme? And Reason?	Rhyme-And-Reason_33582	unavailable				
Lewis Carroll	35497	Three Sunsets and Other Poems	Three-Sunsets-and-Other-Poems_35497	fetched		67444	07f919814c6a4cd599489c2aa2688545192638bc5df75feee23184b5f80e3a7e	35497-8.txt
Lewis Carroll	35535	Feeding the Mind	Feeding-the-Mind_35535	fetched		37238	e21b8c4b30f45ea4c49ec214ef5a7f7cb923d3a9f097b1c6dffcc60557de93a0	35535.txt
Lewis Carroll	35688	Alice in Wonderland	Alice-in-Wonderland_35688	unavailable				
Lewis Carroll	36308	Songs From Alice in Wonderland and Through the Looking-Glass	Songs-From-Alice-in-Wonderland-and-Through-the-Looking-Glass_36308	fetched		43355	1bb690d3c7d20ffaa591c2bcbf2f7ae1aeb32ab148837d29158cbbb36ed7c215	36308-8.txt
Lewis Carroll	37354	Condensation of Determinants	Condensation-of-Determinants_37354	unavailable				
Liberty Hyde Bailey	9550	Manual of Gardening (Second Edition)	Manual-of-Gardening-Second-Edition_9550	unavailable				
Liberty Hyde Bailey	26132	The Apple-Tree	The-Apple-Tree_26132	unavailable				
Liberty Hyde Bailey	33178	The Holy Earth	The-Holy-Earth_33178	fetched		238656	bc8270da6c22cf488d5f92d58554a1dc15d61c92f24daa5622fc3de2ce436344	33178-8.txt
Liberty Hyde Bailey	34602	The Practical Garden-Book	The-Practical-Garden-Book_34602	unavailable				
Liberty Hyde Bailey	39779	American Grape Training	American-Grape-Training_39779	unavailable				
Liberty Hyde Bailey	40197	The Country-Life Movement in the United States	The-Country-Life-Movement-in-the-United-States_40197	fetched		250439	aca18bdb462c59afbe22140fd2dbf72abd644cffb3604784790d81aff4d500a1	40197.txt
Liberty Hyde Bailey	47955	The Nursery-Book: A Complete Guide to the Multiplication and Pollination of Plants	The-Nursery-Book-A-Complete-Guide-to-the-Multiplication-and-Pollination-of-Plants_47955	fetched		600395	878c2c9d4bf8f55841a1240bc4b3f7fc681d5db60024e9c94d168f67d3fee475	47955-0.txt
Lucius Annaeus Seneca	3794	L. Annaeus Seneca on Benefits	L-Annaeus-Seneca-on-Benefits_3794	unavailable				
Lucius Annaeus Seneca	10001	Apocolocyntosis	Apocolocyntosis_10001	fetched		52510	d3232b041c0511998b179d2f7563a8010e493d231c72c479e6d31d38e48520a1	10001.txt
Lucius Annaeus Seneca	46058	Two Tragedies of Seneca: Medea and The Daughters of Troy	Two-Tragedies-of-Seneca-Medea-and-The-Daughters-of-Troy_46058	unavailable				
Lucius Annaeus Seneca	56075	Seneca's Morals of a Happy Life, Benefits, Anger and Clemency	Seneca-s-Morals-of-a-Happy-Life-Benefits-Anger-and-Clemency_56075	fetched		638324	a7bda32fa4d563fa64aef41726a04b2c4aed5bdfd02d86e09680c9f25a078c2d	56075-0.txt
Lucius Annaeus Seneca	57999	The Tragedies of Seneca	The-Tragedies-of-Seneca_57999	unavailable				
Lucius Annaeus Seneca	59025	Index of the Project Gutenberg Works of Lucius Annaeus Seneca	Index-of-the-Project-Gutenberg-Works-of-Lucius-Annaeus-Seneca_59025	fetched		26116	860e467b41db779b990856f6b333167e0eec07b836a2ce67b3b2d5be13fa8866	59025-0.txt
Lucius Annaeus Seneca	60831	Between Heathenism and Christianity	Between-Heathenism-and-Christianity_60831	unavailable				
Lucius Annaeus Seneca	64576	Minor Dialogues, Together With the Dialogue on Clemency	Minor-Dialogues-Together-With-the-Dialogue-on-Clemency_64576	fetched		861150	43230f3f7cce96c85f36930259f713589f3e69812aaad27ac8fedac89201cc99	64576-0.txt
Madame de Staël	4665	Signora Fantastici (A Dramatic Proverb)	Signora-Fantastici-A-Dramatic-Proverb_4665	unavailable				
Madame de Staël	16245	Ten Years' Exile	Ten-Years-Exile_16245	unavailable				
Madame de Staël	16896	Corinne; Or, Italy. Volume 1 (of 2)	Corinne-Or-Italy-Volume-1-of-2_16896	unavailable				
Madame de Staël	52077	Corinne; or, Italy	Corinne-or-Italy_52077	fetched		903989	87d8f3dc6c641296c606fa4b963264bfbeac14f025234e409162399318965fef	52077-0.txt
Marcel Proust	7178	Swann's Way	Swann-s-Way_7178	fetched		1121769	079019dfc68060dfe708d55a847e1b8518762c6ffc1443ada417371f96fd3b2a	7178.txt
Marcel Proust	63532	Within a Budding Grove	Within-a-Budding-Grove_63532	fetched		1345998	9271b7380f281f44ef0f4c632a2883c95647b11d2097eddcd9e874532526a0dd	63532-0.txt
Marcus Tullius Cicero	2808	Treatises on Friendship and Old Age	Treatises-on-Friendship-and-Old-Age_2808	fetched		186995	52468aab54e017e4533d40ad6a16024620934829a5ac7b40b69ade25c28ceee2	2808.txt
Marcus Tullius Cicero	2812	Letters of Marcus Tullius Cicero	Letters-of-Marcus-Tullius-Cicero_2812	fetched		245684	982764f21c4ecddcea4ab041c8921079e17c85b417de140162143ddf5f69ed92	2812.txt
Marcus Tullius Cicero	7491	De Amicitia, Scipio's Dream	De-Amicitia-Scipio-s-Dream_7491	fetched		178367	42a16220f612c1cd51be9dfae06ca94d92d395d93e7ef2bdb7fd238fa221e191	7491-8.txt
Marcus Tullius Cicero	9776	Cicero's Brutus or History of Famous Orators; also His Orator, or Accomplished Speaker.	Cicero-s-Brutus-or-History-of-Famous-Orators-also-His-Orator-or-Accomplished-Speaker_9776	unavailable				
Marcus Tullius Cicero	11080	The Orations of Marcus Tullius Cicero, Volume 4	The-Orations-of-Marcus-Tullius-Cicero-Volume-4_11080	fetched		1285670	287f7c0bcc4b40f84fd342206696638a7aafaba4c8e4344624b0744a8b534dba	11080-8.txt
Marcus Tullius Cicero	14945	Cato Maior de Senectute with Introduction and Notes	Cato-Maior-de-Senectute-with-Introduction-and-Notes_14945	fetched		353510	db328bb3abd6571fa172f3297fcbc2bb65edf2c0cbde639802f35dd77ca4f8fd	14945-0.txt
Marcus Tullius Cicero	14970	Academica	Academica_14970	fetched		641489	c309bd4cab7d12511a8ac4c432ffdf4312512985f23d97685e00ffad6e454a70	14970-0.txt
Marcus Tullius Cicero	14988	Cicero's Tusculan Disputations	Cicero-s-Tusculan-Disputations_14988	unavailable				
Marcus Tullius Cicero	21200	The Letters of Cicero, Volume 1	The-Letters-of-Cicero-Volume-1_21200	unavailable				
Marcus Tullius Cicero	29247	The Academic Questions, Treatise De Finibus, and Tusculan Disputations, of M.T. Cicero, With a Sketch of the Greek Philosophers Mentioned by Cicero	The-Academic-Questions-Treatise-De-Finibus-and-Tusculan-Disputations-of-M-T-Cicero-With-a-Sketch-of-the-Greek-Philosophers-Mentioned-by-Cicero_29247	unavailable				
Marcus Tullius Cicero	39355	Speeches against Catilina	Speeches-against-Catilina_39355	unavailable				
Marcus Tullius Cicero	47001	De Officiis	De-Officiis_47001	fetched		759404	865713b00e739532daa40c041c748ec794ce7a6889a818e7ca62f503b82c0fc8	47001.txt
Marcus Tullius Cicero	50692	Cicero: Letters to Atticus, Vol. 2 of 3	Cicero-Letters-to-Atticus-Vol-2-of-3_50692	fetched		723010	1a153008d50c9f8491a2fc6a1af28035fd01ed3863c008728ca35b15f5cc193a	50692-0.txt
Marcus Tullius Cicero	51403	Cicero: Letters to Atticus, Vol. 3 of 3	Cicero-Letters-to-Atticus-Vol-3-of-3_51403	fetched		778976	1bc0177c43810eee9b92d4c24260eea4299d5588359f0c09b1ebd4de93c74728	51403-0.txt
Marcus Tullius Cicero	54161	The republic of Cicero	The-republic-of-Cicero_54161	unavailable				
Marcus Tullius Cicero	58418	Cicero: Letters to Atticus, Vol. 1 of 3	Cicero-Letters-to-Atticus-Vol-1-of-3_58418	unavailable				
Marguerite Blessington	13044	The Idler in France	The-Idler-in-France_13044	fetched		599508	cf3e892292c3f8f9045dd942cb927397ca11aa18dcde9f6cadb1191365b5872e	13044.txt
Maria Edgeworth	1424	Castle Rackrent	Castle-Rackrent_1424	fetched		272765	5e736345ffa21a151c2005554b758fed462b5c57a6659e565362f67bafba379f	1424-0.txt
Maria Edgeworth	1473	The Absentee	The-Absentee_1473	fetched		602641	a951335cff0fdacd95a1dfb1e4f4937250a7c8e98854a3748832889a27533097	1473.txt
Maria Edgeworth	2129	Murad the Unlucky, and Other Tales	Murad-the-Unlucky-and-Other-Tales_2129	fetched		292007	d841699e176a6ccec5b024b73c47ca903a0d5c812c626cd864b04d108e7f9bb5	2129.txt
Maria Edgeworth	3655	The Parent's Assistant; Or, Stories for Children	The-Parent-s-Assistant-Or-Stories-for-Children_3655	fetched		994318	afcee412a23389279b88e948f5ad4f095066c10fa1b5fcd61423ffda2022c01f	3655-0.txt
Maria Edgeworth	8531	Tales and Novels — Volume 10	Tales-and-Novels-Volume-10_8531	unavailable				
Maria Edgeworth	8720	Tales and Novels — Volume 02	Tales-and-Novels-Volume-02_8720	unavailable				
Maria Edgeworth	8825	The Life and Letters of Maria Edgeworth, Volume 1	The-Life-and-Letters-of-Maria-Edgeworth-Volume-1_8825	fetched		563739	49465ec9d5192d9cf97d66f6461a84da1f57fe7eb955ce7f4c85bb6a3f6c86b6	8825-8.txt
Maria Edgeworth	8826	Tales and Novels — Volume 01	Tales-and-Novels-Volume-01_8826	unavailable				
Maria Edgeworth	8937	Tales and Novels — Volume 07	Tales-and-Novels-Volume-07_8937	unavailable				
Maria Edgeworth	9095	The Life and Letters of Maria Edgeworth, Volume 2	The-Life-and-Letters-of-Maria-Edgeworth-Volume-2_9095	fetched		588709	750726bfd4efaaff5d4261ab934b1227e55b7fe4ab4f3c15a0e685dabf1729d8	9095-8.txt
Maria Edgeworth	9107	Tales and Novels — Volume 09	Tales-and-Novels-Volume-09_9107	unavailable				
Maria Edgeworth	9321	Tales and Novels — Volume 08	Tales-and-Novels-Volume-08_9321	unavailable				
Maria Edgeworth	9414	Tales and Novels — Volume 05	Tales-and-Novels-Volume-05_9414	unavailable				
Maria Edgeworth	9439	Tales and Novels — Volume 04	Tales-and-Novels-Volume-04_9439	unavailable				
Maria Edgeworth	9455	Tales and Novels — Volume 03	Tales-and-Novels-Volume-03_9455	unavailable				
Maria Edgeworth	9620	Tales and Novels — Volume 06	Tales-and-Novels-Volume-06_9620	unavailable				
Maria Edgeworth	11121	The Bracelets	The-Bracelets_11121	unavailable				
Maria Edgeworth	16951	Richard Lovell Edgeworth: A Selection From His Memoirs	Richard-Lovell-Edgeworth-A-Selection-From-His-Memoirs_16951	unavailable				
Maria Edgeworth	28708	Practical Education, Volume I	Practical-Education-Volume-I_28708	fetched		684017	8628edcea332dfc619d1931d3265eaf573bbc94e78071b1a20dc66363f7bb4cb	28708.txt
Maria Edgeworth	28709	Practical Education, Volume II	Practical-Education-Volume-II_28709	fetched		630673	5468eb925d9ab0d5c4d198ad5183571461b1f94f62c8fc3ce4e8a17d912e018d	28709.txt
Maria Edgeworth	34470	The Blue Jar Story Book	The-Blue-Jar-Story-Book_34470	fetched		159967	6f738d50400c72c77ab1f45fab19da0c0db1f2a2e37a2cb7fe2f7d186b7b4e1b	34470-8.txt
Maria Edgeworth	35638	Leonora	Leonora_35638	fetched		400551	baa0db47bbd15cda4509ae5a5c093647290597874eb0fcede28dcbf2f7bed917	35638-8.txt
Maria Edgeworth	36132	The Parent's Assistant; Or, Stories for Children	The-Parent-s-Assistant-Or-Stories-for-Children_36132	unavailable				
Maria Edgeworth	36178	The Little Dog Trusty; The Orange Man; and the Cherry Orchard; Being the Tenth Part of Early Lessons (1801)	The-Little-Dog-Trusty-The-Orange-Man-and-the-Cherry-Orchard-Being-the-Tenth-Part-of-Early-Lessons-1801_36178	unavailable				
Mark Twain	70	What Is Man? and Other Essays	What-Is-Man-and-Other-Essays_70	unavailable				
Mark Twain	74	The Adventures of Tom Sawyer, Complete	The-Adventures-of-Tom-Sawyer-Complete_74	unavailable				
Mark Twain	76	Adventures of Huckleberry Finn	Adventures-of-Huckleberry-Finn_76	fetched		616320	cd9931183257a850178225bd5e25e4f2df0cbac544dfe9a49cd0ea5a210c24d9	76-0.txt
Mark Twain	86	A Connecticut Yankee in King Arthur's Court	A-Connecticut-Yankee-in-King-Arthur-s-Court_86	fetched		681550	63521eb6381e7fcbcaca584aa0b9c6fa4e5c6b37cb4af75f742715791a0aa35e	86-0.txt
Mark Twain	91	Tom Sawyer Abroad	Tom-Sawyer-Abroad_91	fetched		198079	cdbaa1783e1b9737730652e82d8ce20ef78d6312751c2b237bee4e3f0aaacf08	91-0.txt
Mark Twain	93	Tom Sawyer, Detective	Tom-Sawyer-Detective_93	fetched		144793	3e922ce8b43227e0665717e746324cd0782a07a245472ff679b81880eface244	93-0.txt
Mark Twain	102	The Tragedy of Pudd'nhead Wilson	The-Tragedy-of-Pudd-nhead-Wilson_102	fetched		320243	0e7fdcb7d6f4afe022f8eb257e8ce196f6650550eb33cfa29213f09b6b72cf93	102-0.txt
Mark Twain	119	A Tramp Abroad	A-Tramp-Abroad_119	fetched		922147	b463edc35d0f8907c92181a57c36bb1ef98a46511af2ece6c147b365f53f2835	119-0.txt
Mark Twain	142	The $30,000 Bequest, and Other Stories	The-30-000-Bequest-and-Other-Stories_142	unavailable				
Mark Twain	245	Life on the Mississippi	Life-on-the-Mississippi_245	fetched		843281	19d1a2416d894ef992687528f285e8b955cdaf94897018ff23dd18732387980d	245-0.txt
Mark Twain	1044	Extract from Captain Stormfield's Visit to Heaven	Extract-from-Captain-Stormfield-s-Visit-to-Heaven_1044	fetched		105577	e75607045a9f50111cd63ad1f00eab22b590898523bc3cce16e2bbd5f84ad51e	1044-0.txt
Mark Twain	1086	A Horse's Tale	A-Horse-s-Tale_1086	fetched		121946	c31717afdcf5aab966c05c6cf4fa61262ae7e1d27023089318bf11a488a3ed33	1086-0.txt
Mark Twain	1213	The Man That Corrupted Hadleyburg	The-Man-That-Corrupted-Hadleyburg_1213	fetched		122756	203ec527381558feaddd7f2b3941d3bf77bbdc7bce5afa2af5c81d1c29d46874	1213.txt
Mark Twain	1837	The Prince and the Pauper	The-Prince-and-the-Pauper_1837	fetched		431692	cc8b70736946e043166e8f6e00704c42fe3c1fc404f6eebc14f5e1a3f6237799	1837-0.txt
Mark Twain	1892	Extracts from Adam's Diary, translated from the original ms.	Extracts-from-Adam-s-Diary-translated-from-the-original-ms_1892	unavailable				
Mark Twain	2431	Is Shakespeare Dead?	Is-Shakespeare-Dead_2431	unavailable				
Mark Twain	2572	On the Decay of the Art of Lying	On-the-Decay-of-the-Art-of-Lying_2572	fetched		32608	00f7bae55a88182a77c910a55158407c6db65d9658336ebbd4f08c2c03e76fd3	2572.txt
Mark Twain	2874	Personal Recollections of Joan of Arc — Volume 1	Personal-Recollections-of-Joan-of-Arc-Volume-1_2874	unavailable				
Mark Twain	2875	Personal Recollections of Joan of Arc — Volume 2	Personal-Recollections-of-Joan-of-Arc-Volume-2_2875	unavailable				
Mark Twain	2895	Following the Equator: A Journey Around the World	Following-the-Equator-A-Journey-Around-the-World_2895	unavailable				
Mark Twain	3171	In Defence of Harriet Shelley	In-Defence-of-Harriet-Shelley_3171	fetched		113421	31fec4ed463a883db5e6e3fa26d8e10b70a700444277fcef702ff724cd41daa8	3171-0.txt
Mark Twain	3172	Fenimore Cooper's Literary Offences	Fenimore-Cooper-s-Literary-Offences_3172	fetched		49077	67c93cc137c16908472a7903d542e961b263c1fed9ec4d2e04d5d9de16ad8f3b	3172-0.txt
Mark Twain	3173	Essays on Paul Bourget	Essays-on-Paul-Bourget_3173	fetched		82697	029302bbe0b47dd852a85cce8c4bb536ebaf90e796a475849d93f87d13dc0b8e	3173-0.txt
Mark Twain	3174	A Dog's Tale	A-Dog-s-Tale_3174	fetched		42983	89acabfe7cac69dbd90ae6f85ea4971e90ce71001889d77081a12c1e85142313	3174-0.txt
Mark Twain	3175	Mark Twain's Burlesque Autobiography	Mark-Twain-s-Burlesque-Autobiography_3175	fetched		48064	e719e9c84c4b50ff6ee9c9746d61dafcda75b9e5bb158380f66200d2f6139bf9	3175-0.txt
Martin Luther	272	An Open Letter on Translating	An-Open-Letter-on-Translating_272	fetched		57002	ffa6221561100a8f97d2748029725d4d6f71d6dba28a005e53689d1657afff34	272.txt
Martin Luther	273	The Smalcald Articles	The-Smalcald-Articles_273	fetched		97700	20164d7150850d6cc8ba7118473dd0f0ea19698581b1177501584cf1b55ab585	273.txt
Martin Luther	274	Disputation of Doctor Martin Luther on the Power and Efficacy of Indulgences	Disputation-of-Doctor-Martin-Luther-on-the-Power-and-Efficacy-of-Indulgences_274	fetched		49727	fd978ba581c9701484d69d4414ea9c94675c564afe77df5951811b3a5c670eb9	274.txt
Martin Luther	417	Dr. Martin Luther's Deutsche Geistliche Lieder	Dr-Martin-Luther-s-Deutsche-Geistliche-Lieder_417	unavailable				
Martin Luther	418	A Treatise on Good Works	A-Treatise-on-Good-Works_418	fetched		242634	c2bebf32ca9688416801b10d8ba6970f42df670dacf6f69fabf5bdfe6e9391ff	418.txt
Martin Luther	1549	Commentary on the Epistle to the Galatians	Commentary-on-the-Epistle-to-the-Galatians_1549	fetched		500649	4e03c1c228f4f840bcc0e3483e845e76500b6f15655857a9055705c45dc5563a	1549.txt
Martin Luther	1670	Luther's Little Instruction Book: The Small Catechism of Martin Luther	Luther-s-Little-Instruction-Book-The-Small-Catechism-of-Martin-Luther_1670	unavailable				
Martin Luther	1722	Martin Luther's Large Catechism, translated by Bente and Dau	Martin-Luther-s-Large-Catechism-translated-by-Bente-and-Dau_1722	fetched		280693	124b3f83720b4ac03f457fdfde648a798869947d2fd85cab90c10d04e5d78812	1722.txt
Martin Luther	1911	Concerning Christian Liberty; with Letter of Martin Luther to Pope Leo X.	Concerning-Christian-Liberty-with-Letter-of-Martin-Luther-to-Pope-Leo-X_1911	unavailable				
Martin Luther	9841	Selections from the Table Talk of Martin Luther	Selections-from-the-Table-Talk-of-Martin-Luther_9841	fetched		214200	8a0d57ca9c50730bfb9105f0025e1c22db75764747fe1f5e99ec9784f96485e7	9841-0.txt
Martin Luther	9912	An Explanation of Luther's Small Catechism	An-Explanation-of-Luther-s-Small-Catechism_9912	fetched		314373	0de50dfba74ecc4f2f13437438883fe3af854dab1a1a710c528903e39c503182	9912.txt
Martin Luther	27978	Commentary on Genesis, Vol. 2: Luther on Sin and the Flood	Commentary-on-Genesis-Vol-2-Luther-on-Sin-and-the-Flood_27978	unavailable				
Martin Luther	28464	Epistle Sermons, Vol. 2: Epiphany, Easter and Pentecost	Epistle-Sermons-Vol-2-Epiphany-Easter-and-Pentecost_28464	unavailable				
Martin Luther	29678	The Epistles of St. Peter and St. Jude Preached and Explained	The-Epistles-of-St-Peter-and-St-Jude-Preached-and-Explained_29678	unavailable				
Martin Luther	30619	Epistle Sermons, Vol. 3: Trinity Sunday to Advent	Epistle-Sermons-Vol-3-Trinity-Sunday-to-Advent_30619	unavailable				
Martin Luther	31604	Works of Martin Luther, with Introductions and Notes (Volume I)	Works-of-Martin-Luther-with-Introductions-and-Notes-Volume-I_31604	unavailable				
Martin Luther	34299	Homo-Culture; Or, The Improvement of Offspring Through Wiser Generation	Homo-Culture-Or-The-Improvement-of-Offspring-Through-Wiser-Generation_34299	unavailable				
Martin Luther	34904	Works of Martin Luther, with Introductions and Notes (Volume II)	Works-of-Martin-Luther-with-Introductions-and-Notes-Volume-II_34904	unavailable				
Martin Luther	48193	Commentary on Genesis, Vol. 1: Luther on the Creation	Commentary-on-Genesis-Vol-1-Luther-on-the-Creation_48193	unavailable				
Martin Luther	53465	Lessons in the Small Catechism of Dr. Martin Luther	Lessons-in-the-Small-Catechism-of-Dr-Martin-Luther_53465	unavailable				
Mary Baker Eddy	3458	Science and Health, with Key to the Scriptures	Science-and-Health-with-Key-to-the-Scriptures_3458	fetched		1371272	b17bbab3ae8fdc3323f5576b8c835786da9975f4bba97f2efe0ea48dbecc8cdf	3458.txt
Mary Baker Eddy	10437	Pulpit and Press (6th Edition)	Pulpit-and-Press-6th-Edition_10437	unavailable				
Mary Baker Eddy	12321	Rudimental Divine Science	Rudimental-Divine-Science_12321	fetched		45781	2031e38f8edf7f4b73fa6fdb3d0c195edb2aaae7f525f0d510f9ad7327dac67f	12321.txt
Mary Baker Eddy	16591	Unity of Good	Unity-of-Good_16591	fetched		102858	91cddc729c276d00d4846225ac38d41afa8e77af3a236c801eb5c3a67edc7b53	16591.txt
Mary Baker Eddy	16624	No and Yes	No-and-Yes_16624	fetched		88639	71f90860122502b5d54fb0cfd377974b342e8bfe8f5be8b4c0cd58a6fba677ec	16624.txt
Mary Baker Eddy	16734	Retrospection and Introspection	Retrospection-and-Introspection_16734	fetched		140092	f677cd62215374b3f3ee0f7625ca198f9d6030838953c09f92fb55af3ed53cb2	16734-8.txt
Mary Baker Eddy	16778	Pulpit and Press	Pulpit-and-Press_16778	fetched		152295	680884fd1416665a9d44049a36dde63e353095f44e16d073de61f50509140b84	16778-8.txt
Mary Baker Eddy	18039	Manual of the Mother Church	Manual-of-the-Mother-Church_18039	unavailable				
Mary Baker Eddy	19666	Rudimental Divine Science	Rudimental-Divine-Science_19666	fetched		60149	509ee96f3dc1aaa3d62d675dc6a2f3f8d6212885888792178e7bd231b6955cc6	19666.txt
Mary Baker Eddy	27370	Poems	Poems_27370	fetched		76575	6f538368d2bd65020475537099fbfd045cdede5564c28e70f1d9b620fc1d32d2	27370.txt
Mary Baker Eddy	31427	Miscellaneous Writings, 1883-1896	Miscellaneous-Writings-1883-1896_31427	fetched		797566	a1c1f53f50ecc1a76a9aaced07849f2df80d8918c3523974f5f199aaabb59953	31427-0.txt
Mary Baker Eddy	35081	The People's Idea of God: Its Effect On Health And Christianity	The-People-s-Idea-of-God-Its-Effect-On-Health-And-Christianity_35081	fetched		41729	020c6ae3054b370db5f0a4f567d511616b96bce0fa5441fa58c9d48cc02761c9	35081.txt
Matthew Henry	41174	The Wave of Scepticism and the Rock of Truth	The-Wave-of-Scepticism-and-the-Rock-of-Truth_41174	fetched		250972	90aa5e63a405aedd0d7c5333fe0485f3df2879673e468300636f870411ead93f	41174.txt
Max Beerbohm	759	James Pethel	James-Pethel_759	fetched		62605	77d8001ea0e4bec075932a1bedb45312c0860c12e3b6ad7ac71d0d7a3bb081b7	759.txt
Max Beerbohm	760	Enoch Soames: A Memory of the Eighteen-Nineties	Enoch-Soames-A-Memory-of-the-Eighteen-Nineties_760	unavailable				
Max Beerbohm	761	A. V. Laider	A-V-Laider_761	unavailable				
Max Beerbohm	1306	Seven Men [Excerpts]	Seven-Men-Excerpts_1306	unavailable				
Max Beerbohm	1845	Zuleika Dobson; Or, An Oxford Love Story	Zuleika-Dobson-Or-An-Oxford-Love-Story_1845	unavailable				
Max Beerbohm	1859	The Works of Max Beerbohm	The-Works-of-Max-Beerbohm_1859	fetched		210389	f39036535141cdeaf789550d8150cce8ac81c9ff61c96b780bfbd61033745efe	1859-8.txt
Max Beerbohm	1956	And Even Now	And-Even-Now_1956	fetched		384423	eea87f84408d8630eefdfd9763fda7d0804ec64759c4f71e5b2f6bbef6c20461	1956-0.txt
Max Beerbohm	2292	Yet Again	Yet-Again_2292	fetched		375382	c95b2156b55b239f20cedbf7dda5aeb576cb5fcc062e21bb4c93b2087776f93c	2292.txt
Max Beerbohm	14667	A Christmas Garland	A-Christmas-Garland_14667	fetched		189973	82777f5db1793a52cd66443d9c6f7f10412d45e997acc205260148ac40bcbdaa	14667.txt
Max Beerbohm	36497	The Happy Hypocrite: A Fairy Tale for Tired Men	The-Happy-Hypocrite-A-Fairy-Tale-for-Tired-Men_36497	unavailable				
Max Beerbohm	67604	A Peep Into the Past	A-Peep-Into-the-Past_67604	fetched		32884	530936c2c0682c68ed39c9a9c1f5caafd7d88d4ccb1bed3f6fb79cbc226cc3e9	67604-0.txt
Max Muller	14521	Memories: A Story of German Love	Memories-A-Story-of-German-Love_14521	unavailable				
Max Muller	20847	India: What can it teach us?	India-What-can-it-teach-us_20847	unavailable				
Max Muller	24315	The Silesian Horseherd - Questions of the Hour	The-Silesian-Horseherd-Questions-of-the-Hour_24315	unavailable				
Max Muller	24686	Chips from a German Workshop, Volume 1	Chips-from-a-German-Workshop-Volume-1_24686	unavailable				
Max Muller	26572	Chips from a German Workshop, Volume 3	Chips-from-a-German-Workshop-Volume-3_26572	unavailable				
Max Muller	27810	Chips from a German Workshop, Volume 5	Chips-from-a-German-Workshop-Volume-5_27810	unavailable				
Max Muller	30192	Chips from a German Workshop, Volume 4	Chips-from-a-German-Workshop-Volume-4_30192	unavailable				
Max Muller	30269	My Autobiography: A Fragment	My-Autobiography-A-Fragment_30269	unavailable				
Max Muller	32856	Lectures on the Science of Language	Lectures-on-the-Science-of-Language_32856	fetched		837454	6ab91b46f436d0ebe7a6f01843566d67f72fc6663c7cdf49b9109d5486b8bc79	32856.txt
Max Muller	45122	Thoughts on Life and Religion	Thoughts-on-Life-and-Religion_45122	unavailable				
Mencius	10056	Chinese Literature	Chinese-Literature_10056	unavailable				
Michael Faraday	14474	The Chemical History of a Candle	The-Chemical-History-of-a-Candle_14474	fetched		246409	dc2f26bd91e4ce39700722fb1f3f6f91cf585d8e5ffebb23572f889da790d200	14474.txt
Michael Faraday	14986	Experimental Researches in Electricity, Volume 1	Experimental-Researches-in-Electricity-Volume-1_14986	fetched		1428828	05f778fe9113897ff016812cb8fb9cbf64ede3c8ede3bb195b3170f7939f1967	14986.txt
Michael Faraday	52293	On the various forces of nature and their relations to each other	On-the-various-forces-of-nature-and-their-relations-to-each-other_52293	fetched		373700	1986ec7eddad56f6effc44674c0d70a1f21af70ccb6d6e753008b5e6c5922653	52293-0.txt
Michel de Montaigne	3581	Essays of Michel de Montaigne — Volume 01	Essays-of-Michel-de-Montaigne-Volume-01_3581	unavailable				
Michel de Montaigne	3582	Essays of Michel de Montaigne — Volume 02	Essays-of-Michel-de-Montaigne-Volume-02_3582	unavailable				
Michel de Montaigne	3583	Essays of Michel de Montaigne — Volume 03	Essays-of-Michel-de-Montaigne-Volume-03_3583	unavailable				
Michel de Montaigne	3584	Essays of Michel de Montaigne — Volume 04	Essays-of-Michel-de-Montaigne-Volume-04_3584	unavailable				
Michel de Montaigne	3585	Essays of Michel de Montaigne — Volume 05	Essays-of-Michel-de-Montaigne-Volume-05_3585	unavailable				
Michel de Montaigne	3586	Essays of Michel de Montaigne — Volume 06	Essays-of-Michel-de-Montaigne-Volume-06_3586	unavailable				
Michel de Montaigne	3587	Essays of Michel de Montaigne — Volume 07	Essays-of-Michel-de-Montaigne-Volume-07_3587	unavailable				
Michel de Montaigne	3588	Essays of Michel de Montaigne — Volume 08	Essays-of-Michel-de-Montaigne-Volume-08_3588	unavailable				
Michel de Montaigne	3589	Essays of Michel de Montaigne — Volume 09	Essays-of-Michel-de-Montaigne-Volume-09_3589	unavailable				
Michel de Montaigne	3590	Essays of Michel de Montaigne — Volume 10	Essays-of-Michel-de-Montaigne-Volume-10_3590	unavailable				
Michel de Montaigne	3591	Essays of Michel de Montaigne — Volume 11	Essays-of-Michel-de-Montaigne-Volume-11_3591	unavailable				
Michel de Montaigne	3592	Essays of Michel de Montaigne — Volume 12	Essays-of-Michel-de-Montaigne-Volume-12_3592	unavailable				
Michel de Montaigne	3593	Essays of Michel de Montaigne — Volume 13	Essays-of-Michel-de-Montaigne-Volume-13_3593	unavailable				
Michel de Montaigne	3594	Essays of Michel de Montaigne — Volume 14	Essays-of-Michel-de-Montaigne-Volume-14_3594	unavailable				
Michel de Montaigne	3595	Essays of Michel de Montaigne — Volume 15	Essays-of-Michel-de-Montaigne-Volume-15_3595	unavailable				
Michel de Montaigne	3596	Essays of Michel de Montaigne — Volume 16	Essays-of-Michel-de-Montaigne-Volume-16_3596	unavailable				
Michel de Montaigne	3597	Essays of Michel de Montaigne — Volume 17	Essays-of-Michel-de-Montaigne-Volume-17_3597	unavailable				
Michel de Montaigne	3598	Essays of Michel de Montaigne — Volume 18	Essays-of-Michel-de-Montaigne-Volume-18_3598	unavailable				
Michel de Montaigne	3599	Essays of Michel de Montaigne — Volume 19	Essays-of-Michel-de-Montaigne-Volume-19_3599	unavailable				
Michel de Montaigne	3600	Essays of Michel de Montaigne — Complete	Essays-of-Michel-de-Montaigne-Complete_3600	unavailable				
Michel de Montaigne	3661	Widger's Quotations from the Project Gutenberg Editions of the Works of Montaigne	Widger-s-Quotations-from-the-Project-Gutenberg-Editions-of-the-Works-of-Montaigne_3661	fetched		166141	d692a0d6d2546d802bff1cab06c1e98d5e551220e6e7bbc43af086d4ab9e76f3	3661.txt
Michel de Montaigne	5637	Literary and Philosophical Essays: French, German and Italian	Literary-and-Philosophical-Essays-French-German-and-Italian_5637	fetched		907827	8e9e67b1b5c6977aa97bae34105da9e9b5fa2b04ec3f7baf46c453518943272c	5637.txt
Michel de Montaigne	7551	Quotes and Images From The Works of Michel De Montaigne	Quotes-and-Images-From-The-Works-of-Michel-De-Montaigne_7551	fetched		83842	93cfa142325b0061af9bc30b853d904c8865a55f95e89e0d2848073fada07984	7551.txt
Michel de Montaigne	60014	Index of the Project Gutenberg Works of Michel De Montaigne	Index-of-the-Project-Gutenberg-Works-of-Michel-De-Montaigne_60014	fetched		95715	b20e71afb54f1511ae6cb2de8be7c4a8bbc0599cd881bb30c6cd6f015d0f2dc3	60014-0.txt
Michelangelo	10314	The Sonnets of Michael Angelo Buonarroti and Tommaso Campanella; Now for the First Time Translated into Rhymed English	The-Sonnets-of-Michael-Angelo-Buonarroti-and-Tommaso-Campanella-Now-for-the-First-Time-Translated-into-Rhymed-English_10314	unavailable				
Miguel de Cervantes	996	Don Quixote	Don-Quixote_996	fetched		2347853	69ef241e632ef4fba882bde06ad31ecb395d865b11028cc046c4d253f4cf118e	996.txt
Miguel de Cervantes	5903	The History of Don Quixote, Volume 1, Part 01	The-History-of-Don-Quixote-Volume-1-Part-01_5903	fetched		182687	9eb5368b14d0a6533508398fe0a7120c8b05b6e2e5e76e3a8169b773d901bf92	5903.txt
Miguel de Cervantes	5904	The History of Don Quixote, Volume 1, Part 02	The-History-of-Don-Quixote-Volume-1-Part-02_5904	fetched		43306	c43bd8807631ae65bd68beb5f4f4f6b11e32fcbf9879bd1fca57b6a15625f722	5904.txt
Miguel de Cervantes	5905	The History of Don Quixote, Volume 1, Part 03	The-History-of-Don-Quixote-Volume-1-Part-03_5905	fetched		63649	6aa32280a7fa0772f635662a92de841270754edb91668c5b73a3a395dcb48f8d	5905.txt
Miguel de Cervantes	5906	The History of Don Quixote, Volume 1, Part 04	The-History-of-Don-Quixote-Volume-1-Part-04_5906	fetched		88979	d2a4dba6a8e8e0334d1d2b33c3b5b065502393e218b33f98a9aa333e45a1b5f0	5906.txt
Miguel de Cervantes	5907	The History of Don Quixote, Volume 1, Part 05	The-History-of-Don-Quixote-Volume-1-Part-05_5907	fetched		52996	4879fffdddff0911d4fbbba2b41541c39d84375b323b493dc3ed8eed59692b54	5907.txt
Miguel de Cervantes	5908	The History of Don Quixote, Volume 1, Part 06	The-History-of-Don-Quixote-Volume-1-Part-06_5908	fetched		55243	a6e55f0c9d4d64af8879bf58ba4d056f2553b229cd4b253d80786ec0a1e91f54	5908.txt
Miguel de Cervantes	5909	The History of Don Quixote, Volume 1, Part 07	The-History-of-Don-Quixote-Volume-1-Part-07_5909	fetched		137261	af7850cc038e77977335e9286f6e20e4ccd56393099fe8a62180fca216d7e347	5909.txt
Miguel de Cervantes	5910	The History of Don Quixote, Volume 1, Part 08	The-History-of-Don-Quixote-Volume-1-Part-08_5910	fetched		45739	4ae4811cbd78afdf2655a04258a24e8c3e1cc8ec6dea6804106b7e42ab5ce2c3	5910.txt
Miguel de Cervantes	5911	The History of Don Quixote, Volume 1, Part 09	The-History-of-Don-Quixote-Volume-1-Part-09_5911	fetched		129697	f0483ff721617d2e99043ab7ee7145ccb3230ea4c4be5335f274c17acca3c2b0	5911.txt
Miguel de Cervantes	5912	The History of Don Quixote, Volume 1, Part 10	The-History-of-Don-Quixote-Volume-1-Part-10_5912	fetched		52581	0e91689c96d43fb008e6451cf020ba6ccf589342347ec0a0c88887822c0a5e16	5912.txt
Miguel de Cervantes	5913	The History of Don Quixote, Volume 1, Part 11	The-History-of-Don-Quixote-Volume-1-Part-11_5913	fetched		46210	1f6cb73d00fa67dcd0ec2b2399903a0e9cac09db07fec5848f1fb02dfda2dcea	5913.txt
Miguel de Cervantes	5914	The History of Don Quixote, Volume 1, Part 12	The-History-of-Don-Quixote-Volume-1-Part-12_5914	fetched		77719	0acfdffdce7edcaf19b5c4cc498875e72d9b032f69a81db4e5dd2d2dc1989652	5914.txt
Miguel de Cervantes	5915	The History of Don Quixote, Volume 1, Part 13	The-History-of-Don-Quixote-Volume-1-Part-13_5915	fetched		223988	f2228269ccbff629c75148e07c3dbbcdb6c28ec4a5f2b1b966591831b019539b	5915.txt
Miguel de Cervantes	5916	The History of Don Quixote, Volume 1, Part 14	The-History-of-Don-Quixote-Volume-1-Part-14_5916	fetched		262047	60de182f2e7eafc891c3e5fb3c86c0e89f11854cea79faac1411fd8abf92e671	5916.txt
Miguel de Cervantes	5917	The History of Don Quixote, Volume 1, Part 15	The-History-of-Don-Quixote-Volume-1-Part-15_5917	fetched		112404	f9709e1fc7553f448588a1172925ce608891396e50e249555d915d246f1e7287	5917.txt
Miguel de Cervantes	5918	The History of Don Quixote, Volume 1, Part 16	The-History-of-Don-Quixote-Volume-1-Part-16_5918	fetched		74689	e937d7523bc890eaf28c2d0e3bf435917edaac33fcbe4cb4fe0d1cd74f6f789d	5918.txt
Miguel de Cervantes	5919	The History of Don Quixote, Volume 1, Part 17	The-History-of-Don-Quixote-Volume-1-Part-17_5919	fetched		34357	4558b2a945e4cdcafaf234e17dc09a2fd77a5bf40b12ebc2d3999d213242403c	5919.txt
Miguel de Cervantes	5920	The History of Don Quixote, Volume 1, Part 18	The-History-of-Don-Quixote-Volume-1-Part-18_5920	fetched		55747	71134c80024119ee7486d5f800451428f81d3c8e76f95284b764bd629e81ca0c	5920.txt
Miguel de Cervantes	5921	The History of Don Quixote, Volume 1, Complete	The-History-of-Don-Quixote-Volume-1-Complete_5921	fetched		1211692	ee8ae324af42a990d61ccaf36af00654fb0c2d814dcc19971bf37c53f7353c5c	5921-0.txt
Miguel de Cervantes	5922	The History of Don Quixote, Volume 2, Part 19	The-History-of-Don-Quixote-Volume-2-Part-19_5922	fetched		116427	4a00f102b8a92e3d5a14cb0f9719a010f70573a446b340ae7554f792aca1b633	5922.txt
Miguel de Cervantes	5923	The History of Don Quixote, Volume 2, Part 20	The-History-of-Don-Quixote-Volume-2-Part-20_5923	fetched		91312	7517deea28b58c736134f546baccaefb48486c83e559398bb9634e765d4c0a0b	5923.txt
Miguel de Cervantes	5924	The History of Don Quixote, Volume 2, Part 21	The-History-of-Don-Quixote-Volume-2-Part-21_5924	fetched		84476	13985abe3058cbe79525a284f943e47e13bef0bbda597a33f1deee50d1709267	5924.txt
Miguel de Cervantes	5925	The History of Don Quixote, Volume 2, Part 22	The-History-of-Don-Quixote-Volume-2-Part-22_5925	fetched		85958	728d57c92a02b374b6feefb76a0db334fd3ecdbab9b95b20339978148498be0b	5925.txt
Miguel de Cervantes	5926	The History of Don Quixote, Volume 2, Part 23	The-History-of-Don-Quixote-Volume-2-Part-23_5926	fetched		54767	df4220f9c1f799000414f5854299efb1946c0d6fec0dfbfcccaf9eb5f04cd23c	5926.txt
Mikhail Bakunin	20677	God and the State	God-and-the-State_20677	unavailable				
Mikhail Bakunin	36568	God and the State	God-and-the-State_36568	fetched		211801	9f8aca8864ac783f89ebf19d99740779ea52433dee7e20532dcbdc739f0ea85d	36568.txt
Millicent Fawcett	48614	Women's Suffrage: A Short History of a Great Movement	Women-s-Suffrage-A-Short-History-of-a-Great-Movement_48614	fetched		210866	7ecea8d68f8584552bf5312b936afb76bca946942a6f49261b6120d41c86fe5c	48614-8.txt
Millicent Fawcett	48833	The Women's Victory—and After: Personal Reminiscences, 1911-1918	The-Women-s-Victoryand-After-Personal-Reminiscences-1911-1918_48833	fetched		273560	d8575deacb868fcd18362d2b86e01c2ba37fa7ac207d9ccda067255fbe72bc82	48833-0.txt
Millicent Fawcett	49765	Some Eminent Women of Our Times: Short Biographical Sketches	Some-Eminent-Women-of-Our-Times-Short-Biographical-Sketches_49765	fetched		483241	62095f088d27f229b834d1939a6fd77f641de6df5accc0952ffde44cd9411e0b	49765-0.txt
Millicent Fawcett	67277	Life of Her Majesty Queen Victoria	Life-of-Her-Majesty-Queen-Victoria_67277	fetched		524825	b6758306c70c632a89c2a9599b49aaeb39d19af7bdda952af065db3a5fdcd28c	67277-0.txt
Moliere	2027	Tartuffe; Or, The Hypocrite	Tartuffe-Or-The-Hypocrite_2027	unavailable				
Moliere	2536	Amphitryon	Amphitryon_2536	fetched		104637	e0f38c282e41aaa98a09deba1542af27294820277488b65e735c6be09360352f	2536.txt
Moliere	2992	The Middle-Class Gentleman	The-Middle-Class-Gentleman_2992	fetched		128168	9cf9b40e344fea1569f246977f0db3a8a8ebd1ebb0f3eed0f47247e9abaf8b21	2992.txt
Moliere	6562	The Pretentious Young Ladies	The-Pretentious-Young-Ladies_6562	fetched		89813	f1cd8a3b47b78fc41324d921e55913e3bdb2147b745c9489ba092cd9c29cbb78	6562-8.txt
Moliere	6563	The Blunderer	The-Blunderer_6563	fetched		154050	b03a01c403bc615fab3d96a23e1938f77faafd9c4b9aadc3d0239952ab5fdd30	6563-8.txt
Moliere	6564	The Love-Tiff	The-Love-Tiff_6564	fetched		129323	093cf0c2796bf0911138162ea30d5ef0793a4ca3b75b5d29d348bf8f9d167d3c	6564-8.txt
Moliere	6680	The Bores: A Comedy in Three Acts	The-Bores-A-Comedy-in-Three-Acts_6680	unavailable				
Moliere	6681	Sganarelle, or, the Self-Deceived Husband	Sganarelle-or-the-Self-Deceived-Husband_6681	fetched		78315	2e0b4ae3776ede1107bc443ef7b54094de08128e943116f149e52515add1d9c9	6681-8.txt
Moliere	6740	Don Garcia of Navarre; Or, the Jealous Prince. A Heroic Comedy in Five Acts.	Don-Garcia-of-Navarre-Or-the-Jealous-Prince-A-Heroic-Comedy-in-Five-Acts_6740	unavailable				
Moliere	6742	The School for Husbands	The-School-for-Husbands_6742	fetched		99471	2cdd2ae6e9d7b100d947ebfa07c637130464e73e988e6cafda6cf6be00efbe5c	6742-8.txt
Moliere	6923	The Miser	The-Miser_6923	fetched		141196	59d7aee3d45d2174a1903c42f9699e79443bdad9144beb67824e1e68ae09c6de	6923.txt
Moliere	7009	Monsieur De Pourceaugnac	Monsieur-De-Pourceaugnac_7009	fetched		92907	202b3825bbae40595a28954ca4415ce099838fe113ecd6e801480432d3507dd4	7009.txt
Moliere	7067	The Magnificent Lovers (Les Amants magnifiques)	The-Magnificent-Lovers-Les-Amants-magnifiques_7067	unavailable				
Moliere	7279	The Shopkeeper Turned Gentleman	The-Shopkeeper-Turned-Gentleman_7279	fetched		137048	4e79c66ebd3614cc844805527551f70c449e79ce8992bf0b3bed35bbe86ee51c	7279-8.txt
Moliere	7444	Psyche	Psyche_7444	fetched		110513	983ad3c624f7276d400ec4d0c934b4e68978f881af2aa31a6ed57c835b8469f3	7444.txt
Moliere	7451	The Countess of Escarbagnas	The-Countess-of-Escarbagnas_7451	fetched		53933	42789476f7adf5726a825d07efb02b11ea0335400bead8b729acf07891d5c0b7	7451.txt
Moliere	8772	The Learned Women	The-Learned-Women_8772	fetched		119354	c648048382713d9a9a5bd02a1627496737cdad54a90cf929999dbd0d73e444a2	8772-8.txt
Moliere	8776	The Impostures of Scapin	The-Impostures-of-Scapin_8776	fetched		102670	fbbeed975621e462b9af75d0bd4b58db3901c1cb6554942b25f057fdcbd009f0	8776-8.txt
Moliere	9070	The Imaginary Invalid	The-Imaginary-Invalid_9070	fetched		133314	589b9577ffca6fbe1c0deba5fd7c210a2aa6d6a59ed21c03c5b42d41d34df8dc	9070.txt
Moliere	27072	The Flying Doctor	The-Flying-Doctor_27072	unavailable				
Moliere	27074	The Jealousy of le Barbouillé	The-Jealousy-of-le-Barbouille_27074	unavailable				
Moliere	28488	Tartuffe; Or, The Hypocrite	Tartuffe-Or-The-Hypocrite_28488	unavailable				
Napoleon I	37499	Napoleon's Letters to Josephine, 1796-1812	Napoleon-s-Letters-to-Josephine-1796-1812_37499	unavailable				
Napoleon I	50118	Napoleon's Appeal to the British Nation, on His Treatment at Saint Helena	Napoleon-s-Appeal-to-the-British-Nation-on-His-Treatment-at-Saint-Helena_50118	fetched		45263	93d3ac87dec9c6968b95340ece05113c081c6d732583de14dd14a1ea32894ee0	50118-0.txt
Napoleon I	50750	The Officer's Manual: Napoleon's Maxims of War	The-Officer-s-Manual-Napoleon-s-Maxims-of-War_50750	fetched		178260	8a54014673a5c2c642b4a0f27f8535154e56459d0e69e5907d2ce55db5f09efd	50750-0.txt
Nathaniel Hawthorne	33	The Scarlet Letter	The-Scarlet-Letter_33	fetched		516453	2341afcae7b06db1c80549fd700ddf10e8af12ca8e774c4747840a9ab8e81a14	33.txt
Nathaniel Hawthorne	77	The House of the Seven Gables	The-House-of-the-Seven-Gables_77	fetched		646239	bf23e00c3d6f2f13b46e8f07fd766d435f9bcb933b7848a934ab7e471484af15	77.txt
Nathaniel Hawthorne	508	Twice-Told Tales	Twice-Told-Tales_508	fetched		517410	1fe72ee9ae0c52049565341b0ceb91e9b089907f08a08e37bb17bbd27bfb566f	508.txt
Nathaniel Hawthorne	512	Mosses from an Old Manse, and Other Stories	Mosses-from-an-Old-Manse-and-Other-Stories_512	fetched		448386	06df59133252419a623c3de7de759ac616ef9769e9911d5d6e2e614d7a14fa2b	512.txt
Nathaniel Hawthorne	513	The snow-image, and other twice-told tales	The-snow-image-and-other-twice-told-tales_513	unavailable				
Nathaniel Hawthorne	976	Tanglewood Tales	Tanglewood-Tales_976	fetched		386196	477b6cc6e306e15e7eed532df7793c270925ecb8a0b2f370d0ecde08bf34a755	976.txt
Nathaniel Hawthorne	1916	The Great Stone Face, and Other Tales of the White Mountains	The-Great-Stone-Face-and-Other-Tales-of-the-White-Mountains_1916	fetched		132575	ca892c67c809d65a9e2b7f1a2b4e4ae2168e3b2f21ec5ae7cda82473e637bf02	1916-0.txt
Nathaniel Hawthorne	1926	The Whole History of Grandfather's Chair	The-Whole-History-of-Grandfather-s-Chair_1926	unavailable				
Nathaniel Hawthorne	2081	The Blithedale Romance	The-Blithedale-Romance_2081	fetched		464054	d9353cb274a38c1740cf14bb35d8a3c759989936dd3e1d90d97eb81e8388f8ed	2081.txt
Nathaniel Hawthorne	2181	The Marble Faun; Or, The Romance of Monte Beni - Volume 1	The-Marble-Faun-Or-The-Romance-of-Monte-Beni-Volume-1_2181	unavailable				
Nathaniel Hawthorne	2182	The Marble Faun; Or, The Romance of Monte Beni - Volume 2	The-Marble-Faun-Or-The-Romance-of-Monte-Beni-Volume-2_2182	unavailable				
Nathaniel Hawthorne	7085	Fanshawe	Fanshawe_7085	fetched		259641	03e83e034904044dea93388b1046e753e8f857c72be754da02a186380a288444	7085-8.txt
Nathaniel Hawthorne	7119	The Dolliver Romance	The-Dolliver-Romance_7119	fetched		118578	eec536fdfc26cc16dfcc8175c25b59d2d74c6a5ae904f85e079b7e93a2d1a07d	7119-8.txt
Nathaniel Hawthorne	7183	Doctor Grimshawe's Secret — a Romance	Doctor-Grimshawe-s-Secret-a-Romance_7183	unavailable				
Nathaniel Hawthorne	7372	Septimius Felton, or, the Elixir of Life	Septimius-Felton-or-the-Elixir-of-Life_7372	fetched		379005	5bdbe96ced41feb90f8369d03f1065adeae44b98523671fbf38cd0492edbc39a	7372-8.txt
Nathaniel Hawthorne	7876	Passages from the English Notebooks, Volume 1.	Passages-from-the-English-Notebooks-Volume-1_7876	unavailable				
Nathaniel Hawthorne	7877	Passages from the English Notebooks, Volume 2.	Passages-from-the-English-Notebooks-Volume-2_7877	unavailable				
Nathaniel Hawthorne	7878	Passages from the English Notebooks, Complete	Passages-from-the-English-Notebooks-Complete_7878	fetched		1361958	157f8288ab57814df5b231860aa03e2cdc8271d6b1523c5f3e4d3594cc9b9bc3	7878.txt
Nathaniel Hawthorne	7879	Passages from the French and Italian Notebooks, Volume 1.	Passages-from-the-French-and-Italian-Notebooks-Volume-1_7879	unavailable				
Nathaniel Hawthorne	7880	Passages from the French and Italian Notebooks, Volume 2.	Passages-from-the-French-and-Italian-Notebooks-Volume-2_7880	unavailable				
Nathaniel Hawthorne	7881	Passages from the French and Italian Notebooks, Complete	Passages-from-the-French-and-Italian-Notebooks-Complete_7881	fetched		991012	34715efdbc3b6f861855bff12009949da3f9d846c5b4c6f80c951503a20da63e	7881.txt
Nathaniel Hawthorne	8088	Passages from the American Notebooks, Volume 1	Passages-from-the-American-Notebooks-Volume-1_8088	fetched		377458	fe889e03eb952a0761614a73ee72675da5aa5a4d9aa149bfcc3513d1361dcbf9	8088.txt
Nathaniel Hawthorne	8089	Passages from the American Notebooks, Volume 2.	Passages-from-the-American-Notebooks-Volume-2_8089	unavailable				
Nathaniel Hawthorne	8090	Our Old Home: A Series of English Sketches	Our-Old-Home-A-Series-of-English-Sketches_8090	unavailable				
Nathaniel Hawthorne	8091	Sketches and Studies	Sketches-and-Studies_8091	fetched		467491	ac9ff8736d8e937087a78b9420f75092eaf5b288a39d4237e72b63802ed7336b	8091-0.txt
Niccolo Machiavelli	1232	The Prince	The-Prince_1232	fetched		305881	77e227946c6cf3e040a6eb0d87714a8355da450498ebe5454dc02861a2bcd5fe	1232.txt
Niccolo Machiavelli	2464	History of Florence and of the Affairs of Italy	History-of-Florence-and-of-the-Affairs-of-Italy_2464	unavailable				
Niccolo Machiavelli	10827	Discourses on the First Decade of Titus Livius	Discourses-on-the-First-Decade-of-Titus-Livius_10827	fetched		834382	7173b286d39fb46b4b1383263f7d8b2c23715175b5ce3c14fdcabc7d48969701	10827.txt
Niccolo Machiavelli	15772	Machiavelli, Volume I	Machiavelli-Volume-I_15772	fetched		779374	39bf97414a266a3149d3fbd5e3158d4867e60c767f6f77f28c14b7ef91044d56	15772.txt
Niccolo Machiavelli	26253	The Prince	The-Prince_26253	unavailable				
Niccolo Machiavelli	57037	The Prince	The-Prince_57037	fetched		196033	45339f988eb01df92027139e39fd041275e0352a452c98d5e865a273a3c7e196	57037-0.txt
Niccolò Machiavelli	1232	The Prince	The-Prince_1232	fetched		305881	77e227946c6cf3e040a6eb0d87714a8355da450498ebe5454dc02861a2bcd5fe	1232.txt
Niccolò Machiavelli	2464	History of Florence and of the Affairs of Italy	History-of-Florence-and-of-the-Affairs-of-Italy_2464	unavailable				
Niccolò Machiavelli	10827	Discourses on the First Decade of Titus Livius	Discourses-on-the-First-Decade-of-Titus-Livius_10827	fetched		834382	7173b286d39fb46b4b1383263f7d8b2c23715175b5ce3c14fdcabc7d48969701	10827.txt
Niccolò Machiavelli	15772	Machiavelli, Volume I	Machiavelli-Volume-I_15772	fetched		779374	39bf97414a266a3149d3fbd5e3158d4867e60c767f6f77f28c14b7ef91044d56	15772.txt
Niccolò Machiavelli	26253	The Prince	The-Prince_26253	unavailable				
Niccolò Machiavelli	57037	The Prince	The-Prince_57037	fetched		196033	45339f988eb01df92027139e39fd041275e0352a452c98d5e865a273a3c7e196	57037-0.txt
Norman Douglas	4508	South Wind	South-Wind_4508	fetched		817504	32443c1ad342a226ca209dd397a77e633a42361c5ed3ebec8e0fc9a46d7bd20e	4508.txt
Norman Douglas	7380	Alone	Alone_7380	fetched		472118	9e505ca45888415cf74d4e01e8b3b787e399d08ba547c08a946e0c183d5e0577	7380-8.txt
Norman Douglas	7385	Old Calabria	Old-Calabria_7385	fetched		802088	667af682c6b531dce47a1f6422c14c137d80f6261492366b955193f8dd102827	7385-8.txt
Norman Douglas	8185	Fountains in the Sand: Rambles Among the Oases of Tunisia	Fountains-in-the-Sand-Rambles-Among-the-Oases-of-Tunisia_8185	unavailable				
O. Henry	1444	The Voice of the City: Further Stories of the Four Million	The-Voice-of-the-City-Further-Stories-of-the-Four-Million_1444	unavailable				
O. Henry	1583	Options	Options_1583	fetched		380762	c738d66766a7c083d871eb56871c9def5060a859b849f2fd22a39df58b8a2e73	1583.txt
O. Henry	1595	Whirligigs	Whirligigs_1595	fetched		457245	0b8261f5d86f24b676a0fbfc57ea0e414731a764712244f1011567dfef9bf5aa	1595.txt
O. Henry	1646	Roads of Destiny	Roads-of-Destiny_1646	fetched		577195	f70f41a21748928e6d50d12586e3ff90e0c0ee0e3550ce93d32171a3a3e11381	1646.txt
O. Henry	1725	Heart of the West	Heart-of-the-West_1725	fetched		462137	e72ce8a4bc0d909e5f95bc1af11ca9a5b88b0dcfc481c22226a5d67dc8410e5e	1725.txt
O. Henry	1805	The Gentle Grafter	The-Gentle-Grafter_1805	fetched		265565	c54d82f898c166797488d4ffcceb2165a2ff2dfa6ad85790d0088370d9609fa8	1805.txt
O. Henry	2141	Strictly Business: More Stories of the Four Million	Strictly-Business-More-Stories-of-the-Four-Million_2141	unavailable				
O. Henry	2295	Waifs and Strays	Waifs-and-Strays_2295	unavailable				
O. Henry	2776	The Four Million	The-Four-Million_2776	fetched		316468	88545c6e1578e50dafdd9b93465c5100be2446c52fbf040ada28d4a577dc38d0	2776.txt
O. Henry	2777	Cabbages and Kings	Cabbages-and-Kings_2777	fetched		386634	0f02f71c7f75140be9e5e3ec2f77e496b01551cb8472875a7fb23d55cb4e6f56	2777.txt
O. Henry	2851	Sixes and Sevens	Sixes-and-Sevens_2851	fetched		377205	f9140284993b54f9bd8ff35ce7016c8f93964b373f6fdc0fade945036a275416	2851.txt
O. Henry	3707	The Trimmed Lamp, and Other Stories of the Four Million	The-Trimmed-Lamp-and-Other-Stories-of-the-Four-Million_3707	fetched		343820	1248dace99cbe1cff49c4b2b348a306219fa01aecc84e71ceb14a11fbe7c6b27	3707.txt
O. Henry	3815	Rolling Stones	Rolling-Stones_3815	fetched		432458	d90e68c92ff4b859aed1d11a0920635d7a0cf1a0a3df921795d40fc9914709dd	3815.txt
O. Henry	7256	The Gift of the Magi	The-Gift-of-the-Magi_7256	fetched		31340	b55d318a1b3cbfaba6c4fe376376c366e61d796e2ea54f8dab1dfc4dc14bde26	7256.txt
O. Henry	8962	The Four Million	The-Four-Million_8962	unavailable				
O. Henry	13094	Heart of the West [Annotated]	Heart-of-the-West-Annotated_13094	unavailable				
O. Henry	19822	With the British Army in The Holy Land	With-the-British-Army-in-The-Holy-Land_19822	fetched		304793	3cb22ded595f813891be2849ea0ce124e3ca0222dd377cdb07cc9a875a5a7ce9	19822.txt
O. Henry	22440	The Gift of the Magi	The-Gift-of-the-Magi_22440	unavailable				
O. Henry	22442	The Four Million	The-Four-Million_22442	unavailable				
O. Henry	42538	The Round Towers of Ireland; or, The History of the Tuath-De-Danaans	The-Round-Towers-of-Ireland-or-The-History-of-the-Tuath-De-Danaans_42538	unavailable				
O. Henry	43991	A Hand-book to the Primates,  Volume 1 (of 2)	A-Hand-book-to-the-Primates-Volume-1-of-2_43991	unavailable				
O. Henry	59637	Index of the Project Gutenberg Works of O. Henry	Index-of-the-Project-Gutenberg-Works-of-O-Henry_59637	fetched		30984	7fd703b9d914132193c4a4d36d6c32022084580c341f75f90ddd2d9edbc7a4d2	59637-0.txt
O. Henry	61701	O. Henry Encore	O-Henry-Encore_61701	fetched		367827	fb2afc8a516f8a0557733d626ab24634d8c5219db83844155da5a0f13ea41af7	61701.txt
O. Henry	61734	Postscripts	Postscripts_61734	fetched		253796	144027e201b8702c3e26d59267ad51549a18a6b3e82f85bdf61253ebc080fbd0	61734.txt
O. Henry	61755	O. Henryana: Seven Odds and Ends, Poetry and Short Stories	O-Henryana-Seven-Odds-and-Ends-Poetry-and-Short-Stories_61755	fetched		84056	4fbe7636da2e2105b007006863946271559feedcbb7c86909fcf22b3ec357297	61755.txt
Oliver Herford	21676	Confessions of a Caricaturist	Confessions-of-a-Caricaturist_21676	fetched		31178	ea37bf842a4896a2341cbeba88e8496713da6c2933510fc4ab0302b3f89f997c	21676-8.txt
Oliver Herford	22818	An Alphabet of Celebrities	An-Alphabet-of-Celebrities_22818	fetched		25033	ccf6b85213d29f559b5ab43c7886ddafc078e730a69af7a09cb3df7c85b0b4d3	22818.txt
Oliver Herford	22825	The Smoker's Year Book	The-Smoker-s-Year-Book_22825	fetched		26222	197cf02ca61f541feb022e99daa2e31443298b1f2bb0bdcd442f653bb3c4de2b	22825.txt
Oliver Herford	23433	The Kitten's Garden of Verses	The-Kitten-s-Garden-of-Verses_23433	fetched		34928	5f11b38a2caf92558153b19fdd7046c1838f2ca71ecb44ccc8369c442be09750	23433.txt
Oliver Herford	23614	Happy Days	Happy-Days_23614	fetched		27027	0f4265cc778d2b114276c90caaeafc94007799c2de9fca26588bd5304d172bd7	23614-8.txt
Oliver Herford	23681	Cupid's Almanac and Guide to Hearticulture for This Year and Next	Cupid-s-Almanac-and-Guide-to-Hearticulture-for-This-Year-and-Next_23681	fetched		46022	0a1eeac60e76ad27eb0c92780ce57ffdbe4b5052a4ab899a2442d587aff47542	23681-8.txt
Oliver Herford	23749	The Mythological Zoo	The-Mythological-Zoo_23749	fetched		32694	8721df1abee2dbdb8fe4148e851c64ae16ad03b94a204f75ebbf59c19d64cdb0	23749-8.txt
Oliver Herford	24012	The Peter Pan Alphabet	The-Peter-Pan-Alphabet_24012	fetched		27979	7eb7e3fd490bb3b8142a81a1b57b456db5e262622457b5e179c15d38dea9343f	24012.txt
Oliver Herford	24258	The Rubáiyát of a Persian Kitten	The-Rubaiyat-of-a-Persian-Kitten_24258	unavailable				
Oliver Herford	26053	This Giddy Globe	This-Giddy-Globe_26053	fetched		89836	6f867d62fc41a6307911f3238e53acfe3016d16a9d377247d67dd03d013fa299	26053-0.txt
Oliver Herford	26331	A Child's Primer of Natural History	A-Child-s-Primer-of-Natural-History_26331	fetched		31563	93420909a908d5aee44f429125b5a6f9cf603d3172a165d25db5097b1712b50d	26331-8.txt
Oliver Herford	44989	The Complete Cynic	The-Complete-Cynic_44989	unavailable				
Oliver Herford	46159	Two in a Zoo	Two-in-a-Zoo_46159	fetched		122534	994da36266f8804a23b459d109508b016e29db9b67651bbdb23c611576c9d99a	46159.txt
Oliver Herford	56165	Neither Here Nor There	Neither-Here-Nor-There_56165	fetched		152496	224837cf0853ec253715689241a344151fd893f7eabad704b0052d1e9926e517	56165-0.txt
Oliver Herford	56197	Cupid's Fair-Weather Booke	Cupid-s-Fair-Weather-Booke_56197	unavailable				
Oliver Herford	56269	Cupid's Cyclopedia	Cupid-s-Cyclopedia_56269	fetched		76622	49359fc901e871a2700219603f81bd120902b8bfa00d9502aa9e86c8a186c610	56269-0.txt
Oliver Herford	56357	The Laughing Willow	The-Laughing-Willow_56357	unavailable				
Oliver Herford	56697	A Little Book of Bores	A-Little-Book-of-Bores_56697	fetched		28862	dde20d77118d0e8b9d4ce5f6d1650c802fea729615d20f6a72d70af6cb66c204	56697-0.txt
Oliver Herford	56765	The Bashful Earthquake, & Other Fables and Verses	The-Bashful-Earthquake-Other-Fables-and-Verses_56765	unavailable				
Oliver Herford	57325	Artful Anticks	Artful-Anticks_57325	fetched		77756	098281a0962e778e3c66a513cf8e02a17c360272022d45805b819b25328865f5	57325-0.txt
Oliver Herford	59858	The Fairy Godmother-in-law	The-Fairy-Godmother-in-law_59858	fetched		65588	1d4aa75c788fbb3469c18570826cd24f3072a61dced2ecae1d7d7da0a5480822	59858-0.txt
Oliver Wendell Holmes	751	The Autocrat of the Breakfast-Table	The-Autocrat-of-the-Breakfast-Table_751	fetched		549357	c3b3c39aa2a315916b096d98fb9cf621284a5f48d2c1a92b6b7843eb77ae626a	751-0.txt
Oliver Wendell Holmes	2373	The Path of the Law	The-Path-of-the-Law_2373	fetched		74901	ca3fe866cc9ad9592226ea924e559b7b00427dab0b4877897efd49f45d6cdbb0	2373.txt
Oliver Wendell Holmes	2449	The Common Law	The-Common-Law_2449	fetched		764854	0e7701fa451e5ebf99587628b90f10fe09fd7d9c6f4f532d006990d4b525ae78	2449.txt
Oliver Wendell Holmes	2665	The Professor at the Breakfast-Table	The-Professor-at-the-Breakfast-Table_2665	fetched		571637	7f5664714c734289f56c92e6726e84481c59c0ab4c3e6c4655ef0deef43c2590	2665-0.txt
Oliver Wendell Holmes	2666	The Poet at the Breakfast-Table	The-Poet-at-the-Breakfast-Table_2666	fetched		628517	ae01b5cbb7d10f9b21e9b3093cf9ccea0c54f13f468bb528ee3a3c1cacaa4598	2666-0.txt
Oliver Wendell Holmes	2689	Over the Teacups	Over-the-Teacups_2689	fetched		538401	8755f7b8c0461eaa628a60327339f3a9606fc14cb7a2ad356f3a4b3b03c4d534	2689-0.txt
Oliver Wendell Holmes	2696	Elsie Venner	Elsie-Venner_2696	fetched		828427	5fb16d786433df89ed045c6a3cbf8ca7144b314217586dff4d71c36ca9a860dd	2696-0.txt
Oliver Wendell Holmes	2697	The Guardian Angel	The-Guardian-Angel_2697	fetched		726960	1449c3a8172288f86fa0bb5de94c66dfbc8aa4b18cd786dc3511cb5b582406c1	2697-0.txt
Oliver Wendell Holmes	2698	A Mortal Antipathy	A-Mortal-Antipathy_2698	fetched		523040	f848ea7dcccbc689f5d21fbdc376c820ad718450965fcba6f475aa3ed5397697	2698-0.txt
Oliver Wendell Holmes	2699	Pages from an Old Volume of Life; A Collection of Essays, 1857-1881	Pages-from-an-Old-Volume-of-Life-A-Collection-of-Essays-1857-1881_2699	unavailable				
Oliver Wendell Holmes	2700	Medical Essays, 1842-1882	Medical-Essays-1842-1882_2700	fetched		800690	a93ddd9cce08d0272ad4817c673fc961ad2d27e218c0e358215679779b8da514	2700-0.txt
Oliver Wendell Holmes	3252	Complete Project Gutenberg Oliver Wendell Holmes, Sr. Works	Complete-Project-Gutenberg-Oliver-Wendell-Holmes-Sr-Works_3252	unavailable				
Oliver Wendell Holmes	3493	Widger's Quotations from the Project Gutenberg Editions of the Works of Oliver W. Holmes, Sr.	Widger-s-Quotations-from-the-Project-Gutenberg-Editions-of-the-Works-of-Oliver-W-Holmes-Sr_3493	fetched		70652	c30c44c1c13365d2e8f28425c594bcac82dbeb8f14a047f7aac73b0f50a80e8d	3493.txt
Oliver Wendell Holmes	4725	John Lothrop Motley. a memoir — Volume 1	John-Lothrop-Motley-a-memoir-Volume-1_4725	fetched		147114	e68e7ca8fc85f9a9c656c1a87c50c41bbef50d10632de768cab2f60c0a6aab7f	4725.txt
Oliver Wendell Holmes	4726	John Lothrop Motley. a memoir — Volume 2	John-Lothrop-Motley-a-memoir-Volume-2_4726	fetched		139728	dc37ed57c08606de3aca6e6ab4053614f5705a62f12b83eb901e1760729ff815	4726.txt
Oliver Wendell Holmes	4727	John Lothrop Motley. a memoir — Volume 3	John-Lothrop-Motley-a-memoir-Volume-3_4727	fetched		94659	b29d6567618896578820d67927dadea2301c7b2e3fbcfca1ecc3c1ef8b22b57d	4727.txt
Oliver Wendell Holmes	4728	John Lothrop Motley, A Memoir — Complete	John-Lothrop-Motley-A-Memoir-Complete_4728	unavailable				
Oliver Wendell Holmes	7322	Our Hundred Days in Europe	Our-Hundred-Days-in-Europe_7322	fetched		376677	ea144fcbbf37b95d8ced49c84c52fd1c4d815fc301d877b34f2cf06887dced27	7322-8.txt
Oliver Wendell Holmes	7388	The Poetical Works of Oliver Wendell Holmes — Volume 01: Earlier Poems (1830-1836)	The-Poetical-Works-of-Oliver-Wendell-Holmes-Volume-01-Earlier-Poems-1830-1836_7388	unavailable				
Oliver Wendell Holmes	7389	The Poetical Works of Oliver Wendell Holmes — Volume 02	The-Poetical-Works-of-Oliver-Wendell-Holmes-Volume-02_7389	unavailable				
Oliver Wendell Holmes	7390	The Poetical Works of Oliver Wendell Holmes — Volume 03: Medical Poems	The-Poetical-Works-of-Oliver-Wendell-Holmes-Volume-03-Medical-Poems_7390	unavailable				
Oliver Wendell Holmes	7391	The Poetical Works of Oliver Wendell Holmes — Volume 04: Songs in Many Keys	The-Poetical-Works-of-Oliver-Wendell-Holmes-Volume-04-Songs-in-Many-Keys_7391	unavailable				
Oliver Wendell Holmes	7392	The Poetical Works of Oliver Wendell Holmes — Volume 05	The-Poetical-Works-of-Oliver-Wendell-Holmes-Volume-05_7392	unavailable				
Oliver Wendell Holmes	7393	The Poetical Works of Oliver Wendell Holmes — Volume 06	The-Poetical-Works-of-Oliver-Wendell-Holmes-Volume-06_7393	unavailable				
Oliver Wendell Holmes	7394	The Poetical Works of Oliver Wendell Holmes — Volume 07: Songs of Many Seasons	The-Poetical-Works-of-Oliver-Wendell-Holmes-Volume-07-Songs-of-Many-Seasons_7394	unavailable				
Omar Khayyam	246	The Rubaiyat of Omar Khayyam	The-Rubaiyat-of-Omar-Khayyam_246	fetched		90326	1a02748f02f1b2d1d4e819b2d0ed5eedb5b11cc6f3e4c8d67f8db70f8810a7cf	246.txt
Omar Khayyam	10315	The Persian Literature, Comprising The Shah Nameh, The Rubaiyat, The Divan, and The Gulistan, Volume 1	The-Persian-Literature-Comprising-The-Shah-Nameh-The-Rubaiyat-The-Divan-and-The-Gulistan-Volume-1_10315	unavailable				
Omar Khayyam	22535	Rubáiyát of Omar Khayyám, and Salámán and Absál	Rubaiyat-of-Omar-Khayyam-and-Salaman-and-Absal_22535	unavailable				
Omar Khayyam	35260	Rubáiyát of Omar Khayyam, Rendered into English Verse	Rubaiyat-of-Omar-Khayyam-Rendered-into-English-Verse_35260	unavailable				
Omar Khayyam	38511	The Sufistic Quatrains of Omar Khayyam	The-Sufistic-Quatrains-of-Omar-Khayyam_38511	fetched		545677	91e7ab33c92e95737fc6cb1e7d39ea52841f716a11a13e7813abdb8e3d5edbdf	38511-0.txt
Omar Khayyam	50619	The Sufism of the Rubáiyát, or, the Secret of the Great Paradox	The-Sufism-of-the-Rubaiyat-or-the-Secret-of-the-Great-Paradox_50619	fetched		83395	69be595590dd420020562416656abe013b5f5bf37d59a853148cec41a6b110f5	50619-0.txt
Orison Swett Marden	4597	Eclectic School Readings: Stories from Life	Eclectic-School-Readings-Stories-from-Life_4597	unavailable				
Orison Swett Marden	13160	An Iron Will	An-Iron-Will_13160	fetched		107357	1ad22ffdcceafe6ed5a3e27f828c44489dc273451aec743f0af225e3634503c7	13160-8.txt
Orison Swett Marden	18394	Cheerfulness as a Life Power	Cheerfulness-as-a-Life-Power_18394	fetched		139621	503c41c15eba5922f339ee42fc224d6c8dbca6ab9d1646e206f7c801972e84bd	18394-8.txt
Orison Swett Marden	20513	How to Succeed; Or, Stepping-Stones to Fame and Fortune	How-to-Succeed-Or-Stepping-Stones-to-Fame-and-Fortune_20513	unavailable				
Orison Swett Marden	21291	Pushing to the Front	Pushing-to-the-Front_21291	fetched		1496594	c485a8c86e6fac93c07c51326725f1a017e63daa09c3a7975a255ac94005923a	21291-8.txt
Orison Swett Marden	21622	Architects of Fate; Or, Steps to Success and Power	Architects-of-Fate-Or-Steps-to-Success-and-Power_21622	unavailable				
Orison Swett Marden	41901	The Victorious Attitude	The-Victorious-Attitude_41901	fetched		427961	b12ccbaa1013fd4ff0cf327433110ba8607eccb1b17785da954fcb68d70e31b0	41901-8.txt
Orison Swett Marden	57651	Ambition and Success	Ambition-and-Success_57651	fetched		101028	418d756890fa88794ec3062f2bd10c4bf1e396d3d9255924111ba96ec79c09c2	57651-0.txt
Orison Swett Marden	59176	Selling Things	Selling-Things_59176	fetched		319071	dc49212d9a30d55373a3d8c9d90986d8a7618fa3fedfda2d4bf7fbb6d40d58d8	59176-0.txt
Orison Swett Marden	64059	How They Succeeded: Life Stories of Successful Men Told by Themselves	How-They-Succeeded-Life-Stories-of-Successful-Men-Told-by-Themselves_64059	fetched		432774	0150f7b562dd4f79ecff5969133518f251a1f91f935f7a07ef95c4053ac17f59	64059-0.txt
Oscar Wilde	174	The Picture of Dorian Gray	The-Picture-of-Dorian-Gray_174	fetched		462103	0c9a2cbf188ca6534c60381b764ac37bf4594b16971aea5cc8263e83b9ce9a05	174.txt
Oscar Wilde	301	The Ballad of Reading Gaol	The-Ballad-of-Reading-Gaol_301	fetched		84928	cfe3da509d43da1074f795c901aa7997c242c2aa158fa5bf27d740e87a38e15f	301.txt
Oscar Wilde	773	Lord Arthur Savile's Crime; The Portrait of Mr. W.H., and Other Stories	Lord-Arthur-Savile-s-Crime-The-Portrait-of-Mr-W-H-and-Other-Stories_773	unavailable				
Oscar Wilde	774	Essays and Lectures	Essays-and-Lectures_774	fetched		325394	09f868474b8df6f756544ea61c06969ca236944fedb84b37aedd21eff3f6b42c	774-0.txt
Oscar Wilde	790	Lady Windermere's Fan	Lady-Windermere-s-Fan_790	fetched		141508	4bfaa2ba89426d0aa6a8a601526f635c1007b650547591247b18abd897debe2e	790-0.txt
Oscar Wilde	844	The Importance of Being Earnest: A Trivial Comedy for Serious People	The-Importance-of-Being-Earnest-A-Trivial-Comedy-for-Serious-People_844	unavailable				
Oscar Wilde	854	A Woman of No Importance	A-Woman-of-No-Importance_854	fetched		153614	42e4d61cffa60ca0b9bfd00d012f77064f7f1f5133bd8069a033830e2b69d82a	854-0.txt
Oscar Wilde	873	A House of Pomegranates	A-House-of-Pomegranates_873	fetched		202207	73ec01f1a9355608adf753f4e0e9edc9d43d7140120e2dee79867d1e56af4af5	873-0.txt
Oscar Wilde	875	The Duchess of Padua	The-Duchess-of-Padua_875	fetched		159753	1045e49b3e34e3211eed74d4e79672728583c365dc81881b833e3f32815a5c2b	875-0.txt
Oscar Wilde	885	An Ideal Husband	An-Ideal-Husband_885	fetched		203814	e4fd25f6a450ecf96d6122db98d0156d5ea557d7bf4bc236da04c58a28e4ec52	885-0.txt
Oscar Wilde	887	Intentions	Intentions_887	fetched		361294	616be6357e2fbcf4ba02c1163c4328a94629bf93c8a2f2a3a022c514c95f13b3	887-0.txt
Oscar Wilde	902	The Happy Prince, and Other Tales	The-Happy-Prince-and-Other-Tales_902	fetched		112914	610dd0f6cc2731f07406ee1acfd62d1255be5008576e6c9fdc22032e4305b54e	902-0.txt
Oscar Wilde	921	De Profundis	De-Profundis_921	fetched		115434	1e4b75460c01f79449588926e0f948b0545fe9fb743e965021ca504d1719b16b	921.txt
Oscar Wilde	1017	The Soul of Man under Socialism	The-Soul-of-Man-under-Socialism_1017	fetched		103586	8a1c03830644431bec903957cfb1b7b26dc881623e8b4f5f3090947787baf4bb	1017-0.txt
Oscar Wilde	1031	Charmides, and Other Poems	Charmides-and-Other-Poems_1031	fetched		99347	e510246f32e4b336a7709672cc1a4822f825e914720eca90ea4cdb0e3c42b3e9	1031-0.txt
Oscar Wilde	1057	Poems, with The Ballad of Reading Gaol	Poems-with-The-Ballad-of-Reading-Gaol_1057	fetched		263209	a89049fd66a5954107ee50c734feb6b33655f9d1826761042f76ceea158de077	1057-0.txt
Oscar Wilde	1141	Selected Poems of Oscar Wilde	Selected-Poems-of-Oscar-Wilde_1141	fetched		96070	e1500255d513909a334c20fa3cc1b09124845aa22b6560f24adca5332438f053	1141-0.txt
Oscar Wilde	1308	A Florentine Tragedy; La Sainte Courtisane	A-Florentine-Tragedy-La-Sainte-Courtisane_1308	unavailable				
Oscar Wilde	1338	Selected Prose of Oscar Wilde	Selected-Prose-of-Oscar-Wilde_1338	fetched		201395	f248feaf15fbb89e2ff9008a6b1d3fde1b4ba001c8dc17000e8a37821682d9ca	1338.txt
Oscar Wilde	2061	Shorter Prose Pieces	Shorter-Prose-Pieces_2061	fetched		82921	9441c1ffe82fe5fcae968f6deededfa94d9c0bf55bb4a58baf2b44815356854f	2061-0.txt
Oscar Wilde	4078	The Picture of Dorian Gray	The-Picture-of-Dorian-Gray_4078	fetched		324902	270081d94d765860ceec5e4b726abdf6cc8e5f41fa7a593603691a51906ef50c	4078-8.txt
Oscar Wilde	6555	De Profundis	De-Profundis_6555	unavailable				
Oscar Wilde	14062	Miscellanies	Miscellanies_14062	fetched		542367	94447d62c6ae562d8be9033cafff01ffb5792533e9a0892a95448ef7e8448f98	14062.txt
Oscar Wilde	14240	Reviews	Reviews_14240	fetched		993624	e8f3b1c29f0c594379720fdb9aa3c7603c7eefb463f56f7e8d4ce827ba268c86	14240.txt
Oscar Wilde	14522	The Canterville Ghost	The-Canterville-Ghost_14522	fetched		86719	7d3a895aff79b0b3aed8d32ac1d672bf87c3e4f60c68b55f9f2e656546db5e68	14522.txt
P.G. Wodehouse	2005	Piccadilly Jim	Piccadilly-Jim_2005	fetched		480742	7027a4c873da3ebd203aa248f4ba8db50f990156c2bccc607f144612e3a85510	2005.txt
P.G. Wodehouse	2042	Something New	Something-New_2042	fetched		448881	c80e1a29e80e84ba39b10d662c3b62d2817c39e4fc75c95da4ac45ee9c398d61	2042.txt
P.G. Wodehouse	2233	A Damsel in Distress	A-Damsel-in-Distress_2233	fetched		459065	abbca92de05ca316f0bda004089a64973c08438d2c82fd3e021af30abeb32612	2233-8.txt
P.G. Wodehouse	2607	Psmith, Journalist	Psmith-Journalist_2607	fetched		349529	4fa53387018bef1be99428d4b40c4643121e8f542808cd1cfd8d82194cc2ed99	2607-8.txt
P.G. Wodehouse	3756	Indiscretions of Archie	Indiscretions-of-Archie_3756	fetched		454347	5772e2fcfb5f38ed28061f5d167666fc904eac428ea1fe12bc9e8266ca8a424e	3756-0.txt
P.G. Wodehouse	3829	Love Among the Chickens	Love-Among-the-Chickens_3829	fetched		304518	1871fa132e3e6f6449fc16a54ac9d9dc9b01423cd659c1f76b3de0bcd87dcc48	3829.txt
P.G. Wodehouse	4075	The Intrusion of Jimmy	The-Intrusion-of-Jimmy_4075	fetched		410865	979ca970b42920d6ae07ab8ab55f056016fcd05114fbbb69abee914b9cd400d2	4075.txt
P.G. Wodehouse	6683	The Little Nugget	The-Little-Nugget_6683	fetched		418395	57195de26ed2f64d71e169087e7f7c7f314d188acb4c295dbb695600d6fc1c82	6683.txt
P.G. Wodehouse	6684	Uneasy Money	Uneasy-Money_6684	fetched		393409	9e863c7e3d8f83cac11eacc0d81572e052b5aaa75dbf3f2662fffb92cdf214bd	6684.txt
P.G. Wodehouse	6753	Psmith in the City	Psmith-in-the-City_6753	fetched		321776	2b83adbeae198f01471f4cc0c2eff15bb6a8f3ff4eb8b2cf587524f97372a8f1	6753.txt
P.G. Wodehouse	6768	The Man Upstairs and Other Stories	The-Man-Upstairs-and-Other-Stories_6768	fetched		595321	38a107d8ffd0734d497bb5a49974124fb434b19b2339314d4bfe4b3324c8d5e6	6768.txt
P.G. Wodehouse	6836	Three Men and a Maid	Three-Men-and-a-Maid_6836	fetched		334678	c71259cdd6f21b0513326d717aec40a44839d1b604df0b8cd080a163bd3edc93	6836.txt
P.G. Wodehouse	6837	The Little Warrior	The-Little-Warrior_6837	fetched		687917	220ecd75ec3b2a459c92d09b95a3fd5e19809a699c8fbf80c2c8b446f08a60ea	6837-8.txt
P.G. Wodehouse	6877	The Head of Kay's	The-Head-of-Kay-s_6877	fetched		270917	0309009e710d39714eaa1d599748b6c700df8af0888db8bd9eb8e5a8285b48ca	6877.txt
P.G. Wodehouse	6879	The Gold Bat	The-Gold-Bat_6879	fetched		266236	fdaee0094b06f9e652961b867a00a3b30166a88af439b2e577c18147accb8ac3	6879.txt
P.G. Wodehouse	6880	The Coming of Bill	The-Coming-of-Bill_6880	fetched		498790	9e55f40043b54af85b764760dd2659e60546173d393eb02f6430970ea8413954	6880.txt
P.G. Wodehouse	6927	The White Feather	The-White-Feather_6927	fetched		274857	144154962290c7f6adbbc6313bda2284e8f692503e73e65a62aa0313a2f0dfea	6927.txt
P.G. Wodehouse	6955	The Prince and Betty	The-Prince-and-Betty_6955	fetched		408334	6bb614f909838db88a6d6718a2b66fa49dcd54720c2635b0d60e55a2963a3463	6955.txt
P.G. Wodehouse	6980	Tales of St. Austin's	Tales-of-St-Austin-s_6980	unavailable				
P.G. Wodehouse	6984	The Pothunters	The-Pothunters_6984	fetched		253598	46b82b29e1c3249a5e6d0bbf21119362f243f3befab35b14b883a18781cf79e0	6984.txt
P.G. Wodehouse	6985	A Prefect's Uncle	A-Prefect-s-Uncle_6985	fetched		261446	bea50b8f121233e1998664176c9d32d389b4ffb2d96fd358cd61450373e8a02b	6985.txt
P.G. Wodehouse	7028	The Clicking of Cuthbert	The-Clicking-of-Cuthbert_7028	fetched		369479	9c24f6bffb383321886b6d203e3584fd5f0af09cb0a2a707d3e7490fd13f2da2	7028.txt
P.G. Wodehouse	7050	The Swoop! or, How Clarence Saved England: A Tale of the Great Invasion	The-Swoop-or-How-Clarence-Saved-England-A-Tale-of-the-Great-Invasion_7050	unavailable				
P.G. Wodehouse	7230	Not George Washington — an Autobiographical Novel	Not-George-Washington-an-Autobiographical-Novel_7230	unavailable				
P.G. Wodehouse	7298	William Tell Told Again	William-Tell-Told-Again_7298	fetched		105253	84d3cda1f481ec0fdc11903af8a38e2c5d6a316c08c1d8bd5043956712dce3ec	7298.txt
Patrick Henry	6	Give Me Liberty or Give Me Death	Give-Me-Liberty-or-Give-Me-Death_6	fetched		15306	f0853ac27b21a862cace871e02d07f77964ac1edb83a427414a064cd3343156c	6-0.txt
Patrick Henry	20046	Give Me Liberty or Give Me Death	Give-Me-Liberty-or-Give-Me-Death_20046	unavailable				
Peter Abelard	14268	Historia Calamitatum	Historia-Calamitatum_14268	fetched		184299	62738a3d8b8263b0ce3ca08fa980be90c9f7bfb72212a2df53116c703020536d	14268-8.txt
Peter Abelard	35977	Letters of Abelard and Heloise	Letters-of-Abelard-and-Heloise_35977	unavailable				
Peter Abelard	40227	The love letters of Abelard and Heloise	The-love-letters-of-Abelard-and-Heloise_40227	fetched		143512	cdd25d797df047ec08d641e7db9e261f0f2cc44cd82d5439d81a0fea839d3a96	40227.txt
Plutarch	674	Plutarch: Lives of the noble Grecians and Romans	Plutarch-Lives-of-the-noble-Grecians-and-Romans_674	fetched		4314977	11a1bb9a5d5a8436f2d4d7adf3ad91ec05bb8aef850e564ce255cf9ba2fabdd1	674.txt
Plutarch	2484	The Boys' and Girls' Plutarch	The-Boys-and-Girls-Plutarch_2484	unavailable				
Plutarch	3052	Complete Works of Plutarch — Volume 3: Essays and Miscellanies	Complete-Works-of-Plutarch-Volume-3-Essays-and-Miscellanies_3052	unavailable				
Plutarch	14033	Plutarch's Lives, Volume 1 (of 4)	Plutarch-s-Lives-Volume-1-of-4_14033	unavailable				
Plutarch	14114	Plutarch's Lives, Volume 2 (of 4)	Plutarch-s-Lives-Volume-2-of-4_14114	unavailable				
Plutarch	14140	Plutarch's Lives, Volume 3 (of 4)	Plutarch-s-Lives-Volume-3-of-4_14140	unavailable				
Plutarch	23639	Plutarch's Morals	Plutarch-s-Morals_23639	fetched		956557	743e7825b31f8a10ad289b8540190cedc763e0388fdfe7388f45ce7d42d3098e	23639.txt
Plutarch	44315	Plutarch's Lives, Volume 4 (of 4)	Plutarch-s-Lives-Volume-4-of-4_44315	unavailable				
Plutarch	57513	Plutarch's Romane Questions	Plutarch-s-Romane-Questions_57513	unavailable				
Plutarch	58567	Plutarch on the Delay of the Divine Justice	Plutarch-on-the-Delay-of-the-Divine-Justice_58567	fetched		187583	98cb3678666475a3606fb2f875dc29971af2df6debb21a05e3449775d3eaf71e	58567-0.txt
Plutarch	60831	Between Heathenism and Christianity	Between-Heathenism-and-Christianity_60831	unavailable				
Plutarch	62618	Selected Essays of Plutarch, Vol. I.	Selected-Essays-of-Plutarch-Vol-I_62618	fetched		609682	49f54f872f272bf660100f06453352372b6b0766f6bf6ee5c06352006a286a58	62618-0.txt
Plutarch	62858	Selected Essays of Plutarch, Vol. II.	Selected-Essays-of-Plutarch-Vol-II_62858	fetched		761033	c6ca6b51bc16cf1be9a1b8799a048bffd944a32216a224fbe81844588bd012b9	62858-0.txt
Rabindranath Tagore	2502	Chitra, a Play in One Act	Chitra-a-Play-in-One-Act_2502	fetched		62102	ed3b0356d2bd8e3bf4836579cd1247123968abf8e6ceda4cd1175962b896b97e	2502.txt
Rabindranath Tagore	2518	The Hungry Stones, and Other Stories	The-Hungry-Stones-and-Other-Stories_2518	fetched		288251	1f8184469f35ad404afdfb52751ea4e78db5bb9a9f0dc4e4708be4d0198b71bb	2518.txt
Rabindranath Tagore	6521	The King of the Dark Chamber	The-King-of-the-Dark-Chamber_6521	fetched		121541	8f1615c199538b194e0651c0a6ac9c1baa7e1445b88f7ee905d045439972374d	6521.txt
Rabindranath Tagore	6522	Fruit-Gathering	Fruit-Gathering_6522	fetched		76620	b8dbbaabc686ac6ffb32d6b83b0ef3b40430b4fa37bf6837bf8f9f5f6c12f765	6522-8.txt
Rabindranath Tagore	6523	The Post Office	The-Post-Office_6523	fetched		60289	60b97192c6f3235035be833b74341b2f10e081c4fb4ff4cb8577595adb8fbb85	6523-8.txt
Rabindranath Tagore	6524	Stray Birds	Stray-Birds_6524	fetched		51602	ba82091b8f20ef5bc3ed618c2eedd7454dc808f293cbcc2b0f98ab0e13c10ef1	6524-8.txt
Rabindranath Tagore	6686	The Gardener	The-Gardener_6686	fetched		98407	c0347258fb5ab44a8dd9c793be0243e2c8913af04900c18f6cf939a10349660b	6686.txt
Rabindranath Tagore	6842	Sadhana : the realisation of life	Sadhana-the-realisation-of-life_6842	unavailable				
Rabindranath Tagore	7164	Gitanjali	Gitanjali_7164	fetched		97680	e609c946892e4edb301faf832f8ea0872190d9b443193ef5869740d16e821ac3	7164.txt
Rabindranath Tagore	7166	The Home and the World	The-Home-and-the-World_7166	fetched		391503	db19441401545f01757069b3d1134d393854a2e7b4bfce2e83b1ccbc038c9613	7166-8.txt
Rabindranath Tagore	7951	Glimpses of Bengal	Glimpses-of-Bengal_7951	unavailable				
Rabindranath Tagore	7971	The Fugitive	The-Fugitive_7971	fetched		131537	03f2e6f557039ea9ad1edf110e297c673c8a1067f55c053d57520b34dcda9e36	7971.txt
Rabindranath Tagore	22217	My Reminiscences	My-Reminiscences_22217	fetched		371775	3c9fa062f5d94cce7699f87f5bcb3552356270214a91b448387c3e312008ca83	22217-8.txt
Rabindranath Tagore	23136	Creative Unity	Creative-Unity_23136	fetched		243629	e7692d6e87b8fdc68442c2104f78421b7ec0e3611251a2594ff9a7dbb03f4354	23136-0.txt
Rabindranath Tagore	24607	The Cycle of Spring	The-Cycle-of-Spring_24607	fetched		97918	a50bb0bbe3c123100f90b65fc7ea0842ee90c9a6b82f0af2ce35b27a9984a4e2	24607.txt
Rabindranath Tagore	26202	Sadhana, the Realisation of Life	Sadhana-the-Realisation-of-Life_26202	unavailable				
Rabindranath Tagore	33131	The Spirit of Japan	The-Spirit-of-Japan_33131	fetched		60395	ae6a08bb00437f3298bbc2b1a401fd078a330b1ea0d4959a212d321e36b77a57	33131.txt
Rabindranath Tagore	33525	Stories from Tagore	Stories-from-Tagore_33525	fetched		298304	c6df44ba46b0afa87d7ad5b7c746953a9bf8a8c45ae8f79bf87fd35e108f5bef	33525.txt
Rabindranath Tagore	34757	Mashi, and Other Stories	Mashi-and-Other-Stories_34757	fetched		227800	fe08076ed782a43a06751fae991c381cc0b94c5357b820b27d253daa02fa1f31	34757-8.txt
Rabindranath Tagore	40766	Nationalism	Nationalism_40766	fetched		176328	c9af0dbaa7133c6c34ff3d44c85093032efd236308baa5acf7499b53c7b8c9aa	40766-8.txt
Rainer Maria Rilke	38594	Poems	Poems_38594	fetched		83643	ab50f9f59b198739489a640659b2bd39c54867e9afa443440ff8ed10ba078cc8	38594-0.txt
Rainer Maria Rilke	45605	Auguste Rodin	Auguste-Rodin_45605	fetched		110385	3da24210cd87cb022feede6deb66771e856caa5b14176ba689562915bfba3524	45605-8.txt
Ralph Waldo Emerson	2944	Essays — First Series	Essays-First-Series_2944	unavailable				
Ralph Waldo Emerson	2945	Essays — Second Series	Essays-Second-Series_2945	unavailable				
Ralph Waldo Emerson	6312	Representative Men: Seven Lectures	Representative-Men-Seven-Lectures_6312	fetched		353195	0be55d4d7a3c4dd98338c915c40c8800fc9e586392594805fdbfe055fc0186ca	6312.txt
Ralph Waldo Emerson	12843	Poems	Poems_12843	unavailable				
Ralph Waldo Emerson	13583	The Correspondence of Thomas Carlyle and Ralph Waldo Emerson, 1834-1872, Vol. I	The-Correspondence-of-Thomas-Carlyle-and-Ralph-Waldo-Emerson-1834-1872-Vol-I_13583	unavailable				
Ralph Waldo Emerson	13660	The Correspondence of Thomas Carlyle and Ralph Waldo Emerson, 1834-1872, Vol II.	The-Correspondence-of-Thomas-Carlyle-and-Ralph-Waldo-Emerson-1834-1872-Vol-II_13660	unavailable				
Ralph Waldo Emerson	15963	May-Day, and Other Pieces	May-Day-and-Other-Pieces_15963	unavailable				
Ralph Waldo Emerson	16643	Essays by Ralph Waldo Emerson	Essays-by-Ralph-Waldo-Emerson_16643	fetched		567488	fd23dcacc8d72aa98cf13c02cdcbe3d15742d510f3d4b6d66de8d8e5e86d2791	16643.txt
Ralph Waldo Emerson	22535	Rubáiyát of Omar Khayyám, and Salámán and Absál	Rubaiyat-of-Omar-Khayyam-and-Salaman-and-Absal_22535	unavailable				
Ralph Waldo Emerson	29433	Nature	Nature_29433	fetched		108744	07ae7f4d7b9672eb296d6cecebb4640ff285f42ba04186a54378dab033fa3525	29433-8.txt
Ralph Waldo Emerson	39827	The Conduct of Life	The-Conduct-of-Life_39827	fetched		410220	fc8ffb2ed4a775ff301108777dd20413a510a496fa5618aaff85af69f2866dee	39827-0.txt
Ralph Waldo Emerson	39862	English Traits	English-Traits_39862	fetched		404604	6b62026986e926913ba9b06fab7f40fe29c88e668867b64fe433a72fa8d972a3	39862-0.txt
Ralph Waldo Emerson	58994	Index of the Project Gutenberg Works of Ralph Waldo Emerson	Index-of-the-Project-Gutenberg-Works-of-Ralph-Waldo-Emerson_58994	fetched		146507	673354659d4516b7ce84d63f0fd3b4f4e69692a999064b7cb30bdb053526596c	58994-0.txt
Ray Stannard Baker	44188	Boys' Second Book of Inventions	Boys-Second-Book-of-Inventions_44188	fetched		269237	583d04de4c7b99b2ea8bc737fab6984c9224c4ed8a35b9759552cd563722e87b	44188.txt
Rene Descartes	59	Discourse on the Method of Rightly Conducting One's Reason and of Seeking Truth in the Sciences	Discourse-on-the-Method-of-Rightly-Conducting-One-s-Reason-and-of-Seeking-Truth-in-the-Sciences_59	fetched		150543	0dde3687bda0a3c2d0e64f938483d2144d6db2194395d37d245c0dfc12c54495	59.txt
Rene Descartes	4391	Selections from the Principles of Philosophy	Selections-from-the-Principles-of-Philosophy_4391	fetched		195080	be132739f8ca66897dbe1c19a5d6e5db1c15ae1fd447b84613b43ab541150475	4391.txt
Rene Descartes	19796	Discourse on the Method of Rightly Conducting One's Reason and of Seeking Truth in the Sciences	Discourse-on-the-Method-of-Rightly-Conducting-One-s-Reason-and-of-Seeking-Truth-in-the-Sciences_19796	unavailable				
Rene Descartes	25830	A Discourse of a Method for the Well Guiding of Reason	A-Discourse-of-a-Method-for-the-Well-Guiding-of-Reason_25830	unavailable				
Richard Brinsley Sheridan	1929	The School for Scandal	The-School-for-Scandal_1929	fetched		196893	907c771cea7d75ec2ab5b91db7659868dc0bbe2acef9c1a6af0dbd126bb0621b	1929.txt
Richard Brinsley Sheridan	6707	St. Patrick's Day; Or, The Scheming Lieutenant: A Farce in One Act	St-Patrick-s-Day-Or-The-Scheming-Lieutenant-A-Farce-in-One-Act_6707	fetched		56904	46f90777f9703bcbddec47f2054b17d474a948fc5fe1ee1f303e67b07300e1f3	6707.txt
Richard Brinsley Sheridan	6731	The Duenna: A Comic Opera	The-Duenna-A-Comic-Opera_6731	fetched		110922	0accff1cb8cf7d82a64b59dac7cf1ff08fd5a683475ba587137f5507b6f2f7b7	6731.txt
Richard Brinsley Sheridan	7108	A Trip to Scarborough; and, The Critic	A-Trip-to-Scarborough-and-The-Critic_7108	fetched		208560	8a099be2d91bd5cd2f8c0b881c017a1482dffbc6fc2d8681721fc384d70211ce	7108-8.txt
Richard Brinsley Sheridan	24761	The Rivals: A Comedy	The-Rivals-A-Comedy_24761	unavailable				
Richard Brinsley Sheridan	61157	The Hoplite	The-Hoplite_61157	fetched		42109	e22d229bc6febc979a2dd5286888f7659717cf95fe7c0e6fd8ad8ad6f122552c	61157.txt
Richard Le Gallienne	461	The Quest of the Golden Girl: A Romance	The-Quest-of-the-Golden-Girl-A-Romance_461	unavailable				
Richard Le Gallienne	3267	Old Love Stories Retold	Old-Love-Stories-Retold_3267	fetched		34820	912bf3870e2787c0874cfb97fa21eced27f1acef328b6b7ea57713e629c26754	3267.txt
Richard Le Gallienne	10447	October Vagabonds	October-Vagabonds_10447	fetched		166260	0447eb81510981d97af96d75c9d7d037b68531e69e5e818b3294c7d00c4d596b	10447-8.txt
Richard Le Gallienne	10457	The Lonely Dancer and Other Poems	The-Lonely-Dancer-and-Other-Poems_10457	fetched		86474	057dde6f1e78a3d444e0aea8bf1d5e5b71e423b9728a54e0c51e6b82a28d56a1	10457.txt
Richard Le Gallienne	10812	The Worshipper of the Image	The-Worshipper-of-the-Image_10812	fetched		126759	b885dcf1ec65492f17623d6c4184652f621ee3ab08e0de1805ae80fbd8bca28c	10812-8.txt
Richard Le Gallienne	10826	The Book-Bills of Narcissus	The-Book-Bills-of-Narcissus_10826	unavailable				
Richard Le Gallienne	10910	Robert Louis Stevenson, an Elegy; and Other Poems	Robert-Louis-Stevenson-an-Elegy-and-Other-Poems_10910	unavailable				
Richard Le Gallienne	10913	English Poems	English-Poems_10913	fetched		100216	b01b7fcc3cfde6052ffa7c877b80d14bead43b11d7382eaf71c05633ddc186d9	10913-8.txt
Richard Le Gallienne	10922	Young Lives	Young-Lives_10922	fetched		431290	b8ddfabd8cc9b2d62b0b77904b95890f2493931a70742d990d000bc5e63b9414	10922-8.txt
Richard Le Gallienne	10949	The Romance of Zion Chapel [3d ed.]	The-Romance-of-Zion-Chapel-3d-ed_10949	unavailable				
Richard Le Gallienne	11675	Vanishing Roads and Other Essays	Vanishing-Roads-and-Other-Essays_11675	fetched		551855	5b81582697f91701893373ae89f64ca06d1945f37c698fa8596a6408bfa5646e	11675-8.txt
Richard Le Gallienne	14103	Prose Fancies (Second Series)	Prose-Fancies-Second-Series_14103	unavailable				
Richard Le Gallienne	15025	Prose Fancies	Prose-Fancies_15025	fetched		227909	ed2b0de1c86e0a1bc9d73c002c888d1dc94c9b8a9056a8a36ab37caccee940d3	15025-8.txt
Richard Le Gallienne	17619	A Jongleur Strayed	A-Jongleur-Strayed_17619	unavailable				
Richard Le Gallienne	17741	Pieces of Eight	Pieces-of-Eight_17741	unavailable				
Richard Le Gallienne	19313	The Silk-Hat Soldier, and Other Poems in War Time	The-Silk-Hat-Soldier-and-Other-Poems-in-War-Time_19313	fetched		32833	ca5fe7ce122d2cbbe28ec455196a5db3d9e5e6ead9897846f89db1a3da337a36	19313.txt
Richard Le Gallienne	41921	The Maker of Rainbows, and Other Fairy-tales and Fables	The-Maker-of-Rainbows-and-Other-Fairy-tales-and-Fables_41921	unavailable				
Richard Le Gallienne	64854	Little Dinners With the Sphinx, and Other Prose Fancies	Little-Dinners-With-the-Sphinx-and-Other-Prose-Fancies_64854	fetched		250348	21536fcb6e875e22871e1919b971279e15609ee69cb1fb68124c2bf4678aa4a0	64854-0.txt
Robert Baden-Powell	6673	Young Knights of the Empire : Their Code, and Further Scout Yarns	Young-Knights-of-the-Empire-Their-Code-and-Further-Scout-Yarns_6673	unavailable				
Robert Baden-Powell	15715	My Adventures as a Spy	My-Adventures-as-a-Spy_15715	fetched		155426	024989b8a5980cd464b957e4001c1569391c082c2e9da77252434386feb86b34	15715-8.txt
Robert Baden-Powell	28983	How Girls Can Help Their Country	How-Girls-Can-Help-Their-Country_28983	fetched		246850	b205b54ceded7f7dfb006ab55f6e25aa019846a8341a1f97f251f5bb6297dbf7	28983-8.txt
Robert Baden-Powell	47158	The Matabele Campaign	The-Matabele-Campaign_47158	unavailable				
Robert Baden-Powell	52506	Scouting for Girls	Scouting-for-Girls_52506	unavailable				
Robert Baden-Powell	65993	Scouting for Boys	Scouting-for-Boys_65993	fetched		686433	69701d4c9310959732ef32f3337f0c45708510a6893f5b109f86975eed1fed08	65993-0.txt
Robert Browning	260	An Introduction to the Study of Robert Browning's Poetry	An-Introduction-to-the-Study-of-Robert-Browning-s-Poetry_260	fetched		715552	e530d2d57838762866e468fa5ae3b6e2767ecb15a248895266ce201f2048da6d	260-0.txt
Robert Browning	655	Life and Letters of Robert Browning	Life-and-Letters-of-Robert-Browning_655	fetched		701976	cd0f6e42d984c09c47e0141ab1ff2cba69f92245e27a1b42a5c1353a60e73f92	655.txt
Robert Browning	2880	A Blot in the 'Scutcheon	A-Blot-in-the-Scutcheon_2880	fetched		103053	70efb2ca8c73ee17538416c5b1c0d3bc8f3256fbbe459cfa890b8a038e260a9c	2880.txt
Robert Browning	4253	Dramatic Romances	Dramatic-Romances_4253	fetched		255871	d93758c182e6d9fa40b2001d4928b00d0cf04567874c13982d45549f26288665	4253-8.txt
Robert Browning	6670	Christmas Eve	Christmas-Eve_6670	fetched		77195	5b6bfa5301613a330ad7b998f2a986afa3982b9c288771f209cbd1200bbdb5cd	6670.txt
Robert Browning	16182	The Letters of Robert Browning and Elizabeth Barrett Barrett, Vol. 1 (of 2) 1845-1846	The-Letters-of-Robert-Browning-and-Elizabeth-Barrett-Barrett-Vol-1-of-2-1845-1846_16182	unavailable				
Robert Browning	16376	Browning's Shorter Poems	Browning-s-Shorter-Poems_16376	fetched		327023	da5e46326747348cd7afb54b728d5cc8234f7041dd75a381563d2c945f68663e	16376.txt
Robert Browning	17393	Men and Women	Men-and-Women_17393	fetched		232442	017976fb5f7bc2dfeea4c671e99064d93e468fb67a718d094006c8a39b815dc9	17393.txt
Robert Browning	18343	The Pied Piper of Hamelin	The-Pied-Piper-of-Hamelin_18343	fetched		33637	de5665a5d7d7e0a2d8c6a52e90483391147378a3846ba89549414ea8cbbb63e0	18343-8.txt
Robert Browning	20742	O May I Join the Choir Invisible! and Other Favorite Poems	O-May-I-Join-the-Choir-Invisible-and-Other-Favorite-Poems_20742	unavailable				
Robert Browning	28041	Selections from the Poems and Plays of Robert Browning	Selections-from-the-Poems-and-Plays-of-Robert-Browning_28041	fetched		704451	4ef81d97b9dedee166887c11998517b4898aa290de95296aadb673a11bcde688	28041.txt
Robert Browning	42850	The Pied Piper of Hamelin, and Other Poems	The-Pied-Piper-of-Hamelin-and-Other-Poems_42850	unavailable				
Robert Browning	50954	The Complete Poetic and Dramatic Works of Robert Browning	The-Complete-Poetic-and-Dramatic-Works-of-Robert-Browning_50954	unavailable				
Robert Browning	53335	Pomegranates from an English Garden	Pomegranates-from-an-English-Garden_53335	unavailable				
Robert Browning	59123	Index of the Project Gutenberg Works of Robert Browning	Index-of-the-Project-Gutenberg-Works-of-Robert-Browning_59123	fetched		36998	1877e3cf25cf9ebf8f87e4231da4bf103fafd6e44a399d7aa1d7a8919e413ab9	59123-0.txt
Robert E. Lee	2323	Recollections and Letters of General Robert E. Lee	Recollections-and-Letters-of-General-Robert-E-Lee_2323	unavailable				
Robert Frost	3021	A Boy's Will	A-Boy-s-Will_3021	fetched		54692	7d9cf04cefa29e5bbe2bda74a795a8c9a271360ae740ed34050af9626a2e7e6a	3021-8.txt
Robert Frost	3026	North of Boston	North-of-Boston_3026	fetched		118839	e279af8cf93eeb522276c75ce9f3e333d58b9d2bf07cc63407f1b0406b69ed6e	3026-8.txt
Robert Frost	20030	Fire and Ice	Fire-and-Ice_20030	unavailable				
Robert Frost	21184	Selected Poems by Robert Frost	Selected-Poems-by-Robert-Frost_21184	unavailable				
Robert Frost	21437	North of Boston	North-of-Boston_21437	unavailable				
Robert Frost	29345	Mountain Interval	Mountain-Interval_29345	fetched		92295	33074c7a9c0d4e8d90b36542c31224e3d8489899be44fcf4c066ace0b98de20c	29345-8.txt
Robert Frost	58611	New Hampshire, A Poem; with Notes and Grace Notes	New-Hampshire-A-Poem-with-Notes-and-Grace-Notes_58611	fetched		138821	23b0f7e44f4202cfed67ef41ce12b9b188ed09dab1745c4162fd152f996a214d	58611-0.txt
Robert Frost	59824	Selected Poems	Selected-Poems_59824	fetched		138049	9464fef58e701ddba51095c0263794833e30d7825053a5e238770b80afed18fd	59824-0.txt
Robert Green Ingersoll	8140	Lectures of Col. R. G. Ingersoll, Volume I	Lectures-of-Col-R-G-Ingersoll-Volume-I_8140	unavailable				
Robert Green Ingersoll	8389	Lectures of Col. R. G. Ingersoll - Latest	Lectures-of-Col-R-G-Ingersoll-Latest_8389	unavailable				
Robert Green Ingersoll	20447	The Works of Robert G. Ingersoll, Volume VIII.	The-Works-of-Robert-G-Ingersoll-Volume-VIII_20447	unavailable				
Robert Green Ingersoll	30208	The Ghosts, and Other Lectures	The-Ghosts-and-Other-Lectures_30208	fetched		285306	2ea69816eb688a2c3ee4e4693ad0baf6a89ec43e8060cbd9a230c3da9d5015c4	30208.txt
Robert Green Ingersoll	34417	Walt Whitman: An Address	Walt-Whitman-An-Address_34417	unavailable				
Robert Green Ingersoll	37699	Hell: Warm Words on the Cheerful and Comforting Doctrine of Eternal Damnation	Hell-Warm-Words-on-the-Cheerful-and-Comforting-Doctrine-of-Eternal-Damnation_37699	unavailable				
Robert Green Ingersoll	37703	About The Holy Bible: A Lecture	About-The-Holy-Bible-A-Lecture_37703	unavailable				
Robert Green Ingersoll	37704	An Oration on the Life and Services of Thomas Paine	An-Oration-on-the-Life-and-Services-of-Thomas-Paine_37704	fetched		71196	f0c251a985d126399eece2e09c0daa0d6fd58a2af3b7044f1d4cfce0df56e75e	37704-8.txt
Robert Green Ingersoll	38093	The Christian Religion: An Enquiry	The-Christian-Religion-An-Enquiry_38093	unavailable				
Robert Green Ingersoll	38095	Heretics And Heresies	Heretics-And-Heresies_38095	unavailable				
Robert Green Ingersoll	38096	Humboldt	Humboldt_38096	unavailable				
Robert Green Ingersoll	38098	Individuality	Individuality_38098	unavailable				
Robert Green Ingersoll	38099	Mistakes of Moses	Mistakes-of-Moses_38099	fetched		317079	0c2917d91eb63fbc8db1869c6388ab9d042db6354470a3b4f7425022a84eaa6c	38099-8.txt
Robert Green Ingersoll	38101	Thomas Paine	Thomas-Paine_38101	unavailable				
Robert Green Ingersoll	38103	Trial of C. B. Reynolds For Blasphemy, at Morristown, N. J., May 1887: Defence	Trial-of-C-B-Reynolds-For-Blasphemy-at-Morristown-N-J-May-1887-Defence_38103	unavailable				
Robert Green Ingersoll	38105	Shakespeare: A Lecture	Shakespeare-A-Lecture_38105	unavailable				
Robert Green Ingersoll	38106	Ingersollia	Ingersollia_38106	unavailable				
Robert Green Ingersoll	38107	The Gods	The-Gods_38107	unavailable				
Robert Green Ingersoll	38801	The Works of Robert G. Ingersoll, Vol. 01 (of 12)	The-Works-of-Robert-G-Ingersoll-Vol-01-of-12_38801	unavailable				
Robert Green Ingersoll	38802	The Works of Robert G. Ingersoll, Vol. 02 (of 12)	The-Works-of-Robert-G-Ingersoll-Vol-02-of-12_38802	unavailable				
Robert Green Ingersoll	38803	The Works of Robert G. Ingersoll, Vol. 03 (of 12)	The-Works-of-Robert-G-Ingersoll-Vol-03-of-12_38803	unavailable				
Robert Green Ingersoll	38804	The Works of Robert G. Ingersoll, Vol. 04 (of 12)	The-Works-of-Robert-G-Ingersoll-Vol-04-of-12_38804	unavailable				
Robert Green Ingersoll	38805	The Works of Robert G. Ingersoll, Vol. 05 (of 12)	The-Works-of-Robert-G-Ingersoll-Vol-05-of-12_38805	unavailable				
Robert Green Ingersoll	38806	The Works of Robert G. Ingersoll, Vol. 06 (of 12)	The-Works-of-Robert-G-Ingersoll-Vol-06-of-12_38806	unavailable				
Robert Green Ingersoll	38807	The Works of Robert G. Ingersoll, Vol. 07 (of 12)	The-Works-of-Robert-G-Ingersoll-Vol-07-of-12_38807	unavailable				
Robert Louis Stevenson	42	The Strange Case of Dr. Jekyll and Mr. Hyde	The-Strange-Case-of-Dr-Jekyll-and-Mr-Hyde_42	unavailable				
Robert Louis Stevenson	43	The Strange Case of Dr. Jekyll and Mr. Hyde	The-Strange-Case-of-Dr-Jekyll-and-Mr-Hyde_43	unavailable				
Robert Louis Stevenson	120	Treasure Island	Treasure-Island_120	fetched		396596	0fee2fef1b2ffde22e2c962bd8bc2b75ea1ae9b02b3fe85ef08d44f4cc1bb2de	120-0.txt
Robert Louis Stevenson	136	A Child's Garden of Verses	A-Child-s-Garden-of-Verses_136	fetched		73886	e5e6fdf062bac700cb7b99017cb754c4b2470499ae149b3c8f22f0f07a5511ed	136.txt
Robert Louis Stevenson	280	Records of a Family of Engineers	Records-of-a-Family-of-Engineers_280	fetched		410101	43f39f173b19dea5ced776062ad731d04884f50c0ecd4692296cf987ff601ad4	280-0.txt
Robert Louis Stevenson	281	Father Damien: An Open Letter to the Reverend Dr. Hyde of Honolulu	Father-Damien-An-Open-Letter-to-the-Reverend-Dr-Hyde-of-Honolulu_281	unavailable				
Robert Louis Stevenson	322	St. Ives: Being the Adventures of a French Prisoner in England	St-Ives-Being-the-Adventures-of-a-French-Prisoner-in-England_322	unavailable				
Robert Louis Stevenson	329	Island Nights' Entertainments	Island-Nights-Entertainments_329	fetched		281613	047984aa065ad23dde8ca78928f22e95b3dd7a4d05b67c7ea474e0ccc33ca92d	329-0.txt
Robert Louis Stevenson	343	Fables	Fables_343	fetched		96616	a10ff277264e629adf8b3eecf81010a816f35c78410468844e6024dc15c27c3e	343.txt
Robert Louis Stevenson	344	The Merry Men, and Other Tales and Fables	The-Merry-Men-and-Other-Tales-and-Fables_344	fetched		463831	658e690b7a11595c768cdbd82f5af0784d582ec56c9a71cd28e020c1cd373d37	344.txt
Robert Louis Stevenson	372	Prince Otto, a Romance	Prince-Otto-a-Romance_372	fetched		384109	0973fa399694aaf38d2e210ed3c587ce65119d1934ec15737a34e283aad4b047	372-0.txt
Robert Louis Stevenson	373	Lay Morals, and Other Papers	Lay-Morals-and-Other-Papers_373	fetched		502322	eb51cab7c831a1e9e1f7c12eb7a75e7a1b3552e5289271e25e88b9abc45c625e	373-0.txt
Robert Louis Stevenson	380	Weir of Hermiston: An Unfinished Romance	Weir-of-Hermiston-An-Unfinished-Romance_380	unavailable				
Robert Louis Stevenson	381	Memories and Portraits	Memories-and-Portraits_381	fetched		321447	ea60e13082f56b021ba004e256a936a371802d3587bd321adbf9cb6cfdd35692	381-0.txt
Robert Louis Stevenson	382	Edinburgh: Picturesque Notes	Edinburgh-Picturesque-Notes_382	unavailable				
Robert Louis Stevenson	386	Virginibus Puerisque, and Other Papers	Virginibus-Puerisque-and-Other-Papers_386	fetched		300797	efd643a8c579304a9f134c7726acdc73d25be50338fae1d0bd522facc425b3dd	386-0.txt
Robert Louis Stevenson	387	Vailima Letters	Vailima-Letters_387	unavailable				
Robert Louis Stevenson	413	Ballads	Ballads_413	fetched		113725	19d4118435e57c66dee6d6cb8fddba861ae1a6fb13a42cf598ec4dfda407f86a	413-0.txt
Robert Louis Stevenson	421	Kidnapped	Kidnapped_421	fetched		459459	f2ea387ba7cae60ada941bb1b6b4cc1ee960582503eca48b9b602c9cd07dd237	421-0.txt
Robert Louis Stevenson	425	Familiar Studies of Men and Books	Familiar-Studies-of-Men-and-Books_425	fetched		577189	1be129d585bb27bb86bca5f53f4cd6392c85725d2729b2f17a4ef8405956f8d3	425-0.txt
Robert Louis Stevenson	426	Tales and Fantasies	Tales-and-Fantasies_426	fetched		310238	4541d2558f0a893dd74767d58b40d7d90c36d6fe775cd3e86cd7e4e92d57e5f4	426-0.txt
Robert Louis Stevenson	438	Underwoods	Underwoods_438	fetched		108388	1b9b1b7156266a111d099d1d14532fb50ab7e7bd1e7d5710d73d01e9f16ee97d	438-0.txt
Robert Louis Stevenson	441	New Poems, and Variant Readings	New-Poems-and-Variant-Readings_441	fetched		153933	a04888128a4c4f6d233553a4a9b93be3020b6df93f462e6a5c1fd2d82fa49f8a	441-0.txt
Robert Louis Stevenson	464	In the South Seas	In-the-South-Seas_464	unavailable				
Robert Louis Stevenson	487	Songs of Travel, and Other Verses	Songs-of-Travel-and-Other-Verses_487	fetched		71067	80525ff7e547addb1208dbe73dce3a4cb18388bd7c8797d0444e64eda7173e8b	487-0.txt
Robert W. Service	207	The Spell of the Yukon and Other Verses	The-Spell-of-the-Yukon-and-Other-Verses_207	fetched		97720	f1eb5d5056d2dea5c58b91232d98da7066b1a3dc9abef48eecbaa2adf78085a3	207.txt
Robert W. Service	259	Ballads of a Cheechako	Ballads-of-a-Cheechako_259	fetched		132711	206918c3e59f4bbcf7258201209762b39a116b6f6bc09b3f6df8f1a3ed730e0d	259.txt
Robert W. Service	309	Rhymes of a Rolling Stone	Rhymes-of-a-Rolling-Stone_309	fetched		160620	36d0c28bdde0aa96db3d67a724480aa44d84bd0be71f4971ce11bedd4683ffaf	309.txt
Robert W. Service	315	Rhymes of a Red Cross Man	Rhymes-of-a-Red-Cross-Man_315	fetched		160908	129ae28037674d9df742a5b4f3393aca324612ed9ce3380923c01e009226b6e0	315-8.txt
Robert W. Service	995	Ballads of a Bohemian	Ballads-of-a-Bohemian_995	fetched		254693	22f3f591dc12a02faa1824fca2ef4f675fdeedcdbe90b30a4271623b62eb3047	995-8.txt
Robert W. Service	22063	The Trail of '98: A Northland Romance	The-Trail-of-98-A-Northland-Romance_22063	unavailable				
Robert W. Service	25546	Songs of a Sourdough	Songs-of-a-Sourdough_25546	fetched		101159	d7fa8f84869569f41c420073b44135a23584b1bcd9c916fe645e8f5be898c315	25546-8.txt
Robert W. Service	28836	Ballads of a Bohemian	Ballads-of-a-Bohemian_28836	unavailable				
Robert W. Service	36232	The Shooting of Dan McGrew, A Novel. Based on the Famous Poem of Robert Service	The-Shooting-of-Dan-McGrew-A-Novel-Based-on-the-Famous-Poem-of-Robert-Service_36232	unavailable				
Rudyard Kipling	236	The Jungle Book	The-Jungle-Book_236	fetched		304376	2f9486eb4776d23baf1064eebb73bb0093b808b13e10516e81e20d1dbe4909c9	236-0.txt
Rudyard Kipling	323	Verses 1889-1896	Verses-1889-1896_323	fetched		348891	78398ace7ebed5383157c679c8871111eb01310ea1abb330e221cb384b9b414e	323-0.txt
Rudyard Kipling	556	Rewards and Fairies	Rewards-and-Fairies_556	fetched		444831	b9d2d2333dec8015d0ae27b63da20bcff6d421fc8a6f58ecfd096a5050b7712b	556-0.txt
Rudyard Kipling	557	Puck of Pook's Hill	Puck-of-Pook-s-Hill_557	fetched		342682	8786594f4b3f3680967fa5b4bb97fcf60986174011e3b1f66e9abe10566713db	557.txt
Rudyard Kipling	977	American Notes	American-Notes_977	fetched		171155	cf38a7b7864af3edd3c57a0db0a7051a65db56c08a405ce5632959cb96aaaf7e	977-0.txt
Rudyard Kipling	1858	Plain Tales from the Hills	Plain-Tales-from-the-Hills_1858	fetched		432155	36cf6dc475a629740e5033bb319db8e0748beb860b947212b1cdb063303f2973	1858-0.txt
Rudyard Kipling	1937	The Second Jungle Book	The-Second-Jungle-Book_1937	fetched		379769	b8021147d9ce72b2e0660ab702b786c65ce451a3bd851ead8474953d3c312387	1937-0.txt
Rudyard Kipling	2138	The Day's Work - Part 1	The-Day-s-Work-Part-1_2138	unavailable				
Rudyard Kipling	2163	The Bridge-Builders	The-Bridge-Builders_2163	fetched		91015	2e5103e597db12290b460bb398ef83939064e720a1e9c12e52fda7eb4ceaa4a9	2163-0.txt
Rudyard Kipling	2186	"Captains Courageous": A Story of the Grand Banks	Captains-Courageous-A-Story-of-the-Grand-Banks_2186	unavailable				
Rudyard Kipling	2225	"Captains Courageous": A Story of the Grand Banks	Captains-Courageous-A-Story-of-the-Grand-Banks_2225	unavailable				
Rudyard Kipling	2226	Kim	Kim_2226	fetched		615567	85a20ed2f9b6dc6161a2c0757f0bf34a9728f7e7e2962e890837089d16c26617	2226.txt
Rudyard Kipling	2227	Soldiers Three - Part 2	Soldiers-Three-Part-2_2227	unavailable				
Rudyard Kipling	2334	The Works of Rudyard Kipling: One Volume Edition	The-Works-of-Rudyard-Kipling-One-Volume-Edition_2334	unavailable				
Rudyard Kipling	2381	Actions and Reactions	Actions-and-Reactions_2381	fetched		415095	74880d8cb9b0a4cbfba082215b7e74ec07ac6e06f88484285c9959eab4df464a	2381-0.txt
Rudyard Kipling	2569	The Day's Work	The-Day-s-Work_2569	unavailable				
Rudyard Kipling	2781	Just So Stories	Just-So-Stories_2781	fetched		186086	18f8327c5d85c370333bb9b0ba989517821560012db858d1e52df54c9130ea6c	2781-0.txt
Rudyard Kipling	2806	The Phantom 'Rickshaw, and Other Ghost Stories	The-Phantom-Rickshaw-and-Other-Ghost-Stories_2806	fetched		278959	4be9d4e982e7a80eab13928e43cd18d5d4f63797f043a0edb62c7982736ca2db	2806-0.txt
Rudyard Kipling	2819	Barrack Room Ballads	Barrack-Room-Ballads_2819	fetched		118042	9e61cd696580d16f3198c9d59b5407d9bcea7b07375c1f4bb5f16c6500f20152	2819-0.txt
Rudyard Kipling	2821	The Story of the Gadsbys	The-Story-of-the-Gadsbys_2821	fetched		160816	c08adf5eeb4e2a08bba984171ed35091a62ff3b0abcb0dc40b6536331a2a9f2d	2821-0.txt
Rudyard Kipling	2828	Under the Deodars	Under-the-Deodars_2828	fetched		267770	695040349bfc2b185071c05ce210f3239af3ed00ed1631ebbf93f519ff6c2b26	2828-0.txt
Rudyard Kipling	2876	The Light That Failed	The-Light-That-Failed_2876	fetched		435619	3f0ef470760376424839c063ebd26510a6b1cff3f92669b5a950829752e76480	2876-0.txt
Rudyard Kipling	3006	Stalky & Co.	Stalky-Co_3006	unavailable				
Rudyard Kipling	5777	Life's Handicap: Being Stories of Mine Own People	Life-s-Handicap-Being-Stories-of-Mine-Own-People_5777	unavailable				
Rudyard Kipling	6120	Soldiers Three	Soldiers-Three_6120	fetched		514916	4858c4d4222b8a4d858178bb8ed5bbc1cc7207cd94c81c1192e156ecf9ec7de4	6120-0.txt
Saint Ignatius	24534	The Autobiography of St. Ignatius	The-Autobiography-of-St-Ignatius_24534	unavailable				
Saint Teresa of Avila	8120	The Life of St. Teresa of Jesus, of the Order of Our Lady of Carmel	The-Life-of-St-Teresa-of-Jesus-of-the-Order-of-Our-Lady-of-Carmel_8120	unavailable				
Saint Teresa of Avila	19185	Santa Teresa: An Appreciation	Santa-Teresa-An-Appreciation_19185	unavailable				
Samuel Adams	2092	The Writings of Samuel Adams - Volume 2	The-Writings-of-Samuel-Adams-Volume-2_2092	fetched		762737	588b774c40761b32ca766a8f1d3d4a6c1b5ee162dfaa032755c866607af35bbe	2092.txt
Samuel Adams	2093	The Writings of Samuel Adams - Volume 3	The-Writings-of-Samuel-Adams-Volume-3_2093	fetched		660469	4b3549ad35d6908eabde4e6ed181baa243958d510bf6695aa7465ed275cc3578	2093.txt
Samuel Adams	2094	The Writings of Samuel Adams - Volume 4	The-Writings-of-Samuel-Adams-Volume-4_2094	fetched		655522	6bd2d0d8ff12b67638113dcda687d703879ee82949103415f86ba6219495afc1	2094.txt
Samuel Adams	5009	The Unspeakable Perk	The-Unspeakable-Perk_5009	fetched		308347	0369572f2179efb846f51dcc57ed0e298648238e9c1351c65003b4560d1bb8b2	5009-0.txt
Samuel Adams	6864	Average Jones	Average-Jones_6864	fetched		444163	c62245844aceed1eb4a55d9f6b41239a8fdb99f3659e3ace06c62e82a657cdcd	6864-0.txt
Samuel Adams	10008	The Mystery	The-Mystery_10008	fetched		407280	0bc938e7f17580cee1edc5ae72ff4e1ce1795c4411749ea33a53726e65938884	10008-8.txt
Samuel Adams	10944	From a Bench in Our Square	From-a-Bench-in-Our-Square_10944	fetched		352575	263f249f8831f4318e282acd994c60701998ec19b67905eedfe0d5f4aca12e45	10944-8.txt
Samuel Adams	15431	Success: A Novel	Success-A-Novel_15431	unavailable				
Samuel Adams	16447	The Clarion	The-Clarion_16447	fetched		720100	2fb868737cebe962c0e4bf67e0f873adbd32f2bf2e043a06c2494186fa4671fa	16447.txt
Samuel Adams	22196	Little Miss Grouch	Little-Miss-Grouch_22196	unavailable				
Samuel Adams	24741	The Campaign of Trenton 1776-77	The-Campaign-of-Trenton-1776-77_24741	fetched		137776	776eb4ee96e3922bc4b698c0c52234b8806574b3c3fc096825dc052a0fd5df5b	24741-8.txt
Samuel Adams	31206	Burgoyne's Invasion of 1777	Burgoyne-s-Invasion-of-1777_31206	unavailable				
Samuel Adams	36335	The Secret of Lonesome Cove	The-Secret-of-Lonesome-Cove_36335	fetched		372319	c06ad2adbf2bc6a78c8739cab0bc549ad6667bccb536ed02158b6a6e2eed9831	36335-0.txt
Samuel Adams	38941	Nooks and Corners of the New England Coast	Nooks-and-Corners-of-the-New-England-Coast_38941	fetched		1107794	7e0633daa584f647eb15e6ac043d2dad378e29459a39238fc8952c8b1bba6761	38941.txt
Samuel Adams	42447	The Heart of the White Mountains, Their Legend and Scenery	The-Heart-of-the-White-Mountains-Their-Legend-and-Scenery_42447	unavailable				
Samuel Adams	42999	Old Boston Taverns and Tavern Clubs	Old-Boston-Taverns-and-Tavern-Clubs_42999	fetched		190132	e1dd6cb2fd81d008f9f54244a96af39fb2b19e24ecccfa1d8053f2a0e8ed0dfa	42999-8.txt
Samuel Adams	44324	The Flying Death	The-Flying-Death_44324	fetched		289812	fca122b4d875b53c57d9605d7b7f4e21d1b4e01152944d33191780153bb7723b	44324-0.txt
Samuel Adams	44325	The Great American Fraud	The-Great-American-Fraud_44325	unavailable				
Samuel Adams	44326	Wanted: A Husband. A Novel	Wanted-A-Husband-A-Novel_44326	unavailable				
Samuel Adams	44327	The Beggar's Purse: A Fairy Tale of Familiar Finance	The-Beggar-s-Purse-A-Fairy-Tale-of-Familiar-Finance_44327	unavailable				
Samuel Adams	44328	Our Square and the People in It	Our-Square-and-the-People-in-It_44328	fetched		390223	b03e2be0b0fd5cbe0d4f0f944de8fcb3c896390ca4d0e40e163e69a0f9b6e603	44328-0.txt
Samuel Adams	55400	Common Cause: A Novel of the War in America	Common-Cause-A-Novel-of-the-War-in-America_55400	fetched		715808	bca3d2b67c778afcba16ab17e5a0fb67f8603747261eeb0aa64eb6efce06fc65	55400-0.txt
Samuel Adams	57543	The Health Master	The-Health-Master_57543	fetched		446081	10cd8c5538a9b7cece76886a4e776437da458e4c7b2b96758b34cffa585f6e68	57543-0.txt
Samuel Adams	57676	Index of the Project Gutenberg Works of Samuel Hopkins Adams	Index-of-the-Project-Gutenberg-Works-of-Samuel-Hopkins-Adams_57676	fetched		31570	8a7b0811768097e1bbbf5cea560c850e6c5ad04fc412acec3df10fccab0b923e	57676-0.txt
Samuel Adams	61582	Flaming Youth	Flaming-Youth_61582	unavailable				
Samuel Butler	1906	Erewhon; Or, Over the Range	Erewhon-Or-Over-the-Range_1906	unavailable				
Samuel Butler	1971	Erewhon Revisited Twenty Years Later, Both by the Original Discoverer of the Country and by His Son	Erewhon-Revisited-Twenty-Years-Later-Both-by-the-Original-Discoverer-of-the-Country-and-by-His-Son_1971	unavailable				
Samuel Butler	2084	The Way of All Flesh	The-Way-of-All-Flesh_2084	fetched		915623	a883f8848b9e72c110e1ce9b2420a023e3bfb892bd54817f08375b82c8266c0f	2084.txt
Samuel Butler	2513	God the Known and God the Unknown	God-the-Known-and-God-the-Unknown_2513	fetched		111836	bd81de7a37e5adc191657fd3c8c3924004958a873f2673813f200323c2f2217c	2513.txt
Samuel Butler	2576	Alps and Sanctuaries of Piedmont and the Canton Ticino	Alps-and-Sanctuaries-of-Piedmont-and-the-Canton-Ticino_2576	unavailable				
Samuel Butler	3235	A First Year in Canterbury Settlement	A-First-Year-in-Canterbury-Settlement_3235	fetched		264769	1754a18242dcac91a2609c1acced13d7822c88e7c869aa9ed69594ee70cf3eb5	3235.txt
Samuel Butler	3278	Cambridge Pieces	Cambridge-Pieces_3278	unavailable				
Samuel Butler	3279	Canterbury Pieces	Canterbury-Pieces_3279	unavailable				
Samuel Butler	3461	Essays on Life, Art and Science	Essays-on-Life-Art-and-Science_3461	fetched		398027	0bcc6e4b1ee9a9cb15d67e5399e871f0ca3875b96bd64f2501474a7a1dbe27b7	3461.txt
Samuel Butler	4073	Ex Voto: An Account of the Sacro Monte or New Jerusalem at Varallo-Sesia	Ex-Voto-An-Account-of-the-Sacro-Monte-or-New-Jerusalem-at-Varallo-Sesia_4073	unavailable				
Samuel Butler	4937	Hudibras, in Three Parts, Written in the Time of the Late Wars	Hudibras-in-Three-Parts-Written-in-the-Time-of-the-Late-Wars_4937	fetched		589119	acbe21cf5032a1013a389e1b24fa330d21e7e7615c083a2e4e4688be398a5a90	4937.txt
Samuel Butler	4967	Luck, or Cunning, as the Main Means of Organic Modification	Luck-or-Cunning-as-the-Main-Means-of-Organic-Modification_4967	fetched		521918	f3050f266bf6acc52a48121456bd4cb0b1d51de31ee7b0edb64568fcdd28f2a6	4967-0.txt
Samuel Butler	6092	The Fair Haven	The-Fair-Haven_6092	fetched		508726	5d6faffb8d79bfef83742e3962393e668bee351020f9ad9c81200db336f25cf8	6092-0.txt
Samuel Butler	6138	Life and Habit	Life-and-Habit_6138	fetched		519826	888dfb490e70d867d3d3c188704deba87b4d93b6a7f6100c15a42d0c0172d6da	6138-0.txt
Samuel Butler	6173	The Note-Books of Samuel Butler	The-Note-Books-of-Samuel-Butler_6173	fetched		835641	7660c4ff6b5c024c2299769f3644f9a5cb81acf39fd72b08500eec5ab14c5d19	6173-0.txt
Samuel Butler	6605	Unconscious Memory	Unconscious-Memory_6605	fetched		461411	db2f3a2871a8c08e452d4a08d9ffd4b2e7da54a910e8c7c378a22df04e3ea80b	6605-0.txt
Samuel Butler	12651	The Humour of Homer and Other Essays	The-Humour-of-Homer-and-Other-Essays_12651	fetched		542083	6550c93b9d6bbfa97b9bc78f8e288e79f52a6a6a1e227ad5e7664fc6c8785c60	12651.txt
Samuel Butler	17124	The Atlas of Ancient and Classical Geography	The-Atlas-of-Ancient-and-Classical-Geography_17124	fetched		31798	a423ecfcd045b22516bcd3239ac76ac098b06db15414c4ee5320d02c422736bb	17124.txt
Samuel Butler	19610	Selections from Previous Works	Selections-from-Previous-Works_19610	unavailable				
Samuel Butler	23427	Evolution, Old & New	Evolution-Old-New_23427	unavailable				
Samuel Butler	49324	The Authoress of the Odyssey	The-Authoress-of-the-Odyssey_49324	unavailable				
Samuel Daniel	18842	Elizabethan Sonnet-Cycles: Delia - Diana	Elizabethan-Sonnet-Cycles-Delia-Diana_18842	unavailable				
Samuel Johnson	577	The Works of Samuel Johnson, in Sixteen Volumes. Volume 04	The-Works-of-Samuel-Johnson-in-Sixteen-Volumes-Volume-04_577	unavailable				
Samuel Johnson	652	Rasselas, Prince of Abyssinia	Rasselas-Prince-of-Abyssinia_652	fetched		245949	e4abf83c12c0f0cdb1aa83607c45eee94c6112122d40d8ca2d5ed934cf994917	652-0.txt
Samuel Johnson	2064	A Journey to the Western Islands of Scotland	A-Journey-to-the-Western-Islands-of-Scotland_2064	fetched		349509	7082a0c2d63c7e84b86c9cbede8b8251ab20c35fe4a08b9a6d5791a46ae150a2	2064.txt
Samuel Johnson	4678	Lives of the English Poets	Lives-of-the-English-Poets_4678	unavailable				
Samuel Johnson	4679	Johnson's Lives of the Poets — Volume 1	Johnson-s-Lives-of-the-Poets-Volume-1_4679	unavailable				
Samuel Johnson	5098	Lives of the English Poets : Waller, Milton, Cowley	Lives-of-the-English-Poets-Waller-Milton-Cowley_5098	fetched		366204	60d3b0c18c800df50d13f5997c039f87d30db7662beebab208758b27fa9ff9a5	5098-0.txt
Samuel Johnson	5101	Lives of the English Poets : Prior, Congreve, Blackmore, Pope	Lives-of-the-English-Poets-Prior-Congreve-Blackmore-Pope_5101	fetched		383343	2821a4e953364eaf5df817228a68f44e3549c4bc10ece23ff6e76a8a2bb46d57	5101-0.txt
Samuel Johnson	5429	Preface to Shakespeare	Preface-to-Shakespeare_5429	fetched		149518	488f58f769fea424e79de7027623ece30087f5af5f03047511b1ca3386396074	5429.txt
Samuel Johnson	5430	Preface to a Dictionary of the English Language	Preface-to-a-Dictionary-of-the-English-Language_5430	fetched		74454	5a80b4306ead340c5a9c9d3708b42094d2d21ba7af23ebdac9f8deab72bd6903	5430.txt
Samuel Johnson	7780	Notes to Shakespeare — Volume 01: Comedies	Notes-to-Shakespeare-Volume-01-Comedies_7780	fetched		396472	c8d6d29f7ac49db2a5dd6330b13d671befaea51a5400129cb2b025226586a96f	7780.txt
Samuel Johnson	9823	Lives of the Poets, Volume 1	Lives-of-the-Poets-Volume-1_9823	fetched		993732	3c9f09a7123b2ddd866f11518259e05f62c07af97f88c9ee042faddbbe326746	9823-8.txt
Samuel Johnson	10350	The Works of Samuel Johnson, LL.D. in Eleven Volumes, Volume 06	The-Works-of-Samuel-Johnson-LL-D-in-Eleven-Volumes-Volume-06_10350	unavailable				
Samuel Johnson	10351	The Works of Samuel Johnson, LL.D. Volume 10	The-Works-of-Samuel-Johnson-LL-D-Volume-10_10351	unavailable				
Samuel Johnson	10352	The Works of Samuel Johnson, LL.D. Volume 11.	The-Works-of-Samuel-Johnson-LL-D-Volume-11_10352	unavailable				
Samuel Johnson	10835	Dr. Johnson's Works: Life, Poems, and Tales, Volume 1	Dr-Johnson-s-Works-Life-Poems-and-Tales-Volume-1_10835	unavailable				
Samuel Johnson	11254	Poetical Works of Johnson, Parnell, Gray, and Smollett	Poetical-Works-of-Johnson-Parnell-Gray-and-Smollett_11254	unavailable				
Samuel Johnson	11397	The Works of Samuel Johnson, LL.D. in Nine Volumes, Volume 03	The-Works-of-Samuel-Johnson-LL-D-in-Nine-Volumes-Volume-03_11397	unavailable				
Samuel Johnson	11768	The Works of Samuel Johnson, LL.D. in Nine Volumes, Volume 05	The-Works-of-Samuel-Johnson-LL-D-in-Nine-Volumes-Volume-05_11768	unavailable				
Samuel Johnson	12050	The Works of Samuel Johnson, LL.D. in Nine Volumes, Volume 04	The-Works-of-Samuel-Johnson-LL-D-in-Nine-Volumes-Volume-04_12050	unavailable				
Samuel Johnson	13350	The Vanity of Human Wishes (1749) and Two Rambler papers (1750)	The-Vanity-of-Human-Wishes-1749-and-Two-Rambler-papers-1750_13350	unavailable				
Samuel Johnson	15097	A Grammar of the English Tongue	A-Grammar-of-the-English-Tongue_15097	fetched		126428	11bd681a2accef4ab01ffcb38641cfee9f85de4f59c1276787aac141fcf11038	15097.txt
Samuel Johnson	15566	Notes to Shakespeare, Volume III: The Tragedies	Notes-to-Shakespeare-Volume-III-The-Tragedies_15566	unavailable				
Samuel Johnson	24218	The Works of Samuel Johnson, LL.D. in Nine Volumes, Volume 08	The-Works-of-Samuel-Johnson-LL-D-in-Nine-Volumes-Volume-08_24218	unavailable				
Samuel Johnson	34766	Shorter Novels, Eighteenth Century	Shorter-Novels-Eighteenth-Century_34766	unavailable				
Samuel Johnson	43656	The Works of Samuel Johnson, LL.D. in Nine Volumes, Volume 02	The-Works-of-Samuel-Johnson-LL-D-in-Nine-Volumes-Volume-02_43656	unavailable				
Samuel Taylor Coleridge	151	The Rime of the Ancient Mariner	The-Rime-of-the-Ancient-Mariner_151	fetched		44188	bd49c8f0363e058d795de635c22870be208a76fca5ba99edffc40e258e0a9554	151.txt
Samuel Taylor Coleridge	2575	Confessions of an Inquiring Spirit and Some Miscellaneous Pieces	Confessions-of-an-Inquiring-Spirit-and-Some-Miscellaneous-Pieces_2575	fetched		284635	efbc6d4b8adc0f42ea89a98e651f2a4e8022a4aaf5474306ced2d5e5b6b0b0c4	2575-0.txt
Samuel Taylor Coleridge	6081	Biographia Literaria	Biographia-Literaria_6081	fetched		856298	342f2f024e30ecaa3095691eb4555be49c27a5dfaf779a9c63321b7984109445	6081.txt
Samuel Taylor Coleridge	8208	Poems of Coleridge	Poems-of-Coleridge_8208	fetched		296565	0d3c6ae68f4b66a5e739b30b2f3e71f864fe4761283da4f06ca6a7c0d68d479d	8208-8.txt
Samuel Taylor Coleridge	8210	Biographia Epistolaris, Volume 1	Biographia-Epistolaris-Volume-1_8210	fetched		584222	366c012afc955ccda5df7546b965281a95fec90d66a1588c9e9b82300f6a06d6	8210-8.txt
Samuel Taylor Coleridge	8488	The Literary Remains of Samuel Taylor Coleridge, Volume 1	The-Literary-Remains-of-Samuel-Taylor-Coleridge-Volume-1_8488	fetched		567907	3898be26156a07142b113c43bdd856425a4c098651720026edb2d41b614d0b1a	8488-8.txt
Samuel Taylor Coleridge	8489	Specimens of the Table Talk of Samuel Taylor Coleridge	Specimens-of-the-Table-Talk-of-Samuel-Taylor-Coleridge_8489	fetched		677653	2ca04056d14304d3cc3b2c4c43da145bddb291a67e3027fbd385d735dc1027c9	8489-8.txt
Samuel Taylor Coleridge	8533	The Literary Remains of Samuel Taylor Coleridge, Volume 2	The-Literary-Remains-of-Samuel-Taylor-Coleridge-Volume-2_8533	fetched		585874	03af1d09425e881ed7a6a268b238a3aa1f255d8c7efb552d811bf2051d0d3ea4	8533.txt
Samuel Taylor Coleridge	8956	The Literary Remains of Samuel Taylor Coleridge, Volume 3	The-Literary-Remains-of-Samuel-Taylor-Coleridge-Volume-3_8956	fetched		637495	001e364edeb37d2ccb867b538503626ef3fd233b976384527f241273c4bec278	8956.txt
Samuel Taylor Coleridge	9622	Lyrical Ballads, With a Few Other Poems (1798)	Lyrical-Ballads-With-a-Few-Other-Poems-1798_9622	unavailable				
Samuel Taylor Coleridge	10801	The Literary Remains of Samuel Taylor Coleridge, Volume 4	The-Literary-Remains-of-Samuel-Taylor-Coleridge-Volume-4_10801	fetched		680973	71c6f47f7253fb3425ba7a84a3751fd1a5abb0f9d255fdc75dc38d666e878bce	10801.txt
Samuel Taylor Coleridge	11101	Coleridge's Ancient Mariner and Select Poems	Coleridge-s-Ancient-Mariner-and-Select-Poems_11101	fetched		231785	e6cd796f29ec410de87ec0a7569762d43b97405a38f133deefdfd43b05a5162c	11101-8.txt
Samuel Taylor Coleridge	12713	The Rhyme of the Ancient Mariner	The-Rhyme-of-the-Ancient-Mariner_12713	unavailable				
Samuel Taylor Coleridge	21589	The Rime of the Ancient Mariner	The-Rime-of-the-Ancient-Mariner_21589	unavailable				
Samuel Taylor Coleridge	24346	Hints towards the formation of a more comprehensive theory of life.	Hints-towards-the-formation-of-a-more-comprehensive-theory-of-life_24346	unavailable				
Samuel Taylor Coleridge	25585	Shakespeare, Ben Jonson, Beaumont and Fletcher	Shakespeare-Ben-Jonson-Beaumont-and-Fletcher_25585	fetched		456140	162ec3160b77acefaf8801a62554e5d4303724c87464b2fbd03e8ff646621f98	25585.txt
Samuel Taylor Coleridge	29090	The Complete Poetical Works of Samuel Taylor Coleridge. Vol 1 and 2	The-Complete-Poetical-Works-of-Samuel-Taylor-Coleridge-Vol-1-and-2_29090	unavailable				
Samuel Taylor Coleridge	29091	The Complete Poetical Works of Samuel Taylor Coleridge. Vol 1 (of 2)	The-Complete-Poetical-Works-of-Samuel-Taylor-Coleridge-Vol-1-of-2_29091	unavailable				
Samuel Taylor Coleridge	29092	The Complete Poetical Works of Samuel Taylor Coleridge. Vol 2 (of 2)	The-Complete-Poetical-Works-of-Samuel-Taylor-Coleridge-Vol-2-of-2_29092	unavailable				
Samuel Taylor Coleridge	41705	Anima Poetæ	Anima-Poet_41705	unavailable				
Samuel Taylor Coleridge	43099	Biographia Epistolaris, Volume 2	Biographia-Epistolaris-Volume-2_43099	unavailable				
Samuel Taylor Coleridge	44553	Letters of Samuel Taylor Coleridge, Vol. 1 (of 2)	Letters-of-Samuel-Taylor-Coleridge-Vol-1-of-2_44553	unavailable				
Samuel Taylor Coleridge	44554	Letters of Samuel Taylor Coleridge, Vol. 2 (of 2)	Letters-of-Samuel-Taylor-Coleridge-Vol-2-of-2_44554	unavailable				
Samuel Taylor Coleridge	44795	Aids to Reflection; and, The Confessions of an Inquiring Spirit	Aids-to-Reflection-and-The-Confessions-of-an-Inquiring-Spirit_44795	unavailable				
Samuel Taylor Coleridge	59226	Index of the Project Gutenberg Works of Samuel Taylor Coleridge	Index-of-the-Project-Gutenberg-Works-of-Samuel-Taylor-Coleridge_59226	fetched		95730	cb529ee631696f71d3557ac8ba0c472acc068b0855b985c28fe953be3bb11145	59226-0.txt
Sigmund Freud	14969	Three Contributions to the Theory of Sex	Three-Contributions-to-the-Theory-of-Sex_14969	fetched		291865	9e80b29341334bc0975e081b43451087161229115c045c1b2bf8cc2937c90719	14969.txt
Sigmund Freud	15489	Dream Psychology: Psychoanalysis for Beginners	Dream-Psychology-Psychoanalysis-for-Beginners_15489	unavailable				
Sigmund Freud	34300	Leonardo da Vinci: A Psychosexual Study of an Infantile Reminiscence	Leonardo-da-Vinci-A-Psychosexual-Study-of-an-Infantile-Reminiscence_34300	unavailable				
Sigmund Freud	35875	Reflections on War and Death	Reflections-on-War-and-Death_35875	fetched		77559	d1cb9832b66b4b002f96ae33fcb37724c98b9c6fa43d954baa13a3c06682b24f	35875-8.txt
Sigmund Freud	35877	Group Psychology and The Analysis of The Ego	Group-Psychology-and-The-Analysis-of-The-Ego_35877	fetched		206322	72301cf76c48f49a818e67608140bde1cb83e3fb9c4dadb69a7d10893935b595	35877-0.txt
Sigmund Freud	38219	A General Introduction to Psychoanalysis	A-General-Introduction-to-Psychoanalysis_38219	fetched		974124	db0c50a168d7252499ad4e8197eedf3afeaac4e1af6cec04b759ad501a1f6726	38219-0.txt
Sigmund Freud	41214	Totem and Taboo	Totem-and-Taboo_41214	unavailable				
Sigmund Freud	44917	Delusion and Dream : an Interpretation in the Light of Psychoanalysis of Gradiva	Delusion-and-Dream-an-Interpretation-in-the-Light-of-Psychoanalysis-of-Gradiva_44917	unavailable				
Sigmund Freud	55443	Psycho-Analysis and the War Neuroses	Psycho-Analysis-and-the-War-Neuroses_55443	fetched		180458	e093bc9f8d74fe2f713aaa2e9597c51dd55b9d6dde4c2d18384cee166835a584	55443-0.txt
Sigmund Freud	66048	The Interpretation of Dreams	The-Interpretation-of-Dreams_66048	fetched		1273047	ca071a72aac7db0868b7880a9fa1c3bb3f777370ecfa4d5e992788cfa0c83cff	66048-0.txt
Sigmund Freud	67332	Psychopathology of Everyday Life	Psychopathology-of-Everyday-Life_67332	fetched		455570	936f4e3c2e4eb5f4023c18ff0a7eade1e0e8ec9faa94d189dc8f69480ed8bf3a	67332-0.txt
Simeon Strunsky	19359	The Patient Observer and His Friends	The-Patient-Observer-and-His-Friends_19359	unavailable				
Simeon Strunsky	39657	Through the Outlooking Glass	Through-the-Outlooking-Glass_39657	fetched		71316	6dfcee811bfedb306ff859fe2e62b79000e24e9dcc05319b0eeb8eb191cd13e2	39657-8.txt
Simeon Strunsky	40232	Post-Impressions: An Irresponsible Chronicle	Post-Impressions-An-Irresponsible-Chronicle_40232	unavailable				
Sinclair Lewis	543	Main Street	Main-Street_543	fetched		997935	4443dbb7dd7f4d4ac7ed79ac5a4c2cf3ed0d11552f8da7eef0a966f47985d91c	543-0.txt
Sinclair Lewis	1156	Babbitt	Babbitt_1156	fetched		743829	3fa949e3babb9083498729d9a93d434d5796517ffb8c1b9f5bcc05438f142177	1156-0.txt
Sinclair Lewis	4961	Our Mr. Wrenn: The Romantic Adventures of a Gentle Man	Our-Mr-Wrenn-The-Romantic-Adventures-of-a-Gentle-Man_4961	fetched		462001	3f38cdc2af38c796f6b644d632b4533273fbf29d1b6c4a99a1b44d7786eaaa8a	4961.txt
Sinclair Lewis	25430	The Innocents: A Story for Lovers	The-Innocents-A-Story-for-Lovers_25430	unavailable				
Sinclair Lewis	25474	The Job: An American Novel	The-Job-An-American-Novel_25474	unavailable				
Sinclair Lewis	26610	The Trail of the Hawk: A Comedy of the Seriousness of Life	The-Trail-of-the-Hawk-A-Comedy-of-the-Seriousness-of-Life_26610	unavailable				
Sinclair Lewis	26732	Free Air	Free-Air_26732	fetched		498925	7b4d62c4e4002e9dee49a6634a681de189e63bf36dd1c8f474106652012449df	26732-8.txt
Sojourner Truth	1674	The Narrative of Sojourner Truth	The-Narrative-of-Sojourner-Truth_1674	fetched		212913	7310e695e39fbb7b27a04314fb8d2db75db68ee657f67bd8564bda5616d0809c	1674.txt
Sophocles	31	Plays of Sophocles: Oedipus the King; Oedipus at Colonus; Antigone	Plays-of-Sophocles-Oedipus-the-King-Oedipus-at-Colonus-Antigone_31	unavailable				
Sophocles	806	Philoktetes	Philoktetes_806	fetched		94639	8720ea044bd5ee4688ce7a1812d62369074e4a1e896a1d9a050c6432c0193a40	806.txt
Sophocles	7073	Specimens of Greek Tragedy — Aeschylus and Sophocles	Specimens-of-Greek-Tragedy-Aeschylus-and-Sophocles_7073	fetched		267101	7d4ae4c2621c99efde936debd7de7eb0591fc7a78c23750ed2283ee7b3a706b7	7073-8.txt
Sophocles	14484	The Seven Plays in English Verse	The-Seven-Plays-in-English-Verse_14484	fetched		566554	bebf07209f213aa409b3a7213b1bf5ef092eeea76c86b1b3ffdb5d3ffa37e2bc	14484.txt
Sophocles	19559	Book of illustrations : Ancient Tragedy	Book-of-illustrations-Ancient-Tragedy_19559	unavailable				
Sophocles	27673	Oedipus King of Thebes	Oedipus-King-of-Thebes_27673	unavailable				
Stephen Leacock	3532	My Discovery of England	My-Discovery-of-England_3532	fetched		270883	9498a6c65cb14da5a93f59eab98a5d0a488a3a88b01e5de053b4cc67d520b989	3532.txt
Stephen Leacock	3533	Sunshine Sketches of a Little Town	Sunshine-Sketches-of-a-Little-Town_3533	fetched		354216	1638fe49f2b9dd141d679d74a50b92a66a88d3cc0a24c96564f1130db013ca58	3533.txt
Stephen Leacock	4020	Arcadian Adventures with the Idle Rich	Arcadian-Adventures-with-the-Idle-Rich_4020	fetched		400926	987948a4500fbe4c37696f9b7b4664f9b7f1d3b0eeba66bd1f8930d86415c919	4020.txt
Stephen Leacock	4064	Moonbeams from the Larger Lunacy	Moonbeams-from-the-Larger-Lunacy_4064	fetched		230034	9bd2214e4ec535dced7217f75e6e506a70357d63d77119852e8f0070cede3fd8	4064.txt
Stephen Leacock	4069	The Dawn of Canadian History : A Chronicle of Aboriginal Canada	The-Dawn-of-Canadian-History-A-Chronicle-of-Aboriginal-Canada_4069	unavailable				
Stephen Leacock	4077	The Mariner of St. Malo : A chronicle of the voyages of Jacques Cartier	The-Mariner-of-St-Malo-A-chronicle-of-the-voyages-of-Jacques-Cartier_4077	unavailable				
Stephen Leacock	4682	Nonsense Novels	Nonsense-Novels_4682	fetched		199038	d39817519700316182b793dbb78ada134266c65bb5ef823f54040b9551e1cecd	4682.txt
Stephen Leacock	4781	The Hohenzollerns in America	The-Hohenzollerns-in-America_4781	unavailable				
Stephen Leacock	6340	Literary Lapses	Literary-Lapses_6340	fetched		257228	ce82ef16ae230fb4c916e7589fe56dff76ab04b2f0b65ba68f6a05bccafa9498	6340.txt
Stephen Leacock	8457	Frenzied Fiction	Frenzied-Fiction_8457	fetched		298904	cb64ea6f19f308bc6cf99edf69abf7c55739235dacaacf268aaf1274b31bb225	8457-0.txt
Stephen Leacock	11504	Further Foolishness	Further-Foolishness_11504	fetched		298122	91bd586c0800de42def71607bae0cda89bb633b298ecb9794215133426b7d227	11504.txt
Stephen Leacock	20633	Winsome Winnie and other New Nonsense Novels	Winsome-Winnie-and-other-New-Nonsense-Novels_20633	fetched		245931	eff187950b3ca9c68452073b05fcfc3119cbb6d6397c50887661a646fa629db4	20633-8.txt
Stephen Leacock	22651	The Unsolved Riddle of Social Justice	The-Unsolved-Riddle-of-Social-Justice_22651	fetched		171863	92e4ec3b51e925b3b1ac418980efafc1e56dfb330af5f315cacd7c8b15763e4e	22651-8.txt
Stephen Leacock	23449	Behind the Beyond, and Other Contributions to Human Knowledge	Behind-the-Beyond-and-Other-Contributions-to-Human-Knowledge_23449	fetched		188272	7a0febf7e37fec189c2f5b7984026073cf8cfbb048b700598f6609a81bf84ae3	23449.txt
Stephen Leacock	28919	Frenzied Fiction	Frenzied-Fiction_28919	unavailable				
Stephen Leacock	30039	Adventurers of the Far North: A Chronicle of the Frozen Seas	Adventurers-of-the-Far-North-A-Chronicle-of-the-Frozen-Seas_30039	unavailable				
Stephen Leacock	58439	Index of the Project Gutenberg Works of Stephen Leacock	Index-of-the-Project-Gutenberg-Works-of-Stephen-Leacock_58439	fetched		32451	adf6dc316ffcff025f543e9db29ee4d7345a489461221c31ae8346cb94f6b56c	58439-0.txt
Sydney Smith	4063	Peter Plymley's Letters, and Selected Essays	Peter-Plymley-s-Letters-and-Selected-Essays_4063	fetched		325451	37dbe2a32255699a83302d808a151c66ecd58533488da49500202a831522ca7c	4063-0.txt
Tecumseh	2616	Memoirs of General William T. Sherman — Volume 1	Memoirs-of-General-William-T-Sherman-Volume-1_2616	excluded	name collision: matched William Tecumseh Sherman, not Tecumseh the Shawnee leader			
Tecumseh	2617	Memoirs of General William T. Sherman — Volume 2	Memoirs-of-General-William-T-Sherman-Volume-2_2617	excluded	name collision: matched William Tecumseh Sherman, not Tecumseh the Shawnee leader			
Tecumseh	4361	Memoirs of General William T. Sherman — Complete	Memoirs-of-General-William-T-Sherman-Complete_4361	excluded	name collision: matched William Tecumseh Sherman, not Tecumseh the Shawnee leader			
Tecumseh	4546	Memoirs of the Union's Three Great Civil War Generals	Memoirs-of-the-Union-s-Three-Great-Civil-War-Generals_4546	excluded	name collision: matched William Tecumseh Sherman, not Tecumseh the Shawnee leader			
Tecumseh	5850	Memoirs of General W. T. Sherman, Volume I., Part 1	Memoirs-of-General-W-T-Sherman-Volume-I-Part-1_5850	excluded	name collision: matched William Tecumseh Sherman, not Tecumseh the Shawnee leader			
Tecumseh	5851	Memoirs of General W. T. Sherman, Volume I., Part 2	Memoirs-of-General-W-T-Sherman-Volume-I-Part-2_5851	excluded	name collision: matched William Tecumseh Sherman, not Tecumseh the Shawnee leader			
Tecumseh	5852	Memoirs of General W. T. Sherman, Volume II., Part 3	Memoirs-of-General-W-T-Sherman-Volume-II-Part-3_5852	excluded	name collision: matched William Tecumseh Sherman, not Tecumseh the Shawnee leader			
Tecumseh	5853	Memoirs of General W. T. Sherman, Volume II., Part 4	Memoirs-of-General-W-T-Sherman-Volume-II-Part-4_5853	excluded	name collision: matched William Tecumseh Sherman, not Tecumseh the Shawnee leader			
Tecumseh	57383	Project Gutenberg Edition of The Memoirs of Four Civil War Generals	Project-Gutenberg-Edition-of-The-Memoirs-of-Four-Civil-War-Generals_57383	excluded	name collision: matched William Tecumseh Sherman, not Tecumseh the Shawnee leader			
Theodore Roosevelt	1864	Hero Tales from American History	Hero-Tales-from-American-History_1864	fetched		326352	4871baf1ec3580bf3ef6ee7dfe9d8686675bbca7e7c88de4723accd1d6294b9d	1864.txt
Theodore Roosevelt	3335	Theodore Roosevelt: An Autobiography	Theodore-Roosevelt-An-Autobiography_3335	unavailable				
Theodore Roosevelt	3337	Hunting the Grisly and Other Sketches	Hunting-the-Grisly-and-Other-Sketches_3337	unavailable				
Theodore Roosevelt	5032	State of the Union Addresses	State-of-the-Union-Addresses_5032	fetched		966924	78fcb9acf8ac5c772f10b566e5c126bc24a086663efa555c80c523d92f9bf1a5	5032.txt
Theodore Roosevelt	6467	Letters to His Children	Letters-to-His-Children_6467	fetched		253472	720de6b2cabaeb7c0b7e6ec58f4769f1bd827f39262268a7007495295865b9c0	6467.txt
Theodore Roosevelt	9104	The Naval War of 1812	The-Naval-War-of-1812_9104	unavailable				
Theodore Roosevelt	10155	The Right of the People to Rule	The-Right-of-the-People-to-Rule_10155	unavailable				
Theodore Roosevelt	11746	Through the Brazilian Wilderness	Through-the-Brazilian-Wilderness_11746	fetched		674599	0b8021dafeb27e08444648ffb9a027c695692a3fd6095fdfec46c02ed418034d	11746-8.txt
Theodore Roosevelt	11941	The Winning of the West, Volume 1	The-Winning-of-the-West-Volume-1_11941	unavailable				
Theodore Roosevelt	11942	The Winning of the West, Volume 2	The-Winning-of-the-West-Volume-2_11942	unavailable				
Theodore Roosevelt	11943	The Winning of the West, Volume 3	The-Winning-of-the-West-Volume-3_11943	unavailable				
Theodore Roosevelt	11944	The Winning of the West, Volume 4	The-Winning-of-the-West-Volume-4_11944	unavailable				
Theodore Roosevelt	13000	The Rough Riders	The-Rough-Riders_13000	fetched		384335	d1221e8efc3a6081a0dde6499162e21a787d290d3d897897637f7bdfad3b7c3d	13000.txt
Theodore Roosevelt	13891	A Compilation of the Messages and Papers of the Presidents. Section 2 (of 2) of Supplemental Volume: Theodore Roosevelt, Supplement	A-Compilation-of-the-Messages-and-Papers-of-the-Presidents-Section-2-of-2-of-Supplemental-Volume-Theodore-Roosevelt-Supplement_13891	unavailable				
Theodore Roosevelt	13930	African and European Addresses	African-and-European-Addresses_13930	fetched		337028	a1c644a7e856c56e38f97cd7d5bafb2dfb8b9bde37fa32d082df14003a2238cf	13930.txt
Theodore Roosevelt	34135	A Book-Lover's Holidays in the Open	A-Book-Lover-s-Holidays-in-the-Open_34135	fetched		501350	87ef685acb59f105a446e350830768e7910c5005eea1f06d89727cc86bba01c7	34135-0.txt
Theodore Roosevelt	36292	Average Americans	Average-Americans_36292	fetched		293794	b41022d506b7c44d0c3593074598f1b33005b489920dfc43bdb11f739b2a12e4	36292-8.txt
Theodore Roosevelt	37656	Thomas Hart Benton	Thomas-Hart-Benton_37656	fetched		525833	ef9a52ecf9d31a0ff5d5dede7dc9e506c22890d6b3e24c684283e15849260b2b	37656.txt
Theodore Roosevelt	39915	Gouverneur Morris	Gouverneur-Morris_39915	fetched		521980	e760a34901612ea4771dc5ff45941c57d14a760776dd3dc68ea6ac66799630eb	39915-8.txt
Theodore Roosevelt	53651	America and the World War	America-and-the-World-War_53651	fetched		417085	86c0c43b6b0736aa6445e053e8eb4e828ce6525f2ac04be1928ddbc83b741725	53651-0.txt
Theodore Roosevelt	58821	The Strenuous Life	The-Strenuous-Life_58821	unavailable				
Theodore Roosevelt	61935	Outdoor pastimes of an American hunter	Outdoor-pastimes-of-an-American-hunter_61935	fetched		719144	4a6059543cf71b2dcc5bd22b29609f3d9bf7465cf13dfdc3a549c5fd813fb9d0	61935-0.txt
Theodore Roosevelt	63051	Oliver Cromwell	Oliver-Cromwell_63051	fetched		414320	3433f77defba76306b4b5fcbc0443abca25b5c42118635f59c4bbf1e3e89b8f6	63051-0.txt
Theodore Roosevelt	64224	American problems	American-problems_64224	fetched		133587	a59456f1dd24be9add56a2a66fdcfeb3696de825a412cf84fa3ffa8b336079ee	64224-0.txt
Theodore Roosevelt	66890	A Square Deal	A-Square-Deal_66890	fetched		224868	14aaa34c79a33b8c7d7f26e00a4786751bc7adc4fba2619edef349a73f2d77a5	66890-0.txt
Thomas Aquinas	17611	Summa Theologica, Part I (Prima Pars)	Summa-Theologica-Part-I-Prima-Pars_17611	unavailable				
Thomas Aquinas	17897	Summa Theologica, Part I-II (Pars Prima Secundae)	Summa-Theologica-Part-I-II-Pars-Prima-Secundae_17897	unavailable				
Thomas Aquinas	18755	Summa Theologica, Part II-II (Secunda Secundae)	Summa-Theologica-Part-II-II-Secunda-Secundae_18755	unavailable				
Thomas Aquinas	19950	Summa Theologica, Part III (Tertia Pars)	Summa-Theologica-Part-III-Tertia-Pars_19950	unavailable				
Thomas Aquinas	22295	On Prayer and The Contemplative Life	On-Prayer-and-The-Contemplative-Life_22295	fetched		451177	36a5acd34f70dce1000a8f9c756da88cb55c987dbcbc4ab3839807852afca18e	22295.txt
Thomas Campbell	41766	The Jesuits, 1534-1921	The-Jesuits-1534-1921_41766	unavailable				
Thomas Campbell	59788	The Poetical Works of Thomas Campbell	The-Poetical-Works-of-Thomas-Campbell_59788	fetched		452574	b6daf418b9809c9dfe32905f1b8d9c851d4af71353332bd23f2b8946ecb84142	59788-0.txt
Thomas Carlyle	1051	Sartor Resartus: The Life and Opinions of Herr Teufelsdröckh	Sartor-Resartus-The-Life-and-Opinions-of-Herr-Teufelsdrockh_1051	unavailable				
Thomas Carlyle	1085	Life of John Sterling	Life-of-John-Sterling_1085	fetched		544373	1f42e71b79b519d2532227d2550789d687a97b1410245feb9856e94ac79a9e8a	1085.txt
Thomas Carlyle	1091	On Heroes, Hero-Worship, and the Heroic in History	On-Heroes-Hero-Worship-and-the-Heroic-in-History_1091	fetched		529346	71785a1369034a8b30c23994969c662768ca282da197b08025930048c181c365	1091.txt
Thomas Carlyle	1140	Latter-Day Pamphlets	Latter-Day-Pamphlets_1140	fetched		457946	6400548401f2605998d334ce0ba3a10c96cfe7049084edbe138df06299829753	1140.txt
Thomas Carlyle	1301	The French Revolution: A History	The-French-Revolution-A-History_1301	unavailable				
Thomas Carlyle	1932	Early Kings of Norway	Early-Kings-of-Norway_1932	fetched		242565	21002c35c2a5d83b53dcef5f95eac330ef26931dc77ec1926e18c20c72495e4a	1932.txt
Thomas Carlyle	2101	History of Friedrich II of Prussia — Volume 01	History-of-Friedrich-II-of-Prussia-Volume-01_2101	unavailable				
Thomas Carlyle	2102	History of Friedrich II of Prussia — Volume 02	History-of-Friedrich-II-of-Prussia-Volume-02_2102	unavailable				
Thomas Carlyle	2103	History of Friedrich II of Prussia — Volume 03	History-of-Friedrich-II-of-Prussia-Volume-03_2103	unavailable				
Thomas Carlyle	2104	History of Friedrich II of Prussia — Volume 04	History-of-Friedrich-II-of-Prussia-Volume-04_2104	unavailable				
Thomas Carlyle	2105	History of Friedrich II of Prussia — Volume 05	History-of-Friedrich-II-of-Prussia-Volume-05_2105	unavailable				
Thomas Carlyle	2106	History of Friedrich II of Prussia — Volume 06	History-of-Friedrich-II-of-Prussia-Volume-06_2106	unavailable				
Thomas Carlyle	2107	History of Friedrich II of Prussia — Volume 07	History-of-Friedrich-II-of-Prussia-Volume-07_2107	unavailable				
Thomas Carlyle	2108	History of Friedrich II of Prussia — Volume 08	History-of-Friedrich-II-of-Prussia-Volume-08_2108	unavailable				
Thomas Carlyle	2109	History of Friedrich II of Prussia — Volume 09	History-of-Friedrich-II-of-Prussia-Volume-09_2109	unavailable				
Thomas Carlyle	2110	History of Friedrich II of Prussia — Volume 10	History-of-Friedrich-II-of-Prussia-Volume-10_2110	unavailable				
Thomas Carlyle	2111	History of Friedrich II of Prussia — Volume 11	History-of-Friedrich-II-of-Prussia-Volume-11_2111	unavailable				
Thomas Carlyle	2112	History of Friedrich II of Prussia — Volume 12	History-of-Friedrich-II-of-Prussia-Volume-12_2112	unavailable				
Thomas Carlyle	2113	History of Friedrich II of Prussia — Volume 13	History-of-Friedrich-II-of-Prussia-Volume-13_2113	unavailable				
Thomas Carlyle	2114	History of Friedrich II of Prussia — Volume 14	History-of-Friedrich-II-of-Prussia-Volume-14_2114	unavailable				
Thomas Carlyle	2115	History of Friedrich II of Prussia — Volume 15	History-of-Friedrich-II-of-Prussia-Volume-15_2115	unavailable				
Thomas Carlyle	2116	History of Friedrich II of Prussia — Volume 16	History-of-Friedrich-II-of-Prussia-Volume-16_2116	unavailable				
Thomas Carlyle	2117	History of Friedrich II of Prussia — Volume 17	History-of-Friedrich-II-of-Prussia-Volume-17_2117	unavailable				
Thomas Carlyle	2118	History of Friedrich II of Prussia — Volume 18	History-of-Friedrich-II-of-Prussia-Volume-18_2118	unavailable				
Thomas Carlyle	2119	History of Friedrich II of Prussia — Volume 19	History-of-Friedrich-II-of-Prussia-Volume-19_2119	unavailable				
Thomas Chandler Haliburton	5817	The Clockmaker — or, the Sayings and Doings of Samuel Slick, of Slickville	The-Clockmaker-or-the-Sayings-and-Doings-of-Samuel-Slick-of-Slickville_5817	fetched		395692	4d837c7af64e880e1987417cc23ce521eac2f1a7b3c036d7b0c1b86c81dc1b86	5817.txt
Thomas Chandler Haliburton	5868	Nothing to Eat	Nothing-to-Eat_5868	fetched		64053	fa4bfb79614c16ff2dc90480810ae275494ad3982db842780ff6c0658f919d79	5868-0.txt
Thomas Chandler Haliburton	6112	Nature and Human Nature	Nature-and-Human-Nature_6112	fetched		909194	c08d46b7c7731d5c814913f347c6de739215281dee856955a9250fe458fc5839	6112.txt
Thomas Chandler Haliburton	7821	The Attaché; or, Sam Slick in England — Volume 01	The-Attache-or-Sam-Slick-in-England-Volume-01_7821	unavailable				
Thomas Chandler Haliburton	7822	The Attaché; or, Sam Slick in England — Volume 02	The-Attache-or-Sam-Slick-in-England-Volume-02_7822	unavailable				
Thomas Chandler Haliburton	7823	The Attaché; or, Sam Slick in England — Complete	The-Attache-or-Sam-Slick-in-England-Complete_7823	unavailable				
Thomas Chandler Haliburton	9196	The Clockmaker; Or, the Sayings and Doings of Samuel Slick, of Slickville	The-Clockmaker-Or-the-Sayings-and-Doings-of-Samuel-Slick-of-Slickville_9196	fetched		405123	534da42441bce08da650271b68e8e954576517cc08d14dcbff0fc6bd1d1a82fd	9196.txt
Thomas Hardy	27	Far from the Madding Crowd	Far-from-the-Madding-Crowd_27	fetched		801066	51ee1db8f514ed11868bd71318c7252bb662ae922360ab2583f9311e531d02ab	27.txt
Thomas Hardy	107	Far from the Madding Crowd	Far-from-the-Madding-Crowd_107	fetched		816286	b169ca87e3db550d6388cae1c067f0bd040a111a17a715e0794525cd416e5584	107.txt
Thomas Hardy	110	Tess of the d'Urbervilles: A Pure Woman	Tess-of-the-d-Urbervilles-A-Pure-Woman_110	unavailable				
Thomas Hardy	122	The Return of the Native	The-Return-of-the-Native_122	fetched		831836	4897f18e4a853b898e09eacdd4556f0faa2cda50f9ee37ff5c8dd92cc85d8cdd	122-0.txt
Thomas Hardy	143	The Mayor of Casterbridge	The-Mayor-of-Casterbridge_143	fetched		694294	b1885ab92e33b263362476e9f23088670531aa2a551321540c36139524e0256d	143-0.txt
Thomas Hardy	153	Jude the Obscure	Jude-the-Obscure_153	fetched		841973	5677c1422306d5f157701f133df7f64883eb29dfb43fa5154c66daef1c2e0728	153.txt
Thomas Hardy	224	A Pair of Blue Eyes	A-Pair-of-Blue-Eyes_224	fetched		787767	0dc568337fbf729a4291e6b4e33151d4bb6013c294774cc5778bdbac843bfea0	224-0.txt
Thomas Hardy	482	The Woodlanders	The-Woodlanders_482	fetched		796999	1198421a9e8465cea82a191dbf404972ba2aa18e3df89e35d81962bbc89e05d0	482.txt
Thomas Hardy	2662	Under the Greenwood Tree; Or, The Mellstock Quire	Under-the-Greenwood-Tree-Or-The-Mellstock-Quire_2662	unavailable				
Thomas Hardy	2863	Satires of Circumstance, Lyrics and Reveries, with Miscellaneous Pieces	Satires-of-Circumstance-Lyrics-and-Reveries-with-Miscellaneous-Pieces_2863	fetched		181272	69a90336e35603e9adda16edc77eed1957a5595eae8f7639fcce40612a745ee4	2863-0.txt
Thomas Hardy	2864	The Trumpet-Major	The-Trumpet-Major_2864	fetched		668050	fbf338eb75e5733607da5c8598252d3f3e264dd5794a2a25bb59201f20b46b5b	2864.txt
Thomas Hardy	2996	The Romantic Adventures of a Milkmaid	The-Romantic-Adventures-of-a-Milkmaid_2996	fetched		214193	5b3c37c403eb38a85e33c0251ecdc985c14e5d4cd1ffbf50cc096cf8d68db658	2996-0.txt
Thomas Hardy	2997	Time's Laughingstocks, and Other Verses	Time-s-Laughingstocks-and-Other-Verses_2997	fetched		166990	f11236982aad29f7d672cc1736e2680fce7eba3f23b96d2610384d00166fa403	2997-0.txt
Thomas Hardy	3044	Desperate Remedies	Desperate-Remedies_3044	fetched		850033	cc2529756b1a28e72d67fe2b31e53a0b87126230401d08991811692d18bba34d	3044-0.txt
Thomas Hardy	3047	Life's Little Ironies	Life-s-Little-Ironies_3047	unavailable				
Thomas Hardy	3049	A Group of Noble Dames	A-Group-of-Noble-Dames_3049	fetched		417107	79d50046b3afc7a91fec92c20887520d641721f919a9e4286f21eab31d1bad62	3049.txt
Thomas Hardy	3056	Wessex Tales	Wessex-Tales_3056	fetched		482117	03ca6043b3a5786d00b99a7af71d7e99f33fa314b62b1695e5eba7d3193c70e8	3056.txt
Thomas Hardy	3058	A Changed Man, and Other Tales	A-Changed-Man-and-Other-Tales_3058	fetched		517795	5f7a707637100d3b6e02375cafc9fcfc93f1dcf2107a4374816c8a81d0fc362a	3058.txt
Thomas Hardy	3146	Two on a Tower	Two-on-a-Tower_3146	fetched		567239	1994f5e72ac9d621ea9b390d23a7958688e912af01222b60c64bb3052945d27d	3146.txt
Thomas Hardy	3167	Wessex Poems and Other Verses	Wessex-Poems-and-Other-Verses_3167	fetched		124759	361d6dcb59c03ddd36b78b0927a49668c0e3b0e8907009e580bc134f59d10324	3167-0.txt
Thomas Hardy	3168	Poems of the Past and the Present	Poems-of-the-Past-and-the-Present_3168	fetched		150650	1dd6aee05be8b61913a40908f5ec83933085c3001bacab62b60b3b76b6e08e6f	3168-0.txt
Thomas Hardy	3255	Moments of Vision and Miscellaneous Verses	Moments-of-Vision-and-Miscellaneous-Verses_3255	fetched		188130	f8e11d7e31d507e7d37fd31f9ae351a5096bf74c20e5d8dfac2d56291c9cf970	3255-0.txt
Thomas Hardy	3258	A Laodicean : A Story of To-day	A-Laodicean-A-Story-of-To-day_3258	unavailable				
Thomas Hardy	3326	The Well-Beloved: A Sketch of a Temperament	The-Well-Beloved-A-Sketch-of-a-Temperament_3326	unavailable				
Thomas Hardy	3469	The Hand of Ethelberta: A Comedy in Chapters	The-Hand-of-Ethelberta-A-Comedy-in-Chapters_3469	unavailable				
Thomas Huxley	1315	Autobiography and Selected Essays	Autobiography-and-Selected-Essays_1315	fetched		339898	90e5416b4443db0a33e17a653d454b30d5dbbabc7b494273667ee15187179f19	1315.txt
Thomas Huxley	2089	On the Reception of the 'Origin of Species'	On-the-Reception-of-the-Origin-of-Species_2089	unavailable				
Thomas Huxley	2354	Note on the Resemblances and Differences in the Structure and the Development of the Brain in Man and Apes	Note-on-the-Resemblances-and-Differences-in-the-Structure-and-the-Development-of-the-Brain-in-Man-and-Apes_2354	unavailable				
Thomas Huxley	2627	On the Method of Zadig	On-the-Method-of-Zadig_2627	unavailable				
Thomas Huxley	2628	The Rise and Progress of Palaeontology	The-Rise-and-Progress-of-Palaeontology_2628	unavailable				
Thomas Huxley	2629	Lectures on Evolution	Lectures-on-Evolution_2629	unavailable				
Thomas Huxley	2630	The Interpreters of Genesis and the Interpreters of Nature	The-Interpreters-of-Genesis-and-the-Interpreters-of-Nature_2630	unavailable				
Thomas Huxley	2631	Mr. Gladstone and Genesis	Mr-Gladstone-and-Genesis_2631	unavailable				
Thomas Huxley	2632	The Lights of the Church and the Light of Science	The-Lights-of-the-Church-and-the-Light-of-Science_2632	unavailable				
Thomas Huxley	2633	Hasisadra's Adventure	Hasisadra-s-Adventure_2633	unavailable				
Thomas Huxley	2634	The Evolution of Theology: an Anthropological Study	The-Evolution-of-Theology-an-Anthropological-Study_2634	unavailable				
Thomas Huxley	2921	The Present Condition of Organic Nature	The-Present-Condition-of-Organic-Nature_2921	unavailable				
Thomas Huxley	2922	The Past Condition of Organic Nature	The-Past-Condition-of-Organic-Nature_2922	unavailable				
Thomas Huxley	2923	The Method by Which the Causes of the Present and Past Conditions of Organic Nature Are to Be Discovered; the Origination of Living Beings	The-Method-by-Which-the-Causes-of-the-Present-and-Past-Conditions-of-Organic-Nature-Are-to-Be-Discovered-the-Origination-of-Living-Beings_2923	unavailable				
Thomas Huxley	2924	The Perpetuation of Living Beings, Hereditary Transmission and Variation	The-Perpetuation-of-Living-Beings-Hereditary-Transmission-and-Variation_2924	unavailable				
Thomas Huxley	2925	The Conditions of Existence as Affecting the Perpetuation of Living Beings	The-Conditions-of-Existence-as-Affecting-the-Perpetuation-of-Living-Beings_2925	unavailable				
Thomas Huxley	2926	A Critical Examination of the Position of Mr. Darwin's Work, "On the Origin of Species," in Relation to the Complete Theory of the Causes of the Phenomena of Organic Nature	A-Critical-Examination-of-the-Position-of-Mr-Darwin-s-Work-On-the-Origin-of-Species-in-Relation-to-the-Complete-Theory-of-the-Causes-of-the-Phenomena-of-Organic-Nature_2926	unavailable				
Thomas Huxley	2927	The Darwinian Hypothesis	The-Darwinian-Hypothesis_2927	fetched		44674	5f5a085be813765f6550441fdd6676664daf4ca0599130a81e1b5166fef6b3fc	2927.txt
Thomas Huxley	2928	Time and Life: Mr. Darwin's "Origin of Species"	Time-and-Life-Mr-Darwin-s-Origin-of-Species_2928	fetched		38714	a53603432e2070abdbdc549ad3ff78413cc06ead7b705f37342817a8a1f2b34f	2928.txt
Thomas Huxley	2929	The Origin of Species	The-Origin-of-Species_2929	unavailable				
Thomas Huxley	2930	Criticisms on "The Origin of Species"	Criticisms-on-The-Origin-of-Species_2930	unavailable				
Thomas Huxley	2931	Evidence as to Man's Place in Nature	Evidence-as-to-Man-s-Place-in-Nature_2931	fetched		121620	3cfd3107408a35aa3a45305e599925b546700626fb67361e4d70c5c1133a6468	2931.txt
Thomas Huxley	2932	On the Relations of Man to the Lower Animals	On-the-Relations-of-Man-to-the-Lower-Animals_2932	fetched		140309	0594029373ab5e67f3e3147e68b39bc81a78866464f6f3befd163ca3ad75a8ba	2932.txt
Thomas Huxley	2933	On Some Fossil Remains of Man	On-Some-Fossil-Remains-of-Man_2933	fetched		91227	de05a030a9a647cf5e2972a00155ba0df726d602ad7ed5a41d609327261a3aaf	2933.txt
Thomas Huxley	2934	On the Advisableness of Improving Natural Knowledge	On-the-Advisableness-of-Improving-Natural-Knowledge_2934	fetched		53379	4faa585a895eac872855b7625bd3e6b2461ac3bf97316a1ff4bc99798f6a121a	2934.txt
Thomas Jefferson	1	The Declaration of Independence of the United States of America	The-Declaration-of-Independence-of-the-United-States-of-America_1	unavailable				
Thomas Jefferson	300	United States Declaration of Independence	United-States-Declaration-of-Independence_300	fetched		30007	341c0f9802c8d56761eaa3710440054e0b2bc5b046ded28375eb1fe283d7d1b9	300.txt
Thomas Jefferson	5012	State of the Union Addresses	State-of-the-Union-Addresses_5012	fetched		146873	f73ae611c689284fd1825fa2d86eb181f50efd2041efa2b443978374443b8284	5012.txt
Thomas Jefferson	16780	The Declaration of Independence of The United States of America	The-Declaration-of-Independence-of-The-United-States-of-America_16780	fetched		31971	511b45f91b46090afd51e2a08bf82ebb2b7836e91b28c9053a82e8f2ddb4e925	16780-8.txt
Thomas Jefferson	16781	Memoir, Correspondence, and Miscellanies, From the Papers of Thomas Jefferson, Volume 1	Memoir-Correspondence-and-Miscellanies-From-the-Papers-of-Thomas-Jefferson-Volume-1_16781	fetched		1206873	7f48a38c0d2a3b6b210f3216d4ea3f9e0c865114c51c2abb7842c8177ab87228	16781-0.txt
Thomas Jefferson	16782	Memoir, Correspondence, and Miscellanies, From the Papers of Thomas Jefferson, Volume 2	Memoir-Correspondence-and-Miscellanies-From-the-Papers-of-Thomas-Jefferson-Volume-2_16782	fetched		1285584	b0f4450d3206dd2e5a4d63f51257f717cd64bdeea492065c277c861374684102	16782-0.txt
Thomas Jefferson	16783	Memoir, Correspondence, and Miscellanies, From the Papers of Thomas Jefferson, Volume 3	Memoir-Correspondence-and-Miscellanies-From-the-Papers-of-Thomas-Jefferson-Volume-3_16783	fetched		1270793	63307c277af44ae2ba0f724ea942590d4d7b4f46573d64a6baa49155048d6e88	16783-0.txt
Thomas Jefferson	16784	Memoir, Correspondence, and Miscellanies, From the Papers of Thomas Jefferson, Volume 4	Memoir-Correspondence-and-Miscellanies-From-the-Papers-of-Thomas-Jefferson-Volume-4_16784	fetched		1377900	524bd02d235046f059f8e7a0a1e3bb25d34749e91c3f2f22b1ddd27c442bc565	16784-0.txt
Thomas Jefferson	17439	Mother's Remedies	Mother-s-Remedies_17439	unavailable				
Thomas Jefferson	19785	Declaration of Independence of the United States of America	Declaration-of-Independence-of-the-United-States-of-America_19785	unavailable				
Thomas Jefferson	21002	The Writings of Thomas Jefferson	The-Writings-of-Thomas-Jefferson_21002	unavailable				
Thomas Jefferson	24205	Breakfast Dainties	Breakfast-Dainties_24205	fetched		83414	3bf6f5bc8d279784977e18f931cf64b47d653c5b9af9a63ceaba2d22d96cca90	24205-8.txt
Thomas Jefferson	24542	Fifty Salads	Fifty-Salads_24542	fetched		54193	b4dc554bbbf21483e01ab0487b5b700a22d7551379d28fd6e1b127d6504f9789	24542-8.txt
Thomas Jefferson	25007	Fifty Soups	Fifty-Soups_25007	fetched		64912	9770fd13aa681c073bee37c0b97c90287ed148b5bb942b1974fb243359fac336	25007-8.txt
Thomas Jefferson	28860	The Memoirs, Correspondence, and Miscellanies, From the Papers of Thomas Jefferson	The-Memoirs-Correspondence-and-Miscellanies-From-the-Papers-of-Thomas-Jefferson_28860	unavailable				
Thomas Jefferson	38464	Tempting Curry Dishes	Tempting-Curry-Dishes_38464	fetched		54988	97d0db8974a764ba16158f4f866cac32b52d09576b00e2aa43e0842689a03e0e	38464-8.txt
Thomas Jefferson	45847	The Writings of Thomas Jefferson, Vol. 1 (of 9)	The-Writings-of-Thomas-Jefferson-Vol-1-of-9_45847	unavailable				
Thomas Jefferson	50046	The Writings of Thomas Jefferson, Vol. 2 (of 9)	The-Writings-of-Thomas-Jefferson-Vol-2-of-9_50046	unavailable				
Thomas Jefferson	52878	The Writings of Thomas Jefferson, Vol. 3 (of 9)	The-Writings-of-Thomas-Jefferson-Vol-3-of-9_52878	unavailable				
Thomas Jefferson	53603	The Writings of Thomas Jefferson, Vol. 4 (of 9)	The-Writings-of-Thomas-Jefferson-Vol-4-of-9_53603	unavailable				
Thomas Jefferson	53767	The Writings of Thomas Jefferson, Vol. 5 (of 9)	The-Writings-of-Thomas-Jefferson-Vol-5-of-9_53767	unavailable				
Thomas Jefferson	55075	The Writings of Thomas Jefferson, Vol. 6 (of 9)	The-Writings-of-Thomas-Jefferson-Vol-6-of-9_55075	unavailable				
Thomas Jefferson	56035	The Writings of Thomas Jefferson, Vol. 7 (of 9)	The-Writings-of-Thomas-Jefferson-Vol-7-of-9_56035	unavailable				
Thomas Jefferson	56313	The Writings of Thomas Jefferson, Vol. 8 (of 9)	The-Writings-of-Thomas-Jefferson-Vol-8-of-9_56313	unavailable				
Thomas Jefferson	56578	The Writings of Thomas Jefferson, Vol. 9 (of 9)	The-Writings-of-Thomas-Jefferson-Vol-9-of-9_56578	unavailable				
Thomas Mann	36028	Royal Highness	Royal-Highness_36028	fetched		706809	bf27ec86f1138fc2c4148eeb8be53f6f77e98a3c45ac5fe77e2b43dc9fb18ec5	36028-8.txt
Thomas Mann	61284	Bashan and I	Bashan-and-I_61284	fetched		238443	797ed242edf77e392b7e662bea3f1cce1fd0df93436384be7169b392bce0281a	61284-0.txt
Thomas Mann	66073	Death in Venice	Death-in-Venice_66073	fetched		187098	e840f8e45a55305097d57d83f0b4c1cf9b389a4be081795f2f34336048cc7afa	66073-0.txt
Thomas Paine	147	Common Sense	Common-Sense_147	fetched		148133	e10795000c9ec0abad2bac1aad3b1eeced791c64eb21f08d256ff2b2d2489fe6	147-0.txt
Thomas Paine	3741	The Writings of Thomas Paine — Volume 1 (1774-1779): The American Crisis	The-Writings-of-Thomas-Paine-Volume-1-1774-1779-The-American-Crisis_3741	unavailable				
Thomas Paine	3742	The Writings of Thomas Paine — Volume 2 (1779-1792): The Rights of Man	The-Writings-of-Thomas-Paine-Volume-2-1779-1792-The-Rights-of-Man_3742	unavailable				
Thomas Paine	3743	The Writings of Thomas Paine — Volume 4 (1794-1796): The Age of Reason	The-Writings-of-Thomas-Paine-Volume-4-1794-1796-The-Age-of-Reason_3743	unavailable				
Thomas Paine	3755	Common Sense	Common-Sense_3755	fetched		134438	c0af5ef9b7b6bb3909aaa38b5d6d0fb6955a9ff97bc4b2939ef02c81586fe610	3755.txt
Thomas Paine	15279	A Letter Addressed to the Abbe Raynal, on the Affairs of North America, in Which the Mistakes in the Abbe's Account of the Revolution of America Are Corrected and Cleared Up	A-Letter-Addressed-to-the-Abbe-Raynal-on-the-Affairs-of-North-America-in-Which-the-Mistakes-in-the-Abbe-s-Account-of-the-Revolution-of-America-Are-Corrected-and-Cleared-Up_15279	unavailable				
Thomas Paine	31270	The Writings of Thomas Paine, Complete	The-Writings-of-Thomas-Paine-Complete_31270	unavailable				
Thomas Paine	31271	The Writings Of Thomas Paine, Volume III.	The-Writings-Of-Thomas-Paine-Volume-III_31271	unavailable				
Victor Hugo	135	Les Misérables	Les-Miserables_135	unavailable				
Victor Hugo	2523	The Memoirs of Victor Hugo	The-Memoirs-of-Victor-Hugo_2523	fetched		476452	ee641658e144367829a70d057a3d63e7d1bd373e6ccdfd97099427415b747230	2523-0.txt
Victor Hugo	2610	Notre-Dame de Paris	Notre-Dame-de-Paris_2610	fetched		1117056	ca88a0f6637222077777a058b21179c6b1d0ea314a23ea554bc00f0ddbcbb417	2610-0.txt
Victor Hugo	6539	The Hunchback of Notre Dame	The-Hunchback-of-Notre-Dame_6539	unavailable				
Victor Hugo	8775	Poems	Poems_8775	fetched		494548	64211b17587ca82df2e91aabe06b555f3b0754bfc1050e4c169dc8076b2e8eea	8775.txt
Victor Hugo	10381	The History of a Crime	The-History-of-a-Crime_10381	unavailable				
Victor Hugo	12137	La Légende des Siècles	La-Legende-des-Siecles_12137	unavailable				
Victor Hugo	12587	The Man Who Laughs: A Romance of English History	The-Man-Who-Laughs-A-Romance-of-English-History_12587	unavailable				
Victor Hugo	20580	Napoleon the Little	Napoleon-the-Little_20580	fetched		468470	5175314ca19218317a1db2d18cf57b971122609b65ebee500a26208ed1f458a2	20580.txt
Victor Hugo	32338	Toilers of the Sea	Toilers-of-the-Sea_32338	fetched		877344	33fdfef90f98b0a26f2c7b42c50836565c7d734d8378b6114d664092b89527e6	32338.txt
Victor Hugo	39133	The Dramas of Victor Hugo: Mary Tudor, Marion de Lorme, Esmeralda	The-Dramas-of-Victor-Hugo-Mary-Tudor-Marion-de-Lorme-Esmeralda_39133	unavailable				
Victor Hugo	45231	Motion Picture Operation, Stage Electrics and Illusions	Motion-Picture-Operation-Stage-Electrics-and-Illusions_45231	unavailable				
Victor Hugo	48731	Les Misérables, v. 1/5: Fantine	Les-Miserables-v-1-5-Fantine_48731	unavailable				
Victor Hugo	48732	Les Misérables, v. 2/5: Cosette	Les-Miserables-v-2-5-Cosette_48732	unavailable				
Victor Hugo	48733	Les Misérables, v. 3/5: Marius	Les-Miserables-v-3-5-Marius_48733	unavailable				
Victor Hugo	48734	Les Misérables, v. 4/5: The Idyll and the Epic	Les-Miserables-v-4-5-The-Idyll-and-the-Epic_48734	unavailable				
Victor Hugo	48735	Les Misérables, v. 5/5: Jean Valjean	Les-Miserables-v-5-5-Jean-Valjean_48735	unavailable				
Victor Hugo	49372	Ninety-Three	Ninety-Three_49372	fetched		757138	80be01af17a8410a7ba208eda455f61ec5a6eea306edf82dcf96d8e5a7ecc7f9	49372-8.txt
Victor Hugo	50010	Under Sentence of Death; Or, a Criminal's Last Hours	Under-Sentence-of-Death-Or-a-Criminal-s-Last-Hours_50010	fetched		489331	41d9fee6ceb598a3ee662564ef3f2958b425e2233bdc588c1bbad9414d1694ba	50010-0.txt
Victor Hugo	53490	William Shakespeare	William-Shakespeare_53490	fetched		620771	807255945c3984f4a66eb36fabbe043682afa90951f1eaa5570e801136afab62	53490-0.txt
Victor Hugo	57702	Index of the Project Gutenberg Works of Victor Hugo	Index-of-the-Project-Gutenberg-Works-of-Victor-Hugo_57702	fetched		62686	7bf7175c81ef5283a5be6bce4544a16506f721bbfbd0166eb14137eb9bea84b6	57702-0.txt
Victor Hugo	65214	Hans of Iceland, Vol. 1 of 2	Hans-of-Iceland-Vol-1-of-2_65214	fetched		477537	3e1c18ab6da3e72d3102579f61a953f3cc8ef03aaeabd4485490840c57bbb8c3	65214-0.txt
Victor Hugo	65215	Hans of Iceland, Vol. 2 of 2; The Last Day of a Condemned	Hans-of-Iceland-Vol-2-of-2-The-Last-Day-of-a-Condemned_65215	fetched		473202	9dbadebfa7fbe727c55fa73de64e123aa476252b024f54408896cb5bd1cbc571	65215-0.txt
Vincent Van Gogh	40393	The Letters of a Post-Impressionist	The-Letters-of-a-Post-Impressionist_40393	unavailable				
Virginia Woolf	144	The Voyage Out	The-Voyage-Out_144	fetched		799814	d1659d4f6e5894ef0a1a4ce4141717dd6031e486917bc57daf43632728060124	144-0.txt
Virginia Woolf	1245	Night and Day	Night-and-Day_1245	fetched		1001342	653e8c18b6e011df7e8291d32a49b221f759eb3bcbfef0248fb483c8bee5ed5d	1245-0.txt
Virginia Woolf	5670	Jacob's Room	Jacob-s-Room_5670	fetched		340092	653adf3c608c4d461e8a311691536f7cbc44f8e3f018cff571a5a05fcc65c86c	5670.txt
Virginia Woolf	26584	Night and Day	Night-and-Day_26584	unavailable				
Virginia Woolf	29220	Monday or Tuesday	Monday-or-Tuesday_29220	fetched		125059	29da7240d63882f8d42f264c2a381c9f28b2a68a95e012825918953d7805226b	29220-8.txt
Virginia Woolf	63022	Mr. Bennett and Mrs. Brown	Mr-Bennett-and-Mrs-Brown_63022	unavailable				
Virginia Woolf	63107	Mrs Dalloway in Bond Street	Mrs-Dalloway-in-Bond-Street_63107	fetched		38009	f527bc31bd1b276cdb35b79a0ecbb10a427cb8b14aae267d0f3265cd8a1fe460	63107.txt
Virginia Woolf	63230	Two Stories	Two-Stories_63230	fetched		58363	b073d3d5f71bd3a8ca9c656cb3aa2472ae414d1d37d1756d5a3462a79b51f84b	63230.txt
Virginia Woolf	64457	The Common Reader	The-Common-Reader_64457	fetched		494407	d316f5386c0de1f728ad7e0297f32a98ada32b21f34f64f508fd14f03b2ac2a7	64457-0.txt
Vladimir Lenin	35232	A Letter to American Workingmen, from the Socialist Soviet Republic of Russia	A-Letter-to-American-Workingmen-from-the-Socialist-Soviet-Republic-of-Russia_35232	unavailable				
Voltaire	2445	Letters on England	Letters-on-England_2445	fetched		240543	655e2640862d678dfe5f94ed534467d7c45edb7ab475e92e6bf856e533b60a13	2445.txt
Voltaire	4683	Socrates	Socrates_4683	fetched		72175	615d6f03b8c13154ea0807907463df9331850e197639356f2aabded65c622188	4683.txt
Voltaire	18569	Voltaire's Philosophical Dictionary	Voltaire-s-Philosophical-Dictionary_18569	fetched		521891	eb4b13838a6f2e395802ff2d03c1262e95ae2a106e3fc7c5c1e50d602f2dd56e	18569.txt
Voltaire	18972	Zadig; Or, The Book of Fate	Zadig-Or-The-Book-of-Fate_18972	unavailable				
Voltaire	19942	Candide	Candide_19942	fetched		229683	2ff4023f920db4e787e9ac6834867086db1ce3c3124d9a0472841ba93f0d6c91	19942-8.txt
Voltaire	20144	The Fourth Book of Virgil's Aeneid and the Ninth Book of Voltaire's Henriad	The-Fourth-Book-of-Virgil-s-Aeneid-and-the-Ninth-Book-of-Voltaire-s-Henriad_20144	fetched		100503	2bb70174958caf182bd2b3cef1c0dc0582e593b001751f5ecf19868ed629767c	20144.txt
Voltaire	26228	Candide	Candide_26228	unavailable				
Voltaire	30123	Micromegas	Micromegas_30123	fetched		65194	32ed8ccf908bdaa557ff8a391550f9c4c5ab1f5933679d9b0c296247469a651d	30123-8.txt
Voltaire	35595	Voltaire's Romances, Complete in One Volume	Voltaire-s-Romances-Complete-in-One-Volume_35595	fetched		1072732	b6254d3ec873b451f82c03ae843c91f73e6da84a05d92d7da4f9f595f6c7e7dc	35595-0.txt
Voltaire	35621	A Philosophical Dictionary, Volume 01	A-Philosophical-Dictionary-Volume-01_35621	unavailable				
Voltaire	35622	A Philosophical Dictionary, Volume 02	A-Philosophical-Dictionary-Volume-02_35622	unavailable				
Voltaire	35623	A Philosophical Dictionary, Volume 03	A-Philosophical-Dictionary-Volume-03_35623	unavailable				
Voltaire	35624	A Philosophical Dictionary, Volume 04	A-Philosophical-Dictionary-Volume-04_35624	unavailable				
Voltaire	35625	A Philosophical Dictionary, Volume 05	A-Philosophical-Dictionary-Volume-05_35625	unavailable				
Voltaire	35626	A Philosophical Dictionary, Volume 06	A-Philosophical-Dictionary-Volume-06_35626	unavailable				
Voltaire	35627	A Philosophical Dictionary, Volume 07	A-Philosophical-Dictionary-Volume-07_35627	unavailable				
Voltaire	35628	A Philosophical Dictionary, Volume 08	A-Philosophical-Dictionary-Volume-08_35628	unavailable				
Voltaire	35629	A Philosophical Dictionary, Volume 09	A-Philosophical-Dictionary-Volume-09_35629	unavailable				
Voltaire	35630	A Philosophical Dictionary, Volume 10	A-Philosophical-Dictionary-Volume-10_35630	fetched		460332	fe3aaf6671aed8712954787f17c19538638520f2639e43928df27a6db8b0a168	35630-0.txt
Voltaire	42540	The History of Peter the Great, Emperor of Russia	The-History-of-Peter-the-Great-Emperor-of-Russia_42540	fetched		759382	3a6ca64b26f5e2954022e8ff198fac822146fa56eb93f23c99aea9a864c9bf45	42540.txt
Voltaire	49726	The Works of Voltaire, Vol. IV of XLIII.	The-Works-of-Voltaire-Vol-IV-of-XLIII_49726	unavailable				
Voltaire	57958	Index of the PG Works of Voltaire in English	Index-of-the-PG-Works-of-Voltaire-in-English_57958	fetched		39469	98b53b8b7d1f01f09cd4e6f749abb0e0acc64af62b796d1c0d0a6f4d1e0350f8	57958-0.txt
Voltaire	64858	Toleration and other essays	Toleration-and-other-essays_64858	fetched		450789	271b1b6ae35ac20464162e252292e91fc1f7bcc422609109e16e1fffa0f55773	64858-0.txt
Walt Whitman	1322	Leaves of Grass	Leaves-of-Grass_1322	fetched		775645	3670a70ed46264f6efdbbbef78f594dcbea6bde8c98b07c89fd183bb2c960a1c	1322.txt
Walt Whitman	8388	Poems by Walt Whitman	Poems-by-Walt-Whitman_8388	fetched		419455	6aa7ffda70227079774ec35308a58e1530d7b4a434b65f5e28ff69203476529e	8388-8.txt
Walt Whitman	8801	Drum-Taps	Drum-Taps_8801	fetched		112093	2b0c9a233860567ca4b24053897db0b554cbb6a521481c9e9643cad855db0e5e	8801-8.txt
Walt Whitman	8813	Complete Prose Works	Complete-Prose-Works_8813	unavailable				
Walt Whitman	12717	When Lilacs Last in the Dooryard Bloom'd	When-Lilacs-Last-in-the-Dooryard-Bloom-d_12717	unavailable				
Walt Whitman	12718	Song of Myself Selections	Song-of-Myself-Selections_12718	unavailable				
Walt Whitman	19571	A Noiseless Patient Spider	A-Noiseless-Patient-Spider_19571	unavailable				
Walt Whitman	23979	Leaves of Grass	Leaves-of-Grass_23979	unavailable				
Walt Whitman	27494	The Patriotic Poems of Walt Whitman	The-Patriotic-Poems-of-Walt-Whitman_27494	fetched		198884	c5c97cfa40d64218d04e91b912737895d8887efceff2940fd4f540534d0335c7	27494-8.txt
Walt Whitman	35395	The Letters of Anne Gilchrist and Walt Whitman	The-Letters-of-Anne-Gilchrist-and-Walt-Whitman_35395	fetched		393956	beb032652394ddd03bfd388f8f2766b0790d8c863d5fdd29cdfd498cfe5b6a20	35395-8.txt
Walt Whitman	35725	The Wound Dresser	The-Wound-Dresser_35725	unavailable				
Walt Whitman	58843	Index of the Project Gutenberg Works of Walt Whitman	Index-of-the-Project-Gutenberg-Works-of-Walt-Whitman_58843	fetched		34570	047e758b726202b65b632c71158c1d7a05509f8fbbbd731cb4ba8dfddc2b98d0	58843-0.txt
Walt Whitman	60505	Memories of Lincoln	Memories-of-Lincoln_60505	fetched		55089	64ab3e987f93ff150834d0cb8042bbca4c9d12fb4eca4e53ff768c8a4a02e311	60505-0.txt
Walter Bagehot	4350	Physics and Politics, or, Thoughts on the application of the principles of "natural selection" and "inheritance" to political society	Physics-and-Politics-or-Thoughts-on-the-application-of-the-principles-of-natural-selection-and-inheritance-to-political-society_4350	unavailable				
Walter Bagehot	4351	The English Constitution	The-English-Constitution_4351	fetched		589402	65862f2dfc242e2a986554a587cf1b2c66bf8313ae778ce79b25323f94e8f488	4351-8.txt
Walter Bagehot	4359	Lombard Street: A Description of the Money Market	Lombard-Street-A-Description-of-the-Money-Market_4359	unavailable				
Walter Lippmann	6456	Public Opinion	Public-Opinion_6456	fetched		664457	23efd9ef88af900c15a68c2d1b7712063f6b61f3b85682cc80c73fdf965c9dc9	6456-8.txt
Walter Lippmann	20125	A Preface to Politics	A-Preface-to-Politics_20125	fetched		424323	03074d8c0bc4bae7e1f524ffd28bb411df416d574dfa9534ddf6893bfb274640	20125.txt
Washington Irving	41	The Legend of Sleepy Hollow	The-Legend-of-Sleepy-Hollow_41	fetched		90994	9dbaa83e29c71f1e40fd986c470f5ad97412413ba05052c059885bc3e46c491b	41-0.txt
Washington Irving	877	Little Britain	Little-Britain_877	fetched		50010	09e9a58e458f94bfe20f02b13ab8d2fcf3470f58e8707fadb7a569118e0e6288	877-0.txt
Washington Irving	1371	Astoria; Or, Anecdotes of an Enterprise Beyond the Rocky Mountains	Astoria-Or-Anecdotes-of-an-Enterprise-Beyond-the-Rocky-Mountains_1371	unavailable				
Washington Irving	1372	The Adventures of Captain Bonneville, U. S. A., in the Rocky Mountains and the Far West	The-Adventures-of-Captain-Bonneville-U-S-A-in-the-Rocky-Mountains-and-the-Far-West_1372	unavailable				
Washington Irving	1850	Old Christmas	Old-Christmas_1850	fetched		129986	5f738ac222b0fc421f80479bb20082b7229aa7f65409b0f60eea99450f34acd1	1850.txt
Washington Irving	2048	The Sketch-Book of Geoffrey Crayon	The-Sketch-Book-of-Geoffrey-Crayon_2048	fetched		780390	be903122b2cee60cb8cf5a588f85b71b8c38c19c2f5fa1d4b62febd315cdb8fa	2048-0.txt
Washington Irving	3293	Chronicle of the Conquest of Granada, from the mss. of Fray Antonio Agapida	Chronicle-of-the-Conquest-of-Granada-from-the-mss-of-Fray-Antonio-Agapida_3293	unavailable				
Washington Irving	7002	Life of George Washington — Volume 01	Life-of-George-Washington-Volume-01_7002	unavailable				
Washington Irving	7948	Abbotsford and Newstead Abbey	Abbotsford-and-Newstead-Abbey_7948	fetched		306444	5a76a6da363f5d3c084752178acbc19d2c22e4d9c6061325b343d9972257eb94	7948.txt
Washington Irving	7993	Oliver Goldsmith: A Biography	Oliver-Goldsmith-A-Biography_7993	unavailable				
Washington Irving	7994	The Crayon Papers	The-Crayon-Papers_7994	fetched		505186	9d74e2a0c0ad23fcf6fbf9be4dedd1f207bd93b1dddc9587d1739d6e42afd3d0	7994-8.txt
Washington Irving	8519	The Life and Voyages of Christopher Columbus (Volume II)	The-Life-and-Voyages-of-Christopher-Columbus-Volume-II_8519	unavailable				
Washington Irving	8571	Wolfert's Roost, and Miscellanies	Wolfert-s-Roost-and-Miscellanies_8571	fetched		399035	ca464e404eb2246649c97a9e56aa0e4bf8ad13099da4c5e0e4340ff19181509e	8571-8.txt
Washington Irving	13042	Knickerbocker's History of New York, Complete	Knickerbocker-s-History-of-New-York-Complete_13042	fetched		744579	ff412d51174bf6e920b5701d2a0f675eaa652ed05c89b7dbd0406f0ff1fdd00b	13042.txt
Washington Irving	13514	Tales of a Traveller	Tales-of-a-Traveller_13514	fetched		672077	aaa05dfb297df026420130082d1dd27255f6f4a6348e6a276514f66dcf84d4ce	13514-8.txt
Washington Irving	13515	Bracebridge Hall, or The Humorists	Bracebridge-Hall-or-The-Humorists_13515	fetched		806007	1761443e862bd554745adac1268ef165be503821693bf7b6e470c54d29a33ec0	13515-8.txt
Washington Irving	14228	Bracebridge Hall	Bracebridge-Hall_14228	fetched		294546	362612fd9f2baa4cc8c666c72986200efcb453dd35f842d95ead16d9b13ec07d	14228.txt
Washington Irving	20656	Old Christmas: from the Sketch Book of Washington Irving	Old-Christmas-from-the-Sketch-Book-of-Washington-Irving_20656	fetched		143223	03be49fcfef733ac0a6612014fd0d1a5fa2f02af069be762c80cbde6762661c4	20656-8.txt
Washington Irving	23898	Old Christmas	Old-Christmas_23898	unavailable				
Washington Irving	23965	The Legend of Sleepy Hollow	The-Legend-of-Sleepy-Hollow_23965	unavailable				
Washington Irving	32987	The Student's Life of Washington; Condensed from the Larger Work of Washington Irving	The-Student-s-Life-of-Washington-Condensed-from-the-Larger-Work-of-Washington-Irving_32987	unavailable				
Washington Irving	49872	The Alhambra	The-Alhambra_49872	fetched		665040	63f9a5e1e7397b96ebc258b5f3c945e3c2345fd4929149d577705ab47a41a762	49872-0.txt
Washington Irving	49947	The Alhambra	The-Alhambra_49947	fetched		733206	f02c144a5636821029e8bcec209438088d13b196854249b7980366408d13c6dc	49947-0.txt
Washington Irving	50352	Spanish Papers	Spanish-Papers_50352	fetched		746553	aa306c2a71bbfececa657fdc135db3f0f5b26378c8cda3f1336b4bee361def4f	50352-0.txt
Washington Irving	52361	Christmas Day	Christmas-Day_52361	fetched		47825	b77404ab60288eb49c850854cf5dc17e254c095989c5e535bedb6ae9c58d501b	52361-0.txt
Will Rogers	20566	Rogers-isms, the Cowboy Philosopher on the Peace Conference	Rogers-isms-the-Cowboy-Philosopher-on-the-Peace-Conference_20566	fetched		45992	c8228d80dc25a4f3cb52b14921f09f9ae43dd598fcc51208266cb7b682f078da	20566.txt
Willa Cather	24	O Pioneers!	O-Pioneers_24	unavailable				
Willa Cather	44	The Song of the Lark	The-Song-of-the-Lark_44	fetched		874867	c5fbba48a2b99fb3d541eb2ee9eef832a7dbf6aed172c629688a604d364ec827	44-0.txt
Willa Cather	94	Alexander's Bridge	Alexander-s-Bridge_94	fetched		183125	e0db7ae6b5849c222cb00c7d4dac602111f2153c5b74aabb52261fff8c89c49a	94-0.txt
Willa Cather	242	My Antonia	My-Antonia_242	fetched		475021	2184bc90b85c927c7122f263be903cd254edf11085da09c95d60337702b0ac35	242-0.txt
Willa Cather	346	The Troll Garden, and Selected Stories	The-Troll-Garden-and-Selected-Stories_346	fetched		502353	d5947b192edc6d2f42793e0d376c13a318d8cbe952186948cab3b37b002f3428	346-0.txt
Willa Cather	2369	One of Ours	One-of-Ours_2369	fetched		725000	18029d01ffd9854d94ab32a7f53e24254c87ec55ce4280879a87f2033a777abe	2369-8.txt
Willa Cather	13555	Youth and the Bright Medusa	Youth-and-the-Bright-Medusa_13555	fetched		400733	3e4a12c7f8eff64e48d6f94c50a533dad6b280ce69e780601888dc739e0a1658	13555.txt
Willa Cather	19810	My Ántonia	My-Antonia_19810	unavailable				
Willa Cather	22348	Alexander's Bridge	Alexander-s-Bridge_22348	unavailable				
Willa Cather	22448	O Pioneers!	O-Pioneers_22448	unavailable				
Willa Cather	25586	A Collection of Stories, Reviews and Essays	A-Collection-of-Stories-Reviews-and-Essays_25586	fetched		560081	cd311c999dc87a976e92634428ef2daae7b1c71b7968fa025aaa178033b76431	25586-8.txt
Willa Cather	64318	April twilights, and other poems	April-twilights-and-other-poems_64318	fetched		71275	8729215699d68a61e29519f09a9b631e9b8105d1d196883d2b67c97a532ddb68	64318-0.txt
Willa Cather	65465	The Professor's House	The-Professor-s-House_65465	fetched		356114	7fa65adea6ad5d3b6e7f3ba8b7d98b69a63ebd8ac72ce18eb035dd6ad9f337e9	65465-0.txt
Willa Cather	65636	A Lost Lady	A-Lost-Lady_65636	fetched		210390	78e45d5069477d6f207910be7a9e65a20032b9f448a85d9a4f869e5f1e9b8ba0	65636-0.txt
William Adams	31034	By-ways in Book-land: Short Essays on Literary Subjects	By-ways-in-Book-land-Short-Essays-on-Literary-Subjects_31034	unavailable				
William Adams	31479	Celebrated Women Travellers of the Nineteenth Century	Celebrated-Women-Travellers-of-the-Nineteenth-Century_31479	fetched		683550	88671c56dfd4d89164a196c5b1bccdc05d67a05e0174cc083208c625763f4a17	31479.txt
William Adams	38763	Witch, Warlock, and Magician	Witch-Warlock-and-Magician_38763	unavailable				
William Adams	41566	Curiosities of Superstition, and Sketches of Some Unrevealed Religions	Curiosities-of-Superstition-and-Sketches-of-Some-Unrevealed-Religions_41566	unavailable				
William Adams	42749	Some Heroes of Travel	Some-Heroes-of-Travel_42749	unavailable				
William Adams	45796	Twenty-Six Years Reminiscences of Scotch Grouse Moors	Twenty-Six-Years-Reminiscences-of-Scotch-Grouse-Moors_45796	fetched		166271	24bf17ad657c59c53c3f6f56cc71758ba71c5f887c15fa10a21aca02ec0e4815	45796.txt
William Adams	47150	A Book of Burlesque: Sketches of English Stage Travestie and Parody	A-Book-of-Burlesque-Sketches-of-English-Stage-Travestie-and-Parody_47150	fetched		405026	5982326a56a44112e5a78b7243c00acf815dad2cc53735ab3fe83a4ccfddd681	47150.txt
William Adams	47586	Everyday Objects; Or, Picturesque Aspects of Natural History.	Everyday-Objects-Or-Picturesque-Aspects-of-Natural-History_47586	fetched		698335	0aab863bd193c153668534cad0f4b643e3355c300ba6b66796461a5cb33d9047	47586-0.txt
William Adams	54692	In the Far East	In-the-Far-East_54692	unavailable				
William Adams	57900	Lighthouses and Lightships	Lighthouses-and-Lightships_57900	unavailable				
William Adams	60367	Shibusawa; or, The passing of old Japan	Shibusawa-or-The-passing-of-old-Japan_60367	fetched		462131	76bfa7cf398be3c2333639fcbdaee140e1077e4f2def513c2ce77bf3e0569a49	60367-8.txt
William Adams	62919	Yodogima: In Feudalistic Japan	Yodogima-In-Feudalistic-Japan_62919	fetched		430071	6705a76e94e491ccc1a49c479231ac3be89a54f6ddd7675e3c360ed9474e79c9	62919-0.txt
William Adams	63571	Exploits and Adventures of a Soldier Ashore and Afloat	Exploits-and-Adventures-of-a-Soldier-Ashore-and-Afloat_63571	fetched		342425	d122c0d5cb1450a39d66f03c49370acb76bfe8442999384e3e35cf9c71043738	63571-0.txt
William Blake	574	Poems of William Blake	Poems-of-William-Blake_574	fetched		61245	c46efb8dab4f445eaba88e59fe826f6d308972bf34ce2ec812535e27d783b204	574.txt
William Blake	1934	Songs of Innocence and of Experience	Songs-of-Innocence-and-of-Experience_1934	unavailable				
William Blake	21160	Songs of Innocence, and Songs of Experience	Songs-of-Innocence-and-Songs-of-Experience_21160	unavailable				
William Blake	21177	The Tiger	The-Tiger_21177	unavailable				
William Blake	21178	The Voice of the Ancient Bard	The-Voice-of-the-Ancient-Bard_21178	unavailable				
William Blake	30526	Illustrations of The Book of Job	Illustrations-of-The-Book-of-Job_30526	fetched		31125	7b4c9005664d7b4426c6dba0053006f96400b89ea821e442a84b190952dac598	30526.txt
William Blake	45315	The Marriage of Heaven and Hell	The-Marriage-of-Heaven-and-Hell_45315	fetched		46722	21b3f5d65bcd9e3f7512cc6c6998d79a3299a121336bc5efa0831d3ef5799fc1	45315.txt
William Blake	64374	Twenty-Seven Drawings by William Blake	Twenty-Seven-Drawings-by-William-Blake_64374	unavailable				
William Butler Yeats	5167	The Countess Cathleen	The-Countess-Cathleen_5167	fetched		98836	9395816f9b552036e45a200c11e54b713373009d8b61c34c815dc1f8ad411d68	5167.txt
William Butler Yeats	5168	The Land of Heart's Desire	The-Land-of-Heart-s-Desire_5168	fetched		41778	1be4e3a38a04a26c09787247fa44b936c38d4cd491bf6ebfe05f86e466da3e02	5168.txt
William Butler Yeats	5793	Stories of Red Hanrahan	Stories-of-Red-Hanrahan_5793	fetched		94554	d104ec02e2d1098c82e7fc444cafc80ebe6924e7ae52aed6701d44e014ab4156	5793.txt
William Butler Yeats	5794	Rosa Alchemica	Rosa-Alchemica_5794	fetched		62907	fef4bbd22ded9a21f05319318d74d38bc3e630a705b0ae0d8ca7fa29aa1cfe2b	5794.txt
William Butler Yeats	5795	The Secret Rose	The-Secret-Rose_5795	fetched		138297	37df14f6fc8e1ab3fe7b6b1f8ee2adce061acdb936d61d11029a98c7989e5b33	5795.txt
William Butler Yeats	6865	Four Years	Four-Years_6865	fetched		141938	3096c7f22ae12025638594ef44b0524f8388c9b279a48c56d82584cbee73a22c	6865.txt
William Butler Yeats	7448	The Hour Glass	The-Hour-Glass_7448	fetched		44210	ed8c003bd6b0d5efbb5f09ab9f610a736420a260be0062dc4e29e6b845a051bd	7448.txt
William Butler Yeats	8557	Synge and the Ireland of His Time	Synge-and-the-Ireland-of-His-Time_8557	fetched		80666	04e9209f4b03483b905fb6c86c7f7225058959fbe27b2170250b3d942ba74e69	8557.txt
William Butler Yeats	10459	The Celtic Twilight	The-Celtic-Twilight_10459	fetched		231305	105052152327a566ae2b84c03eea6e0239d4f9e77de959d50356ca264cbebd68	10459.txt
William Butler Yeats	15153	The Land of Heart's Desire	The-Land-of-Heart-s-Desire_15153	fetched		44727	c7663d47b001aef1f10ec29e756f38a8122948636bd02db1522fce399c8f3b36	15153.txt
William Butler Yeats	20591	Aedh Wishes for the Cloths of Heaven	Aedh-Wishes-for-the-Cloths-of-Heaven_20591	unavailable				
William Butler Yeats	26144	The Unicorn from the Stars and Other Plays	The-Unicorn-from-the-Stars-and-Other-Plays_26144	fetched		158470	2027c69554be4a3a06d83a48bfd056ea0d50f4a072828ba261bc60bd7a9af5f4	26144-8.txt
William Butler Yeats	30488	The Green Helmet and Other Poems	The-Green-Helmet-and-Other-Poems_30488	fetched		59887	b365ea2c45fab139c05910b5c80c816e6af6d1e49734be9b6b1cef15d9b37543	30488.txt
William Butler Yeats	30652	In The Seven Woods: Being Poems Chiefly of the Irish Heroic Age	In-The-Seven-Woods-Being-Poems-Chiefly-of-the-Irish-Heroic-Age_30652	unavailable				
William Butler Yeats	31959	Seven Poems and a Fragment	Seven-Poems-and-a-Fragment_31959	fetched		40282	0620f5dcbb205fb14eb703f18b4511b488700dcdffb9b436f91224d5b53ddba3	31959.txt
William Butler Yeats	32233	The Wind Among the Reeds	The-Wind-Among-the-Reeds_32233	fetched		85010	f681ff92169ab781a4be498f3a0540914a3f06e349eff16495b08b035776ca75	32233-8.txt
William Butler Yeats	32491	The Wild Swans at Coole	The-Wild-Swans-at-Coole_32491	fetched		78632	56fab1a80e7a77f426e1dbb5e9ea706c2bc1592f0a7e70b1457ca970e66472a7	32491.txt
William Butler Yeats	32884	Ideas of Good and Evil	Ideas-of-Good-and-Evil_32884	fetched		340411	1cec08d63b55b40c70b0f7ca892fb3968465e4ab477521be52e1ead1bd6592df	32884.txt
William Butler Yeats	33087	Discoveries: A Volume of Essays	Discoveries-A-Volume-of-Essays_33087	unavailable				
William Butler Yeats	33094	The Cutting of an Agate	The-Cutting-of-an-Agate_33094	fetched		282422	bd1938639557e401ed7723bb7eaa22f1d8ed59373c2c60422fc64b0b26d3c08c	33094.txt
William Butler Yeats	33321	Two plays for dancers	Two-plays-for-dancers_33321	fetched		59948	0ac46129d4dde04fe1b93c9b16a306a0ced1d78f9f07c00ee888933aedc00cc8	33321.txt
William Butler Yeats	33338	Per Amica Silentia Lunae	Per-Amica-Silentia-Lunae_33338	fetched		96414	028628d4ceb53f36117706739465ec26bfc3b416f278b5b8f329758ebefe6657	33338-8.txt
William Butler Yeats	33348	Reveries over Childhood and Youth	Reveries-over-Childhood-and-Youth_33348	fetched		192978	eee7ad96edb78a252b5a6701e9238a9b70571d21eb900ad322e4f8b3a9d9b406	33348-8.txt
William Butler Yeats	33430	Mosada: A dramatic poem	Mosada-A-dramatic-poem_33430	unavailable				
William Butler Yeats	33505	The Trembling of the Veil	The-Trembling-of-the-Veil_33505	fetched		424636	897a0a69fa105b899db8624fd3e62d59c4b494d7ceee5902a0808dd35c399dcb	33505-8.txt
William Congreve	1191	The Double-Dealer: A Comedy	The-Double-Dealer-A-Comedy_1191	unavailable				
William Congreve	1192	The Old Bachelor: A Comedy	The-Old-Bachelor-A-Comedy_1192	unavailable				
William Congreve	1244	Love for Love: A Comedy	Love-for-Love-A-Comedy_1244	unavailable				
William Congreve	1292	The Way of the World	The-Way-of-the-World_1292	fetched		187259	041e13fd378f1dbc999fc4ed31df8c71eafab0a70f6c7fce14a919339f336f22	1292-0.txt
William Congreve	2363	Incognita; Or, Love and Duty Reconcil'd	Incognita-Or-Love-and-Duty-Reconcil-d_2363	unavailable				
William Congreve	24215	The Comedies of William Congreve: Volume 1 [of 2]	The-Comedies-of-William-Congreve-Volume-1-of-2_24215	unavailable				
William Congreve	27606	The Library of William Congreve	The-Library-of-William-Congreve_27606	fetched		303805	c2b0be3ffbdaa6fe36afb5bb0cfbb8f56262e97e33a2664ecbb94889e0af512b	27606-0.txt
William Congreve	57791	The Details of the Rocket System	The-Details-of-the-Rocket-System_57791	fetched		122126	ae86a1a9c1da8cdd79f837bc79502ace58c015d0d1fa7fc92bb3562ff3cbce1b	57791-0.txt
William Cullen Bryant	10141	A Discourse on the Life, Character and Writings of Gulian Crommelin Verplanck	A-Discourse-on-the-Life-Character-and-Writings-of-Gulian-Crommelin-Verplanck_10141	unavailable				
William Cullen Bryant	11013	Letters of a Traveller; Or, Notes of Things Seen in Europe and America	Letters-of-a-Traveller-Or-Notes-of-Things-Seen-in-Europe-and-America_11013	unavailable				
William Cullen Bryant	16341	Poems by William Cullen Bryant	Poems-by-William-Cullen-Bryant_16341	fetched		316469	092289024ffd20b32d5e1ed55e423364947d689c909e9762279dab3c4727ebff	16341.txt
William Cullen Bryant	22406	The Little People of the Snow	The-Little-People-of-the-Snow_22406	fetched		40591	78865f5a6e045c6bf00f921ac6857e81ff2d99d63c8e75435f344852f7bf794e	22406.txt
William Cullen Bryant	29700	Poetical Works of William Cullen Bryant	Poetical-Works-of-William-Cullen-Bryant_29700	unavailable				
William Dampier	15675	A Voyage to New Holland, Etc. in the Year 1699	A-Voyage-to-New-Holland-Etc-in-the-Year-1699_15675	unavailable				
William Dampier	15685	A Continuation of a Voyage to New Holland, Etc. in the Year 1699	A-Continuation-of-a-Voyage-to-New-Holland-Etc-in-the-Year-1699_15685	unavailable				
William E. Gladstone	3426	On Books and the Housing of Them	On-Books-and-the-Housing-of-Them_3426	fetched		57176	fa953d0a2cd0b8ef74a03583510f3ba3cc9acd47253b1c0fbd3b6f939f955d87	3426.txt
William E. Gladstone	41194	The Speeches (In Full) of the Rt. Hon. W. E. Gladstone, M.P., and William O'Brien, M.P., on Home Rule, Delivered in Parliament, Feb. 16 and 17, 1888.	The-Speeches-In-Full-of-the-Rt-Hon-W-E-Gladstone-M-P-and-William-O-Brien-M-P-on-Home-Rule-Delivered-in-Parliament-Feb-16-and-17-1888_41194	unavailable				
William E. Gladstone	47356	Studies on Homer and the Homeric Age, Vol. 1 of 3	Studies-on-Homer-and-the-Homeric-Age-Vol-1-of-3_47356	unavailable				
William E. Gladstone	47862	Chapter of Autobiography	Chapter-of-Autobiography_47862	fetched		123395	54781f4baf78ab5837b921c112c12ac8879685a4a17af3a338595e026c7cae02	47862-8.txt
William E. Gladstone	49858	Studies on Homer and the Homeric Age, Vol. 2 of 3	Studies-on-Homer-and-the-Homeric-Age-Vol-2-of-3_49858	unavailable				
William E. Gladstone	53004	Studies on Homer and the Homeric Age, Vol. 3 of 3	Studies-on-Homer-and-the-Homeric-Age-Vol-3-of-3_53004	unavailable				
William Falconer	8695	The Poetical Works of Beattie, Blair, and Falconer	The-Poetical-Works-of-Beattie-Blair-and-Falconer_8695	unavailable				
William Falconer	24944	Mushrooms: how to grow them	Mushrooms-how-to-grow-them_24944	unavailable				
William Falconer	57705	An Universal Dictionary of the Marine	An-Universal-Dictionary-of-the-Marine_57705	unavailable				
William Hamilton	17016	Division of Words	Division-of-Words_17016	unavailable				
William Hamilton	17093	Camp Life in the Woods and the Tricks of Trapping and Trap Making	Camp-Life-in-the-Woods-and-the-Tricks-of-Trapping-and-Trap-Making_17093	fetched		625144	73492b4b8dd0db4d87b61b11170cc3c8b122412d227ea4cd4b4788cce3472e2d	17093-8.txt
William Hamilton	20374	Capitals	Capitals_20374	unavailable				
William Hamilton	20787	Punctuation	Punctuation_20787	unavailable				
William Hamilton	22165	My Studio Neighbors	My-Studio-Neighbors_22165	fetched		263789	a4f6853ca18864f34d5863b35f20fd050316231632e48f9a61ebec30241a56f5	22165.txt
William Hamilton	24829	The Uses of Italic	The-Uses-of-Italic_24829	unavailable				
William Hamilton	30036	Word Study and English Grammar	Word-Study-and-English-Grammar_30036	unavailable				
William Hamilton	30803	Books Before Typography	Books-Before-Typography_30803	unavailable				
William Hamilton	30847	Compound Words	Compound-Words_30847	unavailable				
William Hamilton	32675	The Strife of the Roses and Days of the Tudors in the West	The-Strife-of-the-Roses-and-Days-of-the-Tudors-in-the-West_32675	fetched		713474	6cf47653372e357ea36975593e15256fd677a2f68238dbca43d116c16ebbe293	32675.txt
William Hamilton	33828	Abbreviations and Signs	Abbreviations-and-Signs_33828	unavailable				
William Hamilton	35433	Observations on Mount Vesuvius, Mount Etna, and Other Volcanos	Observations-on-Mount-Vesuvius-Mount-Etna-and-Other-Volcanos_35433	fetched		202351	932110259790114d2af0b7e683d771a33bd3628ef4db05ec097cb67a79183f9d	35433.txt
William Hamilton	36247	The Red Mouse: A Mystery Romance	The-Red-Mouse-A-Mystery-Romance_36247	unavailable				
William Hamilton	38954	Eye Spy: Afield with Nature Among Flowers and Animate Things	Eye-Spy-Afield-with-Nature-Among-Flowers-and-Animate-Things_38954	unavailable				
William Hamilton	41278	Pastoral Days; or, Memories of a New England Year	Pastoral-Days-or-Memories-of-a-New-England-Year_41278	unavailable				
William Hamilton	46514	Our Edible Toadstools and Mushrooms and How to Distinguish Them	Our-Edible-Toadstools-and-Mushrooms-and-How-to-Distinguish-Them_46514	unavailable				
William Hamilton	46864	The Fortunes of Hector O'Halloran, and His Man, Mark Antony O'Toole	The-Fortunes-of-Hector-O-Halloran-and-His-Man-Mark-Antony-O-Toole_46864	fetched		1277823	ae5fd346d95f0e4305bce29ce5cf30a662a1c63d19b923e1b3b67a3c5629b72d	46864-0.txt
William Hamilton	49683	Cruikshank's Water Colours	Cruikshank-s-Water-Colours_49683	unavailable				
William Hamilton	53702	The Field Book: or, Sports and pastimes of the United Kingdom	The-Field-Book-or-Sports-and-pastimes-of-the-United-Kingdom_53702	unavailable				
William Hamilton	61840	The Running Fight	The-Running-Fight_61840	fetched		472300	edfd33f29329b0c415e2804dce62cddb78fa96879fc984ed273231d4e19f5e99	61840.txt
William Hamilton	61989	Some Artists at the Fair	Some-Artists-at-the-Fair_61989	fetched		141389	0f2a84cdce1dfab633f5ad9818a200f040282e24abb14e52cf8fcd8b69807a13	61989-0.txt
William Hamilton	65585	A Brief History of Printing. Part II: The Economic History of Printing	A-Brief-History-of-Printing-Part-II-The-Economic-History-of-Printing_65585	fetched		193994	38b6f0ae906cfc4f214b0bf8ff2e633a41c6c9cf8cda580954d03e30cad5d959	65585-0.txt
William Hamilton	65596	A Brief History of Printing in England	A-Brief-History-of-Printing-in-England_65596	unavailable				
William Hamilton	67428	Type and Presses in America	Type-and-Presses-in-America_67428	unavailable				
William Hamilton	67471	The Invention of Typography	The-Invention-of-Typography_67471	unavailable				
William Hazlitt	2049	Liber Amoris, Or, The New Pygmalion	Liber-Amoris-Or-The-New-Pygmalion_2049	fetched		183890	a7415a78c2918d52bd0e9e960477e60de1e4af044577d88458c940f4a4a17255	2049.txt
William Hazlitt	3020	Table Talk: Essays on Men and Manners	Table-Talk-Essays-on-Men-and-Manners_3020	unavailable				
William Hazlitt	5085	Characters of Shakespeare's Plays	Characters-of-Shakespeare-s-Plays_5085	fetched		530343	638a7fe508dfe9822a8e3d4161a5b5887f7201706a32b9f18e1c567cbcfd4fd7	5085.txt
William Hazlitt	11068	The Spirit of the Age; Or, Contemporary Portraits	The-Spirit-of-the-Age-Or-Contemporary-Portraits_11068	unavailable				
William Hazlitt	12293	Old Cookery Books and Ancient Cuisine	Old-Cookery-Books-and-Ancient-Cuisine_12293	fetched		300721	fbd417ae9bd4aceaa9f6c6069b0b260210edb1a9f5e03b8c0f5afbb370370d5c	12293-8.txt
William Hazlitt	16209	Lectures on the English Poets; Delivered at the Surrey Institution	Lectures-on-the-English-Poets-Delivered-at-the-Surrey-Institution_16209	unavailable				
William Hazlitt	28225	The Book-Collector	The-Book-Collector_28225	unavailable				
William Hazlitt	31132	Hazlitt on English Literature: An Introduction to the Appreciation of Literature	Hazlitt-on-English-Literature-An-Introduction-to-the-Appreciation-of-Literature_31132	unavailable				
William Hazlitt	38017	Schools, School-Books and Schoolmasters	Schools-School-Books-and-Schoolmasters_38017	unavailable				
William Hazlitt	39269	Winterslow: Essays and Characters Written There	Winterslow-Essays-and-Characters-Written-There_39269	unavailable				
William Hazlitt	41393	The Confessions of a Collector	The-Confessions-of-a-Collector_41393	fetched		470298	7e24228907d1ec959e6a4d5b6529bb2500359724c937ed0b45269e5f40085e32	41393.txt
William Hazlitt	55932	The Collected Works of William Hazlitt, Vol. 01 (of 12)	The-Collected-Works-of-William-Hazlitt-Vol-01-of-12_55932	unavailable				
William Hazlitt	57385	The Collected Works of William Hazlitt, Vol. 09 (of 12)	The-Collected-Works-of-William-Hazlitt-Vol-09-of-12_57385	unavailable				
William Hazlitt	58408	The Collected Works of William Hazlitt, Vol. 07 (of 12)	The-Collected-Works-of-William-Hazlitt-Vol-07-of-12_58408	unavailable				
William Hazlitt	59256	The Collected Works of William Hazlitt, Vol. 02 (of 12)	The-Collected-Works-of-William-Hazlitt-Vol-02-of-12_59256	unavailable				
William Hazlitt	59506	The Collected Works of William Hazlitt, Vol. 08 (of 12)	The-Collected-Works-of-William-Hazlitt-Vol-08-of-12_59506	unavailable				
William Hazlitt	60286	The Collected Works of William Hazlitt, Vol. 03 (of 12)	The-Collected-Works-of-William-Hazlitt-Vol-03-of-12_60286	fetched		1336801	44c5023997045ec8d5e8630c6404e9ccecf92ee6dd54fcd91964a74e8f670f98	60286-0.txt
William Hazlitt	61763	The Collected Works of William Hazlitt, Vol. 04 (of 12)	The-Collected-Works-of-William-Hazlitt-Vol-04-of-12_61763	fetched		1267982	005c81f4cdfa3b31006042e868971fe41f6fb0a249dd2b180aa930fd0e07e146	61763-0.txt
William Hazlitt	64823	The Collected Works of William Hazlitt, Vol. 05 (of 12)	The-Collected-Works-of-William-Hazlitt-Vol-05-of-12_64823	fetched		1120715	2d91458fcd200f0bf3a86103b504dac5eaf8d87b6326b8375c9f443ecff10dc4	64823-0.txt
William Hazlitt	66129	The Collected Works of William Hazlitt, Vol. 06 (of 12)	The-Collected-Works-of-William-Hazlitt-Vol-06-of-12_66129	fetched		1526280	6966e1b7a3299f189c9a700aefdb35757d28f26cb2950e4b5b0a3d02c5c1f1e8	66129-0.txt
William Hazlitt	66734	The Collected Works of William Hazlitt, Vol. 10 (of 12)	The-Collected-Works-of-William-Hazlitt-Vol-10-of-12_66734	fetched		1265405	dc2e128c210ebbf7f1e52faf412aff285905661ed1b0eba64c4bf03d23695873	66734-0.txt
William James	621	The Varieties of Religious Experience: A Study in Human Nature	The-Varieties-of-Religious-Experience-A-Study-in-Human-Nature_621	unavailable				
William James	907	Flying Machines: Construction and Operation	Flying-Machines-Construction-and-Operation_907	unavailable				
William James	923	A Sketch of the Life of Brig. Gen. Francis Marion and a History of His Brigade	A-Sketch-of-the-Life-of-Brig-Gen-Francis-Marion-and-a-History-of-His-Brigade_923	unavailable				
William James	5116	Pragmatism: A New Name for Some Old Ways of Thinking	Pragmatism-A-New-Name-for-Some-Old-Ways-of-Thinking_5116	unavailable				
William James	5117	The Meaning of Truth	The-Meaning-of-Truth_5117	fetched		361848	dc6d6de21bbdfc8dad6accd8ff7d05918bc4eb1550d506bfea0915852b1d42f7	5117.txt
William James	11546	The Autobiography of a Journalist, Volume I	The-Autobiography-of-a-Journalist-Volume-I_11546	fetched		596095	8b4992868fca63175cd3e71a1e69cb5c0ca7b2be1c8aac5af522a2636a58b57a	11546.txt
William James	11594	The Autobiography of a Journalist, Volume II	The-Autobiography-of-a-Journalist-Volume-II_11594	fetched		587263	927bb297a25406d8abb0d4bad688a72fe51b2ded121efdd54e273bb3bc240da7	11594.txt
William James	11984	A Pluralistic Universe	A-Pluralistic-Universe_11984	unavailable				
William James	13979	For The Admiral	For-The-Admiral_13979	fetched		471563	8e5d72afd85f280a73034f07c5c428fa40d1d81793c27f0c77df2998667d21c1	13979-8.txt
William James	16287	Talks To Teachers On Psychology; And To Students On Some Of Life's Ideals	Talks-To-Teachers-On-Psychology-And-To-Students-On-Some-Of-Life-s-Ideals_16287	unavailable				
William James	16879	Some One Like You	Some-One-Like-You_16879	fetched		22687	86d14ba66f0fa03fcc27700fc500762f20b0404c187c96c1ce15990ad5f32197	16879.txt
William James	17246	The Quest of the Simple Life	The-Quest-of-the-Simple-Life_17246	fetched		296438	68fb2e09f187fc3d6872c573f79eae88d8ef1ab8ebca71062d5efaf45b1e8f96	17246.txt
William James	19134	The Empire of Love	The-Empire-of-Love_19134	fetched		160966	3169cbc50a3a8a143c43a8f29e710664ab548bfd85a0f9570ea99a1d470fe965	19134-8.txt
William James	20768	Memories and Studies	Memories-and-Studies_20768	fetched		413967	54957f0facd7e59ed7934033a1688d8f49a50a4f5641cbd2cbed7dc0486b0fac	20768.txt
William James	26659	The Will to Believe, and Other Essays in Popular Philosophy	The-Will-to-Believe-and-Other-Essays-in-Popular-Philosophy_26659	fetched		623558	c6f99faa952fbe31034c896099da98fd9048ceb61a18d28ec1a835d3c4f65b13	26659.txt
William James	32547	Essays in Radical Empiricism	Essays-in-Radical-Empiricism_32547	fetched		356546	f353f7e5247f840dd926ebf1ceca51abcf36f63b2b091791754301894edfb66c	32547.txt
William James	38091	The Letters of William James, Vol. 2	The-Letters-of-William-James-Vol-2_38091	unavailable				
William James	40307	The Letters of William James, Vol. 1	The-Letters-of-William-James-Vol-1_40307	unavailable				
William James	49956	The Cretan Insurrection of 1866-7-8	The-Cretan-Insurrection-of-1866-7-8_49956	fetched		364391	11e75054157c682f72ce184bd0e7b231b66c9e882efa6794b0465e2fdfbd796e	49956-0.txt
William James	55262	Psychology: Briefer Course	Psychology-Briefer-Course_55262	fetched		981949	1df5f244b3ea3c32c3fb2f56dcd1a75cb1d08ebbb1dc004202fea384099e0147	55262-0.txt
William James	57628	The Principles of Psychology, Volume 1 (of 2)	The-Principles-of-Psychology-Volume-1-of-2_57628	fetched		1698509	4ceca1c2509a79855b64e5fc1c39b2f4848cdcced85e33251c7f59fa4d00517e	57628-0.txt
William James	57634	The Principles of Psychology, Volume 2 (of 2)	The-Principles-of-Psychology-Volume-2-of-2_57634	fetched		1704413	467139f801786ad72c6c474c7cef5b6570af2fda4c203adda32db4017fb8a841	57634-0.txt
William James	61025	On the track of Ulysses; Together with an excursion in quest of the so-called Venus of Melos	On-the-track-of-Ulysses-Together-with-an-excursion-in-quest-of-the-so-called-Venus-of-Melos_61025	unavailable				
William James	62044	Billy and Hans, My Squirrel Friends: A True History	Billy-and-Hans-My-Squirrel-Friends-A-True-History_62044	fetched		78983	876d349059868672581f40b7ddb39363c0f5374835a21c918e2ae1c0d3529fb1	62044-0.txt
William James	63514	Boys and Girls	Boys-and-Girls_63514	unavailable				
William Lloyd Garrison	24194	No Compromise with Slavery	No-Compromise-with-Slavery_24194	unavailable				
William Lloyd Garrison	31178	Thoughts on African Colonization	Thoughts-on-African-Colonization_31178	fetched		725380	61670f0a75b61d917786882109daf3dc55f500ab25936bcc7fca0ee2e5fa57c6	31178-8.txt
William Makepeace Thackeray	599	Vanity Fair	Vanity-Fair_599	fetched		1765734	f87d4d8827cae32ddd94bea0558baaf48af26885a35777b5cb88c7aecf1297a9	599.txt
William Makepeace Thackeray	897	The Rose and the Ring	The-Rose-and-the-Ring_897	fetched		193060	89ffbe45bd23bf6ddf1cb4108ea7df89db77713094c53b064be843febd290253	897-0.txt
William Makepeace Thackeray	1462	Some Roundabout Papers	Some-Roundabout-Papers_1462	fetched		77048	9ae981ec711e45c201894cacad399b1d80a890befc8db0941e962832cb22c5ab	1462-0.txt
William Makepeace Thackeray	1863	Notes on a Journey from Cornhill to Grand Cairo	Notes-on-a-Journey-from-Cornhill-to-Grand-Cairo_1863	fetched		389813	e53c426d7aff8f33f3ad81d644b3230e94bcd1a3b0399c0686331f4c04e6e9df	1863.txt
William Makepeace Thackeray	1933	The History of Samuel Titmarsh and the Great Hoggarty Diamond	The-History-of-Samuel-Titmarsh-and-the-Great-Hoggarty-Diamond_1933	fetched		296046	ffb677cfd13b3911732937862920ce900c59cfecb9a3b4c896529102bb23321c	1933.txt
William Makepeace Thackeray	1935	The Tremendous Adventures of Major Gahagan	The-Tremendous-Adventures-of-Major-Gahagan_1935	fetched		175841	5a92ed5c54923e6b5fe743323c500366eacb8e94659bff951d2ff8ba55ea59b2	1935.txt
William Makepeace Thackeray	1969	Catherine: A Story	Catherine-A-Story_1969	unavailable				
William Makepeace Thackeray	1985	Men's Wives	Men-s-Wives_1985	fetched		399601	fc978e12ac33feb360de41121a0535dfe5825ef92c2f87c00e68bfc2ba1cb1f2	1985-0.txt
William Makepeace Thackeray	1990	The Bedford-Row Conspiracy	The-Bedford-Row-Conspiracy_1990	fetched		124669	9b770b532558227722779a55bf4d607a0f834f1db47bdff926644288d8c66684	1990-0.txt
William Makepeace Thackeray	2511	The History of Henry Esmond, Esq., a Colonel in the Service of Her Majesty Queen Anne	The-History-of-Henry-Esmond-Esq-a-Colonel-in-the-Service-of-Her-Majesty-Queen-Anne_2511	unavailable				
William Makepeace Thackeray	2608	Roundabout Papers	Roundabout-Papers_2608	fetched		707794	9b280f9b730823f378c309db68ac0fe8917ce1bbd01e777bc78ac187dee22d88	2608-0.txt
William Makepeace Thackeray	2645	The Second Funeral of Napoleon	The-Second-Funeral-of-Napoleon_2645	fetched		121841	a5fb31b61f1fbdfe149eebcbe5630b8ad1803815d2cba31154d60ca5a7e66d92	2645.txt
William Makepeace Thackeray	2646	John Leech's Pictures of Life and Character	John-Leech-s-Pictures-of-Life-and-Character_2646	fetched		49517	f9afd911c32f10ea4c458652a19e7436d163e548251f844bb66d9da8a67e9bf0	2646.txt
William Makepeace Thackeray	2648	George Cruikshank	George-Cruikshank_2648	fetched		113922	bbf71161707ae27d339c627a9ebc0b5882451d42c99e2eec648f519a47feeb07	2648.txt
William Makepeace Thackeray	2675	Burlesques	Burlesques_2675	fetched		932793	7cdb276fdac12f886af8cca3681f8f71525d5fadb457382ad9d18794aec03838	2675-0.txt
William Makepeace Thackeray	2686	The Book of Snobs	The-Book-of-Snobs_2686	fetched		390690	10cd85b6a70cab02a7d2c2162db7cec7f9d94e1cab5bdea5015dca230e043894	2686-0.txt
William Makepeace Thackeray	2731	The Christmas Books of Mr. M.A. Titmarsh	The-Christmas-Books-of-Mr-M-A-Titmarsh_2731	unavailable				
William Makepeace Thackeray	2732	Ballads	Ballads_2732	fetched		262477	5f8ce6a72a765080117aeb7dfc7142c588065a26c0bea46e932e13c15430dc84	2732-8.txt
William Makepeace Thackeray	2768	The Paris Sketch Book of Mr. M. A. Titmarsh	The-Paris-Sketch-Book-of-Mr-M-A-Titmarsh_2768	unavailable				
William Makepeace Thackeray	2796	The Memoirs of Mr. Charles J. Yellowplush	The-Memoirs-of-Mr-Charles-J-Yellowplush_2796	unavailable				
William Makepeace Thackeray	2797	The Wolves and the Lamb	The-Wolves-and-the-Lamb_2797	fetched		128897	667db70a264ab1f233bc4d50309a2559c7bd3d488096f920a0fd5bc627760e30	2797.txt
William Makepeace Thackeray	2823	The Fitz-Boodle Papers	The-Fitz-Boodle-Papers_2823	fetched		196958	39751da6f664b0a23c1b72665db991a054e3d9781f624877083dc17036edebea	2823-0.txt
William Makepeace Thackeray	2843	Little Travels and Roadside Sketches	Little-Travels-and-Roadside-Sketches_2843	fetched		106256	2062d378994e6788b95f33a40d692a6f015fca293e9a4835cb08f5c563efa3e8	2843.txt
William Makepeace Thackeray	2844	The Fatal Boots	The-Fatal-Boots_2844	fetched		123205	671cff9b38c96015ffbc4f3226339767557fcd238a1993fb94285e3f978d3a2a	2844-0.txt
William Makepeace Thackeray	2859	A Little Dinner at Timmins's	A-Little-Dinner-at-Timmins-s_2859	fetched		82734	8deb0785f0e76c020834d8b0a4aed89a61b36211911d94cd19a7a1051fd1ceaf	2859-0.txt
William Osler	1566	The Evolution of Modern Medicine	The-Evolution-of-Modern-Medicine_1566	unavailable				
William Osler	36926	Man's Redemption of Man: A Lay Sermon	Man-s-Redemption-of-Man-A-Lay-Sermon_36926	unavailable				
William Osler	48994	The Old Humanities and the New Science	The-Old-Humanities-and-the-New-Science_48994	fetched		97268	065b8ceb2476c491ce5550d7166ff9732b42714cb6404a268a9e59c5a33c6717	48994-8.txt
William Penn	14183	There is No Harm in Dancing	There-is-No-Harm-in-Dancing_14183	fetched		89576	75e52c9f32cd2f7ec20c658587df6e315f8cdfe565d6282c97106a37c7d4111f	14183.txt
William Penn	19377	A Brief Account of the Rise and Progress of the People Called Quakers	A-Brief-Account-of-the-Rise-and-Progress-of-the-People-Called-Quakers_19377	fetched		167775	f6e5be3fc72f3e2f358fe3b9baab85435eb966a45cccdfaee6aeae77a6c73c51	19377.txt
William Penn	20534	A Sermon Preached at the Quaker's Meeting House, in Gracechurch-Street, London, Eighth Month 12th, 1694.	A-Sermon-Preached-at-the-Quaker-s-Meeting-House-in-Gracechurch-Street-London-Eighth-Month-12th-1694_20534	unavailable				
William Penn	44895	No Cross, No Crown	No-Cross-No-Crown_44895	unavailable				
William Ralph Inge	4664	Light, Life, and Love: Selections from the German Mystics of the Middle Ages	Light-Life-and-Love-Selections-from-the-German-Mystics-of-the-Middle-Ages_4664	fetched		391615	ad2066c79d09c319236e8911804ca0669cbfbe59b391ae3029d5438f190b3869	4664.txt
William Ralph Inge	14596	Christian Mysticism	Christian-Mysticism_14596	fetched		704147	6bc9f07a7541603a02c2b1353c00c0d8d7469955fc34e5933e7b53d6afa6f24b	14596.txt
William Ralph Inge	15249	Outspoken Essays	Outspoken-Essays_15249	fetched		638764	48707ebd3df6e559e3f9e4c6cf3f20ec94c579bf2161d346ce3f8b3fe156672f	15249.txt
William Ralph Inge	36072	The Victorian Age: The Rede Lecture for 1922	The-Victorian-Age-The-Rede-Lecture-for-1922_36072	unavailable				
William Shakespeare	100	The Complete Works of William Shakespeare	The-Complete-Works-of-William-Shakespeare_100	fetched		5852404	17d47ae375676f7576feb3d931784223865403a18537707f9a567247015d6781	100-0.txt
William Shakespeare	1041	Shakespeare's Sonnets	Shakespeare-s-Sonnets_1041	fetched		122808	e3580b25135e2d89467dd4cef0ccdcdd5f50f8779247fc24612ef653d27dc9d5	1041.txt
William Shakespeare	1045	Venus and Adonis	Venus-and-Adonis_1045	fetched		86118	63f8be0f401b80f6d4cd43998285fbdef062614cb1ebeee1b623c1f922e65e05	1045.txt
William Shakespeare	1100	The First Part of Henry the Sixth	The-First-Part-of-Henry-the-Sixth_1100	unavailable				
William Shakespeare	1101	The Second Part of King Henry the Sixth	The-Second-Part-of-King-Henry-the-Sixth_1101	unavailable				
William Shakespeare	1102	The Third Part of King Henry the Sixth	The-Third-Part-of-King-Henry-the-Sixth_1102	unavailable				
William Shakespeare	1103	King Richard III	King-Richard-III_1103	fetched		219947	dafb20ed797d5f7b05bd3895361c25ebe5b5e21f83ffa32684aa8d80c1d8dae1	1103.txt
William Shakespeare	1104	The Comedy of Errors	The-Comedy-of-Errors_1104	fetched		105284	b1d5ea4a6e2d802eea21e7b10ee1fa44ee0c86dc1c14d742e36c667353c3d62b	1104.txt
William Shakespeare	1105	The Sonnets	The-Sonnets_1105	unavailable				
William Shakespeare	1106	The Tragedy of Titus Andronicus	The-Tragedy-of-Titus-Andronicus_1106	unavailable				
William Shakespeare	1107	The Taming of the Shrew	The-Taming-of-the-Shrew_1107	fetched		149297	057e4cfb160edb36f2b221557c42668b08a325e65ad8062ccbd63fdfac7b064e	1107.txt
William Shakespeare	1108	The Two Gentlemen of Verona	The-Two-Gentlemen-of-Verona_1108	unavailable				
William Shakespeare	1109	Love's Labour's Lost	Love-s-Labour-s-Lost_1109	fetched		154243	7bd7acaff51852d80f380b0980b5745edde176b18854897d627f97e9314381ff	1109.txt
William Shakespeare	1110	King John	King-John_1110	fetched		145417	ccdf7d5103390fee8f8b66565a5673825a2a0e046b260dee3c8874dfbd869888	1110.txt
William Shakespeare	1111	King Richard the Second	King-Richard-the-Second_1111	unavailable				
William Shakespeare	1112	The Tragedy of Romeo and Juliet	The-Tragedy-of-Romeo-and-Juliet_1112	fetched		179010	6f7bb5e21646d33b4962b7afe759a65d7fb607469791914572b75d84b788fe5f	1112.txt
William Shakespeare	1113	A Midsummer Night's Dream	A-Midsummer-Night-s-Dream_1113	fetched		121197	a6f4b763417d901a67af1928b86e239b9198d2fe5bdc74a1926e8fdfbbf6741e	1113.txt
William Shakespeare	1114	The Merchant of Venice	The-Merchant-of-Venice_1114	fetched		145235	cb1f49f8f14067b190651940af45473937ee2fc8dafad6a6818e319d69dceca6	1114.txt
William Shakespeare	1115	The First Part of King Henry the Fourth	The-First-Part-of-King-Henry-the-Fourth_1115	unavailable				
William Shakespeare	1116	The Merry Wives of Windsor	The-Merry-Wives-of-Windsor_1116	fetched		154483	311e9dfbcb5a261e45a1e96b11753123aa92251a1c9f176aad0b3df1a80ea690	1116.txt
William Shakespeare	1117	Second Part of King Henry IV	Second-Part-of-King-Henry-IV_1117	unavailable				
William Shakespeare	1118	Much Ado about Nothing	Much-Ado-about-Nothing_1118	fetched		158500	bc52b9052b4c90673eed141c1b51d605c652912b6708ae4169ec45bcbc07e21f	1118.txt
William Shakespeare	1119	The Life of King Henry the Fifth	The-Life-of-King-Henry-the-Fifth_1119	unavailable				
William Shakespeare	1120	The Tragedy of Julius Caesar	The-Tragedy-of-Julius-Caesar_1120	unavailable				
William Shakespeare	1121	As You Like It	As-You-Like-It_1121	fetched		162278	c7b74e1f32aec2090cf755e86205c2821859cfcb3a5fe8526010a04d9cc93e71	1121.txt
William Wordsworth	8774	Poems in Two Volumes, Volume 1	Poems-in-Two-Volumes-Volume-1_8774	fetched		106961	ff77bf6bb105bd0686d92cd82cdbfef4eceadf63733f75db85e921b7e27c0f87	8774.txt
William Wordsworth	8824	Poems in Two Volumes, Volume 2	Poems-in-Two-Volumes-Volume-2_8824	fetched		113634	8860911fbcff4b9828a1e8622693dac6378e1d8f8ba3c64902d353ea4190213c	8824.txt
William Wordsworth	8905	Lyrical Ballads, with Other Poems, 1800, Volume 1	Lyrical-Ballads-with-Other-Poems-1800-Volume-1_8905	fetched		181423	b4c91491ff68f9753513b595ad33ca2884ee4d61e3a3816aa52cda0fb8e7077e	8905-8.txt
William Wordsworth	8912	Lyrical Ballads with Other Poems, 1800, Volume 2	Lyrical-Ballads-with-Other-Poems-1800-Volume-2_8912	fetched		159261	dc6e03ba93aa5f2154013a48fbd651aa345223d3bc496aa2316a3333a0f0d1d3	8912.txt
William Wordsworth	9622	Lyrical Ballads, With a Few Other Poems (1798)	Lyrical-Ballads-With-a-Few-Other-Poems-1798_9622	unavailable				
William Wordsworth	10219	The Poetical Works of William Wordsworth — Volume 1 (of 8)	The-Poetical-Works-of-William-Wordsworth-Volume-1-of-8_10219	unavailable				
William Wordsworth	12145	The Poetical Works of William Wordsworth — Volume 2 (of 8)	The-Poetical-Works-of-William-Wordsworth-Volume-2-of-8_12145	unavailable				
William Wordsworth	12383	The Poetical Works of William Wordsworth — Volume 3 (of 8)	The-Poetical-Works-of-William-Wordsworth-Volume-3-of-8_12383	unavailable				
William Wordsworth	14952	Selections from Wordsworth and Tennyson	Selections-from-Wordsworth-and-Tennyson_14952	fetched		276274	363672c830b613772e061ac3f0414112eca90cd035426ef29a5898cdcf94bd6f	14952.txt
William Wordsworth	16550	The Prose Works of William Wordsworth	The-Prose-Works-of-William-Wordsworth_16550	unavailable				
William Wordsworth	32459	The Poetical Works of William Wordsworth — Volume 4 (of 8)	The-Poetical-Works-of-William-Wordsworth-Volume-4-of-8_32459	unavailable				
William Wordsworth	47143	The Poetical Works of William Wordsworth — Volume 7 (of 8)	The-Poetical-Works-of-William-Wordsworth-Volume-7-of-8_47143	unavailable				
William Wordsworth	47651	The Poetical Works of William Wordsworth — Volume 6 (of 8)	The-Poetical-Works-of-William-Wordsworth-Volume-6-of-8_47651	unavailable				
William Wordsworth	52836	The Poetical Works of William Wordsworth — Volume 8 (of 8)	The-Poetical-Works-of-William-Wordsworth-Volume-8-of-8_52836	fetched		926087	93ead6e227e43f6039edfaac63a1c464ffa0f915a0f17ce0c6e7b226f9b76741	52836-0.txt
William Wordsworth	56361	The Poetical Works of William Wordsworth — Volume 5 (of 8)	The-Poetical-Works-of-William-Wordsworth-Volume-5-of-8_56361	fetched		840734	c41d5cfd4d42b073b17773fd52223c0af9e9a469bd599abd92f6a9a31f214618	56361-0.txt
Woodrow Wilson	5034	State of the Union Addresses	State-of-the-Union-Addresses_5034	fetched		225741	619937bc67255756866737e90996c1797775f88f280fe6eab08c600f81f039ca	5034.txt
Woodrow Wilson	5068	On Being Human	On-Being-Human_5068	fetched		53625	732dec22b2ef486be10b7a79990a43b1bf6570601dc9382328da0f1e03a3668c	5068.txt
Woodrow Wilson	5078	When a Man Comes to Himself	When-a-Man-Comes-to-Himself_5078	fetched		42015	8a086f69aca14df01a136151469de8a3a6e8e58112966a8b06c72a93649832bf	5078.txt
Woodrow Wilson	6870	Why We Are at War : Messages to the Congress January to April 1917	Why-We-Are-at-War-Messages-to-the-Congress-January-to-April-1917_6870	unavailable				
Woodrow Wilson	14811	The New Freedom: A Call For the Emancipation of the Generous Energies of a People	The-New-Freedom-A-Call-For-the-Emancipation-of-the-Generous-Energies-of-a-People_14811	unavailable				
Woodrow Wilson	17418	The Black Pearl	The-Black-Pearl_17418	fetched		501349	11f6dccf5fd239bfad4c5cc9b259c1e697031713400505b9d1c3eff600ba6c9f	17418.txt
Woodrow Wilson	17427	President Wilson's Addresses	President-Wilson-s-Addresses_17427	fetched		574619	594c9186050f33c2909fb8e0fdf3344dcf1aa60b002ff3704516c9ba8dd2bc7d	17427.txt
Woodrow Wilson	24668	In Our First Year of the War	In-Our-First-Year-of-the-War_24668	unavailable				
Woodrow Wilson	25820	The Silver Butterfly	The-Silver-Butterfly_25820	fetched		339056	69e59582d9c98f4353e9b1b32508fa556c16d75fa902feb09857ded27d9fcb84	25820-8.txt
Woodrow Wilson	35861	Congressional Government: A Study in American Politics	Congressional-Government-A-Study-in-American-Politics_35861	unavailable				
Woodrow Wilson	37549	The Beauty	The-Beauty_37549	fetched		356946	1d9e5554ba73600c60058f6360a515d40a9de5d1d7337d69a8251a03fad61ef3	37549-8.txt
Woodrow Wilson	59019	The Road Away from Revolution	The-Road-Away-from-Revolution_59019	fetched		27354	fcfbf079ef2d48bf7b1b9d1762236c5b7cfa3de375f99c178dccfb252341bb16	59019-0.txt
Woodrow Wilson	66074	Mere Literature, and Other Essays	Mere-Literature-and-Other-Essays_66074	fetched		342827	1d4d40c1b6ee4cdedf0a7eb33fa68382c39cd95aa6557746d1d937721a07e053	66074-0.txt
