author	pg_id	title	gitenberg_repo	status	reason	bytes	sha256	text_file
A. A. Milne	1872	The Red House Mystery	The-Red-House-Mystery_1872	fetched		374125	ee1ab93b8cde3bd5ab404eee337b8f96ac1163a39a3b7d18566c75c3b0e03a7a	1872-0.txt
A. A. Milne	5675	The Holiday Round	The-Holiday-Round_5675	fetched		398557	a75dd45aa8eb3ca78aaf1e97d00a0f130c9d3863fb3549ac36dd2dcd44287949	5675.txt
A. A. Milne	5803	Not that it Matters	Not-that-it-Matters_5803	fetched		281387	945884e9c1b817aeb821edfff63451676b5d2ffaae3041b88369914aad7a5712	5803.txt
A. A. Milne	6992	Belinda: An April Folly in Three Acts	Belinda-An-April-Folly-in-Three-Acts_6992	unavailable				
A. A. Milne	7310	Mr. Pim Passes By: A Comedy in Three Acts	Mr-Pim-Passes-By-A-Comedy-in-Three-Acts_7310	fetched		156435	7b85c33ad0ae570d824be2ecae14b2f32e021468cdb7fa6b7f3d2dc5d79d3683	7310.txt
A. A. Milne	7365	If I May	If-I-May_7365	fetched		276267	2ac6e1e564e0b10cf2d25641fecf1629e3676159bb207e05a4fda9780b8e18b4	7365-8.txt
A. A. Milne	7805	First Plays	First-Plays_7805	fetched		338433	f9b445a2cc647634fdc89c94c0c2192a9fa170bf2675e44fc0c76db54b897d8b	7805-8.txt
A. A. Milne	13441	The Sunny Side	The-Sunny-Side_13441	fetched		386880	983f5b0ace61ce87b0b517b3ccfdceffbcaa163d00c6432e617714ac1e30553c	13441-8.txt
A. A. Milne	14734	Second Plays	Second-Plays_14734	fetched		408501	2fece2af1a3c7f7d2a99fbb005beee406b12ad0721a563b60c8db8cf911f86e8	14734-8.txt
A. A. Milne	24313	Once a Week	Once-a-Week_24313	fetched		452699	7399a7d9f9a7cdd88d37b9f3bbd71c10944a475811fba57a45b8ae5884467800	24313-8.txt
A. A. Milne	26098	Happy Days	Happy-Days_26098	fetched		429419	2a5a67de5e84b9171dd9ac300a400b7b9a811992751aebcc16b7880d215d9bcd	26098-8.txt
A. A. Milne	26470	The Red House Mystery	The-Red-House-Mystery_26470	unavailable				
A. A. Milne	27771	Once on a Time	Once-on-a-Time_27771	fetched		301725	8fe9d9d33a82511c1067b55a30a9e9bc380fe32cd79da4ed612438d62e988fb7	27771.txt
A. A. Milne	60167	Three Plays	Three-Plays_60167	fetched		422568	60b8fdf4dd466360aa89f048fba63eb2c9f786cb82782c6b8bf07fbeafd9140e	60167-0.txt
A. A. Milne	66092	A Gallery of Children	A-Gallery-of-Children_66092	fetched		76902	befcfcddf94fea98a9760335980689fa5bc4488ad466d049199e9d8023a26f49	66092-0.txt
A. A. Milne	67098	Winnie-the-Pooh	Winnie-the-Pooh_67098	fetched		147912	590b55a060a61d017dce06c859a3a5ae3791e9ad46b4719a1b33ec9771beccde	67098-0.txt
Abraham Cahan	2803	The Rise of David Levinsky	The-Rise-of-David-Levinsky_2803	fetched		966408	9e5f544535bca572f7a1cf6e7f20c0c5a138f439abadc94db256bfc9ac26d88c	2803.txt
Abraham Cahan	36715	Yekl: A Tale of the New York Ghetto	Yekl-A-Tale-of-the-New-York-Ghetto_36715	unavailable				
Abraham Cahan	39166	The White Terror and The Red: A Novel of Revolutionary Russia	The-White-Terror-and-The-Red-A-Novel-of-Revolutionary-Russia_39166	unavailable				
Abraham Cahan	43028	The Imported Bridegroom, and Other Stories of the New York Ghetto	The-Imported-Bridegroom-and-Other-Stories-of-the-New-York-Ghetto_43028	unavailable				
Abraham Cowley	3549	Cowley's Essays	Cowley-s-Essays_3549	fetched		212233	2f0789c4a020de36e56c8153391a227d8c985f77e56ded872f730a97017761ac	3549-0.txt
Abraham Lincoln	4	Lincoln's Gettysburg Address	Lincoln-s-Gettysburg-Address_4	unavailable				
Abraham Lincoln	8	Abraham Lincoln's Second Inaugural Address	Abraham-Lincoln-s-Second-Inaugural-Address_8	fetched		12356	1479db52ee7e573541cdd757d17724200db95efbef0ebad1e29f8bc55cc08018	8-0.txt
Abraham Lincoln	9	Abraham Lincoln's First Inaugural Address	Abraham-Lincoln-s-First-Inaugural-Address_9	fetched		30029	d8c305e1fbd4d8c6f5f0892a236cc996bee7334e3a8d07f2ecedb392aae67ee4	9-0.txt
Abraham Lincoln	2653	The Papers and Writings of Abraham Lincoln — Volume 1: 1832-1843	The-Papers-and-Writings-of-Abraham-Lincoln-Volume-1-1832-1843_2653	unavailable				
Abraham Lincoln	2654	The Papers and Writings of Abraham Lincoln — Volume 2: 1843-1858	The-Papers-and-Writings-of-Abraham-Lincoln-Volume-2-1843-1858_2654	unavailable				
Abraham Lincoln	2655	The Papers and Writings of Abraham Lincoln — Volume 3: The Lincoln-Douglas Debates	The-Papers-and-Writings-of-Abraham-Lincoln-Volume-3-The-Lincoln-Douglas-Debates_2655	unavailable				
Abraham Lincoln	2656	The Papers and Writings of Abraham Lincoln — Volume 4: The Lincoln-Douglas Debates	The-Papers-and-Writings-of-Abraham-Lincoln-Volume-4-The-Lincoln-Douglas-Debates_2656	unavailable				
Abraham Lincoln	2657	The Papers and Writings of Abraham Lincoln — Volume 5: 1858-1862	The-Papers-and-Writings-of-Abraham-Lincoln-Volume-5-1858-1862_2657	unavailable				
Abraham Lincoln	2658	The Papers and Writings of Abraham Lincoln — Volume 6: 1862-1863	The-Papers-and-Writings-of-Abraham-Lincoln-Volume-6-1862-1863_2658	unavailable				
Abraham Lincoln	2659	The Papers and Writings of Abraham Lincoln — Volume 7: 1863-1865	The-Papers-and-Writings-of-Abraham-Lincoln-Volume-7-1863-1865_2659	unavailable				
Abraham Lincoln	3253	The Papers and Writings of Abraham Lincoln, Complete	The-Papers-and-Writings-of-Abraham-Lincoln-Complete_3253	fetched		3220578	be139c682155e748045c8bbc8296e891c9492807ab6adf97ac0c37f0cbd271c4	3253.txt
Abraham Lincoln	3626	Widger's Quotations from the Project Gutenberg Editions of the Works of Abraham Lincoln	Widger-s-Quotations-from-the-Project-Gutenberg-Editions-of-the-Works-of-Abraham-Lincoln_3626	excluded	excerpt digest - names no original work, so it is a source of nothing			
Abraham Lincoln	5024	State of the Union Addresses	State-of-the-Union-Addresses_5024	fetched		188748	43a7448e2ead13088263f16edbcae3dc165b5daf01b46920ae4c72adce0692f3	5024.txt
Abraham Lincoln	7547	Quotes and Images from the Writings of Abraham Lincoln	Quotes-and-Images-from-the-Writings-of-Abraham-Lincoln_7547	excluded	excerpt digest - names no original work, so it is a source of nothing			
Abraham Lincoln	8110	Lincoln Letters	Lincoln-Letters_8110	fetched		25937	62fae85f994c21b1c1b1af5c9241d945386bcbaf5d7c100565a1a86e78c1cd9b	8110.txt
Abraham Lincoln	14274	Lincoln's Inaugurals, Addresses and Letters (Selections)	Lincoln-s-Inaugurals-Addresses-and-Letters-Selections_14274	unavailable				
Abraham Lincoln	14721	Speeches & Letters of Abraham Lincoln, 1832-1865	Speeches-Letters-of-Abraham-Lincoln-1832-1865_14721	unavailable				
Abraham Lincoln	22082	The Emancipation Proclamation	The-Emancipation-Proclamation_22082	fetched		23613	8913a99cf5dec7b20f482074359bfbd22a68a7c35b3b72434b459eb25cae6ba8	22082.txt
Abraham Lincoln	22681	The Life and Public Service of General Zachary Taylor: An Address	The-Life-and-Public-Service-of-General-Zachary-Taylor-An-Address_22681	unavailable				
Abraham Lincoln	26200	The Gettysburg Address	The-Gettysburg-Address_26200	unavailable				
Abraham Lincoln	26250	Lincoln at Cooper Union	Lincoln-at-Cooper-Union_26250	unavailable				
Abraham Lincoln	39204	The Lincoln Year Book: Axioms and Aphorisms from the Great Emancipator	The-Lincoln-Year-Book-Axioms-and-Aphorisms-from-the-Great-Emancipator_39204	unavailable				
Abraham Lincoln	41535	Pistol and Revolver Shooting	Pistol-and-Revolver-Shooting_41535	fetched		324916	f0f9afea0394b5335c154ceda0bfca794174a92df0b7f0e4c92acc632977f625	41535-0.txt
Abraham Lincoln	48364	Noted Speeches of Abraham Lincoln, Including the Lincoln-Douglas Debate	Noted-Speeches-of-Abraham-Lincoln-Including-the-Lincoln-Douglas-Debate_48364	fetched		171368	6ec38712710de1c4c799d6bdeae2bb43da7e42951602ac241ecdc10aa35ed968	48364-0.txt
Abraham Lincoln	52007	Discoveries and Inventions: A lecture by Abraham Lincoln delivered in 1860	Discoveries-and-Inventions-A-lecture-by-Abraham-Lincoln-delivered-in-1860_52007	fetched		40228	bb60e1a9045aa0c2ebe967a4d4407b39a90abf13bdea7266a793511df02208f1	52007-0.txt
Abraham Lincoln	58850	A Legacy of Fun	A-Legacy-of-Fun_58850	fetched		78564	edeb6de2804aea8e75b6f111724063911a4eb4c4e45ebfb96a9f33e7ff7e6c3e	58850-0.txt
Abraham Lincoln	61966	Abraham Lincoln's Lost Speech, May 29, 1856	Abraham-Lincoln-s-Lost-Speech-May-29-1856_61966	unavailable				
Ada Cambridge	4218	Sisters	Sisters_4218	fetched		533863	b784a5008fd1e697cb906c69878e795d14d2361b12e61136067c72384221980c	4218.txt
Ada Cambridge	37825	Thirty Years in Australia	Thirty-Years-in-Australia_37825	fetched		526661	02add3c9046e6ca88fe252d153eec8ac1ffe6592c0203a6b894940b630efe710	37825-8.txt
Ada Cambridge	37866	A Humble Enterprise	A-Humble-Enterprise_37866	fetched		285946	fb9ed4245138cff2d43b60990f76e39ba5203f976e44f34eb4b30dd62c6b6b60	37866-8.txt
Ada Cambridge	38083	A Mere Chance: A Novel. Vol. 1	A-Mere-Chance-A-Novel-Vol-1_38083	unavailable				
Ada Cambridge	38084	A Mere Chance: A Novel. Vol. 2	A-Mere-Chance-A-Novel-Vol-2_38084	unavailable				
Ada Cambridge	38085	A Mere Chance: A Novel. Vol. 3	A-Mere-Chance-A-Novel-Vol-3_38085	unavailable				
Ada Cambridge	40659	Materfamilias	Materfamilias_40659	fetched		357485	9d7314fafee7b44f27a79834da234065d255dae062bd35097eaa96d32fc3f491	40659-8.txt
Ada Cambridge	42270	The Retrospect	The-Retrospect_42270	fetched		503263	9bd4caf4c66b1f0de7c2304db0c9170acd57702dea4266e2f43b8bb269ed049a	42270.txt
Ada Cambridge	50476	The Three Miss Kings: An Australian Story	The-Three-Miss-Kings-An-Australian-Story_50476	fetched		792340	63a532cb47120879835a6a24cc48a94be3a56e3402968f1199ec6367059bd2f0	50476-8.txt
Aeschylus	8604	The House of Atreus; Being the Agamemnon, the Libation bearers, and the Furies	The-House-of-Atreus-Being-the-Agamemnon-the-Libation-bearers-and-the-Furies_8604	fetched		223914	5f95a2fe52ed1de0f46701674ffeb39b0b05e43c57de18ddf203aa0eeb3c997d	8604-8.txt
Aeschylus	8714	Four Plays of Aeschylus	Four-Plays-of-Aeschylus_8714	fetched		269145	087082f4a939f46ec4cf062348f6382f8444dd42953d96328e7173430b69feb9	8714-8.txt
Aeschylus	14417	The Agamemnon of Aeschylus	The-Agamemnon-of-Aeschylus_14417	unavailable				
Aeschylus	27458	Aeschylus' Prometheus Bound and the Seven Against Thebes	Aeschylus-Prometheus-Bound-and-the-Seven-Against-Thebes_27458	fetched		189913	25729227777cdea0d28751c06677c5f12596903de911d1858a44527e2e542556	27458.txt
Aeschylus	53174	Æschylos Tragedies and Fragments	schylos-Tragedies-and-Fragments_53174	unavailable				
Aeschylus	59225	The Lyrical Dramas of Aeschylus Translated into English Verse	The-Lyrical-Dramas-of-Aeschylus-Translated-into-English-Verse_59225	fetched		959338	502fd4b7644970ff0f76fbc0821042603a428ae0b95766df933319bdc6edaca7	59225-0.txt
Aesop	21	Aesop's Fables	Aesop-s-Fables_21	unavailable				
Aesop	28	The Fables of Aesop	The-Fables-of-Aesop_28	unavailable				
Aesop	8809	Aesop's Fables	Aesop-s-Fables_8809	unavailable				
Aesop	11339	Aesop's Fables; a new translation	Aesop-s-Fables-a-new-translation_11339	unavailable				
Aesop	18732	Aesop's Fables: A New Revised Version From Original Sources	Aesop-s-Fables-A-New-Revised-Version-From-Original-Sources_18732	unavailable				
Aesop	19616	Aesop's Fables - Volume 01	Aesop-s-Fables-Volume-01_19616	unavailable				
Aesop	19617	Aesop's Fables - Volume 02	Aesop-s-Fables-Volume-02_19617	unavailable				
Aesop	19618	Aesop's Fables - Volume 03	Aesop-s-Fables-Volume-03_19618	unavailable				
Aesop	19619	Aesop's Fables - Volume 04	Aesop-s-Fables-Volume-04_19619	unavailable				
Aesop	19620	Aesop's Fables - Volume 05	Aesop-s-Fables-Volume-05_19620	unavailable				
Aesop	19621	Aesop's Fables - Volume 06	Aesop-s-Fables-Volume-06_19621	unavailable				
Aesop	19622	Aesop's Fables - Volume 07	Aesop-s-Fables-Volume-07_19622	unavailable				
Aesop	19623	Aesop's Fables - Volume 08	Aesop-s-Fables-Volume-08_19623	unavailable				
Aesop	19624	Aesop's Fables - Volume 09	Aesop-s-Fables-Volume-09_19624	unavailable				
Aesop	19625	Aesop's Fables - Volume 10	Aesop-s-Fables-Volume-10_19625	unavailable				
Aesop	19626	Aesop's Fables - Volume 11	Aesop-s-Fables-Volume-11_19626	unavailable				
Aesop	19627	Aesop's Fables - Volume 12	Aesop-s-Fables-Volume-12_19627	unavailable				
Aesop	19994	The Aesop for Children	The-Aesop-for-Children_19994	unavailable				
Aesop	20268	The Baby's Own Aesop	The-Baby-s-Own-Aesop_20268	unavailable				
Aesop	21189	Aesop, in Rhyme: Old Friends in a New Dress	Aesop-in-Rhyme-Old-Friends-in-a-New-Dress_21189	unavailable				
Aesop	25433	The Baby's Own Aesop	The-Baby-s-Own-Aesop_25433	fetched		40475	083fced93c6813fdd06ec213633e28e421cfde29c0dc3460fb73ec373d28e64a	25433.txt
Aesop	34588	Some of Æsop's Fables with Modern Instances	Some-of-sop-s-Fables-with-Modern-Instances_34588	unavailable				
Aesop	39187	Æsop's Fables, Embellished with One Hundred and Eleven Emblematical Devices.	sop-s-Fables-Embellished-with-One-Hundred-and-Eleven-Emblematical-Devices_39187	unavailable				
Aesop	49010	Æsop's Fables: A Version for Young Readers	sop-s-Fables-A-Version-for-Young-Readers_49010	unavailable				
Aesop	53103	Æsop's Fables	sop-s-Fables_53103	unavailable				
Aesop	60004	The Fables of Æsop, and Others	The-Fables-of-sop-and-Others_60004	unavailable				
Aesop	60874	Bewick's Select Fables of Æsop and others.	Bewick-s-Select-Fables-of-sop-and-others_60874	unavailable				
Albert Gallatin	11937	The Symbolism of Freemasonry	The-Symbolism-of-Freemasonry_11937	unavailable				
Albert Gallatin	12186	The Principles of Masonic Law	The-Principles-of-Masonic-Law_12186	unavailable				
Albert Gallatin	12249	Bart Ridgeley: A Story of Northern Ohio	Bart-Ridgeley-A-Story-of-Northern-Ohio_12249	unavailable				
Albert Gallatin	32192	Peace with Mexico	Peace-with-Mexico_32192	fetched		97094	a341a378a4078f5768e054cd65956ac4e32029282dff1e409daeb5fdc9b724a3	32192.txt
Albert Gallatin	51843	The Oregon Question	The-Oregon-Question_51843	fetched		177203	a99800a81a22f28de9b7add92c7700b6fd6ab7f1072ce2895b4dec06c2d41dfd	51843-8.txt
Albert Schweitzer	45422	The Quest of the Historical Jesus	The-Quest-of-the-Historical-Jesus_45422	fetched		1254881	f0834868907ad55ee09f60b56337b7594c5378e20b1c614b311b50f0e11e9e1b	45422.txt
Albert Schweitzer	50015	On the Edge of the Primeval Forest	On-the-Edge-of-the-Primeval-Forest_50015	unavailable				
Alexander Hamilton	18	The Federalist Papers	The-Federalist-Papers_18	fetched		1213088	ee0484c2e0f03f1b64743db6eb16f66588262d902c119145033e1bc4d24c9ce5	18.txt
Alexander Hamilton	1404	The Federalist Papers	The-Federalist-Papers_1404	fetched		1186932	a163b394950a4e59c8b8ef3b32cd021200b4b54cccd808110aed6fe4dbb248e6	1404-8.txt
Alexander Hamilton	14869	Soldier Songs and Love Songs	Soldier-Songs-and-Love-Songs_14869	fetched		70736	44f4214ded1e8f80413dd6bd1496c3118bbe8d52660042f70b63654a9c91ead8	14869-8.txt
Alexander Hamilton	15456	McGuffey's Eclectic Spelling Book	McGuffey-s-Eclectic-Spelling-Book_15456	fetched		170427	dd245b2abfb44c79ce5e8891046841ee2b66910d99ec4b56eb4871db3e51afd5	15456.txt
Alexander Hamilton	22788	The Federalist Papers	The-Federalist-Papers_22788	unavailable				
Alexander Hamilton	27102	The Ground Plan of the English Parish Church	The-Ground-Plan-of-the-English-Parish-Church_27102	fetched		214184	dc53cd879c96df8ac48991537bf62c41a921f5b45943f173ef5f643e381b7585	27102.txt
Alexander Hamilton	37924	Forging Ahead in Business	Forging-Ahead-in-Business_37924	fetched		222801	e86f336b41410a8faea54981422225ea64ef5aecefa37495ee1c6b23a08e05ae	37924-8.txt
Alexander Hamilton	49832	English Monasteries	English-Monasteries_49832	fetched		249786	e32ec26a2adb64a1b5c652065e686d5aa59117744b883e6c101ad910e6a6f67a	49832-0.txt
Alexander Hamilton	56331	The Historical Growth of the English Parish Church	The-Historical-Growth-of-the-English-Parish-Church_56331	fetched		216734	dc342d1a377cd6d51d2383187f2f5baf4fcf51f0b9d99176c47506ddae0a7ae1	56331-8.txt
Alexander Hamilton	57266	Cambridge and Its Colleges	Cambridge-and-Its-Colleges_57266	fetched		391939	919c4832d721fac6c2be3c85831a363f9fdf01bb9e44889ce354a9b1db08f706	57266-0.txt
Alexander Hamilton	60518	Military Architecture in England During the Middle Ages	Military-Architecture-in-England-During-the-Middle-Ages_60518	fetched		752436	7e689d11b0a2d798b05f6af74033b40a6037456c4f0d3883308accec12e03f2b	60518-0.txt
Alexander Hamilton	61791	The Arab conquests in Central Asia	The-Arab-conquests-in-Central-Asia_61791	fetched		236235	2c04ae2cf5cce235c31648831eade0c5b38a653175f1a23b9f775aee624e2e1d	61791-0.txt
Alexander Pope	2428	An Essay on Man; Moral Essays and Satires	An-Essay-on-Man-Moral-Essays-and-Satires_2428	unavailable				
Alexander Pope	7409	An Essay on Criticism	An-Essay-on-Criticism_7409	fetched		76350	bcf4cc7f0b76e7fb43391898a2924d2587bae6c34fad93c283a20e795c925c17	7409.txt
Alexander Pope	9413	The Poetical Works of Alexander Pope, Volume 1	The-Poetical-Works-of-Alexander-Pope-Volume-1_9413	fetched		579133	0d3a4cd46e7d7933d5ce0b6eaf32e81bda28e917d66f4491e90dcae1cfcc971c	9413-8.txt
Alexander Pope	9601	The Poetical Works of Alexander Pope, Volume 2	The-Poetical-Works-of-Alexander-Pope-Volume-2_9601	fetched		644247	a132ad11be66b409211e28767ebacc5a76f6b01a4cc065243a68942aff263d04	9601.txt
Alexander Pope	9800	The Rape of the Lock, and Other Poems	The-Rape-of-the-Lock-and-Other-Poems_9800	fetched		368879	afe599ac47aadac10f67665770337807b30761135ad2784893bef935acf3e18d	9800.txt
Alexander Pope	32190	The Works of Alexander Pope, Volume 1	The-Works-of-Alexander-Pope-Volume-1_32190	unavailable				
Alexander Pope	37667	Three Hours after Marriage	Three-Hours-after-Marriage_37667	fetched		187250	1d0f45ac0f08c68aa466f84ba58c281eedd5ba186a5a3aef06982350fb692fe9	37667.txt
Alexander Pope	43271	The Works of Alexander Pope, Volume 2 (of 10)	The-Works-of-Alexander-Pope-Volume-2-of-10_43271	unavailable				
Alexander Pope	58845	Index of the Project Gutenberg Works of Alexander Pope	Index-of-the-Project-Gutenberg-Works-of-Alexander-Pope_58845	fetched		34136	ed4d4d7f125acb818d353c22ed160140c0d089386c7cd8d6ff71f79e6e42ad91	58845-0.txt
Alexis de Tocqueville	815	Democracy in America — Volume 1	Democracy-in-America-Volume-1_815	unavailable				
Alexis de Tocqueville	816	Democracy in America — Volume 2	Democracy-in-America-Volume-2_816	unavailable				
Alexis de Tocqueville	8690	American Institutions and Their Influence	American-Institutions-and-Their-Influence_8690	fetched		1269327	23e7d14b7b8b24731dd9fb40965246a6cddbb5e4b2a211ae4e11fe6bbc2a320e	8690.txt
Alexis de Tocqueville	13333	Correspondence & Conversations of Alexis de Tocqueville with Nassau William Senior from 1834 to 1859, Volume 2	Correspondence-Conversations-of-Alexis-de-Tocqueville-with-Nassau-William-Senior-from-1834-to-1859-Volume-2_13333	unavailable				
Alexis de Tocqueville	37892	The Recollections of Alexis de Tocqueville	The-Recollections-of-Alexis-de-Tocqueville_37892	fetched		637431	2e85d6ee68ac578625583e714a63c71cc1c0391e2efe4648c62a9775c00ce5c7	37892-8.txt
Alexis de Tocqueville	41781	The Country House (with Designs)	The-Country-House-with-Designs_41781	unavailable				
Alexis de Tocqueville	54187	The State of Society in France Before the Revolution of 1789	The-State-of-Society-in-France-Before-the-Revolution-of-1789_54187	unavailable				
Alexis de Tocqueville	58644	Index of the Project Gutenberg Works of Alexis de Tocqueville	Index-of-the-Project-Gutenberg-Works-of-Alexis-de-Tocqueville_58644	fetched		66301	88e3e9bc2162d3ba9f14aa112bf207ba3d120b76e9bbcb80d1d0b744052116d6	58644-0.txt
Alfred Lord Tennyson	610	Idylls of the King	Idylls-of-the-King_610	fetched		508322	2981ada5c5d5041196f18efc17b93f2dac597234d22b31b1cde558c4151f6f56	610.txt
Alfred Lord Tennyson	791	The Princess	The-Princess_791	fetched		180456	c51f86d4ece3bbcabe4eb90de8687cb67d49218321fa50915c9eb18d4228c3ee	791-8.txt
Alfred Lord Tennyson	1358	Enoch Arden, &c.	Enoch-Arden-c_1358	unavailable				
Alfred Lord Tennyson	6074	Lady Clare	Lady-Clare_6074	fetched		24592	d735ea154f86c305d6fe3f3c4fd5745dd3742ad4f2826f1e85d59bde536caed1	6074.txt
Alfred Lord Tennyson	7782	The Last Tournament	The-Last-Tournament_7782	fetched		55588	346bb5467e73de90dee654315e4f5b539f24d1841442a9a9f502e7058b82e680	7782.txt
Alfred Lord Tennyson	8601	The Early Poems of Alfred Lord Tennyson	The-Early-Poems-of-Alfred-Lord-Tennyson_8601	fetched		646586	53754199dce6ff19aaadfd8430492aeaed8dcfca12dfc00e0ef1a4145541eb3c	8601.txt
Alfred Lord Tennyson	9162	Becket and other plays	Becket-and-other-plays_9162	fetched		355121	b550d7da5593c8842496e73159b9daf17d2ca59529d6d0a97a58188e2148114a	9162.txt
Alfred Lord Tennyson	9176	Queen Mary; and, Harold	Queen-Mary-and-Harold_9176	unavailable				
Alfred Lord Tennyson	14094	The Suppressed Poems of Alfred Lord Tennyson	The-Suppressed-Poems-of-Alfred-Lord-Tennyson_14094	fetched		154602	f0d50f6b8e7430956d0036c9ffcc634bcf1d496d7349cb9ffe426be18f0febb0	14094-8.txt
Alfred Lord Tennyson	23597	Beauties of Tennyson	Beauties-of-Tennyson_23597	fetched		40520	a4a8ce2e2fc12cd1cabeb6950bc3d48c1b87d79020ac6ddad33c9bc30ce19b3f	23597.txt
Alfred Lord Tennyson	35598	Tales from Tennyson	Tales-from-Tennyson_35598	fetched		220790	7a4b891e77e0e57580d70fd954f8a90405ff33a4f492137a65fe63e2e7e35009	35598-8.txt
Alfred Lord Tennyson	56913	Maud, and Other Poems	Maud-and-Other-Poems_56913	fetched		104648	3241d6b04cd1114132a6f5facdd3f8413103054e6f7bd52100f1f7dabf70e5f6	56913-0.txt
Alfred Lord Tennyson	59279	Index of the Project Gutenberg Works of Alfred Lord Tennyson	Index-of-the-Project-Gutenberg-Works-of-Alfred-Lord-Tennyson_59279	fetched		28540	2ef6c79e13d3ea6d753608d1d8456fbd7f8594e6607982c6e2ff41e5f2b215d2	59279-0.txt
Alfred North Whitehead	18835	The Concept of Nature	The-Concept-of-Nature_18835	unavailable				
Alfred North Whitehead	41568	An Introduction to Mathematics	An-Introduction-to-Mathematics_41568	unavailable				
Alice Morse Earle	8659	Sabbath in Puritan New England	Sabbath-in-Puritan-New-England_8659	fetched		488126	b1f5df0481d81f3347f47450a3a2645b3a05db41c276a7951bd8b3d025f61678	8659-8.txt
Alice Morse Earle	10115	Two Centuries of Costume in America, Volume 1 (1620-1820)	Two-Centuries-of-Costume-in-America-Volume-1-1620-1820_10115	unavailable				
Alice Morse Earle	22675	Home Life in Colonial Days	Home-Life-in-Colonial-Days_22675	fetched		574881	1a3b318d80118cdbe1bef885f95210d7dd1ebfe4c72445b2e2dd858f2f78e47b	22675.txt
Alice Morse Earle	24159	Customs and Fashions in Old New England	Customs-and-Fashions-in-Old-New-England_24159	fetched		606808	68d3ce0e935c1371629abd798607bb3dd5e04a8157072443dff486efe09e2e17	24159-8.txt
Alice Morse Earle	34005	Curious Punishments of Bygone Days	Curious-Punishments-of-Bygone-Days_34005	fetched		178781	63f5b4303ffaff220435b7f19c0d184d7358ab6165fae7bb0ef531082267dc1e	34005-8.txt
Alice Morse Earle	37272	Stage-coach and Tavern Days	Stage-coach-and-Tavern-Days_37272	fetched		655684	64b690dcb8b0193d84729f865b4a18f72bafcab6b80bd70f7f6933cb8cc09d03	37272-8.txt
Alice Morse Earle	39049	Old-Time Gardens, Newly Set Forth	Old-Time-Gardens-Newly-Set-Forth_39049	unavailable				
Alice Morse Earle	43863	Child Life in Colonial Days	Child-Life-in-Colonial-Days_43863	fetched		575132	5542bec0806375eb6efdddcde1b0924240acabfa1ecaa077188c83f2342a04fd	43863.txt
Alphonse de Lamartine	13019	Raphael; Or, Pages of the Book of Life at Twenty	Raphael-Or-Pages-of-the-Book-of-Life-at-Twenty_13019	unavailable				
Alphonse de Lamartine	18094	History of the Girondists, Volume I	History-of-the-Girondists-Volume-I_18094	unavailable				
Alphonse de Lamartine	25339	Atheism Among the People	Atheism-Among-the-People_25339	fetched		72700	c0af7d10211a925ba7cbc7ca481e65ae5e4b942fca4b4bec449130449ee2fec6	25339.txt
Alphonse de Lamartine	45917	Origin of Cultivated Plants	Origin-of-Cultivated-Plants_45917	unavailable				
Ambrose Bierce	374	Fantastic Fables	Fantastic-Fables_374	fetched		188939	7f2acb7fc6618b017961852f193590803d8f8776fe97a9e0240b148b820b3151	374.txt
Ambrose Bierce	375	An Occurrence at Owl Creek Bridge	An-Occurrence-at-Owl-Creek-Bridge_375	fetched		41487	d536f071eebc293b98cabf240f2e0536a88f7cab5fb9c351c9f6536d4900823a	375.txt
Ambrose Bierce	972	The Devil's Dictionary	The-Devil-s-Dictionary_972	fetched		394044	f61a70f08650fd2b87101cb276b4d6cf12c4714d4bbd0a8a45a27501ffc8fea3	972.txt
Ambrose Bierce	3715	The Parenticide Club	The-Parenticide-Club_3715	fetched		63141	07f21a834344496adf5ea5a71488bc88a95dcd99b4f6ffce727404e6258a542d	3715.txt
Ambrose Bierce	4366	Can Such Things Be?	Can-Such-Things-Be_4366	unavailable				
Ambrose Bierce	4387	Present at a Hanging and Other Ghost Stories	Present-at-a-Hanging-and-Other-Ghost-Stories_4387	unavailable				
Ambrose Bierce	4793	The Fiend's Delight	The-Fiend-s-Delight_4793	fetched		240735	fa99d53786c2673e2e4a128424fdee38b0dff1c94fad95352ccbb6493aa62bea	4793-0.txt
Ambrose Bierce	5661	A Son of the Gods, and A Horseman in the Sky	A-Son-of-the-Gods-and-A-Horseman-in-the-Sky_5661	fetched		54390	0bdeabfc8fce234af0b812baa7f21744c1855860272cdbade35c6ab08689163b	5661-8.txt
Ambrose Bierce	12474	Write It Right: A Little Blacklist of Literary Faults	Write-It-Right-A-Little-Blacklist-of-Literary-Faults_12474	unavailable				
Ambrose Bierce	12658	Shapes of Clay	Shapes-of-Clay_12658	fetched		304620	bc31651d15ca5af0b92a97ba8cd637c0775df455a7a1ca89b833cdd9df05cf60	12658-8.txt
Ambrose Bierce	12793	Cobwebs from an Empty Skull	Cobwebs-from-an-Empty-Skull_12793	fetched		330768	e51a18b243f1f10e954624fc9d34d44f2c3d6ee3cba5251074a5251270fc3e7e	12793-8.txt
Ambrose Bierce	12977	Black Beetles in Amber	Black-Beetles-in-Amber_12977	fetched		298864	2fd9d17bdb25aa914fe752afb419ef54ec32211b8fda6268d4cfff741f0483ef	12977.txt
Ambrose Bierce	13334	The Collected Works of Ambrose Bierce, Volume 02	The-Collected-Works-of-Ambrose-Bierce-Volume-02_13334	unavailable				
Ambrose Bierce	13541	The Collected Works of Ambrose Bierce, Volume 01	The-Collected-Works-of-Ambrose-Bierce-Volume-01_13541	unavailable				
Ambrose Bierce	15599	The Collected Works of Ambrose Bierce, Volume 08	The-Collected-Works-of-Ambrose-Bierce-Volume-08_15599	unavailable				
Ambrose Bierce	16340	A Cynic Looks at Life	A-Cynic-Looks-at-Life_16340	fetched		111376	e43e59a7c4f3d767c0581052b7eaf596c5848385f44457724e8ef3977077a074	16340-8.txt
Ambrose Bierce	22438	The Parenticide Club	The-Parenticide-Club_22438	unavailable				
Ambrose Bierce	23080	The Devil's Dictionary	The-Devil-s-Dictionary_23080	unavailable				
Ambrose Bierce	23081	Present at a Hanging and Other Ghost Stories	Present-at-a-Hanging-and-Other-Ghost-Stories_23081	unavailable				
Ambrose Bierce	23172	The Damned Thing	The-Damned-Thing_23172	unavailable				
Ambrose Bierce	25304	The Shadow On The Dial, and Other Essays	The-Shadow-On-The-Dial-and-Other-Essays_25304	unavailable				
Ambrose Bierce	36218	The Letters of Ambrose Bierce, With a Memoir by George Sterling	The-Letters-of-Ambrose-Bierce-With-a-Memoir-by-George-Sterling_36218	unavailable				
Ambrose Bierce	38602	The Monk and the Hangman's Daughter	The-Monk-and-the-Hangman-s-Daughter_38602	fetched		167156	60d1a450b134e61bd94e02487f339fe483d8eeca2d74ca444d5f4a39b57897b8	38602-0.txt
Ambrose Bierce	43951	The Cynic's Word Book	The-Cynic-s-Word-Book_43951	fetched		224150	9dae0f91875e28cc3b1dfe137efd4939c24bd9de113800eb0e9345989e9f1fd8	43951.txt
Ambrose Bierce	58807	Index of the Project Gutenberg Works of Ambrose Bierce	Index-of-the-Project-Gutenberg-Works-of-Ambrose-Bierce_58807	fetched		33388	8f3d984f9f27f53c8fd1e45d683035d1b9d1677fc5be87db228d947304b21aef	58807-0.txt
Ambrose Bierce	66345	The Collected Works of Ambrose Bierce, Volume 12	The-Collected-Works-of-Ambrose-Bierce-Volume-12_66345	unavailable				
Ambrose Bierce	66490	The Collected Works of Ambrose Bierce, Volume 09	The-Collected-Works-of-Ambrose-Bierce-Volume-09_66490	unavailable				
Ambrose Bierce	66576	The Collected Works of Ambrose Bierce, Volume 10	The-Collected-Works-of-Ambrose-Bierce-Volume-10_66576	unavailable				
Ambrose Bierce	66905	The Collected Works of Ambrose Bierce, Volume 11	The-Collected-Works-of-Ambrose-Bierce-Volume-11_66905	fetched		463723	7dcf4907c39e0574823b7e7fa87e7b153e916e4527e4b6c93e2e8e52d392e6cb	66905-0.txt
Amelia Barr	287	Remember the Alamo	Remember-the-Alamo_287	fetched		487313	608d2f0568d6ff27546abffc5fbf766d07f0467b8c8d6888e963c8bf08b8f622	287-0.txt
Amelia Barr	787	The Man Between: An International Romance	The-Man-Between-An-International-Romance_787	unavailable				
Amelia Barr	5757	The Maid of Maiden Lane	The-Maid-of-Maiden-Lane_5757	fetched		469201	b88215b81a25eda3a2715c5fef81926494ae0693e5722519b8cee99051ecad33	5757.txt
Amelia Barr	6806	The Hallam Succession	The-Hallam-Succession_6806	fetched		438761	d00be0046ccb0e53000ca2d5a0c95bc17267642479b6234391ee07835c14e7d1	6806.txt
Amelia Barr	7062	A Daughter of Fife	A-Daughter-of-Fife_7062	fetched		376973	2e42b0ad585fe2a1a4601a26cfdf51368cfee6810739c04c479e6afca96d9e66	7062-8.txt
Amelia Barr	9374	A Knight of the Nets	A-Knight-of-the-Nets_9374	fetched		398637	c706444b2196919ad47543b6541aa759086ed24f9c2c31c66c21e27a881fbb4f	9374.txt
Amelia Barr	14494	Scottish sketches	Scottish-sketches_14494	fetched		370806	defbc605aa770c9909bb16100306733a2c98b2af589bface9c8a015f638ef249	14494-8.txt
Amelia Barr	16222	Winter Evening Tales	Winter-Evening-Tales_16222	fetched		406805	2f6a66f2d0e0c0063274265ad9e156d66e22d60a51bacb7de00a3ea1ff692d29	16222.txt
Amelia Barr	16258	The Squire of Sandal-Side: A Pastoral Romance	The-Squire-of-Sandal-Side-A-Pastoral-Romance_16258	unavailable				
Amelia Barr	16453	The Measure of a Man	The-Measure-of-a-Man_16453	fetched		444345	de20b2e0659c5272bf39aafb9ed5d34034f2f877116b5e3d7062b31411852c23	16453-8.txt
Amelia Barr	17173	The Bow of Orange Ribbon: A Romance of New York	The-Bow-of-Orange-Ribbon-A-Romance-of-New-York_17173	unavailable				
Amelia Barr	29752	An Orkney Maid	An-Orkney-Maid_29752	fetched		374546	343b9df387d2107f91dc6f323df8b29ec2299959d60e540c849f3f6fed8ca6e3	29752-8.txt
Amelia Barr	29909	A Singer from the Sea	A-Singer-from-the-Sea_29909	fetched		527925	9798cfa4d0a4f65c244413330b232562ea03f8961aa57e604207af11cf97328f	29909-8.txt
Amelia Barr	31835	Prisoners of Conscience	Prisoners-of-Conscience_31835	fetched		344811	e3d997d582147165edfe0bd382b008e5f3cb2af51d4ae7f641a784420456aaed	31835-8.txt
Amelia Barr	32085	Christine: A Fife Fisher Girl	Christine-A-Fife-Fisher-Girl_32085	unavailable				
Amelia Barr	32135	Maids, Wives, and Bachelors	Maids-Wives-and-Bachelors_32135	fetched		353213	c7fde6b103f2c304a8e7f751b2e08c44d50e99a8b1bbd5c1641c2e5cd15332ad	32135.txt
Amelia Barr	32144	Jan Vedder's Wife	Jan-Vedder-s-Wife_32144	fetched		374650	de5090b793782f08a4fe5e8a6db3d7d3069165806ed3f8c66f46d83863d1fb09	32144.txt
Amelia Barr	33195	Was It Right to Forgive? A Domestic Romance	Was-It-Right-to-Forgive-A-Domestic-Romance_33195	unavailable				
Amelia Barr	33599	A Rose of a Hundred Leaves: A Love Story	A-Rose-of-a-Hundred-Leaves-A-Love-Story_33599	unavailable				
Amelia Barr	34628	I, Thou, and the Other One: A Love Story	I-Thou-and-the-Other-One-A-Love-Story_34628	unavailable				
Amelia Barr	35358	A Song of a Single Note: A Love Story	A-Song-of-a-Single-Note-A-Love-Story_35358	unavailable				
Amelia Barr	35706	All the Days of My Life: An Autobiography	All-the-Days-of-My-Life-An-Autobiography_35706	unavailable				
Amelia Barr	36490	A Reconstructed Marriage	A-Reconstructed-Marriage_36490	fetched		557809	5a82b3cacc6592d82e262c99ebaadac09579f01963744a943f897769750b428e	36490.txt
Amelia Barr	36538	Playing With Fire	Playing-With-Fire_36538	fetched		432831	a324768ab6c0f6978b32bb42f913ce39603996ec68b311005815de36fd5d7a3b	36538-8.txt
Amelia Barr	50089	The Paper Cap: A Story of Love and Labor	The-Paper-Cap-A-Story-of-Love-and-Labor_50089	fetched		489029	20f54228b4693293506921be2d618911d15bb7dfde1a452eaad24fd50809e199	50089-0.txt
Amelia Barr	50978	The Lion's Whelp: A Story of Cromwell's Time	The-Lion-s-Whelp-A-Story-of-Cromwell-s-Time_50978	fetched		672295	8cddccb22ca845549dc6e7b3e77972c49a7bf080719f1015cb106fd5ef911efa	50978-0.txt
Amelia Barr	58440	Index of the Project Gutenberg Works of Amelia Barr	Index-of-the-Project-Gutenberg-Works-of-Amelia-Barr_58440	fetched		36935	6d0ec139003374315f2fcb983b40087b0e19b0850e4a28f53a0224c96235f6f5	58440-0.txt
Anatole France	1930	Penguin Island	Penguin-Island_1930	fetched		503292	c51ce2305195f0a4bcababbc1af622ff2bc5f6e87c5e6b5f7aa5f4de30746586	1930-0.txt
Anatole France	2078	Thais	Thais_2078	fetched		320293	a2ea0c229abe3c4216fc5114e213647b71b72107c243f66b2cde8289e112588e	2078-0.txt
Anatole France	2123	The Crime of Sylvestre Bonnard	The-Crime-of-Sylvestre-Bonnard_2123	fetched		418909	c83af6339846a01131b927108c3d507e1f978a375994f7142b96eebf0c0c686b	2123-0.txt
Anatole France	3919	The Red Lily — Volume 01	The-Red-Lily-Volume-01_3919	fetched		169948	a27835c7687b8356ee5925bb8156c9a70b062af019edb181e34b4af65401feff	3919.txt
Anatole France	3920	The Red Lily — Volume 02	The-Red-Lily-Volume-02_3920	fetched		153949	81ff5b4a9b56ac0b04d2a7d3028d63a5bddea0b545744b464bb2b56baa626ef8	3920.txt
Anatole France	3921	The Red Lily — Volume 03	The-Red-Lily-Volume-03_3921	fetched		160388	e10b21977c2db90b736d6eed17d5af4ee95e2e201ccb5e5cfefaa3678fb4e1f7	3921.txt
Anatole France	3922	The Red Lily — Complete	The-Red-Lily-Complete_3922	unavailable				
Anatole France	6571	The Queen Pedauque	The-Queen-Pedauque_6571	fetched		457696	c6c90bffb0c4a0915f8eef40ea3492da45bd9f85d276b4bd1bc3af06f7161d74	6571-0.txt
Anatole France	7577	Widger's Quotes and Images from The Red Lily by Anatole France	Widger-s-Quotes-and-Images-from-The-Red-Lily-by-Anatole-France_7577	excluded	excerpt digest - names no original work, so it is a source of nothing			
Anatole France	11060	The Aspirations of Jean Servien	The-Aspirations-of-Jean-Servien_11060	fetched		216106	9d00ef1296ba996a657c7c05f0c6ef7a489f7713021d709afafb958d047bbe80	11060-8.txt
Anatole France	18545	A Mummer's Tale	A-Mummer-s-Tale_18545	fetched		307372	8d17209dacf4df67c3430fb158bc185c9c1ccd3f14b46349bf06ed605e9cc689	18545.txt
Anatole France	18728	The Well of Saint Clare	The-Well-of-Saint-Clare_18728	fetched		339052	416ad19ac5efa1995850118f8fe6b2b0320c6686d42b4d5b5979e24dd25e2214	18728-0.txt
Anatole France	19488	The Life of Joan of Arc, Vol. 1 and 2	The-Life-of-Joan-of-Arc-Vol-1-and-2_19488	unavailable				
Anatole France	22059	Balthasar and Other Works - 1909	Balthasar-and-Other-Works-1909_22059	unavailable				
Anatole France	23219	Putois	Putois_23219	unavailable				
Anatole France	24010	The Gods are Athirst	The-Gods-are-Athirst_24010	fetched		465905	1eef0309f51f45cd23faaa21ce3839cb8da7f0a748c6f9bb812fbc297f99efa4	24010-8.txt
Anatole France	25405	Honey-Bee	Honey-Bee_25405	unavailable				
Anatole France	25406	Marguerite	Marguerite_25406	fetched		62678	2df68de272714017f745052fae63350fe61201bdd16f4e1456dc080c6b71a53f	25406-0.txt
Anatole France	25407	The Merrie Tales of Jacques Tournebroche	The-Merrie-Tales-of-Jacques-Tournebroche_25407	unavailable				
Anatole France	25408	Child Life in Town and Country	Child-Life-in-Town-and-Country_25408	unavailable				
Anatole France	25409	The Story of the Duchess of Cicogne and of Monsieur de Boulingrin	The-Story-of-the-Duchess-of-Cicogne-and-of-Monsieur-de-Boulingrin_25409	unavailable				
Anatole France	25410	The Miracle of the Great St. Nicolas	The-Miracle-of-the-Great-St-Nicolas_25410	unavailable				
Anatole France	25411	The Seven Wives of Bluebeard	The-Seven-Wives-of-Bluebeard_25411	unavailable				
Anatole France	28695	Our Children: Scenes from the Country and the Town	Our-Children-Scenes-from-the-Country-and-the-Town_28695	unavailable				
Anatole France	32596	The Revolt of the Angels	The-Revolt-of-the-Angels_32596	fetched		454771	e519e7569daf79040e09bed90489dff91d92480787577a5d126788a13427577b	32596.txt
Anatole France	49092	The White Stone	The-White-Stone_49092	fetched		328124	edee66a8233f8138f9bf49d452f36879cb521369d59f0862d5ec0cb7f492face	49092-0.txt
Anatole France	49108	The Amethyst Ring	The-Amethyst-Ring_49108	fetched		393662	7097f87c59bb19f5d2cb980f3460ede9d9d67bb19c83f425d1fd7a83fb6468e0	49108-0.txt
Anatole France	49414	Monsieur Bergeret in Paris	Monsieur-Bergeret-in-Paris_49414	fetched		380280	e27660f9913197e2ac4dcb097bbcb960cb295aa051e5ca8aebea3bd174df4fc9	49414-0.txt
Anatole France	49924	The Elm-tree on the Mall	The-Elm-tree-on-the-Mall_49924	fetched		329467	d4cbfd46888ac816e336ee0763ad27ae2d68b4402276524d263900dc8ce96c26	49924-0.txt
Anatole France	50286	The Wicker Work Woman: A Chronicle of Our Own Times	The-Wicker-Work-Woman-A-Chronicle-of-Our-Own-Times_50286	unavailable				
Anatole France	50670	Clio	Clio_50670	fetched		349062	7d896ae26348f6e57d6ed5fa930f1158d09ccfe60b0a3e6b672b136528d7b6b6	50670-0.txt
Anatole France	53771	Bee: The Princess of the Dwarfs	Bee-The-Princess-of-the-Dwarfs_53771	fetched		184505	ec33dfabf5674a4622d82cb801c63c47a51e4681e7405e6105df64c038f52478	53771-0.txt
Anatole France	58099	Mother of Pearl	Mother-of-Pearl_58099	fetched		392317	ac050413f92c9985e52615dba85ef310156b2fc7de297a922854b06f8e4672b1	58099-0.txt
Anatole France	58967	The Procurator of Judea	The-Procurator-of-Judea_58967	fetched		48394	b0b9840a54cec7711db95ea0061e2fe1004805a06f20b385cdda9968ad3c7fa3	58967.txt
Anatole France	59228	Index of the Project Gutenberg Works of Anatole France	Index-of-the-Project-Gutenberg-Works-of-Anatole-France_59228	fetched		40657	ac6587bc2cf30fafc9df5809826ed3f4df11805441f62a5f4b60b799b057e6dd	59228-0.txt
Andre Gide	53226	Oscar Wilde, a study	Oscar-Wilde-a-study_53226	fetched		112549	d6e554251dc14745656b78c15adef0fb61e266688b3305790c05bcd9164c81a7	53226-0.txt
Andre Gide	60914	Prometheus Illbound	Prometheus-Illbound_60914	fetched		97857	1c5de76d268244ec386ac430b0818b9ff57ed7eed96dc1bdd8316083fd69a899	60914-0.txt
Andrew Carnegie	6411	Round the World	Round-the-World_6411	fetched		548098	97e30ef5004814f4fe2220324fa0f6583992c6b0ca715e8ba6cc9f8405ad2cf7	6411-8.txt
Andrew Carnegie	10253	The Gospel of Wealth	The-Gospel-of-Wealth_10253	unavailable				
Andrew Carnegie	17976	Autobiography of Andrew Carnegie	Autobiography-of-Andrew-Carnegie_17976	fetched		703043	aeb1854e1de25efa655be10676939b4bb6695d9ae1543f82608f676cfdb0a641	17976.txt
Andrew Carnegie	26131	James Watt	James-Watt_26131	fetched		357960	8c1c58fdd1ee934a62e4f847e1bcde7bb723f6306d166d80b063b0c7dc08f620	26131.txt
Andrew Carnegie	39790	An American Four-in-Hand in Britain	An-American-Four-in-Hand-in-Britain_39790	fetched		519393	ed12ba2e6fb840d782b0494d90e9ed72697328e9bd7e8731cd0b98a21542cc9a	39790.txt
Andrew Jackson	5016	State of the Union Addresses	State-of-the-Union-Addresses_5016	fetched		537698	d4cd02fb3f191a5654c5efd106157f29b19e778ca03bff5e25900d10683055e4	5016.txt
Andrew Jackson	17415	Money Island	Money-Island_17415	fetched		73950	2583e09be401720f91503babff92c37cd9f82f0bb3ad5e6adf8b97b721fb20ad	17415.txt
Anita Loos	56570	Breaking into the movies	Breaking-into-the-movies_56570	fetched		218456	02adfcc39e959c41ba8fb4764e3e2ccb95c688f0703849a69e33e7f290feebc1	56570-8.txt
Anita Loos	66829	"Gentlemen Prefer Blondes": The Illuminating Diary of a Professional Lady	Gentlemen-Prefer-Blondes-The-Illuminating-Diary-of-a-Professional-Lady_66829	fetched		218397	736fca9575e1b9e6017f507bb0c97ce28c6d2b733b676e95438aea383014c3a2	66829-0.txt
Anton Chekhov	1732	The Schoolmistress, and Other Stories	The-Schoolmistress-and-Other-Stories_1732	fetched		382605	57c70004bf6fda85da16204ce502878f90c43ff77d2e5e75c429fdbccd33a413	1732-0.txt
Anton Chekhov	1753	Swan Song	Swan-Song_1753	fetched		50788	bbbb7b3f09a7f47ea31fccfc55089510628f1f0b4f2666f0194b8939a0d7e961	1753-0.txt
Anton Chekhov	1754	The Sea-Gull	The-Sea-Gull_1754	fetched		125174	e981a95851d209f0853f31d3a15d5f708fa80985bd3e61e9108ae6d80b72d06c	1754-0.txt
Anton Chekhov	1755	Ivanoff: A Play	Ivanoff-A-Play_1755	unavailable				
Anton Chekhov	1756	Uncle Vanya: Scenes from Country Life in Four Acts	Uncle-Vanya-Scenes-from-Country-Life-in-Four-Acts_1756	unavailable				
Anton Chekhov	1883	The Wife, and Other Stories	The-Wife-and-Other-Stories_1883	fetched		455080	524b15eff59f83df72d76a3251fa2b94e9807af16f0057349efe1ce8bd7abea1	1883-0.txt
Anton Chekhov	1944	The Witch, and Other Stories	The-Witch-and-Other-Stories_1944	fetched		439442	c254ff58469e3fab36a77806828cbf64752961d89f9f749527ef7662e73b3485	1944-0.txt
Anton Chekhov	6408	Letters of Anton Chekhov to His Family and Friends	Letters-of-Anton-Chekhov-to-His-Family-and-Friends_6408	fetched		666998	575d7338381f706cbb1fdfc0ac2911ebb9d6605542de32baa19e51a50911cd77	6408-0.txt
Anton Chekhov	7986	Plays by Anton Chekhov, Second Series	Plays-by-Anton-Chekhov-Second-Series_7986	fetched		419064	f6b84ebb9004a28f9510f11f1b1f23b22b51ce0d391e895e2f6ff35f119ebb14	7986-0.txt
Anton Chekhov	12494	Note-Book of Anton Chekhov	Note-Book-of-Anton-Chekhov_12494	fetched		174239	a4a33b7702a1e476914e05d7b730d0a384c7f48e1016202fd4205e55aedb16bc	12494-8.txt
Anton Chekhov	13409	The Horse-Stealers and Other Stories	The-Horse-Stealers-and-Other-Stories_13409	fetched		398941	a580dc79c709d3378a50ec08109ede9e53ab4e0e170091ab5d3572f67187a0a5	13409.txt
Anton Chekhov	13412	The Schoolmaster and Other Stories	The-Schoolmaster-and-Other-Stories_13412	fetched		344103	73f04c839303ca85724c645282253955d190529f7eaeee94b71c97d23cc9ea15	13412-8.txt
Anton Chekhov	13413	The Party and Other Stories	The-Party-and-Other-Stories_13413	fetched		418529	dd77f71624ad22a4ed840ca7df51382244274543e9bec29b8e34748ca0089e00	13413-8.txt
Anton Chekhov	13414	Love, and Other Stories	Love-and-Other-Stories_13414	fetched		380987	28e431cbcc295c03c9511aaca6d3a2c8ecc7e8b25204f97537843bb8aa0052e7	13414-8.txt
Anton Chekhov	13415	The Lady with the Dog and Other Stories	The-Lady-with-the-Dog-and-Other-Stories_13415	fetched		423164	fdd03ea6c74a0d7cc32b35fa60b8e6de863b35424e128df0cb9ac30fef777e38	13415-8.txt
Anton Chekhov	13416	The Darling and Other Stories	The-Darling-and-Other-Stories_13416	fetched		424774	9dd50088485437f04c38a8315794a7730834e9d28dc3645eeba70e22e265aa5e	13416-8.txt
Anton Chekhov	13417	The Cook's Wedding and Other Stories	The-Cook-s-Wedding-and-Other-Stories_13417	fetched		368861	64c43e6e4c6def48df5ab258c676a968759d324beec70670abfa198dc35a4519	13417-8.txt
Anton Chekhov	13418	The Chorus Girl and Other Stories	The-Chorus-Girl-and-Other-Stories_13418	fetched		428600	96ad280d244e619bdcc9c449355c59206d0de50d79e3d4809be4a6f423b5f5a7	13418-0.txt
Anton Chekhov	13419	The Bishop and Other Stories	The-Bishop-and-Other-Stories_13419	fetched		455839	ebb107fde2041c5b95741bf16e2ce4cbc24f50e44de67810e7d85a134faf56d5	13419-8.txt
Anton Chekhov	13505	The Duel and Other Stories	The-Duel-and-Other-Stories_13505	fetched		435773	2e6c617f5ec870edc263e45efad60d30b21a61b3d92968c787d67ef684ea3e38	13505.txt
Anton Chekhov	23055	The Slanderer	The-Slanderer_23055	unavailable				
Anton Chekhov	27411	The House with the Mezzanine and Other Stories	The-House-with-the-Mezzanine-and-Other-Stories_27411	fetched		368146	2ae34eb3a6db0b3463cc3718d925e04dff0e834730ec7f7b04ae63688dad6cfb	27411-8.txt
Anton Chekhov	55283	The Bet, and other stories	The-Bet-and-other-stories_55283	fetched		331939	5c7bd9a1daf75989a0d61ae17d0d6225db758edc93bb1b8f8668ae6340e9a9fa	55283-8.txt
Anton Chekhov	55307	The Black Monk, and Other Stories	The-Black-Monk-and-Other-Stories_55307	fetched		411740	94a61f82ffe8a8f7a864b6410c3edbf0145d71ce0236f366694ebe80e1b7f2c3	55307-8.txt
Anton Chekhov	55351	The Three Sisters	The-Three-Sisters_55351	unavailable				
Anton Chekhov	57333	Project Gutenberg Compilation of Short Stories by Chekhov	Project-Gutenberg-Compilation-of-Short-Stories-by-Chekhov_57333	unavailable				
Anton Chekhov	66790	Russian Silhouettes: More Stories of Russian Life	Russian-Silhouettes-More-Stories-of-Russian-Life_66790	fetched		479701	3c312639bbd5ee75c6f09cb7e5da5fd56a220d332c4712cb898ac914918774d4	66790-0.txt
Artemus Ward	3271	The Complete Works of Artemus Ward — Part 1: Essays, Sketches, and Letters	The-Complete-Works-of-Artemus-Ward-Part-1-Essays-Sketches-and-Letters_3271	fetched		348958	00998b314a2e40ce71a066da80001644adf40c88d0308117a1ed3751b0ea4987	3271.txt
Artemus Ward	3272	The Complete Works of Artemus Ward — Part 2: War	The-Complete-Works-of-Artemus-Ward-Part-2-War_3272	fetched		109051	e2f39afeef6cf4723cf0f9aa00628248e82910873a05e70dbbf6d95b5ede5822	3272.txt
Artemus Ward	3273	The Complete Works of Artemus Ward — Part 3: Stories and Romances	The-Complete-Works-of-Artemus-Ward-Part-3-Stories-and-Romances_3273	fetched		73353	d393c094bbb66b7fefcfc279216fc47fc96213c288531b982ea4072a255a01fd	3273.txt
Artemus Ward	3274	The Complete Works of Artemus Ward — Part 4: To California and Return	The-Complete-Works-of-Artemus-Ward-Part-4-To-California-and-Return_3274	fetched		119217	dfdfda4f3526aa8ea99bcd4eff9c5b2f13ab170a0efda3973bb69c2a69bca7e1	3274.txt
Artemus Ward	3275	The Complete Works of Artemus Ward — Part 5: The London Punch Letters	The-Complete-Works-of-Artemus-Ward-Part-5-The-London-Punch-Letters_3275	fetched		84602	0d8d76608e317646bf97d8fcd6c47bced973f4cfc76df1ced7dacb3db9cb73b1	3275.txt
Artemus Ward	3276	The Complete Works of Artemus Ward — Part 6: Artemus Ward's Panorama	The-Complete-Works-of-Artemus-Ward-Part-6-Artemus-Ward-s-Panorama_3276	fetched		86364	ebcda4526119f5abd3234b2d7e3bcaded3c7bceba420e677ceed94e47a22cb50	3276.txt
Artemus Ward	3277	The Complete Works of Artemus Ward — Part 7: Miscellaneous	The-Complete-Works-of-Artemus-Ward-Part-7-Miscellaneous_3277	fetched		120403	be09b948d8b50d9e317045a54285116c04e178cd6331de350449bbd3b9f64d98	3277.txt
Artemus Ward	6946	The Complete Works of Artemus Ward (HTML edition)	The-Complete-Works-of-Artemus-Ward-HTML-edition_6946	unavailable				
Arthur Balfour	57773	Theism and Humanism	Theism-and-Humanism_57773	unavailable				
Arthur Balfour	68219	Decadence	Decadence_68219	unavailable				
Arthur Conan Doyle	108	The Return of Sherlock Holmes	The-Return-of-Sherlock-Holmes_108	fetched		653587	4da63e0998821e9d7f8a4c587d30e1cad2cb0c21a58f8631956ac9b719b36ae8	108-0.txt
Arthur Conan Doyle	126	The Poison Belt	The-Poison-Belt_126	fetched		187678	f37e5759e72a42c09bd0af0a1c4be4dc0da296368ced6936c978d1b4204a5d05	126.txt
Arthur Conan Doyle	139	The Lost World	The-Lost-World_139	fetched		451813	f6b39bd6c79270d117e0a4e9a8814628e4185d356a0a6d6bd7116e74c389b7d5	139.txt
Arthur Conan Doyle	221	The Return of Sherlock Holmes	The-Return-of-Sherlock-Holmes_221	fetched		653988	2c1a65c6994803f306e590fa92916d0dc0b7d954336b49d9c6a45b74ee212da9	221-0.txt
Arthur Conan Doyle	244	A Study in Scarlet	A-Study-in-Scarlet_244	fetched		272277	af0f6c590ca3901b3f61d5b90acac1ac16abc83e50b8541c9f17aff079829d96	244-0.txt
Arthur Conan Doyle	290	The Stark Munro Letters	The-Stark-Munro-Letters_290	unavailable				
Arthur Conan Doyle	294	The Captain of the Polestar, and Other Tales	The-Captain-of-the-Polestar-and-Other-Tales_294	fetched		496275	8f25f23888b6069f910c7ae74cd5388eb3d90ccc03cd1dc372dfb41a85e13a8c	294-0.txt
Arthur Conan Doyle	355	The Parasite: A Story	The-Parasite-A-Story_355	unavailable				
Arthur Conan Doyle	356	Beyond the City	Beyond-the-City_356	fetched		237596	46f9dfbf9a6c8b7f5af74ba9c4c0370b2df8611203a427cbad9a756d616d05ac	356-0.txt
Arthur Conan Doyle	423	Round the Red Lamp: Being Facts and Fancies of Medical Life	Round-the-Red-Lamp-Being-Facts-and-Fancies-of-Medical-Life_423	unavailable				
Arthur Conan Doyle	439	The Vital Message	The-Vital-Message_439	fetched		189482	4cfa68c78848fccfa698d1f669ea0cea0055ca0ff724250ac7213b1959fab4cf	439.txt
Arthur Conan Doyle	537	Tales of Terror and Mystery	Tales-of-Terror-and-Mystery_537	fetched		440349	45491fc47d00ec1d71c7729da4005d9b5d8eb0d2873a181607d3d512dd4ac919	537.txt
Arthur Conan Doyle	834	The Memoirs of Sherlock Holmes	The-Memoirs-of-Sherlock-Holmes_834	fetched		510601	102dacb09661c6b2c84066be7c55c0877185254df85342efff4383e6ce674fb7	834-0.txt
Arthur Conan Doyle	903	The White Company	The-White-Company_903	fetched		860818	a64106a5ec34554eb3dabf402c715904a76ff19103c444798a8e12f8c85eb232	903-0.txt
Arthur Conan Doyle	1638	The New Revelation	The-New-Revelation_1638	fetched		135279	bb8cade9e4f8ae4621fc27e1b735eb7d868ec0c77ba19e652c594a0f6cc6a3bb	1638.txt
Arthur Conan Doyle	1644	The Adventures of Gerard	The-Adventures-of-Gerard_1644	fetched		381692	22b9ba5e5eb8dbc1d3937087f6701bf62962c0f8b4b98664f26f32eef3731610	1644-0.txt
Arthur Conan Doyle	1661	The Adventures of Sherlock Holmes	The-Adventures-of-Sherlock-Holmes_1661	fetched		594951	87a68129bb1dd7c2eecca7a98f97c27bd507d9901a5e1115de765745a127a82e	1661-8.txt
Arthur Conan Doyle	2097	The Sign of the Four	The-Sign-of-the-Four_2097	fetched		257693	940b404710fc5cc8b3e9b4d19f91c12d8b1657f960eda9dea65a049b3ca05220	2097.txt
Arthur Conan Doyle	2343	The Adventure of Wisteria Lodge	The-Adventure-of-Wisteria-Lodge_2343	fetched		84022	077e62bb3fa14c90eda46b736f5dadf8bc5a62c84e7536ef5cb273735b14d796	2343.txt
Arthur Conan Doyle	2344	The Adventure of the Cardboard Box	The-Adventure-of-the-Cardboard-Box_2344	fetched		67058	0e304912b8754bbc64decf8b2b41bd1bc21223be2d096ef5e429a422d2902355	2344.txt
Arthur Conan Doyle	2345	The Adventure of the Red Circle	The-Adventure-of-the-Red-Circle_2345	fetched		60854	203d1bbbab3e64d01af3861b5e226f45367d60b46bcce48117fd35992c29f0ab	2345.txt
Arthur Conan Doyle	2346	The Adventure of the Bruce-Partington Plans	The-Adventure-of-the-Bruce-Partington-Plans_2346	fetched		81036	e368a3b698d50fa3823069bcf7c02bf6e6f9b9b66aad61ef41192cc69a6b23c4	2346.txt
Arthur Conan Doyle	2347	The Adventure of the Dying Detective	The-Adventure-of-the-Dying-Detective_2347	fetched		52387	ecb70dc59a206c07e18dba482c7072ad5c7659814f5fd59132e98c279e76ce1c	2347.txt
Arthur Conan Doyle	2348	The Disappearance of Lady Frances Carfax	The-Disappearance-of-Lady-Frances-Carfax_2348	fetched		63364	33fc0bcf6f56dab795e3fa49ce9538f51d258a2f27d75eee2ff77cdbedbe201d	2348.txt
Arthur Conan Doyle	2349	The Adventure of the Devil's Foot	The-Adventure-of-the-Devil-s-Foot_2349	fetched		76590	796b5a1430e4bd4ddba758670e3c50100f88b4b0215e306a9e1b64e1b1403a96	2349.txt
Arthur Eddington	29782	Space, Time and Gravitation: An Outline of the General Relativity Theory	Space-Time-and-Gravitation-An-Outline-of-the-General-Relativity-Theory_29782	unavailable				
Arthur Eddington	59248	The Mathematical Theory of Relativity	The-Mathematical-Theory-of-Relativity_59248	fetched		870801	6bdcd08666755d9930ee225cc953707d4fa5a8df48170bf00d874d007b2c0004	59248-8.txt
Arthur Schopenhauer	10714	The Essays of Arthur Schopenhauer; The Art of Literature	The-Essays-of-Arthur-Schopenhauer-The-Art-of-Literature_10714	unavailable				
Arthur Schopenhauer	10715	The Essays of Arthur Schopenhauer; Counsels and Maxims	The-Essays-of-Arthur-Schopenhauer-Counsels-and-Maxims_10715	unavailable				
Arthur Schopenhauer	10731	The Essays of Arthur Schopenhauer; the Art of Controversy	The-Essays-of-Arthur-Schopenhauer-the-Art-of-Controversy_10731	unavailable				
Arthur Schopenhauer	10732	The Essays of Arthur Schopenhauer; Studies in Pessimism	The-Essays-of-Arthur-Schopenhauer-Studies-in-Pessimism_10732	unavailable				
Arthur Schopenhauer	10739	The Essays of Arthur Schopenhauer; On Human Nature	The-Essays-of-Arthur-Schopenhauer-On-Human-Nature_10739	unavailable				
Arthur Schopenhauer	10741	The Essays of Arthur Schopenhauer: the Wisdom of Life	The-Essays-of-Arthur-Schopenhauer-the-Wisdom-of-Life_10741	unavailable				
Arthur Schopenhauer	10833	The Essays of Arthur Schopenhauer; Religion, a Dialogue, Etc.	The-Essays-of-Arthur-Schopenhauer-Religion-a-Dialogue-Etc_10833	unavailable				
Arthur Schopenhauer	11945	Essays of Schopenhauer	Essays-of-Schopenhauer_11945	fetched		454586	4853fb6016e35a9e0c4281c29d3437a8046c592c9d393a1b6d8befbc787ad028	11945-0.txt
Arthur Schopenhauer	26586	Studies in Pessimism	Studies-in-Pessimism_26586	unavailable				
Arthur Schopenhauer	38427	The World as Will and Idea (Vol. 1 of 3)	The-World-as-Will-and-Idea-Vol-1-of-3_38427	unavailable				
Arthur Schopenhauer	40097	The World as Will and Idea (Vol. 2 of 3)	The-World-as-Will-and-Idea-Vol-2-of-3_40097	unavailable				
Arthur Schopenhauer	40868	The World as Will and Idea (Vol. 3 of 3)	The-World-as-Will-and-Idea-Vol-3-of-3_40868	unavailable				
Arthur Schopenhauer	44929	The Basis of Morality	The-Basis-of-Morality_44929	fetched		483074	a47e04124cfd890107eebb0f32fed51457bb8fec005de5e5a10984dcc52471a9	44929-0.txt
Arthur Schopenhauer	50966	On the Fourfold Root of the Principle of Sufficient Reason, and On the Will in Nature: Two Essays (revised edition)	On-the-Fourfold-Root-of-the-Principle-of-Sufficient-Reason-and-On-the-Will-in-Nature-Two-Essays-revised-edition_50966	unavailable				
Arthur Schopenhauer	59024	Index of the Project Gutenberg Works of Arthur Schopenhauer	Index-of-the-Project-Gutenberg-Works-of-Arthur-Schopenhauer_59024	fetched		34123	dd0408258abaee6c6a8a272bb913b3fa0e282c846f034fdfbeaa01b15d2ef5b0	59024-0.txt
Arthur Wellesley	15254	Maxims and Opinions of Field-Marshal His Grace the Duke of Wellington, Selected From His Writings and Speeches During a Public Life of More Than Half a Century	Maxims-and-Opinions-of-Field-Marshal-His-Grace-the-Duke-of-Wellington-Selected-From-His-Writings-and-Speeches-During-a-Public-Life-of-More-Than-Half-a-Century_15254	unavailable				
Arthur Wellesley	35532	The Letters of the Duke of Wellington to Miss J., 1834-1851	The-Letters-of-the-Duke-of-Wellington-to-Miss-J-1834-1851_35532	unavailable				
Baron de Montesquieu	2082	Memoirs of the Comtesse Du Barry	Memoirs-of-the-Comtesse-Du-Barry_2082	unavailable				
Baron de Montesquieu	2401	The Memoirs of General Baron de Marbot	The-Memoirs-of-General-Baron-de-Marbot_2401	fetched		1226351	64aa2271b1b5136bbebc9506b46e4178fd02f26d26c443483dac0e64bd4a4cdd	2401.txt
Baron de Montesquieu	2563	Memoirs of the Comtesse Du Barry	Memoirs-of-the-Comtesse-Du-Barry_2563	unavailable				
Baron de Montesquieu	13549	The Art of War	The-Art-of-War_13549	fetched		888567	195dac8170c5ea45933ddccf938b27c629c8c60d7905de4d84a87436c7080a21	13549.txt
Baron de Montesquieu	22345	Memoirs of the Private Life, Return, and Reign of Napoleon in 1815, Vol. I	Memoirs-of-the-Private-Life-Return-and-Reign-of-Napoleon-in-1815-Vol-I_22345	unavailable				
Baron de Montesquieu	24718	Memoirs of the Private Life, Return, and Reign of Napoleon in 1815, Vol. II	Memoirs-of-the-Private-Life-Return-and-Reign-of-Napoleon-in-1815-Vol-II_24718	unavailable				
Baron de Montesquieu	46093	Secrets of the Sword	Secrets-of-the-Sword_46093	fetched		252506	5892abb2954e391943b0738a39963fc0e4cf74b7063c5febafd91ac94feb2f63	46093-8.txt
Baron de Montesquieu	48479	Travels in Kamtschatka, During the Years 1787 and 1788, Volume 1	Travels-in-Kamtschatka-During-the-Years-1787-and-1788-Volume-1_48479	fetched		292815	6e33f88379e9fa1fbdb6370cc09691d86f1e8a5f111a608b63b2109dc51ad19e	48479-8.txt
Baron de Montesquieu	49017	Travels in Kamtschatka, during the years 1787 and 1788, Volume 2	Travels-in-Kamtschatka-during-the-years-1787-and-1788-Volume-2_49017	fetched		406089	96a193c736d0fc45527b13259dbe39f497f1f9aa4a9c2cb2135b5eec3fed65f4	49017-0.txt
Baron de Montesquieu	50508	The Memoirs of Admiral Lord Beresford	The-Memoirs-of-Admiral-Lord-Beresford_50508	fetched		1156327	6df5a0d2916e14cd080c6bf7dd3bf4be318b813fbb03bd9397b137c904343590	50508-8.txt
Baron de Montesquieu	58839	Advice on Fox-Hunting	Advice-on-Fox-Hunting_58839	fetched		66099	bee3d9b8d289cf5ba3dc6029f7fa896dd54f3f275291e7bedabdab71dbbc092d	58839-0.txt
Baron de Montesquieu	65514	Paddy at Home ("Chez Paddy")	Paddy-at-Home-Chez-Paddy_65514	unavailable				
Ben Jonson	3694	Every Man in His Humour	Every-Man-in-His-Humour_3694	fetched		312697	50de5fe5dd42f8f1a255b6214549f4e10d6d10d5adc1ede901df7c65c0585c91	3694.txt
Ben Jonson	3695	Every Man out of His Humour	Every-Man-out-of-His-Humour_3695	fetched		388225	8ee47360f3c0343754942aecbe88e71ba4f7b80e51510da81662d8d83b4956b7	3695-8.txt
Ben Jonson	3771	Cynthia's Revels; Or, The Fountain of Self-Love	Cynthia-s-Revels-Or-The-Fountain-of-Self-Love_3771	unavailable				
Ben Jonson	4011	Epicoene; Or, The Silent Woman	Epicoene-Or-The-Silent-Woman_4011	unavailable				
Ben Jonson	4039	Volpone; Or, The Fox	Volpone-Or-The-Fox_4039	unavailable				
Ben Jonson	4081	The Alchemist	The-Alchemist_4081	fetched		324456	346134ddf5318076dd39e12dae9e380ac5e843c1a43c6b015e8d8180d6a212b3	4081.txt
Ben Jonson	5134	Discoveries Made Upon Men and Matter and Some Poems	Discoveries-Made-Upon-Men-and-Matter-and-Some-Poems_5134	fetched		221299	0128f2add494cd5e4efb0021e759f2d31a9909ef85e4cd18d596887020b5e6f7	5134-0.txt
Ben Jonson	5166	The Poetaster	The-Poetaster_5166	fetched		341454	67c3f86c86bc111995b75111cabc2da55d23bd1521fa569c96fbab263488a188	5166-8.txt
Ben Jonson	5232	Sejanus: His Fall	Sejanus-His-Fall_5232	unavailable				
Ben Jonson	5333	Every Man in His Humor	Every-Man-in-His-Humor_5333	fetched		316547	c02408bc0e23ef969264a14112ef17c4a114c378d5bbb6995d5025dafed3148c	5333.txt
Ben Jonson	49461	Bartholomew Fair: A Comedy	Bartholomew-Fair-A-Comedy_49461	fetched		245267	bf12dc9e031f3a021cef240013074f7883151477481d5b36ab5ccca083586df1	49461-8.txt
Ben Jonson	50150	The Devil is an Ass	The-Devil-is-an-Ass_50150	fetched		752472	c2c0c5eb21d22c0b561ae1079a825508ad8f09d3790a6eb126cca8b1779579f5	50150-0.txt
Benedict de Spinoza	919	Ethics — Part 1	Ethics-Part-1_919	unavailable				
Benedict de Spinoza	920	Ethics — Part 2	Ethics-Part-2_920	unavailable				
Benedict de Spinoza	948	Ethics — Part 3	Ethics-Part-3_948	unavailable				
Benedict de Spinoza	971	Ethics — Part 4	Ethics-Part-4_971	unavailable				
Benedict de Spinoza	975	Ethics — Part 5	Ethics-Part-5_975	unavailable				
Benedict de Spinoza	989	Theologico-Political Treatise — Part 1	Theologico-Political-Treatise-Part-1_989	fetched		199622	cb7fbc4af494a406b3021a8c93b4ad0b50b8f17aa08e62fcf88716fb77b20cd3	989.txt
Benedict de Spinoza	990	Theologico-Political Treatise — Part 2	Theologico-Political-Treatise-Part-2_990	fetched		209516	915cf8a1fce2b2d83eacd6004ab7e1c7ce5a932ea228f7b25ab278d2b2912cfe	990.txt
Benedict de Spinoza	991	A Theological-Political Treatise [Part III]	A-Theological-Political-Treatise-Part-III_991	unavailable				
Benedict de Spinoza	992	A Theological-Political Treatise [Part IV]	A-Theological-Political-Treatise-Part-IV_992	unavailable				
Benedict de Spinoza	1016	On the Improvement of the Understanding	On-the-Improvement-of-the-Understanding_1016	fetched		116110	dd1fafc5043a2a8840eeec20035259b71003716c5c234bed5573ac5cf6b5e531	1016.txt
Benedict de Spinoza	3800	Ethics	Ethics_3800	fetched		531664	1f530157bca61769bb67d7546dacf26b339434626c39d4c502dea2e7ec2bd20f	3800-8.txt
Benedict de Spinoza	31205	The Philosophy of Spinoza	The-Philosophy-of-Spinoza_31205	fetched		717597	6f88015bb914389f9437bdcaf3015a70718d9f782bb3c6bd6b4aeb661f98d695	31205.txt
Benjamin Disraeli	3760	Sybil, Or, The Two Nations	Sybil-Or-The-Two-Nations_3760	fetched		953264	3425b75155f8e41f2594b4c1405086b764c8c4ace6d5a750ddeb62e6555d519b	3760-0.txt
Benjamin Disraeli	7412	Coningsby; Or, The New Generation	Coningsby-Or-The-New-Generation_7412	unavailable				
Benjamin Disraeli	7487	Count Alarcos; a Tragedy	Count-Alarcos-a-Tragedy_7487	unavailable				
Benjamin Disraeli	7816	The Voyage of Captain Popanilla	The-Voyage-of-Captain-Popanilla_7816	fetched		225072	ae1b03e3287a3a692c5345ef096aece08b6d243e63bb05f42f50e0ba3d4778fe	7816-0.txt
Benjamin Disraeli	7835	Lothair	Lothair_7835	fetched		911795	a880d008c76415576b9057f3bc56c5875eb274d5ce053ef49e31cfa98aa3e2ef	7835-0.txt
Benjamin Disraeli	7842	The Rise of Iskander	The-Rise-of-Iskander_7842	fetched		175325	9790fc3de795eade142c25016a0ed601e36045d06fdf13b8dbf181b9d45e9252	7842-0.txt
Benjamin Disraeli	7926	Endymion	Endymion_7926	fetched		1031190	79412edc0a9c71f83fe08e99160bbda79d6be8552e7a6f66f0ddcf6c65a534a2	7926-0.txt
Benjamin Disraeli	9840	Vivian Grey	Vivian-Grey_9840	fetched		1156790	b64a42145d9b36bfcb0978720ff02e702071a9b8bb5e11858cb7a0f5ff93d4e9	9840-0.txt
Benjamin Disraeli	11869	Venetia	Venetia_11869	fetched		959652	5b288e11ed1ea1fe45b8e503521817e04a5ba438f6a363358d8231022e7443ef	11869-8.txt
Benjamin Disraeli	19771	Henrietta Temple: A Love Story	Henrietta-Temple-A-Love-Story_19771	unavailable				
Benjamin Disraeli	19781	Sketches	Sketches_19781	fetched		297810	ddc6c732c78a66f34e087912aa469e6703f78fcab6f1451dac10a8748e9480d5	19781-0.txt
Benjamin Disraeli	20002	Alroy: The Prince of the Captivity	Alroy-The-Prince-of-the-Captivity_20002	unavailable				
Benjamin Disraeli	20003	The Infernal Marriage	The-Infernal-Marriage_20003	fetched		139588	b9e1fb9a5f318caf19cb47feb93e0c4148b32773d940e257195bf8b5c6a1dea2	20003-0.txt
Benjamin Disraeli	20004	Tancred; Or, The New Crusade	Tancred-Or-The-New-Crusade_20004	unavailable				
Benjamin Disraeli	20007	Lord George Bentinck: A Political Biography	Lord-George-Bentinck-A-Political-Biography_20007	unavailable				
Benjamin Disraeli	20008	The Young Duke	The-Young-Duke_20008	fetched		677841	c0f83c5ea997f21238e42cac4d096bac81544c96422a1c20161fac844f7bd859	20008-0.txt
Benjamin Disraeli	20009	Ixion In Heaven	Ixion-In-Heaven_20009	fetched		71616	a71a36c0ab714a4162a04be4f9c6419992e87989607be92bbb360c4bf42d629d	20009-0.txt
Benjamin Disraeli	58739	Index of the Project Gutenberg Works of Benjamin Disraeli	Index-of-the-Project-Gutenberg-Works-of-Benjamin-Disraeli_58739	fetched		42638	d1c3f91207f40949189aca76e442ced5ca37ca933dcdaef54322665a47987ba7	58739-0.txt
Benjamin Franklin	148	The Autobiography of Benjamin Franklin	The-Autobiography-of-Benjamin-Franklin_148	fetched		405530	4569f58208f99440992a811d7c2b1c4f7b4dc166196ad01360f8d0e37fbf7d1f	148-8.txt
Benjamin Franklin	12712	Dialogue Between Franklin and the Gout	Dialogue-Between-Franklin-and-the-Gout_12712	unavailable				
Benjamin Franklin	17302	Transactions of the American Society of Civil Engineers, vol. LXVIII, Sept. 1910	Transactions-of-the-American-Society-of-Civil-Engineers-vol-LXVIII-Sept-1910_17302	unavailable				
Benjamin Franklin	17361	The German Element in Brazil	The-German-Element-in-Brazil_17361	unavailable				
Benjamin Franklin	20203	Autobiography of Benjamin Franklin	Autobiography-of-Benjamin-Franklin_20203	fetched		467196	b925e598db20dd68d2e5ded5d2961dc67bbd484042eefd953579897fe0795423	20203-8.txt
Benjamin Franklin	27571	Christianity and Greek Philosophy	Christianity-and-Greek-Philosophy_27571	unavailable				
Benjamin Franklin	31335	History of the Constitutions of Iowa	History-of-the-Constitutions-of-Iowa_31335	fetched		284497	6eba5855f7cef51d34f710ec75be5a52e989870ee770205b4008d6d2f9b1722a	31335.txt
Benjamin Franklin	35508	Benjamin Franklin	Benjamin-Franklin_35508	unavailable				
Benjamin Franklin	36151	Franklin's Autobiography	Franklin-s-Autobiography_36151	unavailable				
Benjamin Franklin	36338	Memoirs of Benjamin Franklin; Written by Himself. [Vol. 1 of 2]	Memoirs-of-Benjamin-Franklin-Written-by-Himself-Vol-1-of-2_36338	unavailable				
Benjamin Franklin	38408	The Captive in Patagonia	The-Captive-in-Patagonia_38408	fetched		373708	41cf0ab1078c285a6eb4fdb6a727d1e746580e3e7ef59409c8b32e34821fa665	38408-8.txt
Benjamin Franklin	40225	America Discovered by the Welsh in 1170 A.D.	America-Discovered-by-the-Welsh-in-1170-A-D_40225	unavailable				
Benjamin Franklin	40236	Memoirs of Benjamin Franklin; Written by Himself. [Vol. 2 of 2]	Memoirs-of-Benjamin-Franklin-Written-by-Himself-Vol-2-of-2_40236	unavailable				
Benjamin Franklin	41221	The Pre-Columbian Discovery of America by the Northmen	The-Pre-Columbian-Discovery-of-America-by-the-Northmen_41221	fetched		345813	becc6004cb0e096824fe6aad84692f25f038bf4f6a75e0a82bb1f9ff60b8f13b	41221.txt
Benjamin Franklin	41485	Makers and Romance of Alabama History	Makers-and-Romance-of-Alabama-History_41485	fetched		904267	9732a5fa4aae93e4fb4652b9742999b4752b555d5a18f91702ade8d9a99db53f	41485-8.txt
Benjamin Franklin	41787	Reports of the Committee on the Conduct of the War	Reports-of-the-Committee-on-the-Conduct-of-the-War_41787	unavailable				
Benjamin Franklin	43809	Benjamin Franklin and the First Balloons	Benjamin-Franklin-and-the-First-Balloons_43809	fetched		56223	f14b5e45e17f2e04b51b8b121541de48688c02f66526cd7a7c2592ef5d4824b2	43809-8.txt
Benjamin Franklin	43855	Franklin's Way to Wealth; or, "Poor Richard Improved"	Franklin-s-Way-to-Wealth-or-Poor-Richard-Improved_43855	unavailable				
Benjamin Franklin	44745	The World on Wheels, and Other Sketches	The-World-on-Wheels-and-Other-Sketches_44745	fetched		326476	233e94337e6b44a1fe8159ccc0db6707d68e21d9338f2b41207f157caca9786f	44745.txt
Benjamin Franklin	45515	Experiments and Observations on Electricity Made at Philadelphia in America	Experiments-and-Observations-on-Electricity-Made-at-Philadelphia-in-America_45515	fetched		154378	43e0bd0bc5d9f0ab1bf10c626782e651f4bfd8c0cca5fdc9a0157c33b62baf0c	45515.txt
Benjamin Franklin	46544	The Theistic Conception of the World	The-Theistic-Conception-of-the-World_46544	unavailable				
Benjamin Franklin	47558	Pen Pictures, of Eventful Scenes and Struggles of Life	Pen-Pictures-of-Eventful-Scenes-and-Struggles-of-Life_47558	fetched		167780	cae9e5a85321cf59229b864c02b394509a03c12ffe5d28afb0ae48b3d037fda6	47558-0.txt
Benjamin Franklin	48136	The Complete Works in Philosophy, Politics and Morals of the late Dr. Benjamin Franklin, Vol. 1 [of 3]	The-Complete-Works-in-Philosophy-Politics-and-Morals-of-the-late-Dr-Benjamin-Franklin-Vol-1-of-3_48136	unavailable				
Benjamin Franklin	48137	The Complete Works in Philosophy, Politics and Morals of the late Dr. Benjamin Franklin, Vol. 2 [of 3]	The-Complete-Works-in-Philosophy-Politics-and-Morals-of-the-late-Dr-Benjamin-Franklin-Vol-2-of-3_48137	unavailable				
Benjamin Franklin	48138	The Complete Works in Philosophy, Politics and Morals of the late Dr. Benjamin Franklin, Vol. 3 [of 3]	The-Complete-Works-in-Philosophy-Politics-and-Morals-of-the-late-Dr-Benjamin-Franklin-Vol-3-of-3_48138	unavailable				
Benjamin Franklin	51426	Henry D. Thoreau	Henry-D-Thoreau_51426	fetched		439089	7b459c0446ef4c1330d479d2f9f59b7ced0c55291a0f3f2e46136c6b0d22dbd2	51426-8.txt
Benjamin Franklin	56404	A Book of Gems, or, Choice selections from the writings of Benjamin Franklin	A-Book-of-Gems-or-Choice-selections-from-the-writings-of-Benjamin-Franklin_56404	unavailable				
Benjamin Franklin	57971	The Boston School Atlas, Embracing a Compendium of Geography	The-Boston-School-Atlas-Embracing-a-Compendium-of-Geography_57971	unavailable				
Benjamin Franklin	58665	The Parthenon at Athens, Greece and at Nashville, Tennessee	The-Parthenon-at-Athens-Greece-and-at-Nashville-Tennessee_58665	fetched		72989	4793d0794adc0fe20abdce146b7d930452ed897e1093526761fe3cf122d36f05	58665-0.txt
Benjamin Franklin	58676	Index of the Project Gutenberg Works of Benjamin Franklin	Index-of-the-Project-Gutenberg-Works-of-Benjamin-Franklin_58676	fetched		57496	54998b06b71e77aea9c77d1cb72f660c149c43bb979c7df1f6a46dcc74beda94	58676-0.txt
Blaise Pascal	18269	Pascal's Pensées	Pascal-s-Pensees_18269	unavailable				
Blaise Pascal	46921	The Thoughts of Blaise Pascal	The-Thoughts-of-Blaise-Pascal_46921	fetched		699218	82694d790e9db00b368f8feb90fec2c90a039baa94cee2660f7dfab6bc9c8cf2	46921-0.txt
Bliss Carman	12389	Sappho: One Hundred Lyrics	Sappho-One-Hundred-Lyrics_12389	unavailable				
Bliss Carman	18007	More Songs From Vagabondia	More-Songs-From-Vagabondia_18007	fetched		92458	3f560767048598549b132567d2846523b7840889e30366c82f0f44a26f2e9306	18007-8.txt
Bliss Carman	18238	Songs from Vagabondia	Songs-from-Vagabondia_18238	fetched		70557	d511d21910274447bcae60ad9b9aeb4723e77c01387569aab72d6f5238b32ac5	18238-8.txt
Bliss Carman	18242	Behind the Arras: A Book of the Unseen	Behind-the-Arras-A-Book-of-the-Unseen_18242	unavailable				
Bliss Carman	18268	Ballads of Lost Haven: A Book of the Sea	Ballads-of-Lost-Haven-A-Book-of-the-Sea_18268	unavailable				
Bliss Carman	19583	A Vagabond Song	A-Vagabond-Song_19583	unavailable				
Bliss Carman	33417	Later Poems	Later-Poems_33417	fetched		203708	6c986955341c419801e2a46fdd225741ed94d6e3a126d0bf0c67a70bb97c2b6d	33417-8.txt
Bliss Carman	53053	By the Aurelian Wall, and Other Elegies	By-the-Aurelian-Wall-and-Other-Elegies_53053	fetched		73079	ccbdc8434409113794ee185a4de5d7e7e8f685afde8beca911d7ebe969fe1fb3	53053-0.txt
Bliss Carman	56300	Low Tide on Grand Pré: A Book of Lyrics	Low-Tide-on-Grand-Pre-A-Book-of-Lyrics_56300	fetched		82076	6ab0f634b32e24c1c7e37346d65d0cfb9a6035eff5062e9e2b6bbf1f5c45a454	56300-0.txt
Booker T. Washington	2376	Up from Slavery: An Autobiography	Up-from-Slavery-An-Autobiography_2376	unavailable				
Booker T. Washington	26507	The Future of the American Negro	The-Future-of-the-American-Negro_26507	fetched		243099	e278dbde414857372b383d883d49fa3c4a14b681d8e48cca0673d0c37ed2b92a	26507-8.txt
Booker T. Washington	35399	The Negro in the South	The-Negro-in-the-South_35399	unavailable				
Booker T. Washington	45125	The Story of Slavery	The-Story-of-Slavery_45125	fetched		65433	797343cb13cb7f8e0f61c97cf21c79eda6a58db0aa8428eae59d8b1f6b02e7cd	45125.txt
Booker T. Washington	60484	Character Building	Character-Building_60484	unavailable				
Booker T. Washington	61223	The Man Farthest Down: A Record of Observation and Study in Europe	The-Man-Farthest-Down-A-Record-of-Observation-and-Study-in-Europe_61223	fetched		516629	7256a9777de7c017166f72d998aacd6e747763bada373e5111eb3c051af87839	61223-8.txt
Booker T. Washington	61953	The Story of My Life and Work	The-Story-of-My-Life-and-Work_61953	fetched		511193	d1bb7a828ed27473e5e54be135c24bc7fd743b8ff4cee9ad5b73dc58146ddd76	61953-0.txt
Booker T. Washington	63620	Putting the Most Into Life	Putting-the-Most-Into-Life_63620	fetched		63726	4c1cc29709f7a3e727682db62f3f7c4499c0fdfd06624a984d9fe11089ca4189	63620-0.txt
Booker T. Washington	64504	Working With the Hands	Working-With-the-Hands_64504	unavailable				
Calvin Coolidge	5036	State of the Union Addresses	State-of-the-Union-Addresses_5036	fetched		342979	48c3663d33fbd7966a1e3b640e6864fd4b2c9c7892b6bc384470921f1983292b	5036.txt
Calvin Coolidge	13748	Have faith in Massachusetts; 2d ed.	Have-faith-in-Massachusetts-2d-ed_13748	unavailable				
Charles Babbage	1216	Reflections on the Decline of Science in England, and on Some of Its Causes	Reflections-on-the-Decline-of-Science-in-England-and-on-Some-of-Its-Causes_1216	fetched		329700	c3e300c4e68133cea4dbc2420d76d3987e029008ca9f21d06eecb9474d51288d	1216.txt
Charles Babbage	4238	On the Economy of Machinery and Manufactures	On-the-Economy-of-Machinery-and-Manufactures_4238	fetched		640491	e4a77ff8dbcc6e46d3ec82dff2595667d83ebe23e9f816ddf1f2a7a5cde9c6d1	4238.txt
Charles Babbage	57532	Passages from the Life of a Philosopher	Passages-from-the-Life-of-a-Philosopher_57532	fetched		903685	a516da08c65ddbd295165eee021afe94832e1d7bbbb2200ba564fbff4681224b	57532-0.txt
Charles Darwin	944	The Voyage of the Beagle	The-Voyage-of-the-Beagle_944	fetched		1227342	24b8d915eb5f61c091ee66403096bb3a950e3c0cb310caf086b6be0cc86781f1	944.txt
Charles Darwin	1227	The Expression of the Emotions in Man and Animals	The-Expression-of-the-Emotions-in-Man-and-Animals_1227	fetched		676653	5d5afa838d8340774bfe37377d29f289b23db0194553cd335b625a62d83c4f7e	1227-8.txt
Charles Darwin	1228	On the Origin of Species By Means of Natural Selection	On-the-Origin-of-Species-By-Means-of-Natural-Selection_1228	unavailable				
Charles Darwin	2009	The Origin of Species by Means of Natural Selection	The-Origin-of-Species-by-Means-of-Natural-Selection_2009	unavailable				
Charles Darwin	2010	The Autobiography of Charles Darwin	The-Autobiography-of-Charles-Darwin_2010	fetched		148522	eb2c4e03f7eff1ac5c6fdaa865099e8238df712d04e820c24d7768f6961cde96	2010.txt
Charles Darwin	2087	Life and Letters of Charles Darwin — Volume 1	Life-and-Letters-of-Charles-Darwin-Volume-1_2087	unavailable				
Charles Darwin	2088	Life and Letters of Charles Darwin — Volume 2	Life-and-Letters-of-Charles-Darwin-Volume-2_2088	unavailable				
Charles Darwin	2300	The Descent of Man, and Selection in Relation to Sex	The-Descent-of-Man-and-Selection-in-Relation-to-Sex_2300	fetched		1906909	495e818719d294afbc76233c1a8c5e7f39dd8d4b40e046520b7442b66a8852d7	2300.txt
Charles Darwin	2355	The Formation of Vegetable Mould Through the Action of Worms	The-Formation-of-Vegetable-Mould-Through-the-Action-of-Worms_2355	unavailable				
Charles Darwin	2485	The Movements and Habits of Climbing Plants	The-Movements-and-Habits-of-Climbing-Plants_2485	fetched		345611	c35727a8c34ddd3d91d5a3c0f08fcee2b1bff02212386abf455c01f016696278	2485-0.txt
Charles Darwin	2690	Coral Reefs	Coral-Reefs_2690	fetched		535815	6fad710ab78632f1d7a4aec7699e0bda660b935c20e2b956f6f83096987345e5	2690.txt
Charles Darwin	2739	More Letters of Charles Darwin — Volume 1	More-Letters-of-Charles-Darwin-Volume-1_2739	unavailable				
Charles Darwin	2740	More Letters of Charles Darwin — Volume 2	More-Letters-of-Charles-Darwin-Volume-2_2740	unavailable				
Charles Darwin	2871	The Variation of Animals and Plants under Domestication — Volume 1	The-Variation-of-Animals-and-Plants-under-Domestication-Volume-1_2871	fetched		1223536	7cf50b6260d165aaa718039dab025b52c0198749643e56d67bac64faaf11ed63	2871.txt
Charles Darwin	2872	The Variation of Animals and Plants under Domestication — Volume 2	The-Variation-of-Animals-and-Plants-under-Domestication-Volume-2_2872	fetched		1273475	e11449afabb0acba1812008182eeaef70690984a688355cfaf96e3c62749c220	2872.txt
Charles Darwin	3054	Volcanic Islands	Volcanic-Islands_3054	fetched		371479	e5e636282b365cb6286945fd2f5153eafa312d2f114d354f9ec3ec229caf25fb	3054.txt
Charles Darwin	3332	The Variation of Animals and Plants under Domestication	The-Variation-of-Animals-and-Plants-under-Domestication_3332	unavailable				
Charles Darwin	3620	Geological Observations on South America	Geological-Observations-on-South-America_3620	fetched		854124	dc09842ef88d428a78433a9a8081b26905a471ed5922617c72d31bf6a15d56ab	3620.txt
Charles Darwin	3704	Journal of Researches into the Natural History and Geology of the Countries Visited During the Voyage Round the World of H.M.S. Beagle Under the Command of Captain Fitz Roy, R.N.	Journal-of-Researches-into-the-Natural-History-and-Geology-of-the-Countries-Visited-During-the-Voyage-Round-the-World-of-H-M-S-Beagle-Under-the-Command-of-Captain-Fitz-Roy-R-N_3704	unavailable				
Charles Darwin	3807	The Different Forms of Flowers on Plants of the Same Species	The-Different-Forms-of-Flowers-on-Plants-of-the-Same-Species_3807	fetched		663855	97808318237ecdf74d30ecdb6d3c513f728dbad04bd81ce23cc4960a864f38ed	3807.txt
Charles Darwin	4022	Coral Reefs; Volcanic Islands; South American Geology — Complete	Coral-Reefs-Volcanic-Islands-South-American-Geology-Complete_4022	unavailable				
Charles Darwin	4346	The Effects of Cross & Self-Fertilisation in the Vegetable Kingdom	The-Effects-of-Cross-Self-Fertilisation-in-the-Vegetable-Kingdom_4346	fetched		987646	62dc138d0f0945b8ce241dddc07f624eb5362cba4977d7294b9acab5de9002f5	4346.txt
Charles Darwin	5605	The Power of Movement in Plants	The-Power-of-Movement-in-Plants_5605	fetched		1167976	8d1f9edd36286a09d48cbf9ea26d980cf9cbbaf52de0f6bdc123c17d42fdfd6d	5605.txt
Charles Darwin	5765	Insectivorous Plants	Insectivorous-Plants_5765	fetched		964898	63f88442f07c83cd441f1f16cee13b146d8d37ea4c9dbddc20e3183751724ebb	5765.txt
Charles Darwin	6951	Journal of Researches into the Natural History and Geology of the Countries Visited During the Voyage Round the World of H.M.S. Beagle Under the Command of Captain Fitz Roy, R.N.	Journal-of-Researches-into-the-Natural-History-and-Geology-of-the-Countries-Visited-During-the-Voyage-Round-the-World-of-H-M-S-Beagle-Under-the-Command-of-Captain-Fitz-Roy-R-N_6951	unavailable				
Charles Darwin	8205	On the Origin of Species	On-the-Origin-of-Species_8205	unavailable				
Charles Darwin	21153	On the Origin of Species by Means of Natural Selection	On-the-Origin-of-Species-by-Means-of-Natural-Selection_21153	unavailable				
Charles Darwin	22728	The Foundations of the Origin of Species	The-Foundations-of-the-Origin-of-Species_22728	unavailable				
Charles Darwin	22764	On the Origin of Species by Means of Natural Selection	On-the-Origin-of-Species-by-Means-of-Natural-Selection_22764	unavailable				
Charles Darwin	24923	The Variation of Animals and Plants Under Domestication, Vol. I.	The-Variation-of-Animals-and-Plants-Under-Domestication-Vol-I_24923	unavailable				
Charles Darwin	28897	The Variation of Animals and Plants Under Domestication, Volume II (of 2)	The-Variation-of-Animals-and-Plants-Under-Domestication-Volume-II-of-2_28897	unavailable				
Charles Darwin	31558	A Monograph on the Sub-class Cirripedia (Volume 1 of 2)	A-Monograph-on-the-Sub-class-Cirripedia-Volume-1-of-2_31558	unavailable				
Charles Darwin	34967	The Descent of Man and Selection in Relation to Sex, Vol. I	The-Descent-of-Man-and-Selection-in-Relation-to-Sex-Vol-I_34967	unavailable				
Charles Darwin	36520	The Descent of Man and Selection in Relation to Sex, Vol. II (1st Edition)	The-Descent-of-Man-and-Selection-in-Relation-to-Sex-Vol-II-1st-Edition_36520	unavailable				
Charles Darwin	38629	Charles Darwin: His Life Told in an Autobiographical Chapter, and in a Selected Series of His Published Letters	Charles-Darwin-His-Life-Told-in-an-Autobiographical-Chapter-and-in-a-Selected-Series-of-His-Published-Letters_38629	unavailable				
Charles Darwin	46408	A Monograph on the Sub-class Cirripedia (Volume 2 of 2)	A-Monograph-on-the-Sub-class-Cirripedia-Volume-2-of-2_46408	unavailable				
Charles Darwin	58737	Index of the Project Gutenberg Works of Charles Darwin	Index-of-the-Project-Gutenberg-Works-of-Charles-Darwin_58737	fetched		120570	b360bf0cf01ab80db54635e5e63d15656befe80289ade822af016f2ae144a1f8	58737-0.txt
Charles Davenport	48288	Inheritance of Characteristics in Domestic Fowl	Inheritance-of-Characteristics-in-Domestic-Fowl_48288	fetched		429705	74f7ef91470eedd1cb97f21041ab891f086039c7fdc6e4fad331f21d63287e07	48288-0.txt
Charles Dickens	46	A Christmas Carol in Prose; Being a Ghost Story of Christmas	A-Christmas-Carol-in-Prose-Being-a-Ghost-Story-of-Christmas_46	unavailable				
Charles Dickens	98	A Tale of Two Cities	A-Tale-of-Two-Cities_98	fetched		804335	2fcfa071498b30724bd1bd714ba89e38477d632b86d74e87559f6259d3917e36	98-0.txt
Charles Dickens	564	The Mystery of Edwin Drood	The-Mystery-of-Edwin-Drood_564	fetched		587966	2ed4f87346205d6c5a696d62008f5745db58b8e4ae5fa83926d990b024f9f5a2	564-0.txt
Charles Dickens	580	The Pickwick Papers	The-Pickwick-Papers_580	fetched		1855144	d4e007ec55fe5918bf5d4ebb5f2ce5ee08c9193c54f424b5dd7ef188314b2dfe	580-0.txt
Charles Dickens	588	Master Humphrey's Clock	Master-Humphrey-s-Clock_588	fetched		299829	be697b90d17440f3622033adf91e4576fa8d01acabcc4128f929e0b3cda70c9f	588-0.txt
Charles Dickens	644	The Haunted Man and the Ghost's Bargain	The-Haunted-Man-and-the-Ghost-s-Bargain_644	fetched		216027	60ee5883f93468512ad25ffa62a2328f74f9262a4c76bb53d6bb246ebf8178ef	644-0.txt
Charles Dickens	650	Pictures from Italy	Pictures-from-Italy_650	fetched		445119	1aeea02a6fdc9f310ec58d890229a94df6cda0fe0e377c6f6f81e24d20d90901	650-0.txt
Charles Dickens	653	The Chimes	The-Chimes_653	unavailable				
Charles Dickens	675	American Notes	American-Notes_675	fetched		624215	4a01f8def4615e84dd5c6d54badcbbfed68213d3d0b11771d419a0abbe5183a6	675-0.txt
Charles Dickens	676	The Battle of Life	The-Battle-of-Life_676	unavailable				
Charles Dickens	678	The Cricket on the Hearth: A Fairy Tale of Home	The-Cricket-on-the-Hearth-A-Fairy-Tale-of-Home_678	unavailable				
Charles Dickens	699	A Child's History of England	A-Child-s-History-of-England_699	fetched		944565	252d2edc753a755d6f283c7d8db7fd5324259af38207857d8802f96c62f87ec0	699.txt
Charles Dickens	700	The Old Curiosity Shop	The-Old-Curiosity-Shop_700	fetched		1282845	1ac47a361e2320875efa31d9307727f4ad705cc7af54260886d707468b9b5b3c	700-0.txt
Charles Dickens	730	Oliver Twist	Oliver-Twist_730	fetched		936281	439543573a12e30e9bc1472ca8d2754a0bc20d06cc529a0f3efb148816792a0d	730.txt
Charles Dickens	766	David Copperfield	David-Copperfield_766	fetched		2033142	405d8997c6c5047c6b3ceb5ad1388bd2d30aa78598952744e23a23cea7100e6b	766-0.txt
Charles Dickens	786	Hard Times	Hard-Times_786	fetched		626055	086a962bb93eb533c51b869136fc9bb7c472d4e302f090e2691d130538593813	786-0.txt
Charles Dickens	807	Hunted Down: The Detective Stories of Charles Dickens	Hunted-Down-The-Detective-Stories-of-Charles-Dickens_807	fetched		69274	9cc58040738fd3b06469ba3d3c1784c0f2be18277699de9c2e98af3f2f196338	807-0.txt
Charles Dickens	809	Holiday Romance	Holiday-Romance_809	fetched		98922	6ff3a273bfe1f1ac2cc3eb63e785847a401643bcf775fbab5ec96839ae958651	809-0.txt
Charles Dickens	810	George Silverman's Explanation	George-Silverman-s-Explanation_810	fetched		82879	cfbbbfff3bf996854e464a779830c4b0f24f6c2b463339294440b4f34b4516f7	810-0.txt
Charles Dickens	821	Dombey and Son	Dombey-and-Son_821	fetched		2093834	ec231adef7020a10dc8e622aa9f90db0224cb1803ac3f65f620d66470de9f024	821-0.txt
Charles Dickens	824	Speeches: Literary and Social	Speeches-Literary-and-Social_824	fetched		602137	213b6eab6ee256d83227f381b52c366bcc799b170bf5133f34c95b9216201948	824-0.txt
Charles Dickens	872	Reprinted Pieces	Reprinted-Pieces_872	fetched		555144	e28ee928739549ae4a128e7dec98cb1073ea74a4ed200412bae144acc14b0b0c	872-0.txt
Charles Dickens	882	Sketches by Boz, Illustrative of Every-Day Life and Every-Day People	Sketches-by-Boz-Illustrative-of-Every-Day-Life-and-Every-Day-People_882	fetched		1569288	5ce3db563db47d8a0163f7276d728664fa8792b2b4c800292fef5be26d91637e	882-0.txt
Charles Dickens	883	Our Mutual Friend	Our-Mutual-Friend_883	fetched		1872025	092299711cc8a4f8ab54c2ba0cc23dcd0be2d85c03270ff97725d94be570c31f	883-0.txt
Charles Dickens	888	The Lazy Tour of Two Idle Apprentices	The-Lazy-Tour-of-Two-Idle-Apprentices_888	fetched		254715	460ea0ac877a8d49e205c010ba87fc2f8776d856d1e21c706ac694c1f9d473d2	888-0.txt
Charles Dickens	912	Mudfog and Other Sketches	Mudfog-and-Other-Sketches_912	fetched		211159	f57f8e7d96a84101ebbb7736aac9c690c95f7f124bccb0d9ece9031c2ac32e41	912-0.txt
Charles Dickens	914	The Uncommercial Traveller	The-Uncommercial-Traveller_914	fetched		854622	05ba18762970150f81c8c4d436757d137e123eca14af606bdaf9320e4ad4d4cb	914-0.txt
Charles Dickens	916	Sketches of Young Couples	Sketches-of-Young-Couples_916	fetched		133307	998eed523e9f464c18d7831b3fafc2c0a64e518af0d3a5a122011feb0ab7011d	916-0.txt
Charles Dickens	917	Barnaby Rudge: A Tale of the Riots of 'Eighty	Barnaby-Rudge-A-Tale-of-the-Riots-of-Eighty_917	unavailable				
Charles Dickens	918	Sketches of Young Gentlemen	Sketches-of-Young-Gentlemen_918	fetched		126254	46ad6f54c3aeefac51c147ee23b97196bd1f394482a7de0c456689e1f1a16c36	918-0.txt
Charles Dickens	922	Sunday Under Three Heads	Sunday-Under-Three-Heads_922	fetched		86376	5b16ae4cca3ed23fb6afd62983c812225070a4984381104397e6fc5be74531cd	922-0.txt
Charles Dickens	924	To Be Read at Dusk	To-Be-Read-at-Dusk_924	fetched		46298	16acaef793bbe2a2d6b3d8587a9698ab6ac534b33946ddacfe0fd1538db43458	924-0.txt
Charles Dickens	927	The Lamplighter	The-Lamplighter_927	fetched		61772	bcac6671069c033165fa3e9d974b6422519757c64fef4717321a61fb6b971bad	927-0.txt
Charles Dickens	963	Little Dorrit	Little-Dorrit_963	fetched		1973354	8dfabdc45d26699dfc8e5ed9981e91702a404f28ce73127614b8a02e3e576c53	963-0.txt
Charles Dickens	967	Nicholas Nickleby	Nicholas-Nickleby_967	fetched		1951260	209d3c74c720c186376ff8e6de6c48adb049b99fb257a813e8918cf08ab66003	967-0.txt
Charles Dickens	968	Martin Chuzzlewit	Martin-Chuzzlewit_968	fetched		1982762	eb8690d62cbe0f803b10424875ce2c677aa9b94572a9aa57f468f6dcde814b55	968-0.txt
Charles Dickens	1023	Bleak House	Bleak-House_1023	fetched		2001188	51c12bd20b0c8efbe08578b4966adb9ece1805f2ff8d96e6b02c4562a4797449	1023.txt
Charles Dickens	1289	Three Ghost Stories	Three-Ghost-Stories_1289	fetched		140309	a75e412e779d58651999b5a47daa5394fe9752b3d693cd8ac6ff5c2d6e0c7e16	1289-0.txt
Charles Dickens	1392	The Seven Poor Travellers	The-Seven-Poor-Travellers_1392	fetched		77036	8bf8ada6a5f8bce47565f8daa821839fdbd2c028dac11c2ffbb58e5c2c76607c	1392.txt
Charles Dickens	1394	The Holly-Tree	The-Holly-Tree_1394	fetched		96378	80ab2c21fcd22869db89ad7e4e9c2f194aa011bee198ba6b3d83a6f74761aaf6	1394.txt
Charles Dickens	1400	Great Expectations	Great-Expectations_1400	fetched		1049619	b58ce42c630e06314f2442d5937fa8a8556b6e3c5c16f4713c7332a4bb50b420	1400-0.txt
Charles Dickens	1406	The Perils of Certain English Prisoners	The-Perils-of-Certain-English-Prisoners_1406	fetched		126251	b774f1000ab4d4ab37f90039bc239b25d062226805e28c2430ffc4d216cc6ab4	1406.txt
Charles Dickens	1407	A Message from the Sea	A-Message-from-the-Sea_1407	fetched		89844	206d5b9b1cffe4aab7935badbb59b522d82da4a8780de4cc191723a1d2870e52	1407.txt
Charles Dickens	1413	Tom Tiddler's Ground	Tom-Tiddler-s-Ground_1413	fetched		75770	22092d22eec5c1a33a2ceba074cf1d08df4805819234b6df520b9f6bea9ec353	1413.txt
Charles Dickens	1414	Somebody's Luggage	Somebody-s-Luggage_1414	fetched		132320	3f1908a4ffa5cd8265aa9b35d7a478f3ddf092133131d4fadb0d21c1c57c007c	1414.txt
Charles Dickens	1415	Doctor Marigold	Doctor-Marigold_1415	fetched		83749	481f74ad435808748812858a075ab94250f3fe40e0400432a5333a3d61ab8d01	1415.txt
Charles Dickens	1416	Mrs. Lirriper's Lodgings	Mrs-Lirriper-s-Lodgings_1416	unavailable				
Charles Dickens	1419	Mugby Junction	Mugby-Junction_1419	fetched		130126	0d3e8e24e949acde5ea5ac0bc232b462b83569ca089bb9fb0b76bf7d4eb53c4a	1419.txt
Charles Dickens	1421	Mrs. Lirriper's Legacy	Mrs-Lirriper-s-Legacy_1421	unavailable				
Charles Dickens	1422	Going into Society	Going-into-Society_1422	fetched		47827	c9a7be0653d3200ecd44f0780c65d2407873bc57e5924081077d3cda8b5903d9	1422.txt
Charles Dickens	1423	No Thoroughfare	No-Thoroughfare_1423	fetched		295977	bbfa7548f2fb455b0304376899c07c52d495cdf43606416fc5ba17b5bdd88015	1423.txt
Charles Dickens	1435	Miscellaneous Papers	Miscellaneous-Papers_1435	fetched		149316	0a74eb5e215c59bd42031dcb39574f5f6e616ee533f9a5849bbf64e75a5ffea9	1435-0.txt
Charles Dickens	1465	The Wreck of the Golden Mary	The-Wreck-of-the-Golden-Mary_1465	fetched		87658	bcd2e2a8f361298bbb57342ffe5ab92f5591ddaff1bdbd6d0ff206139eea360e	1465.txt
Charles Dickens	1467	Some Christmas Stories	Some-Christmas-Stories_1467	fetched		138894	45f39af3b1c60db7ad8862db201faa6d2010aa9fcd6392b0828305767726f245	1467-0.txt
Charles Dickens	7869	A Tale of Two Cities	A-Tale-of-Two-Cities_7869	unavailable				
Charles Dickens	8608	Great Expectations	Great-Expectations_8608	unavailable				
Charles Dickens	9689	Three Ghost Stories	Three-Ghost-Stories_9689	unavailable				
Charles Dickens	9690	A Child's History of England	A-Child-s-History-of-England_9690	unavailable				
Charles Dickens	9691	All the Year Round	All-the-Year-Round_9691	unavailable				
Charles Dickens	9692	A Message from the Sea	A-Message-from-the-Sea_9692	unavailable				
Charles Dickens	9693	American Notes	American-Notes_9693	unavailable				
Charles Dickens	9694	The Battle of Life	The-Battle-of-Life_9694	unavailable				
Charles Dickens	9695	Bleak House	Bleak-House_9695	unavailable				
Charles Dickens	9696	A Christmas Carol	A-Christmas-Carol_9696	unavailable				
Charles Dickens	9697	Reprinted Pieces	Reprinted-Pieces_9697	unavailable				
Charles Dickens	9698	Some Christmas Stories	Some-Christmas-Stories_9698	unavailable				
Charles Dickens	9699	Martin Chuzzlewit	Martin-Chuzzlewit_9699	unavailable				
Charles Dickens	9702	The Old Curiosity Shop	The-Old-Curiosity-Shop_9702	unavailable				
Charles Dickens	9703	Dombey and Son	Dombey-and-Son_9703	unavailable				
Charles Dickens	9704	Doctor Marigold	Doctor-Marigold_9704	unavailable				
Charles Dickens	9705	The Mystery of Edwin Drood	The-Mystery-of-Edwin-Drood_9705	unavailable				
Charles Dickens	9706	Speeches: Literary and Social	Speeches-Literary-and-Social_9706	unavailable				
Charles Dickens	9707	Going into Society	Going-into-Society_9707	unavailable				
Charles Dickens	9708	George Silverman's Explanation	George-Silverman-s-Explanation_9708	unavailable				
Charles Dickens	9709	Hard Times	Hard-Times_9709	unavailable				
Charles Dickens	9710	Holiday Romance	Holiday-Romance_9710	unavailable				
Charles Dickens	9711	The Holly-Tree	The-Holly-Tree_9711	unavailable				
Charles Dickens	9712	Hunted Down	Hunted-Down_9712	unavailable				
Charles Dickens	9713	The Haunted Man and the Ghost's Bargain	The-Haunted-Man-and-the-Ghost-s-Bargain_9713	unavailable				
Charles Dickens	9715	Little Dorrit	Little-Dorrit_9715	unavailable				
Charles Dickens	9716	The Lamplighter	The-Lamplighter_9716	unavailable				
Charles Dickens	9717	The Lazy Tour of Two Idle Apprentices	The-Lazy-Tour-of-Two-Idle-Apprentices_9717	unavailable				
Charles Dickens	9718	Mudfog and Other Sketches	Mudfog-and-Other-Sketches_9718	unavailable				
Charles Dickens	9719	Our Mutual Friend	Our-Mutual-Friend_9719	unavailable				
Charles Dickens	9720	Mugby Junction	Mugby-Junction_9720	unavailable				
Charles Dickens	9721	Master Humphrey's Clock	Master-Humphrey-s-Clock_9721	unavailable				
Charles Dickens	9722	Mrs. Lirriper's Lodgings	Mrs-Lirriper-s-Lodgings_9722	unavailable				
Charles Dickens	9723	Mrs. Lirriper's Legacy	Mrs-Lirriper-s-Legacy_9723	unavailable				
Charles Dickens	9724	Miscellaneous Papers	Miscellaneous-Papers_9724	unavailable				
Charles Dickens	9725	Nicholas Nickleby	Nicholas-Nickleby_9725	unavailable				
Charles Dickens	9726	No Thoroughfare	No-Thoroughfare_9726	unavailable				
Charles Dickens	9727	Oliver Twist	Oliver-Twist_9727	unavailable				
Charles Dickens	9728	Pictures from Italy	Pictures-from-Italy_9728	unavailable				
Charles Dickens	9729	Perils of Certain English Prisoners	Perils-of-Certain-English-Prisoners_9729	unavailable				
Charles Dickens	9730	The Pickwick Papers	The-Pickwick-Papers_9730	unavailable				
Charles Dickens	9731	To Be Read at Dusk	To-Be-Read-at-Dusk_9731	unavailable				
Charles Dickens	9732	Barnaby Rudge	Barnaby-Rudge_9732	unavailable				
Charles Dickens	9733	Sketches by Boz, illustrative of everyday life and every-day people	Sketches-by-Boz-illustrative-of-everyday-life-and-every-day-people_9733	unavailable				
Charles Dickens	9734	Sketches of Young Gentlemen	Sketches-of-Young-Gentlemen_9734	unavailable				
Charles Dickens	9735	Somebody's Luggage	Somebody-s-Luggage_9735	unavailable				
Charles Dickens	9736	Sunday under Three Heads	Sunday-under-Three-Heads_9736	unavailable				
Charles Dickens	9737	The Seven Poor Travellers	The-Seven-Poor-Travellers_9737	unavailable				
Charles Dickens	9738	The Chimes	The-Chimes_9738	unavailable				
Charles Dickens	9739	Cricket on the Hearth	Cricket-on-the-Hearth_9739	unavailable				
Charles Dickens	9740	Tom Tiddler's Ground	Tom-Tiddler-s-Ground_9740	unavailable				
Charles Dickens	9741	The Uncommercial Traveller	The-Uncommercial-Traveller_9741	unavailable				
Charles Dickens	9742	The Wreck of the Golden Mary	The-Wreck-of-the-Golden-Mary_9742	unavailable				
Charles Dickens	9743	Sketches of Young Couples	Sketches-of-Young-Couples_9743	unavailable				
Charles Dickens	9744	David Copperfield	David-Copperfield_9744	unavailable				
Charles Dickens	19337	A Christmas Carol	A-Christmas-Carol_19337	fetched		186841	0aba99c27e53a4dfd3216ee635f396f620b46304360e945a4dd9bd2f7a65e3f3	19337-8.txt
Charles Dickens	19505	A Christmas Carol	A-Christmas-Carol_19505	unavailable				
Charles Dickens	20673	A Christmas Carol	A-Christmas-Carol_20673	unavailable				
Charles Dickens	20795	The Cricket on the Hearth	The-Cricket-on-the-Hearth_20795	fetched		204057	b3afc421dbd7922df74e5df99b85b9c159c323c7a7f452402dc95e00fb596a4c	20795.txt
Charles Dickens	22449	No Thoroughfare	No-Thoroughfare_22449	unavailable				
Charles Dickens	23344	The Magic Fishbone	The-Magic-Fishbone_23344	unavailable				
Charles Dickens	23452	The Trial of William Tinkling	The-Trial-of-William-Tinkling_23452	unavailable				
Charles Dickens	23765	Captain Boldheart & the Latin-Grammar Master	Captain-Boldheart-the-Latin-Grammar-Master_23765	unavailable				
Charles Dickens	24022	A Christmas Carol	A-Christmas-Carol_24022	fetched		189067	820c094e3ddcac26b2a4ef576b8f8899ace8a515dc6a667f9747ca916da93c0d	24022-0.txt
Charles Dickens	25852	The Letters of Charles Dickens. Vol. 1, 1833-1856	The-Letters-of-Charles-Dickens-Vol-1-1833-1856_25852	unavailable				
Charles Dickens	25853	The Letters of Charles Dickens. Vol. 2, 1857-1870	The-Letters-of-Charles-Dickens-Vol-2-1857-1870_25853	unavailable				
Charles Dickens	25854	The Letters of Charles Dickens. Vol. 3, 1836-1870	The-Letters-of-Charles-Dickens-Vol-3-1836-1870_25854	unavailable				
Charles Dickens	25985	Bardell v. Pickwick	Bardell-v-Pickwick_25985	unavailable				
Charles Dickens	27924	Mugby Junction	Mugby-Junction_27924	fetched		305136	9ff476eea210b9532dbda11f5c56adea34d9fe7c8bc1afc74b59460c0cde1823	27924-0.txt
Charles Dickens	30127	Tales from Dickens	Tales-from-Dickens_30127	fetched		640427	241b45b96149b3b4cecc7ee0be905acebeccb80750a6e3ce53d0a010fa94f69f	30127.txt
Charles Dickens	30368	A Christmas Carol	A-Christmas-Carol_30368	unavailable				
Charles Dickens	32241	Dickens' Stories About Children Every Child Can Read	Dickens-Stories-About-Children-Every-Child-Can-Read_32241	fetched		378237	d3ee5b068f2356efcd82a7a56d74abf883f860ef85e03dbb7379b789f7d2cbe7	32241.txt
Charles Dickens	35536	The Poems and Verses of Charles Dickens	The-Poems-and-Verses-of-Charles-Dickens_35536	fetched		92767	5eb8ad74e99a2ad0c116b0eafc8938dc20a4895acfd2df920d2b2ba0b0415cbd	35536-8.txt
Charles Dickens	37121	Charles Dickens' Children Stories	Charles-Dickens-Children-Stories_37121	fetched		124591	91e24b975140e7e7cb598f4174f7c501e13fee3527b6da11c3786b5982b1a7ac	37121.txt
Charles Dickens	37581	The Cricket on the Hearth: A Fairy Tale of Home	The-Cricket-on-the-Hearth-A-Fairy-Tale-of-Home_37581	unavailable				
Charles Dickens	40723	The Battle of Life: A Love Story	The-Battle-of-Life-A-Love-Story_40723	unavailable				
Charles Dickens	40729	"Old Scrooge": A Christmas Carol in Five Staves.	Old-Scrooge-A-Christmas-Carol-in-Five-Staves_40729	unavailable				
Charles Dickens	41739	A Christmas Carol; Or, The Miser's Warning!	A-Christmas-Carol-Or-The-Miser-s-Warning_41739	unavailable				
Charles Dickens	41894	Christmas-Tide	Christmas-Tide_41894	fetched		291017	e950e6b129a26afa70b31af14082ba572bfffda91c9898600ec4037f4e823342	41894-8.txt
Charles Dickens	42232	A Child's Dream of a Star	A-Child-s-Dream-of-a-Star_42232	fetched		27849	db4fa4bc7b174ef6d22d1d4ad97fe4fa2fc64758052e152030fe1c0e94fc7425	42232-0.txt
Charles Dickens	43111	The Personal History of David Copperfield	The-Personal-History-of-David-Copperfield_43111	fetched		2010223	1c851dde8cd281889ed53fb1597c8ab745a5bf2f330d267e912c2f182b38e4d2	43111.txt
Charles Dickens	43207	Scenes and Characters from the Works of Charles Dickens	Scenes-and-Characters-from-the-Works-of-Charles-Dickens_43207	unavailable				
Charles Dickens	46675	Oliver Twist; or, The Parish Boy's Progress. Illustrated	Oliver-Twist-or-The-Parish-Boy-s-Progress-Illustrated_46675	unavailable				
Charles Dickens	47529	Oliver Twist, Vol. 1 (of 3)	Oliver-Twist-Vol-1-of-3_47529	fetched		347701	aca62d8779198e90c4cd721c8ca476e379ce9ac8dc4ab8dee6a1d208d616ce5a	47529-0.txt
Charles Dickens	47530	Oliver Twist, Vol. 2 (of 3)	Oliver-Twist-Vol-2-of-3_47530	fetched		321303	1618e067325846c721a2769d6d69cb6acd421ca8ff1e652f4904c3dba79085a5	47530-0.txt
Charles Dickens	47531	Oliver Twist, Vol. 3 (of 3)	Oliver-Twist-Vol-3-of-3_47531	fetched		333045	d9a834a288616798e2533c1505e100b63833a346c53e0e31e5a4b7154253ed05	47531-0.txt
Charles Dickens	47534	The Posthumous Papers of the Pickwick Club, v. 1 (of 2)	The-Posthumous-Papers-of-the-Pickwick-Club-v-1-of-2_47534	unavailable				
Charles Dickens	47535	The Posthumous Papers of the Pickwick Club, v. 2 (of 2)	The-Posthumous-Papers-of-the-Pickwick-Club-v-2-of-2_47535	unavailable				
Charles Dickens	49125	Stories from Dickens	Stories-from-Dickens_49125	fetched		424337	6a3cdfb05adb4c0cc028d8fcc81336eb9614e8e42e83114c3b1b558f4f01f29f	49125-0.txt
Charles Dickens	49927	Pearl-Fishing; Choice Stories from Dickens' Household Words; First Series	Pearl-Fishing-Choice-Stories-from-Dickens-Household-Words-First-Series_49927	fetched		370059	f3fa32bb6978dd67baa3e9cd23240f7391dc064c2a9ea2ffe3a97fa6269d9ff0	49927-0.txt
Charles Dickens	50334	Pearl-Fishing; Choice Stories from Dickens' Household Words; Second Series	Pearl-Fishing-Choice-Stories-from-Dickens-Household-Words-Second-Series_50334	fetched		379923	efb1f67059b2ef5941180bfd8ea3bdb697be11ba6e30a3c52b489342ae12d6df	50334-0.txt
Charles Dickens	52125	Nell and Her Grandfather, Told from Charles Dickens's "The Old Curiosity Shop"	Nell-and-Her-Grandfather-Told-from-Charles-Dickens-s-The-Old-Curiosity-Shop_52125	fetched		143534	5fb77f66f575e923497871ee27b33060a97dd785396d2fba83f657a2f2dc85df	52125-0.txt
Charles Dickens	58157	Index of the Project Gutenberg Works of Charles Dickens	Index-of-the-Project-Gutenberg-Works-of-Charles-Dickens_58157	fetched		89975	f1dde53be45aad4d965e26f93c20a9cc0c8556b5570e055f169e936056fa6091	58157-0.txt
Charles Dickens	61193	Mr. Pickwick's Christmas	Mr-Pickwick-s-Christmas_61193	unavailable				
Charles Dickens	61668	Stories of Intellect	Stories-of-Intellect_61668	unavailable				
Charles Ives	3673	Essays Before a Sonata	Essays-Before-a-Sonata_3673	fetched		214951	cc6a7ccb4ce65725dacc1c89b283e6c854c9c5427ee361100be0dd00c35e4832	3673.txt
Charles Kendall Adams	9996	"'Tis Sixty Years Since"	Tis-Sixty-Years-Since_9996	unavailable				
Charles Kendall Adams	16542	"Imperialism" and "The Tracks of Our Forefathers"	Imperialism-and-The-Tracks-of-Our-Forefathers_16542	unavailable				
Charles Kendall Adams	36989	Some Phases of Sexual Morality and Church Discipline in Colonial New England	Some-Phases-of-Sexual-Morality-and-Church-Discipline-in-Colonial-New-England_36989	fetched		124835	2751b5122a347cb2a0592203c61b95f2668b0607574d8f3ad5954c37391cc52f	36989-8.txt
Charles Kendall Adams	48693	Notes on Railroad Accidents	Notes-on-Railroad-Accidents_48693	fetched		430313	47c782a44013b49b695a4d4e2a97d2858f43ef88d1d070925e216b53bf8635aa	48693-8.txt
Charles Kendall Adams	52766	A History of the United States	A-History-of-the-United-States_52766	fetched		1233439	0f35b90fbbbac84c27f4489d85d9df33d98d468d7b1733492ee0117ace4210d1	52766-0.txt
Charles Kendall Adams	54929	Christopher Columbus: His Life and His Work	Christopher-Columbus-His-Life-and-His-Work_54929	fetched		443620	08de80b3ad9b06a18a9596ce08f890d637421031d74ed5e9679dd5abd5ceb526	54929-0.txt
Charles Spurgeon	42518	Talks to Farmers	Talks-to-Farmers_42518	fetched		542694	de2b3e74868faa574ac33564460eda8c7fffa7b1965b8af29c0524fa8919af10	42518-8.txt
Charles Spurgeon	42558	The Art of Illustration	The-Art-of-Illustration_42558	fetched		285158	c3fd356ca456557ccac4e5af4ecca7d8024465df29edb41be19dd714825221ec	42558-8.txt
Charles Spurgeon	42657	Gleanings among the Sheaves	Gleanings-among-the-Sheaves_42657	fetched		219705	a7f81daa2c304b5e1e111d8b8a81daf8e5a439b7db02a698317b941c40b684d1	42657-8.txt
Charles Spurgeon	60669	Around the Wicket Gate	Around-the-Wicket-Gate_60669	unavailable				
Charles Stuart Calverley	4096	Verses and Translations	Verses-and-Translations_4096	fetched		150149	1bb1b4954f167c58f9f227039fdd0a4315880690f3b2e47be3a0af86865d8877	4096-0.txt
Charles Stuart Calverley	4739	Fly Leaves	Fly-Leaves_4739	fetched		100148	e55608c9605457398234b7522c16d57c77ca39ea4afae69dbbc73ea414687d86	4739-0.txt
Charles Stuart Calverley	48929	Backwoods Surgery & Medicine	Backwoods-Surgery-Medicine_48929	fetched		113909	2315c492f0cf59eebf16b44d4122cdcb7bc2282e31751c00e3ed705dbe638b1a	48929-0.txt
Charles Stuart Calverley	50021	An Irish Precursor of Dante	An-Irish-Precursor-of-Dante_50021	unavailable				
Christopher Morley	172	The Haunted Bookshop	The-Haunted-Bookshop_172	fetched		375241	d20aa2b66652946b2162cce5973667295c4c5c7d8443704e1a0a1adc2f0546cf	172.txt
Christopher Morley	1402	Where the Blue Begins	Where-the-Blue-Begins_1402	fetched		252170	5680896fff9985c60f5fa8b42f41b613129328eb33082e07e654403423e70da8	1402-0.txt
Christopher Morley	4249	In the Sweet Dry and Dry	In-the-Sweet-Dry-and-Dry_4249	fetched		177205	6d08081775214bf48a9884256a1844b5af84bb225e9184685821592c20a1673c	4249.txt
Christopher Morley	5311	Parnassus on Wheels	Parnassus-on-Wheels_5311	fetched		215361	26fa606a7f5e83c69aa120a525bd766960871e86aba79314db22d9fc26cf6b93	5311.txt
Christopher Morley	7208	Kathleen	Kathleen_7208	fetched		139302	1e44037e50164ab6c3e63f0e58145fbdd340f6911044bbd7e7135820618756bc	7208-0.txt
Christopher Morley	13694	Mince Pie	Mince-Pie_13694	fetched		320942	58297307a738db25263fc978eee8afa975d165fa7d74abff5d46943ef2c2e8ca	13694-8.txt
Christopher Morley	13739	Shandygaff	Shandygaff_13739	unavailable				
Christopher Morley	15794	Plum Pudding: Of Divers Ingredients, Discreetly Blended & Seasoned	Plum-Pudding-Of-Divers-Ingredients-Discreetly-Blended-Seasoned_15794	unavailable				
Christopher Morley	22699	Pipefuls	Pipefuls_22699	fetched		348815	c5b080ecb700ea56c1672102ccaa26681be4734a0c89cb73a89e258f6ec3ffc2	22699.txt
Christopher Morley	23196	Songs for a Little House	Songs-for-a-Little-House_23196	fetched		83939	388e28f8f427d3934ca6fb0308636b84715b93cf90d422ce2dfb8d3e4e4efb09	23196.txt
Christopher Morley	37852	Chimneysmoke	Chimneysmoke_37852	fetched		136979	d14d47aacb7deea6b607d4f4aef62d53fad4c02c20cc190fa04024e633923c77	37852.txt
Christopher Morley	51957	Tales from a Rolltop Desk	Tales-from-a-Rolltop-Desk_51957	fetched		343134	fea7fe7cbac7b4dbfaf2b3d184a4098c9cf09128b9f9977090418aa4870f47cf	51957-0.txt
Christopher Morley	51984	Thursday Evening: A Comedy in One Act	Thursday-Evening-A-Comedy-in-One-Act_51984	fetched		52848	a647a7642238f7e1bdf6bab38b9c71ba067154f4e76bd919c9a795cb3757b9ff	51984.txt
Christopher Morley	59614	Index of the Project Gutenberg Works of Christopher Morley	Index-of-the-Project-Gutenberg-Works-of-Christopher-Morley_59614	fetched		34019	078afd6eb702684ee2a6003df4780744aaeb5f5bdec523f195f2763b2dc918f5	59614-0.txt
Christopher Morley	66145	Religio Journalistici	Religio-Journalistici_66145	fetched		73173	04f3dbcfb6a154a02e4bbe7b7729e09adfe92193f0ad53b418f36742ad59425a	66145-0.txt
Christopher Morley	67188	The Powder of Sympathy	The-Powder-of-Sympathy_67188	fetched		455503	51755af9fa1b1434918d6c63d791fd0a458c8649e2b582c2f98d7b266ec2039b	67188-0.txt
Confucius	3330	The Analects of Confucius (from the Chinese Classics)	The-Analects-of-Confucius-from-the-Chinese-Classics_3330	fetched		186354	717cd5d679d45ee8f297dc55d9f81551679dd6a3786d74104431afc0347efcaa	3330.txt
Confucius	10056	Chinese Literature	Chinese-Literature_10056	unavailable				
Confucius	24055	The Sayings of Confucius	The-Sayings-of-Confucius_24055	fetched		195959	126f486b789c8ffae8e2ad28368bd8ebe12ec96b8b066d76ffd13e43bdd50a40	24055.txt
Confucius	33815	The Wisdom of Confucius	The-Wisdom-of-Confucius_33815	unavailable				
Confucius	46389	The Sayings of Confucius	The-Sayings-of-Confucius_46389	unavailable				
D.H. Lawrence	217	Sons and Lovers	Sons-and-Lovers_217	fetched		944144	87820b8a61a6e7a664020942c86538eafc8765afaceb05832bf808565f93b2b7	217-0.txt
D.H. Lawrence	4216	Touch and Go: A Play in Three Acts	Touch-and-Go-A-Play-in-Three-Acts_4216	unavailable				
D.H. Lawrence	4240	Women in Love	Women-in-Love_4240	fetched		1097028	67246b2d80c8d4bd4a935c35d7780663e86b3078cd8965decda868d60276cf71	4240-0.txt
D.H. Lawrence	4520	Aaron's Rod	Aaron-s-Rod_4520	fetched		677289	a0ebd9c0a8ce806e080f1eec9e9d4e64ac6d4f6866bb7fe1a4c046dbead043e6	4520-0.txt
D.H. Lawrence	6544	Aaron's Rod	Aaron-s-Rod_6544	unavailable				
D.H. Lawrence	6916	English Men of Letters: Coleridge	English-Men-of-Letters-Coleridge_6916	fetched		399559	7d1fe884c0f6c4402d6cd8ab321a4659e545b0d5b8b2fb002bfbf6163d380346	6916-0.txt
D.H. Lawrence	8914	England, My England	England-My-England_8914	fetched		385136	8aa8b9ce0993dc3c9b605d584148b9d74f4d04c4311efd2a9c2a5c8716784cac	8914-8.txt
D.H. Lawrence	9497	Twilight in Italy	Twilight-in-Italy_9497	fetched		343368	32514e060b1c8ef22c83c95e3244361920ad43d8cf1e2a624c9b9e5b32a17a21	9497-8.txt
D.H. Lawrence	9498	The Trespasser	The-Trespasser_9498	fetched		427869	0d0f249effa61a05f548bd398c4d96195193f60f02d0b124003e303b24151e3d	9498-8.txt
D.H. Lawrence	12142	Sterne	Sterne_12142	fetched		342353	b93812a0d4802cb669460b7d900fab63bab121ca370fbb1b8055a5e9ef4e9d5e	12142-8.txt
D.H. Lawrence	19838	Embankment at Night	Embankment-at-Night_19838	unavailable				
D.H. Lawrence	20654	Fantasia of the Unconscious	Fantasia-of-the-Unconscious_20654	fetched		385080	78ed2c088ba427cfbc2931229860baa1ee5715cbe32801d12f830d570ab7b1ec	20654.txt
D.H. Lawrence	22475	Tortoises	Tortoises_22475	fetched		40888	597bc87d330fea13fa3df0e6110e8ffd7fbff00cd23291f82cb48244d577db03	22475-8.txt
D.H. Lawrence	22477	Wintry Peacock	Wintry-Peacock_22477	unavailable				
D.H. Lawrence	22480	The Prussian Officer	The-Prussian-Officer_22480	fetched		470177	0a68a13fde0dd114660e62da0143b8bd7571d9377a1925a565e5c339e227aec4	22480-0.txt
D.H. Lawrence	22531	Amores: Poems	Amores-Poems_22531	unavailable				
D.H. Lawrence	22726	New Poems	New-Poems_22726	fetched		64086	cd44dfff7faff9e433eee7c7f2dddcb318c2a455afb747118e253a49b81c6e44	22726-8.txt
D.H. Lawrence	22734	Bay: A Book of Poems	Bay-A-Book-of-Poems_22734	unavailable				
D.H. Lawrence	22847	Official Views Of The World's Columbian Exposition	Official-Views-Of-The-World-s-Columbian-Exposition_22847	fetched		43998	58aefddbdb14c342d60d920f021ccd517c801baf6555012558cdf470280fcd6d	22847.txt
D.H. Lawrence	23394	Look! We Have Come Through!	Look-We-Have-Come-Through_23394	unavailable				
D.H. Lawrence	23727	The Lost Girl	The-Lost-Girl_23727	fetched		809010	3fe76ab7805eba6b80351c8fb58dd19f0c19a962a0edf41e94317869598f7ad7	23727.txt
D.H. Lawrence	26982	With Haig on the Somme	With-Haig-on-the-Somme_26982	fetched		443409	fb68f1cdd57d68e0954fad8e2b3005aa4280277530a673eca3c5caf49ae45b10	26982-8.txt
D.H. Lawrence	28665	Sea Garden	Sea-Garden_28665	fetched		58209	5a624abe1f2138aaa262d6ef48ebc6f94c55bd83248b43df6b0eb93bbf89f48e	28665.txt
D.H. Lawrence	28666	Hymen	Hymen_28666	fetched		68719	30a50b0649c47d8e36921b3d5441ffdafd93d652db0f6078224f74efbb19f78a	28666-8.txt
D.H. Lawrence	28948	The Rainbow	The-Rainbow_28948	fetched		1074479	d94ee1594d694679a1fabee2130549cb8738114cc6dd88449657cc3b1f74bccb	28948-8.txt
D.H. Lawrence	30276	Some Imagist Poets: An Anthology	Some-Imagist-Poets-An-Anthology_30276	unavailable				
D.H. Lawrence	30635	The Talking Thrush, and Other Tales from India	The-Talking-Thrush-and-Other-Tales-from-India_30635	fetched		275794	1f43ca5e5353bcec89c65338408c6e6a5e72f36984bba8d4b33851aecb5d06ef	30635-0.txt
D.H. Lawrence	35692	The History of Company A, Second Illinois Cavalry	The-History-of-Company-A-Second-Illinois-Cavalry_35692	fetched		287074	c1764024b6a1def371bcb61fa10e34ff495508de815509fa48a09e2e76918ed6	35692.txt
D.H. Lawrence	36039	The Giant Crab, and Other Tales from Old India	The-Giant-Crab-and-Other-Tales-from-Old-India_36039	fetched		141138	b36e634a54a347ef7dbdd807b55b7f29ae14f18efe33d07a8c56c07bf1c86977	36039-8.txt
D.H. Lawrence	36895	William the Third	William-the-Third_36895	fetched		371239	4dd3b753020ea3c33444e95ab8c01e3e277272020d7bf489e55da9b05daa09d9	36895.txt
D.H. Lawrence	37206	Sea and Sardinia	Sea-and-Sardinia_37206	fetched		463232	9e54e1ee1c06f3b0baf4af998b8cf4e01b5d9ec3d0946f5faf37a59969e6a87f	37206-8.txt
D.H. Lawrence	37469	Some Imagist Poets, 1916: An Annual Anthology	Some-Imagist-Poets-1916-An-Annual-Anthology_37469	unavailable				
D.H. Lawrence	38561	The White Peacock	The-White-Peacock_38561	fetched		722275	259ffb3af2140ec43f0840836a0c8385187909d4a7e27c12e801f2040630b895	38561-0.txt
D.H. Lawrence	40858	History of the Reformation in the Sixteenth Century, Volume 1	History-of-the-Reformation-in-the-Sixteenth-Century-Volume-1_40858	unavailable				
D.H. Lawrence	40971	History of the Great Reformation of the Sixteenth Century in Germany, Switzerland, &c., Volume 4	History-of-the-Great-Reformation-of-the-Sixteenth-Century-in-Germany-Switzerland-c-Volume-4_40971	unavailable				
D.H. Lawrence	41253	History of the Reformation of the Sixteenth Century, Volume 3	History-of-the-Reformation-of-the-Sixteenth-Century-Volume-3_41253	unavailable				
D.H. Lawrence	41263	The Mediterranean: Its Storied Cities and Venerable Ruins	The-Mediterranean-Its-Storied-Cities-and-Venerable-Ruins_41263	unavailable				
D.H. Lawrence	41470	History of the Reformation in the Sixteenth Century, Volume 2	History-of-the-Reformation-in-the-Sixteenth-Century-Volume-2_41470	unavailable				
D.H. Lawrence	41484	History of the Reformation in the Sixteenth Century, Volume 5	History-of-the-Reformation-in-the-Sixteenth-Century-Volume-5_41484	unavailable				
D.H. Lawrence	42391	Our National Forests	Our-National-Forests_42391	unavailable				
D.H. Lawrence	46757	Fighting the Boche Underground	Fighting-the-Boche-Underground_46757	fetched		281893	6cb8bc5c8a691e959e7f74e17b9ac69b156d0401958ac0f4478209293c8a7725	46757.txt
D.H. Lawrence	47634	Sons and Lovers	Sons-and-Lovers_47634	fetched		935318	c11b4ebaa6ecdb6fb145b845ac70e9228c29226bb417aed6dbf8cc9bf13052aa	47634-0.txt
D.H. Lawrence	49349	Catlin's Historic Origin of the Playing Cards	Catlin-s-Historic-Origin-of-the-Playing-Cards_49349	unavailable				
D.H. Lawrence	54058	Love Poems and Others	Love-Poems-and-Others_54058	fetched		74950	a8df2d20c9f0b80b239c786475c9ccb707cc31b84b5826ded563b7ad96ce1a20	54058-8.txt
D.H. Lawrence	55877	The Widowing of Mrs. Holroyd: A Drama in Three Acts	The-Widowing-of-Mrs-Holroyd-A-Drama-in-Three-Acts_55877	fetched		163249	9e1372d6f6447e81cb9a45e61af51e60f9fb6d4ae8af50089f38cf7369fd206f	55877-0.txt
D.H. Lawrence	57054	Flat Machine Knitting and Fabrics	Flat-Machine-Knitting-and-Fabrics_57054	fetched		264233	84bdf2c43c3e15728f4c65914410658e55448203b8a2df2c5bac8ec4dad66faa	57054-0.txt
D.H. Lawrence	59352	History of the Reformation in Europe in the Time of Calvin. Vol. 1 (of 8)	History-of-the-Reformation-in-Europe-in-the-Time-of-Calvin-Vol-1-of-8_59352	fetched		1084400	1a543df99f7745bb679d0ce55785c651d29a713766ee058927e3b3855e55f37c	59352-0.txt
D.H. Lawrence	59460	Index of the Project Gutenberg Works of David H. Lawrence	Index-of-the-Project-Gutenberg-Works-of-David-H-Lawrence_59460	fetched		31646	66e907c3c76945c34616a9c2e6e7e5b2afa429e4242cbf6786c1b39e2c7a8dfa	59460-0.txt
D.H. Lawrence	59848	Kangaroo	Kangaroo_59848	fetched		890868	934ce4bf4a1a67857175d88f1a97bb5888b44d1870a225565bcf2efd2148aa31	59848-0.txt
D.H. Lawrence	60035	History of the Reformation in Europe in the Time of Calvin. Vol. 4 (of 8)	History-of-the-Reformation-in-Europe-in-the-Time-of-Calvin-Vol-4-of-8_60035	fetched		1118274	4eda9b8e0acabee8da8a4da2fd7cda72775f85ba02dab2a3ca905ae021eb2940	60035-0.txt
D.H. Lawrence	60152	History of the Reformation in Europe in the Time of Calvin. Vol. 2 (of 8)	History-of-the-Reformation-in-Europe-in-the-Time-of-Calvin-Vol-2-of-8_60152	fetched		1100310	ed62fa67232cf243aacc3088bc8ab09347ba81638a3b1fecb79e9a5b03906fa9	60152-0.txt
D.H. Lawrence	60337	Birds, Beasts and Flowers	Birds-Beasts-and-Flowers_60337	unavailable				
D.H. Lawrence	60547	Studies in Classic American Literature	Studies-in-Classic-American-Literature_60547	fetched		367061	f0f0a189aea4f8c448e8e323251bf52c2a07ab8504d7952f8d2b2ee4ba7730f8	60547-0.txt
D.H. Lawrence	60774	History of the Reformation in Europe in the Time of Calvin. Vol. 3 (of 8)	History-of-the-Reformation-in-Europe-in-the-Time-of-Calvin-Vol-3-of-8_60774	fetched		964680	a147f6b89f3cf9cb8c6f2d50292480ae89d8c756658bd13e7869365633150108	60774-0.txt
D.H. Lawrence	61277	History of the Reformation in Europe in the Time of Calvin, Vol. 5 (of 8)	History-of-the-Reformation-in-Europe-in-the-Time-of-Calvin-Vol-5-of-8_61277	fetched		989971	78ee2edcb04e5b3040307f093814ca0f1331b0ad6d392e2c5a4c7ed43a3557e7	61277-0.txt
D.H. Lawrence	61913	History of the Reformation in Europe in the Time of Calvin, Vol. 7 (of 8)	History-of-the-Reformation-in-Europe-in-the-Time-of-Calvin-Vol-7-of-8_61913	fetched		1263874	4ceb495ca768cef9102e67fa6936e535496f18d2b87acf197826abfe6d125186	61913-0.txt
D.H. Lawrence	62456	Heliodora, and Other Poems	Heliodora-and-Other-Poems_62456	fetched		90349	2a52d5ca533875ac7c7afee86960ac7f70c281f3347b8ade35974420e059e3bc	62456-0.txt
D.H. Lawrence	62913	History of the Reformation in Europe in the Time of Calvin, Vol. 8 (of 8)	History-of-the-Reformation-in-Europe-in-the-Time-of-Calvin-Vol-8-of-8_62913	fetched		1170357	d25c74b29a9a0ca879c1cc6b6aef1dfed81ae91488908a82f8201934f6e5019a	62913-0.txt
D.H. Lawrence	63000	The Boy in the Bush	The-Boy-in-the-Bush_63000	fetched		766956	1731f9032234b22b96419b73e7945eb6925499369f39ed36fb623a35dadb5655	63000-0.txt
D.H. Lawrence	65984	History of the Reformation in Europe in the Time of Calvin, Vol. 6 (of 8)	History-of-the-Reformation-in-Europe-in-the-Time-of-Calvin-Vol-6-of-8_65984	fetched		1121587	8e492e57b587395abfa5aa0dc60f95dd5fd714819dad482d16a3994df2fabf41	65984-0.txt
D.H. Lawrence	67070	The Last Laugh	The-Last-Laugh_67070	fetched		54766	4e4a8bcf2087258573608e7151aeaf90a737520b1bada15e12f29756d64a7663	67070-0.txt
D.H. Lawrence	67095	The Early Christians in Rome	The-Early-Christians-in-Rome_67095	fetched		938314	9ea025bbbfdd594be16ef1c51c649cb81ab9d2a4b7333e3935c21b8841656873	67095-0.txt
D.H. Lawrence	67915	Sun	Sun_67915	fetched		56784	d546f33b1d10b0b14c38cfaec10c69fde87b2905b4240437f6ca658b59199f8d	67915-0.txt
D.H. Lawrence	68088	Glad ghosts	Glad-ghosts_68088	fetched		105121	f17fff0d1b546c1ceac1f8456b6952e235c4566b99d10e2142ca562a36fdcbaf	68088-0.txt
Daniel Defoe	370	The Fortunes and Misfortunes of the Famous Moll Flanders	The-Fortunes-and-Misfortunes-of-the-Famous-Moll-Flanders_370	fetched		738921	a34b0b90283164a7a2d56a5b168fd2b54f7fb9b72aeed71a52440f973979f5d5	370.txt
Daniel Defoe	376	A Journal of the Plague Year	A-Journal-of-the-Plague-Year_376	unavailable				
Daniel Defoe	521	The Life and Adventures of Robinson Crusoe	The-Life-and-Adventures-of-Robinson-Crusoe_521	fetched		655616	036d58d71359033cae59322292692c82469923cb37dadd9bc2f0464de4567c2a	521-0.txt
Daniel Defoe	561	The Further Adventures of Robinson Crusoe	The-Further-Adventures-of-Robinson-Crusoe_561	fetched		558553	61266e64b638e1ec6a38c135f24390b51ef9aa2fa8ee4b7ca40bbb5524b07968	561.txt
Daniel Defoe	983	Tour through the Eastern Counties of England, 1722	Tour-through-the-Eastern-Counties-of-England-1722_983	fetched		250042	f78649ca7df28fc14f6dc7a9858f3034ea6ed316de84ed542f793fc06792bbba	983-0.txt
Daniel Defoe	1149	From London to Land's End	From-London-to-Land-s-End_1149	unavailable				
Daniel Defoe	2051	Dickory Cronke: The Dumb Philosopher, or, Great Britain's Wonder	Dickory-Cronke-The-Dumb-Philosopher-or-Great-Britain-s-Wonder_2051	unavailable				
Daniel Defoe	2052	Everybody's Business Is Nobody's Business	Everybody-s-Business-Is-Nobody-s-Business_2052	unavailable				
Daniel Defoe	4087	An Essay Upon Projects	An-Essay-Upon-Projects_4087	fetched		307356	73a5d81e23ff3bcbc6e86f2d95bcacd835a63014a461f7f410110e81316ef666	4087-0.txt
Daniel Defoe	6422	The Life, Adventures & Piracies of the Famous Captain Singleton	The-Life-Adventures-Piracies-of-the-Famous-Captain-Singleton_6422	unavailable				
Daniel Defoe	6936	Robinson Crusoe — in Words of One Syllable	Robinson-Crusoe-in-Words-of-One-Syllable_6936	unavailable				
Daniel Defoe	7089	The Consolidator; or, Memoirs of Sundry Transactions from the World in the Moon	The-Consolidator-or-Memoirs-of-Sundry-Transactions-from-the-World-in-the-Moon_7089	fetched		380400	55923b522822ce3de12a2b6f15feb0390d304e20592372c520282b34ed363ff5	7089.txt
Daniel Defoe	7779	Of Captain Mission	Of-Captain-Mission_7779	fetched		119828	f35201c21628861f2fd9d06eabd28d1a3c12cb7cd2650b89fd2379d83fafb9c8	7779-8.txt
Daniel Defoe	7799	An American Robinson Crusoe	An-American-Robinson-Crusoe_7799	fetched		179512	6b70fa4359f4dc1b3f12c07527d4a90f68b94bf2402fd4c3c8e447b79e5edfd2	7799.txt
Daniel Defoe	9677	Of Captain Mission	Of-Captain-Mission_9677	unavailable				
Daniel Defoe	9678	The Consolidator	The-Consolidator_9678	unavailable				
Daniel Defoe	9679	The Life, Adventures and Piracies of the Famous Captain Singleton	The-Life-Adventures-and-Piracies-of-the-Famous-Captain-Singleton_9679	unavailable				
Daniel Defoe	9680	Dickory Cronke	Dickory-Cronke_9680	unavailable				
Daniel Defoe	9681	Everybody's Business is Nobody's Business	Everybody-s-Business-is-Nobody-s-Business_9681	unavailable				
Daniel Defoe	9682	An Essay Upon Projects	An-Essay-Upon-Projects_9682	unavailable				
Daniel Defoe	9683	A Journal of the Plague Year	A-Journal-of-the-Plague-Year_9683	unavailable				
Daniel Defoe	9684	From London to Land's End	From-London-to-Land-s-End_9684	unavailable				
Daniel Defoe	9685	Moll Flanders	Moll-Flanders_9685	unavailable				
Daniel Defoe	9686	The Further Adventures of Robinson Crusoe	The-Further-Adventures-of-Robinson-Crusoe_9686	unavailable				
Daniel Defoe	9687	Robinson Crusoe	Robinson-Crusoe_9687	unavailable				
Daniel Defoe	9688	Tour through the Eastern Counties of England	Tour-through-the-Eastern-Counties-of-England_9688	unavailable				
Daniel Defoe	11239	The Life and Adventures of Robinson Crusoe of York, Mariner, Volume 1	The-Life-and-Adventures-of-Robinson-Crusoe-of-York-Mariner-Volume-1_11239	unavailable				
Daniel Defoe	11866	The Life and Most Surprising Adventures of Robinson Crusoe, of York, Mariner (1801)	The-Life-and-Most-Surprising-Adventures-of-Robinson-Crusoe-of-York-Mariner-1801_11866	unavailable				
Daniel Defoe	12259	Memoirs of a Cavalier	Memoirs-of-a-Cavalier_12259	unavailable				
Daniel Defoe	12623	The Life and Adventures of Robinson Crusoe (1808)	The-Life-and-Adventures-of-Robinson-Crusoe-1808_12623	unavailable				
Daniel Defoe	14065	The History of the Remarkable Life of John Sheppard	The-History-of-the-Remarkable-Life-of-John-Sheppard_14065	unavailable				
Daniel Defoe	14084	A Vindication of the Press	A-Vindication-of-the-Press_14084	fetched		84384	922f9e5ecf23f7d8c829c24f480f29ea4fffb01ca459cadde08c10c1876eab93	14084-8.txt
Daniel Defoe	14436	Military Memoirs of Capt. George Carleton	Military-Memoirs-of-Capt-George-Carleton_14436	unavailable				
Daniel Defoe	14442	Memoirs of Major Alexander Ramkins (1718)	Memoirs-of-Major-Alexander-Ramkins-1718_14442	unavailable				
Daniel Defoe	14444	The Complete English Tradesman (1839 ed.)	The-Complete-English-Tradesman-1839-ed_14444	unavailable				
Daniel Defoe	17221	History of the Plague in London	History-of-the-Plague-in-London_17221	fetched		554405	90871fdf49fe9427525b76708ba2175bebede44cc9f4249d084bc317cccba9dd	17221-8.txt
Daniel Defoe	21524	Robinson Crusoe	Robinson-Crusoe_21524	unavailable				
Daniel Defoe	22445	Robinson Crusoe in Words of One Syllable	Robinson-Crusoe-in-Words-of-One-Syllable_22445	unavailable				
Daniel Defoe	26583	The Fortunes and Misfortunes of the Famous Moll Flanders	The-Fortunes-and-Misfortunes-of-the-Famous-Moll-Flanders_26583	unavailable				
Daniel Defoe	26940	Atalantis Major	Atalantis-Major_26940	fetched		104587	b1a79a1bac09fdad70fb1253fe0df302c7086ee0318a495d90311f6241888953	26940-8.txt
Daniel Defoe	30159	The True-Born Englishman: A Satire	The-True-Born-Englishman-A-Satire_30159	unavailable				
Daniel Defoe	30344	The Fortunate Mistress (Parts 1 and 2)	The-Fortunate-Mistress-Parts-1-and-2_30344	unavailable				
Daniel Defoe	31053	The History of the Devil, As Well Ancient as Modern: In Two Parts	The-History-of-the-Devil-As-Well-Ancient-as-Modern-In-Two-Parts_31053	unavailable				
Daniel Defoe	32139	An Appeal to Honour and Justice, Though It Be of His Worst Enemies.	An-Appeal-to-Honour-and-Justice-Though-It-Be-of-His-Worst-Enemies_32139	unavailable				
Daniel Defoe	32384	An Humble Proposal to the People of England, for the Increase of their Trade, and Encouragement of Their Manufactures	An-Humble-Proposal-to-the-People-of-England-for-the-Increase-of-their-Trade-and-Encouragement-of-Their-Manufactures_32384	unavailable				
Daniel Defoe	32404	Second Thoughts are Best: Or a Further Improvement of a Late Scheme to Prevent Street Robberies	Second-Thoughts-are-Best-Or-a-Further-Improvement-of-a-Late-Scheme-to-Prevent-Street-Robberies_32404	unavailable				
Daniel Defoe	32405	Augusta Triumphans	Augusta-Triumphans_32405	unavailable				
Daniel Defoe	35774	A New Voyage Round the World by a Course Never Sailed Before	A-New-Voyage-Round-the-World-by-a-Course-Never-Sailed-Before_35774	fetched		657222	858062a064277a7f2479e9ad843016c1b61511154610751fea0ece27f15a9454	35774.txt
Daniel Defoe	36587	A True Relation of the Apparition of one Mrs. Veal	A-True-Relation-of-the-Apparition-of-one-Mrs-Veal_36587	unavailable				
Daniel Defoe	36628	Reasons Against the Succession of the House of Hanover	Reasons-Against-the-Succession-of-the-House-of-Hanover_36628	unavailable				
Daniel Defoe	36656	A Seasonable Warning and Caution against the Insinuations of Papists and Jacobites in favour of the Pretender	A-Seasonable-Warning-and-Caution-against-the-Insinuations-of-Papists-and-Jacobites-in-favour-of-the-Pretender_36656	unavailable				
Daniel Defoe	36681	An Answer to a Question that Nobody thinks of, viz., But what if the Queen should Die?	An-Answer-to-a-Question-that-Nobody-thinks-of-viz-But-what-if-the-Queen-should-Die_36681	unavailable				
Daniel Defoe	36694	The Lay-Man's Sermon upon the Late Storm	The-Lay-Man-s-Sermon-upon-the-Late-Storm_36694	unavailable				
Daniel Defoe	36769	And What if the Pretender should Come?	And-What-if-the-Pretender-should-Come_36769	unavailable				
Daniel Defoe	37505	A Short Narrative of the Life and Actions of His Grace John, D. of Marlborogh	A-Short-Narrative-of-the-Life-and-Actions-of-His-Grace-John-D-of-Marlborogh_37505	unavailable				
Daniel Defoe	37992	The King of Pirates	The-King-of-Pirates_37992	unavailable				
Daniel Defoe	40580	A General History of the Pyrates:	A-General-History-of-the-Pyrates_40580	unavailable				
Daniel Defoe	41063	The Storm. An Essay.	The-Storm-An-Essay_41063	unavailable				
Daniel Defoe	42234	The Storm	The-Storm_42234	unavailable				
Daniel Defoe	52603	The History and Remarkable Life of the Truly Honourable Colonel Jacque, Commonly Called Colonel Jack	The-History-and-Remarkable-Life-of-the-Truly-Honourable-Colonel-Jacque-Commonly-Called-Colonel-Jack_52603	unavailable				
Daniel Defoe	54925	The Friendly Daemon, or the Generous Apparition	The-Friendly-Daemon-or-the-Generous-Apparition_54925	unavailable				
Daniel Defoe	57005	The History of the Pyrates. Vol. II.	The-History-of-the-Pyrates-Vol-II_57005	fetched		765047	230f0f624f4d3450d9e941ffca8e9c2d174d8730c6730de81957583466ce9cc1	57005-8.txt
Daniel Defoe	67907	Robinson Crusoe, Told to the Children by John Lang	Robinson-Crusoe-Told-to-the-Children-by-John-Lang_67907	fetched		131847	8f4e7bdbb11853f699f50aa1fca62efe901b62333a78ba7c55b8a063c614709e	67907-0.txt
Dante Alighieri	1001	Divine Comedy, Longfellow's Translation, Hell	Divine-Comedy-Longfellow-s-Translation-Hell_1001	fetched		242619	be0cbb09f8090dc9f182a7f2f834f3d6068fced67d11271045edcc7a1149d66c	1001.txt
Dante Alighieri	1002	Divine Comedy, Longfellow's Translation, Purgatory	Divine-Comedy-Longfellow-s-Translation-Purgatory_1002	fetched		233404	ed14f3236205af213ff1c47dc337c34ebede1e92d59a1b16b0ca96e4f25d7352	1002.txt
Dante Alighieri	1003	Divine Comedy, Longfellow's Translation, Paradise	Divine-Comedy-Longfellow-s-Translation-Paradise_1003	fetched		243390	3fb394030bd0b3d995d57324ae08ce1494d512811a5db3cbcda225d62dcff5e1	1003.txt
Dante Alighieri	1004	Divine Comedy, Longfellow's Translation, Complete	Divine-Comedy-Longfellow-s-Translation-Complete_1004	fetched		684845	1027a101aebb0902ce1a767267e5ee4090549042cc8ccce810762ec379b431ad	1004.txt
Dante Alighieri	1005	Divine Comedy, Cary's Translation, Hell	Divine-Comedy-Cary-s-Translation-Hell_1005	fetched		228337	1b6474f9c53206f81861853ff87b0ec39a84cd94445e834ae6c309e9ad4bd1e4	1005.txt
Dante Alighieri	1006	Divine Comedy, Cary's Translation, Purgatory	Divine-Comedy-Cary-s-Translation-Purgatory_1006	fetched		228661	3d1f46d25f2231d0bc4740bd7664fc999944ca4326f2df149b0cc2e98a8b08f5	1006.txt
Dante Alighieri	1007	Divine Comedy, Cary's Translation, Paradise	Divine-Comedy-Cary-s-Translation-Paradise_1007	fetched		223625	35a8ff7282ada89c4ff4f5bb0776ef307b28a07a6bfad48137d7c7a3e2944e6f	1007.txt
Dante Alighieri	1008	Divine Comedy, Cary's Translation, Complete	Divine-Comedy-Cary-s-Translation-Complete_1008	fetched		893448	971e7087f11992d5b42959f7a5a261542c598036e0633d20fa10937746cb5ec5	1008.txt
Dante Alighieri	1995	The Divine Comedy, Volume 1, Hell	The-Divine-Comedy-Volume-1-Hell_1995	fetched		280572	7e9a482c9cc3e444ce4c0f9b884c2992c1b0a56a6d6f95d8d92907c6c2da0450	1995.txt
Dante Alighieri	1996	The Divine Comedy, Volume 2, Purgatory	The-Divine-Comedy-Volume-2-Purgatory_1996	fetched		298819	94394443ec0928efc4fd432db77439349e61eb7687857e408915d9903ae0b6ab	1996.txt
Dante Alighieri	1997	The Divine Comedy, Volume 3, Paradise	The-Divine-Comedy-Volume-3-Paradise_1997	fetched		298696	769d36c6e9609c3fd01baf804bd78d20a7fe564d6f7aee8299b7893ac1b8b64d	1997.txt
Dante Alighieri	8779	The Divine Comedy by Dante, Illustrated, Hell, Volume 01	The-Divine-Comedy-by-Dante-Illustrated-Hell-Volume-01_8779	fetched		32426	158a0d3b7ca9ac21e9d6ca9b3bbbbe8758c64ae89f014cda99518d4ce750a66e	8779.txt
Dante Alighieri	8780	The Divine Comedy by Dante, Illustrated, Hell, Volume 02	The-Divine-Comedy-by-Dante-Illustrated-Hell-Volume-02_8780	fetched		32257	3123adb8d540b1c9f9b24a208c05b07c5b9bf8c02a095f4d7bc29aced87b0ac7	8780.txt
Dante Alighieri	8781	The Divine Comedy by Dante, Illustrated, Hell, Volume 03	The-Divine-Comedy-by-Dante-Illustrated-Hell-Volume-03_8781	fetched		31693	13615e7c658995aa02292b1968b8193665c0d7a0225609fa28c504cfa0fc9b11	8781.txt
Dante Alighieri	8782	The Divine Comedy by Dante, Illustrated, Hell, Volume 04	The-Divine-Comedy-by-Dante-Illustrated-Hell-Volume-04_8782	fetched		32014	b708166741df5adf52937c154334739be107a3d353ad211b848df0391bc7c678	8782.txt
Dante Alighieri	8783	The Divine Comedy by Dante, Illustrated, Hell, Volume 05	The-Divine-Comedy-by-Dante-Illustrated-Hell-Volume-05_8783	fetched		43862	9833d4be886d00b1757e859d25f4695e2586ee002fe3349914e2317e2e6d1a06	8783.txt
Dante Alighieri	8784	The Divine Comedy by Dante, Illustrated, Hell, Volume 06	The-Divine-Comedy-by-Dante-Illustrated-Hell-Volume-06_8784	fetched		157741	8157f6e125230f87220ce05e09f91847015e0430ca58f097542c9be2dafd10f7	8784.txt
Dante Alighieri	8785	The Divine Comedy by Dante, Illustrated, Hell, Volume 07	The-Divine-Comedy-by-Dante-Illustrated-Hell-Volume-07_8785	fetched		126628	df41b88453266d1348ff6dda0bd6e2e50a3bf741645b6ba156dd20356f0f254a	8785.txt
Dante Alighieri	8786	The Divine Comedy by Dante, Illustrated, Hell, Volume 08	The-Divine-Comedy-by-Dante-Illustrated-Hell-Volume-08_8786	fetched		57722	3e11a3c095b50b9d90644b5a8c9d73e522386ba2dc7f52675b8b58301d2d1433	8786.txt
Dante Alighieri	8787	The Divine Comedy by Dante, Illustrated, Hell, Volume 09	The-Divine-Comedy-by-Dante-Illustrated-Hell-Volume-09_8787	fetched		38897	f282fddce85e7a0e4f3d0a3964f98e4cf7d72d07b35486ee2e0f4b8045b2a907	8787.txt
Dante Alighieri	8788	The Divine Comedy by Dante, Illustrated, Hell, Volume 10	The-Divine-Comedy-by-Dante-Illustrated-Hell-Volume-10_8788	fetched		39201	e154bd65267655491f5941a7aa6ba5a9f2214ecd654a2caf3f43d530f65269e7	8788.txt
Dante Alighieri	8789	The vision of hell. 	The-vision-of-hell_8789	unavailable				
Dante Alighieri	8790	The Divine Comedy by Dante, Illustrated, Purgatory, Volume 1	The-Divine-Comedy-by-Dante-Illustrated-Purgatory-Volume-1_8790	fetched		44188	608c0dd87d5fb145c1d77162f9b0902787ef775c5e523dced9d8ce84b5254295	8790.txt
Dante Alighieri	8791	The Divine Comedy by Dante, Illustrated, Purgatory, Volume 2	The-Divine-Comedy-by-Dante-Illustrated-Purgatory-Volume-2_8791	fetched		56873	da27d728ae0ac5c582b80bcdf42749b608d5acb3171aab36266e9ac031a228b1	8791.txt
Dante Alighieri	8792	The Divine Comedy by Dante, Illustrated, Purgatory, Volume 3	The-Divine-Comedy-by-Dante-Illustrated-Purgatory-Volume-3_8792	fetched		70965	0ae5f388387266a0535634c871b07e364389ddc7aa4a3803928b079c1e6c249c	8792.txt
Dante Alighieri	8793	The Divine Comedy by Dante, Illustrated, Purgatory, Volume 4	The-Divine-Comedy-by-Dante-Illustrated-Purgatory-Volume-4_8793	fetched		64563	07e78834b5564e19a1d474f4c5ea133edb20b8de0ce9f2335cf273b8e18903d4	8793.txt
Dante Alighieri	8794	The Divine Comedy by Dante, Illustrated, Purgatory, Volume 5	The-Divine-Comedy-by-Dante-Illustrated-Purgatory-Volume-5_8794	fetched		72844	6f235549216142369ab3e7dc216536323f76eadd575b9796ccada111c410809b	8794.txt
Dante Alighieri	8795	The Divine Comedy by Dante, Illustrated, Purgatory, Complete	The-Divine-Comedy-by-Dante-Illustrated-Purgatory-Complete_8795	fetched		228886	13f9c7267a4525c6d9395979ff67f780206e9fb10005aeeebfa1dbde3581e239	8795.txt
Dante Alighieri	8796	The Divine Comedy by Dante, Illustrated, Paradise, Volume 1	The-Divine-Comedy-by-Dante-Illustrated-Paradise-Volume-1_8796	fetched		106529	7c8d177811c76c9a178e434c044c913a59369cc718f41e4909d3fa51990adf2b	8796.txt
Dante Alighieri	8797	The Divine Comedy by Dante, Illustrated, Paradise, Volume 2	The-Divine-Comedy-by-Dante-Illustrated-Paradise-Volume-2_8797	fetched		63161	984b0ce5d8ade1fd567efc339ffd614b3c0316a9bccd1850bad4766134c1c957	8797.txt
Dante Alighieri	8798	The Divine Comedy by Dante, Illustrated, Paradise, Volume 3	The-Divine-Comedy-by-Dante-Illustrated-Paradise-Volume-3_8798	fetched		94643	172fc9c67a297755b7237e647b911842cd4036819de9afd0f1e2ca35f6e103d0	8798.txt
Dante Alighieri	8799	The Divine Comedy by Dante, Illustrated, Paradise, Complete	The-Divine-Comedy-by-Dante-Illustrated-Paradise-Complete_8799	fetched		224109	fa4045f657dda18143f1263a23056fe233e977b6cf9277f40510b04c27b9c0b3	8799.txt
Dante Alighieri	8800	An Index of The Divine Comedy by Dante	An-Index-of-The-Divine-Comedy-by-Dante_8800	unavailable				
Dante Alighieri	12867	The Banquet (Il Convito)	The-Banquet-Il-Convito_12867	unavailable				
Dante Alighieri	33896	Dante. An essay. To which is added a translation of De Monarchia.	Dante-An-essay-To-which-is-added-a-translation-of-De-Monarchia_33896	unavailable				
Dante Alighieri	41085	The New Life (La Vita Nuova)	The-New-Life-La-Vita-Nuova_41085	unavailable				
Dante Alighieri	41537	The Divine Comedy of Dante Alighieri: The Inferno	The-Divine-Comedy-of-Dante-Alighieri-The-Inferno_41537	unavailable				
Dante Alighieri	51732	The Vision of Dante: A story for little children and a talk to their mothers	The-Vision-of-Dante-A-story-for-little-children-and-a-talk-to-their-mothers_51732	unavailable				
David Garrick	12842	A Fairy Tale in Two Acts Taken from Shakespeare (1763)	A-Fairy-Tale-in-Two-Acts-Taken-from-Shakespeare-1763_12842	unavailable				
David Hume	4320	An Enquiry Concerning the Principles of Morals	An-Enquiry-Concerning-the-Principles-of-Morals_4320	fetched		317833	6f3d4f8a8a71877cdd083b8c4d510c6e9008174abfe8882ab2fa2d8723e8ea60	4320.txt
David Hume	4583	Dialogues Concerning Natural Religion	Dialogues-Concerning-Natural-Religion_4583	fetched		236818	8425d6642c9245ed7c93bc391069183f6045f500ff08f992c4227f543e1bfe3a	4583.txt
David Hume	4705	A Treatise of Human Nature	A-Treatise-of-Human-Nature_4705	fetched		1366088	5ed86d083837ad6fed815249401774cc3e26abcbe1d9886ad52f1ebd47bd29d5	4705.txt
David Hume	9662	An Enquiry Concerning Human Understanding	An-Enquiry-Concerning-Human-Understanding_9662	fetched		373387	23045d500d84241409564cd6bbda18acabf04aa34c50a93af4076dc164252ec9	9662-8.txt
David Hume	10574	The History of England, Volume I	The-History-of-England-Volume-I_10574	unavailable				
David Hume	19211	The History of England in Three Volumes, Vol. I., Part A.	The-History-of-England-in-Three-Volumes-Vol-I-Part-A_19211	unavailable				
David Hume	19212	The History of England in Three Volumes, Vol. I., Part B.	The-History-of-England-in-Three-Volumes-Vol-I-Part-B_19212	unavailable				
David Hume	19213	The History of England in Three Volumes, Vol. I., Part C.	The-History-of-England-in-Three-Volumes-Vol-I-Part-C_19213	unavailable				
David Hume	19214	The History of England in Three Volumes, Vol. I., Part D.	The-History-of-England-in-Three-Volumes-Vol-I-Part-D_19214	unavailable				
David Hume	19215	The History of England in Three Volumes, Vol. I., Part E.	The-History-of-England-in-Three-Volumes-Vol-I-Part-E_19215	unavailable				
David Hume	19216	The History of England in Three Volumes, Vol. I., Part F.	The-History-of-England-in-Three-Volumes-Vol-I-Part-F_19216	unavailable				
David Hume	28884	A History of England from Early Times: A Linked Index to the Project Gutenberg Editions	A-History-of-England-from-Early-Times-A-Linked-Index-to-the-Project-Gutenberg-Editions_28884	unavailable				
David Hume	36120	Essays	Essays_36120	fetched		234531	67032a032ee7cb5fa51867fc065fa47e11595de66ff98569c90ec75d4f291cdd	36120-0.txt
David Hume	53791	Philosophical Works, v. 1 (of 4)	Philosophical-Works-v-1-of-4_53791	unavailable				
David Hume	53792	Philosophical Works, v. 2 (of 4)	Philosophical-Works-v-2-of-4_53792	unavailable				
David Hume	59792	Hume's Political Discourses	Hume-s-Political-Discourses_59792	fetched		652665	bd0260dc72dc9cfca2b65d76f6b59ce7e17cbffeb1c4dbc3cefbf053e6544c77	59792-0.txt
David Hume	62856	A Treatise of Human Nature	A-Treatise-of-Human-Nature_62856	unavailable				
Desiderius Erasmus	8400	Selections from Erasmus: Principally from his Epistles	Selections-from-Erasmus-Principally-from-his-Epistles_8400	fetched		301464	892e7b8163a159e7c0cc10da74d74ab558232691c17a9284be97cc9cc13014c7	8400-8.txt
Desiderius Erasmus	9371	The Praise of Folly	The-Praise-of-Folly_9371	fetched		225736	b97cc359273176bd9750e77fa63aba8d8434dda2afa4f88e649d065b84137976	9371-8.txt
Desiderius Erasmus	14031	The Colloquies of Erasmus, Volume I.	The-Colloquies-of-Erasmus-Volume-I_14031	unavailable				
Desiderius Erasmus	14282	A Merry Dialogue Declaringe the Properties of Shrowde Shrews and Honest Wives	A-Merry-Dialogue-Declaringe-the-Properties-of-Shrowde-Shrews-and-Honest-Wives_14282	fetched		56894	7a61f1429ce109d61aaf5d07dd71b10cf55d3704cd8bbded18a652cdccd6bb0f	14282.txt
Desiderius Erasmus	14500	Two Dyaloges (c. 1549)	Two-Dyaloges-c-1549_14500	unavailable				
Desiderius Erasmus	14746	A dialoge or communication of two persons	A-dialoge-or-communication-of-two-persons_14746	unavailable				
Desiderius Erasmus	16246	A Very Pleasaunt & Fruitful Diologe Called the Epicure	A-Very-Pleasaunt-Fruitful-Diologe-Called-the-Epicure_16246	unavailable				
Desiderius Erasmus	28338	The Education of Children	The-Education-of-Children_28338	fetched		166510	256e9568def82a30d1b4b96ab62c99f89eaf726f48aa6fae6365ef8bab7a9059	28338-0.txt
Desiderius Erasmus	30201	In Praise of Folly	In-Praise-of-Folly_30201	unavailable				
Desiderius Erasmus	39038	One dialogue, or Colloquye of Erasmus (entituled Diuersoria)	One-dialogue-or-Colloquye-of-Erasmus-entituled-Diuersoria_39038	unavailable				
Desiderius Erasmus	39487	Erasmus Against War	Erasmus-Against-War_39487	unavailable				
Desiderius Erasmus	46239	A Modest Meane to Mariage	A-Modest-Meane-to-Mariage_46239	unavailable				
Douglas Fairbanks	12887	Laugh and Live	Laugh-and-Live_12887	fetched		199058	398ac1bd8ade633ddd2abbef4d4eead84f81196ebfe0449b4fc7a7436c338173	12887-8.txt
Douglas Fairbanks	48565	Making Life Worth While	Making-Life-Worth-While_48565	fetched		103300	751ec42f13e928d2c04a3ce97d8b8b1e2f9a20b7a1048c5f7d483410e78c457f	48565-0.txt
Dwight L. Moody	19830	Moody's Anecdotes And Illustrations	Moody-s-Anecdotes-And-Illustrations_19830	unavailable				
Dwight L. Moody	27316	That Gospel Sermon on the Blessed Hope	That-Gospel-Sermon-on-the-Blessed-Hope_27316	fetched		45746	7725f1cfefcdb8c81f555a8f62b95bd29bb1d89c70442ebc7a4f73ef93143a19	27316.txt
Dwight L. Moody	30449	The Way to God and How to Find It	The-Way-to-God-and-How-to-Find-It_30449	fetched		238416	975bc357916e4f789ec23fbdaa0c0d4763af9816e64b4d9603fd7184a8ac7396	30449.txt
Dwight L. Moody	30657	Sovereign Grace: Its Source, Its Nature and Its Effects	Sovereign-Grace-Its-Source-Its-Nature-and-Its-Effects_30657	unavailable				
Dwight L. Moody	30740	Men of the Bible	Men-of-the-Bible_30740	fetched		204987	96c7c9f077e2634854d1f61643a51451c3f8a51294805c519c867e6ec061f102	30740.txt
Dwight L. Moody	30768	Sowing and Reaping	Sowing-and-Reaping_30768	fetched		153447	02195dde78547eb27e4e367421005da4689aceed6ebd0a7bff7013593f3e4887	30768.txt
Dwight L. Moody	33014	To The Work! To The Work! Exhortations to Christians	To-The-Work-To-The-Work-Exhortations-to-Christians_33014	unavailable				
Dwight L. Moody	33015	The Overcoming Life, and Other Sermons	The-Overcoming-Life-and-Other-Sermons_33015	fetched		205881	9a579b22de750c1e973e7ec334d5ef4ac352484a02cc588c664828b10c97b0f6	33015.txt
Dwight L. Moody	33024	Moody's Stories: Being a Second Volume of Anecdotes, Incidents, and Illustrations	Moody-s-Stories-Being-a-Second-Volume-of-Anecdotes-Incidents-and-Illustrations_33024	unavailable				
Dwight L. Moody	33340	Weighed and Wanting: Addresses on the Ten Commandments	Weighed-and-Wanting-Addresses-on-the-Ten-Commandments_33340	unavailable				
Dwight L. Moody	33341	Secret Power; or, The Secret of Success in Christian Life and Work	Secret-Power-or-The-Secret-of-Success-in-Christian-Life-and-Work_33341	unavailable				
Dwight L. Moody	33520	Wondrous Love, and other Gospel addresses	Wondrous-Love-and-other-Gospel-addresses_33520	fetched		294100	d3b9082c0e39d179d46eb590989ad30e59804d718e23196f8127bd6fc1298a70	33520-8.txt
Dwight L. Moody	36655	Pleasure & Profit in Bible Study	Pleasure-Profit-in-Bible-Study_36655	unavailable				
Dwight L. Moody	43257	The Mentor: Holland, v. 2, Num. 6, Serial No. 58	The-Mentor-Holland-v-2-Num-6-Serial-No-58_43257	unavailable				
Dwight L. Moody	49451	The Mentor: Scotland, the Land of Song and Scenery, Vol. 1, Num. 10, Serial No. 10, April 21, 1913	The-Mentor-Scotland-the-Land-of-Song-and-Scenery-Vol-1-Num-10-Serial-No-10-April-21-1913_49451	unavailable				
Dwight L. Moody	49815	The Mentor: Spain and Gibraltar, Vol. 1, Num. 31, Serial No. 31, September 15, 1913	The-Mentor-Spain-and-Gibraltar-Vol-1-Num-31-Serial-No-31-September-15-1913_49815	fetched		64556	69cae39d7d6363781a4d24a2fa9172f8b0a9245a4065b0f04fcf302e4e464b6f	49815-0.txt
Dwight L. Moody	49816	The Mentor: The Mediterranean, Vol. 1, Num. 39, Serial No. 39, November 10, 1913	The-Mentor-The-Mediterranean-Vol-1-Num-39-Serial-No-39-November-10-1913_49816	fetched		67402	cff67451316a6800827ca5cbbef57c7725bdb2d8cf1ae057985a68854ed35c8b	49816-0.txt
Dwight L. Moody	49891	The Mentor: Venice, the Island City, Vol. 1, Num. 27, Serial No. 27	The-Mentor-Venice-the-Island-City-Vol-1-Num-27-Serial-No-27_49891	fetched		58255	691085ac90f0b2e61788d066bd37ca9d445c6dbe63aae343b83b65882a6c2dc8	49891-0.txt
Dwight L. Moody	50384	The Mentor: Egypt, the Land of Mystery, Serial No. 42	The-Mentor-Egypt-the-Land-of-Mystery-Serial-No-42_50384	fetched		61357	28505f7402d991c5dd3aa6fe202e8562d34253656a1b7501302d4184ce38d6ce	50384-8.txt
Dwight L. Moody	52131	The Mentor: The Yosemite Valley, Vol 4, Num. 16, Serial No. 116, October 2, 1916	The-Mentor-The-Yosemite-Valley-Vol-4-Num-16-Serial-No-116-October-2-1916_52131	fetched		81180	f0e3a1f1fb79559f535c4ebcbc02f1b3762378295bcd8d3aafc3331b07a25318	52131-0.txt
Dwight L. Moody	54736	Bible Characters	Bible-Characters_54736	unavailable				
Dwight L. Moody	61883	Prevailing Prayer: What Hinders It?	Prevailing-Prayer-What-Hinders-It_61883	fetched		229299	85a3a54fa1a08ad8e12d1201240f6872257b97851046c5583e8a392d56dd0730	61883-0.txt
Edgar Allan Poe	932	The Fall of the House of Usher	The-Fall-of-the-House-of-Usher_932	fetched		63278	d5ad3e3e92f0e2448e144a925d037f0549f5475c379cc79c218691eed5747dd9	932.txt
Edgar Allan Poe	1062	First Project Gutenberg Collection of Edgar Allan Poe	First-Project-Gutenberg-Collection-of-Edgar-Allan-Poe_1062	fetched		55901	d8f1ef8ab6cc998de295583141fed892df7c248e9309eb707117aa93a5d1d25e	1062-8.txt
Edgar Allan Poe	1063	The Cask of Amontillado	The-Cask-of-Amontillado_1063	fetched		33232	5eedb49c44f2f12709e660c04b17adb05730c404d56db20837cecbf614b3c3d7	1063.txt
Edgar Allan Poe	1064	The Masque of the Red Death	The-Masque-of-the-Red-Death_1064	fetched		33940	68dafb04eafbb86466866d6f79c8443b1faea05ef0f3411ada630f462ecbfddb	1064-8.txt
Edgar Allan Poe	1065	The Raven	The-Raven_1065	fetched		27070	ec2a84588940a1d82cdb4866d716036625da7eb4224e7bcf0e0353b7b19954e5	1065.txt
Edgar Allan Poe	2147	The Works of Edgar Allan Poe — Volume 1	The-Works-of-Edgar-Allan-Poe-Volume-1_2147	unavailable				
Edgar Allan Poe	2148	The Works of Edgar Allan Poe — Volume 2	The-Works-of-Edgar-Allan-Poe-Volume-2_2148	unavailable				
Edgar Allan Poe	2149	The Works of Edgar Allan Poe — Volume 3	The-Works-of-Edgar-Allan-Poe-Volume-3_2149	unavailable				
Edgar Allan Poe	2150	The Works of Edgar Allan Poe — Volume 4	The-Works-of-Edgar-Allan-Poe-Volume-4_2150	unavailable				
Edgar Allan Poe	2151	The Works of Edgar Allan Poe — Volume 5	The-Works-of-Edgar-Allan-Poe-Volume-5_2151	unavailable				
Edgar Allan Poe	6557	The Fall of the House of Usher	The-Fall-of-the-House-of-Usher_6557	unavailable				
Edgar Allan Poe	8893	Selections from Poe	Selections-from-Poe_8893	fetched		426344	de44a4e9da3a2b36ab842336997fe82b77ce06b357303b70089e07cd0364abd5	8893-0.txt
Edgar Allan Poe	9511	Several Works by Edgar Allan Poe	Several-Works-by-Edgar-Allan-Poe_9511	unavailable				
Edgar Allan Poe	9512	The Works of Edgar Allan Poe, Volume 1	The-Works-of-Edgar-Allan-Poe-Volume-1_9512	unavailable				
Edgar Allan Poe	9513	The Works of Edgar Allan Poe, Volume 2	The-Works-of-Edgar-Allan-Poe-Volume-2_9513	unavailable				
Edgar Allan Poe	9514	The Works of Edgar Allan Poe, Volume 3	The-Works-of-Edgar-Allan-Poe-Volume-3_9514	unavailable				
Edgar Allan Poe	9515	The Works of Edgar Allan Poe, Volume 4	The-Works-of-Edgar-Allan-Poe-Volume-4_9515	unavailable				
Edgar Allan Poe	9516	The Works of Edgar Allan Poe, Volume 5	The-Works-of-Edgar-Allan-Poe-Volume-5_9516	unavailable				
Edgar Allan Poe	10031	The Complete Poetical Works of Edgar Allan Poe	The-Complete-Poetical-Works-of-Edgar-Allan-Poe_10031	unavailable				
Edgar Allan Poe	12714	Alone	Alone_12714	unavailable				
Edgar Allan Poe	14082	Le Corbeau = The Raven	Le-Corbeau-The-Raven_14082	unavailable				
Edgar Allan Poe	17192	The Raven	The-Raven_17192	fetched		66409	8c3491292072ccb77e9417e910fa6d41880b89c674a3de6dabd6b789fd8b4a06	17192-8.txt
Edgar Allan Poe	23901	The Raven	The-Raven_23901	unavailable				
Edgar Allan Poe	25525	The Works of Edgar Allan Poe, The Raven Edition	The-Works-of-Edgar-Allan-Poe-The-Raven-Edition_25525	unavailable				
Edgar Allan Poe	28908	A Dream within a Dream	A-Dream-within-a-Dream_28908	unavailable				
Edgar Allan Poe	32037	Eureka: A Prose Poem	Eureka-A-Prose-Poem_32037	unavailable				
Edgar Allan Poe	45484	The Raven	The-Raven_45484	unavailable				
Edgar Allan Poe	50852	The Bells, and Other Poems	The-Bells-and-Other-Poems_50852	fetched		109814	697f3c5f79d9039ec1844c8d0c0dde9bb5911c49ebb4fea3575798306ebff8cb	50852-0.txt
Edgar Allan Poe	51060	The Narrative of Arthur Gordon Pym of Nantucket	The-Narrative-of-Arthur-Gordon-Pym-of-Nantucket_51060	unavailable				
Edgar Allan Poe	55749	The Raven, and The Philosophy of Composition	The-Raven-and-The-Philosophy-of-Composition_55749	fetched		59993	fa52494a5275cc7175ef139dfed45aa3922c70c2e739e373aa36aee3e5e187d0	55749-0.txt
Edgar Allan Poe	65171	The Conchologist's First Book	The-Conchologist-s-First-Book_65171	unavailable				
Edmond About	14381	The Roman Question	The-Roman-Question_14381	fetched		413716	b4ffc3e791d238cf92892a7976c5ea8c519d436b83c48cdd5d1db4c04b370809	14381.txt
Edmond About	20724	The Man With The Broken Ear	The-Man-With-The-Broken-Ear_20724	fetched		367114	f6f31600c876b392d38f8ebe48987938e7f01b4b173de5523d5b0de6c7f75f74	20724-8.txt
Edmond About	42096	The King of the Mountains	The-King-of-the-Mountains_42096	fetched		385363	7b51921c44ce01193aded76e0bd4a7d04031fedd8ddd103e06def557b9532dd7	42096.txt
Edmund Burke	2173	Thoughts on the Present Discontents, and Speeches	Thoughts-on-the-Present-Discontents-and-Speeches_2173	fetched		297073	e7f1f8763cb07758e8e0bc6dd61c2baf5de6cba3427cfd2f8584ed0b99af37ce	2173.txt
Edmund Burke	3286	Selections from the Speeches and Writings of Edmund Burke	Selections-from-the-Speeches-and-Writings-of-Edmund-Burke_3286	fetched		981671	a54e58c983c14eacbd6ec9f7422042e1a73628e9fc03c916f9850389c3c2d24e	3286.txt
Edmund Burke	5655	Burke's Speech on Conciliation with America	Burke-s-Speech-on-Conciliation-with-America_5655	fetched		218933	9a66b058d9ee3bbb5a3886d276a92f036426606595d7e03edd062d7997a941d5	5655.txt
Edmund Burke	13968	The Works of the Right Honourable Edmund Burke, Vol. 09 (of 12)	The-Works-of-the-Right-Honourable-Edmund-Burke-Vol-09-of-12_13968	unavailable				
Edmund Burke	15043	The Works of the Right Honourable Edmund Burke, Vol. 01 (of 12)	The-Works-of-the-Right-Honourable-Edmund-Burke-Vol-01-of-12_15043	unavailable				
Edmund Burke	15198	The Works of the Right Honourable Edmund Burke, Vol. 02 (of 12)	The-Works-of-the-Right-Honourable-Edmund-Burke-Vol-02-of-12_15198	unavailable				
Edmund Burke	15679	The Works of the Right Honourable Edmund Burke, Vol. 03 (of 12)	The-Works-of-the-Right-Honourable-Edmund-Burke-Vol-03-of-12_15679	unavailable				
Edmund Burke	15700	The Works of the Right Honourable Edmund Burke, Vol. 04 (of 12)	The-Works-of-the-Right-Honourable-Edmund-Burke-Vol-04-of-12_15700	unavailable				
Edmund Burke	15701	The Works of the Right Honourable Edmund Burke, Vol. 05 (of 12)	The-Works-of-the-Right-Honourable-Edmund-Burke-Vol-05-of-12_15701	unavailable				
Edmund Burke	15702	The Works of the Right Honourable Edmund Burke, Vol. 06 (of 12)	The-Works-of-the-Right-Honourable-Edmund-Burke-Vol-06-of-12_15702	unavailable				
Edmund Burke	16292	The Works of the Right Honourable Edmund Burke, Vol. 07 (of 12)	The-Works-of-the-Right-Honourable-Edmund-Burke-Vol-07-of-12_16292	unavailable				
Edmund Burke	18161	The Works of the Right Honourable Edmund Burke, Vol. 08 (of 12)	The-Works-of-the-Right-Honourable-Edmund-Burke-Vol-08-of-12_18161	unavailable				
Edmund Burke	18192	The Works of the Right Honourable Edmund Burke, Vol. 10 (of 12)	The-Works-of-the-Right-Honourable-Edmund-Burke-Vol-10-of-12_18192	unavailable				
Edmund Burke	18218	The Works of the Right Honourable Edmund Burke, Vol. 11 (of 12)	The-Works-of-the-Right-Honourable-Edmund-Burke-Vol-11-of-12_18218	unavailable				
Edmund Burke	18315	The Works of the Right Honourable Edmund Burke, Vol. 12 (of 12)	The-Works-of-the-Right-Honourable-Edmund-Burke-Vol-12-of-12_18315	unavailable				
Edmund Burke	58646	Index of the Project Gutenberg Works of Edmund Burke	Index-of-the-Project-Gutenberg-Works-of-Edmund-Burke_58646	fetched		44078	66075fdc0950979c3cee63dd9c83164bc819b15f1b691556720ebde1f4c91930	58646-0.txt
Edna Ferber	350	Fanny Herself	Fanny-Herself_350	fetched		598015	2970038ae1632c0ebf2e52629e673abf6515a2161dd52dcb4635b6da1685b184	350-0.txt
Edna Ferber	352	Buttered Side Down: Stories	Buttered-Side-Down-Stories_352	unavailable				
Edna Ferber	453	Emma McChesney and Co.	Emma-McChesney-and-Co_453	unavailable				
Edna Ferber	489	One Basket	One-Basket_489	fetched		295997	c5d4ab1ff9dcebd028fdc5af6773164d4c3fc47b41264a7a6262a1800f9100ab	489.txt
Edna Ferber	1602	Dawn O'Hara: The Girl Who Laughed	Dawn-O-Hara-The-Girl-Who-Laughed_1602	unavailable				
Edna Ferber	6016	Roast Beef, Medium: The Business Adventures of Emma McChesney	Roast-Beef-Medium-The-Business-Adventures-of-Emma-McChesney_6016	unavailable				
Edna Ferber	11395	Cheerful—By Request	CheerfulBy-Request_11395	unavailable				
Edna Ferber	12677	Personality Plus: Some Experiences of Emma McChesney and Her Son, Jock	Personality-Plus-Some-Experiences-of-Emma-McChesney-and-Her-Son-Jock_12677	unavailable				
Edna Ferber	14714	Half Portions	Half-Portions_14714	fetched		406754	e71be821dee41fbab0112b0efe978b07a84b93b182caef12cdd2f7576688d7fb	14714-8.txt
Edna Ferber	20419	Gigolo	Gigolo_20419	fetched		391429	70ce99c19788ff04c91b9a8e4b2c1c22a31a107e086ddec1ef0b072225b4f528	20419-8.txt
Edna Ferber	58195	Index of the Project Gutenberg Works of Edna Ferber	Index-of-the-Project-Gutenberg-Works-of-Edna-Ferber_58195	fetched		25590	bb768cccdba2ad0e56bc87a6f6376dcc740a4fdca0e662f67d00ef4d6a64c4c0	58195-0.txt
Edna Ferber	61686	So Big	So-Big_61686	fetched		560355	88e99112fae7756dd60def13b5678e3a2a16cc53e4601f97d25cb6277d9ad0f2	61686-0.txt
Edna Ferber	65906	My Story That I Like Best	My-Story-That-I-Like-Best_65906	fetched		332531	1c7a6074cc1a1173f344fc720a494ad75409e1a9eae9034cb5af7bd014c0345a	65906-0.txt
Edna Ferber	67123	Show Boat	Show-Boat_67123	unavailable				
Edward Everett Hale	1492	The Life of Columbus	The-Life-of-Columbus_1492	unavailable				
Edward Everett Hale	1633	The Brick Moon, and Other Stories	The-Brick-Moon-and-Other-Stories_1633	fetched		495265	8d6c5d6170ecb69279670b387ac77cd271acbffeee07d0f79496165649e7fb2a	1633.txt
Edward Everett Hale	8904	How to Do It	How-to-Do-It_8904	fetched		297383	a43f5851af42bbe67877e92f21a1bf9ab83ee167984ed6bc18c39547ac27b680	8904-0.txt
Edward Everett Hale	15868	The Man Without a Country, and Other Tales	The-Man-Without-a-Country-and-Other-Tales_15868	fetched		451514	ee3704d41bd34db79d06fc758cfc26df20b639ff81ec49a0c0cf53586f86b1a4	15868.txt
Edward Everett Hale	16227	The Uses of Astronomy	The-Uses-of-Astronomy_16227	unavailable				
Edward Everett Hale	16493	The Man Without a Country	The-Man-Without-a-Country_16493	fetched		94546	9d8a272ecb3d53b9d49c44e54aa7daaa7e05b28e81230e25e1017ef1259d5afa	16493.txt
Edward Everett Hale	19660	Man of Many Minds	Man-of-Many-Minds_19660	fetched		405771	8f049d893d6ef1702d7f1a90c3cfeff92bf13fb77e1b44eeb75fe2dcde025822	19660-8.txt
Edward Everett Hale	22754	Masters of Space	Masters-of-Space_22754	fetched		327947	62564002a7ab9b1e71b02aac9631e3b42309cfc61508a6ea1ccff295c6dbd490	22754.txt
Edward Everett Hale	28379	If, Yes and Perhaps	If-Yes-and-Perhaps_28379	unavailable				
Edward Everett Hale	32455	Christmas Eve and Christmas Day: Ten Christmas stories	Christmas-Eve-and-Christmas-Day-Ten-Christmas-stories_32455	unavailable				
Edward Everett Hale	40276	Stories of Invention, Told by Inventors and their Friends	Stories-of-Invention-Told-by-Inventors-and-their-Friends_40276	fetched		534409	f2c8c8c2aaed35465d82b79ba73347bdee099a9ba0bdbb8c45a2cc9cca9dcda6	40276.txt
Edward Everett Hale	48311	James Russell Lowell and His Friends	James-Russell-Lowell-and-His-Friends_48311	fetched		527759	5e52683ee8f20ba9553b246878769f43c21ed3208373987b8980c88a8e3116ae	48311-0.txt
Edward Everett Hale	48747	Who Ate the Pink Sweetmeat? And Other Christmas Stories	Who-Ate-the-Pink-Sweetmeat-And-Other-Christmas-Stories_48747	fetched		135061	6ca2b39b28c3ecc6d5db70522bdffb0046c50d3a3ffa3dc2581f0ef88433ba25	48747-8.txt
Edward Everett Hale	49442	Crusoe in New York, and other tales	Crusoe-in-New-York-and-other-tales_49442	fetched		398220	37e5f3390fd0d99fbff608b181752e4d1eb9d86fe110faf300c10638beb511ad	49442-8.txt
Edward Everett Hale	50682	The Planet Mappers	The-Planet-Mappers_50682	fetched		364092	f2912aee5a6c642f5ca2a4f0d223b2990fa1334a00836f4d0fed7457232b5e70	50682.txt
Edward Everett Hale	50863	Alien Minds	Alien-Minds_50863	fetched		408894	cb256212dde724ba5bde6ed9c35051c85c73a48f81ada797f1ad25d09e6944c9	50863.txt
Elbert Hubbard	412	John Jacob Astor	John-Jacob-Astor_412	fetched		57297	bbbf82a59b94db17631e9012c1a158be05d336554a692e60115a1966daf4faaa	412.txt
Elbert Hubbard	6306	Little Journeys to the Homes of the Great - Volume 06	Little-Journeys-to-the-Homes-of-the-Great-Volume-06_6306	unavailable				
Elbert Hubbard	6449	Little Journeys to the Homes of the Great - Volume 09	Little-Journeys-to-the-Homes-of-the-Great-Volume-09_6449	unavailable				
Elbert Hubbard	10417	Love, Life & Work	Love-Life-Work_10417	unavailable				
Elbert Hubbard	12933	Little Journeys to the Homes of the Great - Volume 01	Little-Journeys-to-the-Homes-of-the-Great-Volume-01_12933	unavailable				
Elbert Hubbard	13619	Little Journeys to the Homes of the Great - Volume 05	Little-Journeys-to-the-Homes-of-the-Great-Volume-05_13619	unavailable				
Elbert Hubbard	13778	Little Journeys to the Homes of the Great - Volume 02	Little-Journeys-to-the-Homes-of-the-Great-Volume-02_13778	unavailable				
Elbert Hubbard	13911	Little Journeys to the Homes of the Great - Volume 03	Little-Journeys-to-the-Homes-of-the-Great-Volume-03_13911	unavailable				
Elbert Hubbard	17195	A Message to Garcia	A-Message-to-Garcia_17195	unavailable				
Elbert Hubbard	17504	The Mintage: Being Ten Stories & One More	The-Mintage-Being-Ten-Stories-One-More_17504	unavailable				
Elbert Hubbard	18118	Little Journeys to the Homes of the Great - Volume 04	Little-Journeys-to-the-Homes-of-the-Great-Volume-04_18118	unavailable				
Elbert Hubbard	18936	Little Journeys to the Homes of the Great - Volume 10	Little-Journeys-to-the-Homes-of-the-Great-Volume-10_18936	unavailable				
Elbert Hubbard	19080	Little Journeys to the Homes of the Great - Volume 12	Little-Journeys-to-the-Homes-of-the-Great-Volume-12_19080	unavailable				
Elbert Hubbard	20318	Little Journeys to the Homes of the Great - Volume 14	Little-Journeys-to-the-Homes-of-the-Great-Volume-14_20318	unavailable				
Elbert Hubbard	23458	Little Journeys to the Homes of the Great - Volume 13	Little-Journeys-to-the-Homes-of-the-Great-Volume-13_23458	unavailable				
Elbert Hubbard	23595	Little Journeys to the Homes of the Great - Volume 11	Little-Journeys-to-the-Homes-of-the-Great-Volume-11_23595	unavailable				
Elbert Hubbard	23640	Little Journeys to the Homes of the Great Philosophers, Volume 8	Little-Journeys-to-the-Homes-of-the-Great-Philosophers-Volume-8_23640	fetched		550524	122519173f85fa0a5a37f97d8558f0537f529f1b90bf97d4935b5c7885be577b	23640.txt
Elbert Hubbard	23761	Little Journeys to the Homes of the Great, Volume 7	Little-Journeys-to-the-Homes-of-the-Great-Volume-7_23761	unavailable				
Elbert Hubbard	36566	The Roycroft Dictionary, Concocted by Ali Baba and the Bunch on Rainy Days.	The-Roycroft-Dictionary-Concocted-by-Ali-Baba-and-the-Bunch-on-Rainy-Days_36566	unavailable				
Elbert Hubbard	52049	The Man: A Story of To-day	The-Man-A-Story-of-To-day_52049	fetched		231643	77e5d617ffdd3596272cc32505f87285666e4de0463f62d9dfeaf5e882fd1b77	52049-0.txt
Elbert Hubbard	59864	The Silver Arrow	The-Silver-Arrow_59864	fetched		46301	7ad63015348da0a85dbfc2bf4a3623d5378e1652a355f4145fd3eee4a2308bd7	59864.txt
Elizabeth Barrett Browning	2002	Sonnets from the Portuguese	Sonnets-from-the-Portuguese_2002	fetched		53762	03bfece4f5234b96826a9353e96dd62212fa30373640303c3d95dbe2fdcd577d	2002-0.txt
Elizabeth Barrett Browning	13018	The Letters of Elizabeth Barrett Browning (Volume 1 of 2)	The-Letters-of-Elizabeth-Barrett-Browning-Volume-1-of-2_13018	unavailable				
Elizabeth Barrett Browning	13906	Conception Control and Its Effects on the Individual and the Nation	Conception-Control-and-Its-Effects-on-the-Individual-and-the-Nation_13906	fetched		64655	fdd26b81128cf15767ca182c1f023acdbaf82d45a17dfb33a51296b32d08f051	13906.txt
Elizabeth Barrett Browning	16182	The Letters of Robert Browning and Elizabeth Barrett Barrett, Vol. 1 (of 2) 1845-1846	The-Letters-of-Robert-Browning-and-Elizabeth-Barrett-Barrett-Vol-1-of-2-1845-1846_16182	unavailable				
Elizabeth Barrett Browning	16646	The Letters of Elizabeth Barrett Browning (Volume 2 of 2)	The-Letters-of-Elizabeth-Barrett-Browning-Volume-2-of-2_16646	unavailable				
Elizabeth Barrett Browning	21161	Sonnet 43	Sonnet-43_21161	unavailable				
Elizabeth Barrett Browning	23079	Sonnets from the Portuguese	Sonnets-from-the-Portuguese_23079	unavailable				
Elizabeth Barrett Browning	25643	'He Giveth His Beloved Sleep'	He-Giveth-His-Beloved-Sleep_25643	unavailable				
Elizabeth Barrett Browning	31015	The Poetical Works of Elizabeth Barrett Browning, Volume 4	The-Poetical-Works-of-Elizabeth-Barrett-Browning-Volume-4_31015	unavailable				
Elizabeth Barrett Browning	33363	The Poetical Works of Elizabeth Barrett Browning, Volume 2	The-Poetical-Works-of-Elizabeth-Barrett-Browning-Volume-2_33363	unavailable				
Elizabeth Barrett Browning	37452	The Poetical Works of Elizabeth Barrett Browning, Volume 1	The-Poetical-Works-of-Elizabeth-Barrett-Browning-Volume-1_37452	unavailable				
Elizabeth Barrett Browning	54435	Aurora Leigh	Aurora-Leigh_54435	fetched		34092	15a67330e66efc2dc896e5599f5f9f7b8b26950ee2b153e4c14b989fb0c6f60b	54435.txt
Elizabeth Barrett Browning	56621	Aurora Leigh	Aurora-Leigh_56621	fetched		579402	abc27a9b956772ee798d051f1593650d8b381ca575e9a8efe860664f5cf25bb5	56621-0.txt
Elizabeth Cady Stanton	9880	The Woman's Bible	The-Woman-s-Bible_9880	fetched		824847	426c91b687064d36118895db0906187ff33db95ccd1fba734ec4cdea4832e4b2	9880.txt
Elizabeth Cady Stanton	11982	Eighty Years and More; Reminiscences 1815-1897	Eighty-Years-and-More-Reminiscences-1815-1897_11982	unavailable				
Elizabeth Gaskell	394	Cranford	Cranford_394	fetched		422979	4af9221b94f5206b5e3cdc6ba16d0aec5003fd293ed15acb9a73501d4ec0c639	394-0.txt
Elizabeth Gaskell	1700	The Life of Charlotte Brontë — Volume 2	The-Life-of-Charlotte-Bronte-Volume-2_1700	unavailable				
Elizabeth Gaskell	1827	The Life of Charlotte Brontë — Volume 1	The-Life-of-Charlotte-Bronte-Volume-1_1827	unavailable				
Elizabeth Gaskell	2153	Mary Barton	Mary-Barton_2153	fetched		919994	aa568811515cb9105b700f50843f7f12534a3c0efb217a2c09f56c1a735d5465	2153-8.txt
Elizabeth Gaskell	2324	A House to Let	A-House-to-Let_2324	fetched		208965	61b86f697316cdf4bdf3554cb7b342eed03ea25068fa79230ca793b9516a77da	2324.txt
Elizabeth Gaskell	2521	Lizzie Leigh	Lizzie-Leigh_2521	fetched		89782	4facd75d9c7d8df8e590b63ef20517c1b297525efe82541f433a17d4a8e7df03	2521.txt
Elizabeth Gaskell	2522	A Dark Night's Work	A-Dark-Night-s-Work_2522	fetched		398314	ac3d31b74a9b922dff01b5bf8a1a65e381873783c958ab747ad3fe7b2466a701	2522.txt
Elizabeth Gaskell	2524	My Lady Ludlow	My-Lady-Ludlow_2524	fetched		446027	65611e2ad83fa4fc331913ad0f98d8582180b4a4d4f3d3f6f3acc3e307cdcfdd	2524.txt
Elizabeth Gaskell	2531	An Accursed Race	An-Accursed-Race_2531	fetched		57606	a01e776eae5db574967621ef874b0db3a3a3cdc05715e5e84b425171b8b65bc3	2531.txt
Elizabeth Gaskell	2532	The Half-Brothers	The-Half-Brothers_2532	fetched		47465	832eeb014ab7dd9bdcb8ef6fc8ca5afcd31998a2e58aa16aa743508d246eb88f	2532.txt
Elizabeth Gaskell	2533	Round the Sofa	Round-the-Sofa_2533	fetched		42512	80cd1e6d488d95746eee1906cafa58863e78a680bcb9b74826375ea44642284f	2533-0.txt
Elizabeth Gaskell	2547	Half a Life-Time Ago	Half-a-Life-Time-Ago_2547	fetched		121098	ec2c8080a3dd85bdeb4c0cd446a8706e93a8dc05f58b2e1d5fb04c1b3693493d	2547-0.txt
Elizabeth Gaskell	2548	The Poor Clare	The-Poor-Clare_2548	fetched		146897	f4a051b9fd50a2f505c7936d59f1ec08a9ba19979ce347681efa6751b13a6cb4	2548-0.txt
Elizabeth Gaskell	2549	The Doom of the Griffiths	The-Doom-of-the-Griffiths_2549	fetched		103492	1f2d2c72afbed0de83d3ac67450e77187e79b18b17d7519ffc92946aa0727001	2549-0.txt
Elizabeth Gaskell	4268	Cousin Phillis	Cousin-Phillis_4268	fetched		237861	3437391527609a4cc87812ed97002d254b2a82a7933161dad5be6f1c0d1e660c	4268.txt
Elizabeth Gaskell	4274	Wives and Daughters	Wives-and-Daughters_4274	fetched		1529637	55c362efc41a485b16bc2f3de4a41f562afd3e2dee325141d53531500d12b806	4274.txt
Elizabeth Gaskell	4275	Ruth	Ruth_4275	fetched		916984	503a9242bceebab2722e42c23c35e8491a2ed368b63bc5bca57b9128025be1eb	4275.txt
Elizabeth Gaskell	4276	North and South	North-and-South_4276	fetched		1034710	0eeef1601e32c53fb1c729caf6d5314747b8f14b72eed8cbb3bb9ed8de405fef	4276.txt
Elizabeth Gaskell	4534	Sylvia's Lovers — Volume 1	Sylvia-s-Lovers-Volume-1_4534	unavailable				
Elizabeth Gaskell	4535	Sylvia's Lovers — Volume 2	Sylvia-s-Lovers-Volume-2_4535	unavailable				
Elizabeth Gaskell	4536	Sylvia's Lovers — Volume 3	Sylvia-s-Lovers-Volume-3_4536	unavailable				
Elizabeth Gaskell	4537	Sylvia's Lovers — Complete	Sylvia-s-Lovers-Complete_4537	unavailable				
Elizabeth Gaskell	9714	A House to Let	A-House-to-Let_9714	unavailable				
Elizabeth Gaskell	11371	The Moorland Cottage	The-Moorland-Cottage_11371	fetched		262113	29cb14d859ad6123823e4f434add07cc00b7c1727890629695d61a59f23259cb	11371-0.txt
Elizabeth Gaskell	24879	Curious, if True	Curious-if-True_24879	unavailable				
Elizabeth Gaskell	28636	The Grey Woman and other Tales	The-Grey-Woman-and-other-Tales_28636	fetched		466056	c498efdcd89c85dd854c05f1693b63e1cfb4fdbdc18fa75df0c354bd6620fdf1	28636.txt
Elizabeth Gaskell	57539	Cranford	Cranford_57539	fetched		465730	54f000903be2b2caa6e5c7db494942486a85ef6c7bc7e3173e3da2b9ac8f3120	57539-0.txt
Elizabeth Gaskell	57627	Mrs. Gaskell	Mrs-Gaskell_57627	fetched		712083	24ac01deec8fa553abe10f28aa69fac67d9eed50c65622958b8f47e3e2ff25f7	57627-0.txt
Elizabeth Gaskell	58092	Round the Sofa; vol. 1	Round-the-Sofa-vol-1_58092	unavailable				
Elizabeth Gaskell	58093	Round the Sofa; vol. 2	Round-the-Sofa-vol-2_58093	unavailable				
Elizabeth I	18682	A Declaration of the Causes, which mooved the chiefe Commanders of the Nauie of her most excellent Maiestie the Queene of England, in their voyage and expedition for Portingal, to take and arrest in the mouth of the Riuer of Lisbone, certaine Shippes of corne and other prouisions of warre bound for the said Citie	A-Declaration-of-the-Causes-which-mooved-the-chiefe-Commanders-of-the-Nauie-of-her-most-excellent-Maiestie-the-Queene-of-England-in-their-voyage-and-expedition-for-Portingal-to-take-and-arrest-in-the-mouth-of-the-Riuer-of-Lisbone-certaine-Shippes-of-corne-and-other-prouisions-of-warre-bound-for-the-said-Citie_18682	unavailable				
Elizabeth I	37187	Ulster Folklore	Ulster-Folklore_37187	fetched		207909	60a8ff14d79fc24b7a2b925cd0fda73dc8e0bfe35955d3ad1b2305cd696f3e0f	37187.txt
Elizabeth I	68492	The story of iron	The-story-of-iron_68492	fetched		206783	3017574479d878110e0f92b1278cb8dd434bffb787b2eba481dc2fd77c0ab71c	68492-0.txt
Emily Bronte	768	Wuthering Heights	Wuthering-Heights_768	fetched		681637	2ff1cd2fa12ecff82da679e889ca7645e132e7bcfd55768ea42a955abe12c1e1	768.txt
Emily Bronte	1019	Poems by Currer, Ellis, and Acton Bell	Poems-by-Currer-Ellis-and-Acton-Bell_1019	fetched		224858	6ce66e2f35af4f4269eb7b41bd5e113f6e807ad6a2e45a7c7a11993c7930bda5	1019.txt
Emily Dickinson	2678	Poems by Emily Dickinson, Series One	Poems-by-Emily-Dickinson-Series-One_2678	fetched		64835	6ce3fcbdb18c3665cc0ba1561f629f5afbf45b7273243ed412ea033168689433	2678.txt
Emily Dickinson	2679	Poems by Emily Dickinson, Series Two	Poems-by-Emily-Dickinson-Series-Two_2679	fetched		91669	d6004aa72d444531cc78e9f2bc800dd55c21af0a5fedd40c4047933d957dfd12	2679.txt
Emily Dickinson	12241	Poems by Emily Dickinson, Third Series	Poems-by-Emily-Dickinson-Third-Series_12241	fetched		78965	e0a2962604b245a2074cedc332968ba0b471d29cc2bdec661830c245ba68054d	12241-8.txt
Emily Dickinson	12242	Poems by Emily Dickinson, Three Series, Complete	Poems-by-Emily-Dickinson-Three-Series-Complete_12242	fetched		208198	3cd508fabaa362813b95809b2c09d43c379e5d5d448077dbf37b55658f4c1d97	12242-8.txt
Emily Dickinson	22444	Selected Poems of Emily Dickinson	Selected-Poems-of-Emily-Dickinson_22444	unavailable				
Emily Dickinson	26248	Life: Poem XXI	Life-Poem-XXI_26248	unavailable				
Erasmus Darwin	9612	The Botanic Garden, a Poem in Two Parts. Part 1: the Economy of Vegetation	The-Botanic-Garden-a-Poem-in-Two-Parts-Part-1-the-Economy-of-Vegetation_9612	unavailable				
Erasmus Darwin	10671	The Botanic Garden. Part 2, Containing the Loves of the Plants. A Poem.	The-Botanic-Garden-Part-2-Containing-the-Loves-of-the-Plants-A-Poem_10671	unavailable				
Erasmus Darwin	15707	Zoonomia; Or, the Laws of Organic Life, Vol. I	Zoonomia-Or-the-Laws-of-Organic-Life-Vol-I_15707	unavailable				
Erasmus Darwin	26861	The Temple of Nature; or, the Origin of Society: A Poem, with Philosophical Notes	The-Temple-of-Nature-or-the-Origin-of-Society-A-Poem-with-Philosophical-Notes_26861	unavailable				
Erasmus Darwin	27600	Zoonomia; Or, the Laws of Organic Life, Vol. II	Zoonomia-Or-the-Laws-of-Organic-Life-Vol-II_27600	unavailable				
Ernest Renan	12748	Recollections of My Youth	Recollections-of-My-Youth_12748	fetched		504732	af25fefd0fd65ca335dc9b75e660292aeab6440eda6f4862ed2f2fe7781ce063	12748-8.txt
Ernest Renan	16581	The Life of Jesus	The-Life-of-Jesus_16581	fetched		738694	cd31ef19a66ab12cde6d8adbbf43db51bf7e454c9b9afd83116d772d50c95853	16581.txt
Ernest Renan	42865	English Conferences of Ernest Renan: Rome and Christianity. Marcus Aurelius	English-Conferences-of-Ernest-Renan-Rome-and-Christianity-Marcus-Aurelius_42865	unavailable				
Ernest Renan	45081	The Apostles	The-Apostles_45081	fetched		675023	e59de2ef2bd59adfa00265a7af682999e66efcce6b9bb6b72463bc6b25b38b9b	45081-0.txt
Ernst Haeckel	6430	The Evolution of Man — Volume 1	The-Evolution-of-Man-Volume-1_6430	fetched		646288	82d962f748916f5ac485d77a563d1028b1d7fe9562058ff7d6ad0d14ad821fc7	6430.txt
Ernst Haeckel	6710	The Evolution of Man — Volume 2	The-Evolution-of-Man-Volume-2_6710	fetched		668247	31f7dcc0c615b3a22c5b33706094fedbf33157d7123fb446e98267353aac3324	6710.txt
Ernst Haeckel	8700	The Evolution of Man	The-Evolution-of-Man_8700	fetched		15795	e0d0e2b620b3dfd6441fce4be52b2c0e729bab1b1914f827e959f3b0726e2d6a	8700.txt
Ernst Haeckel	9199	Monism as Connecting Religion and Science	Monism-as-Connecting-Religion-and-Science_9199	unavailable				
Ernst Haeckel	25711	Freedom in Science and Teaching.	Freedom-in-Science-and-Teaching_25711	unavailable				
Ernst Haeckel	40472	The History of Creation, Vol. 1 (of 2)	The-History-of-Creation-Vol-1-of-2_40472	unavailable				
Ernst Haeckel	40473	The History of Creation, Vol. 2 (of 2)	The-History-of-Creation-Vol-2-of-2_40473	unavailable				
Ernst Haeckel	42968	The Riddle of the Universe at the close of the nineteenth century	The-Riddle-of-the-Universe-at-the-close-of-the-nineteenth-century_42968	fetched		715739	4bc7d2b110cf5401b2a346142c8b394eb1016a552430b8ce567dc7b171bf06a7	42968.txt
Ernst Haeckel	44525	Report on the Radiolaria Collected by H.M.S. Challenger During the Years 1873-1876, First Part: Porulosa (Spumellaria and Acantharia)	Report-on-the-Radiolaria-Collected-by-H-M-S-Challenger-During-the-Years-1873-1876-First-Part-Porulosa-Spumellaria-and-Acantharia_44525	unavailable				
Ernst Haeckel	44526	Report on the Radiolaria Collected by H.M.S. Challenger During the Years 1873-1876, Second Part: Subclass Osculosa; Index	Report-on-the-Radiolaria-Collected-by-H-M-S-Challenger-During-the-Years-1873-1876-Second-Part-Subclass-Osculosa-Index_44526	unavailable				
Ernst Haeckel	44527	Report on the Radiolaria Collected by H.M.S. Challenger During the Years 1873-1876, Plates	Report-on-the-Radiolaria-Collected-by-H-M-S-Challenger-During-the-Years-1873-1876-Plates_44527	unavailable				
Ernst Haeckel	44541	The Last Link: Our Present Knowledge of the Descent of Man	The-Last-Link-Our-Present-Knowledge-of-the-Descent-of-Man_44541	unavailable				
Ernst Haeckel	46652	The Wonders of Life: A Popular Study of Biological Philosophy	The-Wonders-of-Life-A-Popular-Study-of-Biological-Philosophy_46652	fetched		979768	6d7ded4f1b29380cee6505c916bc11c360b766daa60eb5204dc6ce607b7bfd60	46652-0.txt
Ernst Haeckel	53639	Last Words on Evolution: A Popular Retrospect and Summary	Last-Words-on-Evolution-A-Popular-Retrospect-and-Summary_53639	fetched		215554	141156c2a82ed66e0af8ca968c70340a6c615b41facee219163d7a592c9d3c07	53639-0.txt
Felix Adler	21981	The Essentials of Spirituality	The-Essentials-of-Spirituality_21981	fetched		119974	793ce7d6009cf4ff10cdf2d857e68fdef8ac2c61fa649b3408816b4cd1322ab3	21981.txt
Felix Adler	37697	Creed and Deed: A Series of Discourses	Creed-and-Deed-A-Series-of-Discourses_37697	unavailable				
Felix Adler	38730	The Moral Instruction of Children	The-Moral-Instruction-of-Children_38730	fetched		429796	908b7b559ee03748879f224a0bd7b1c06cf73831321792bdbe70968711037b82	38730.txt
Felix Adler	57689	The Punishment of Children	The-Punishment-of-Children_57689	fetched		92395	5c7004121a411743cbf675f597c3318815c3df45afc4547bf139b33333603308	57689.txt
Felix Adler	57752	Life and destiny	Life-and-destiny_57752	fetched		100319	58b53f5dc3a58ab1b43365711bbb279fd07672ef0d69390cee3835a00763322f	57752-0.txt
Felix Adler	60068	An ethical philosophy of life presented in its main outlines	An-ethical-philosophy-of-life-presented-in-its-main-outlines_60068	fetched		632981	0d13b775c58740a0f430120afeca6670dc1e89d8b2d613fa93a99577ee788606	60068-0.txt
Finley Peter Dunne	4729	Observations By Mr. Dooley	Observations-By-Mr-Dooley_4729	unavailable				
Finley Peter Dunne	7976	Mr. Dooley's Philosophy	Mr-Dooley-s-Philosophy_7976	unavailable				
Finley Peter Dunne	13784	Mr. Dooley: In the Hearts of His Countrymen	Mr-Dooley-In-the-Hearts-of-His-Countrymen_13784	unavailable				
Finley Peter Dunne	14684	Mr. Dooley Says	Mr-Dooley-Says_14684	unavailable				
Finley Peter Dunne	22537	Mr. Dooley in Peace and in War	Mr-Dooley-in-Peace-and-in-War_22537	unavailable				
Francis Bacon	575	The Essays or Counsels, Civil and Moral	The-Essays-or-Counsels-Civil-and-Moral_575	fetched		324252	6d24b0b28b793b57e09e95a3e01ca0170d87bd33d0b5725c8590cee920ecc6ab	575.txt
Francis Bacon	2434	New Atlantis	New-Atlantis_2434	fetched		107640	fb408314bff8e7588409b400d4e9595264aab8822f6a4d8829ea9dfd21850db2	2434.txt
Francis Bacon	3290	Valerius Terminus: Of the Interpretation of Nature	Valerius-Terminus-Of-the-Interpretation-of-Nature_3290	fetched		306028	9af2377953a907c0306a3cdda9483361d102b0bf5ec977bb267d0ee0b0334386	3290-8.txt
Francis Bacon	5500	The Advancement of Learning	The-Advancement-of-Learning_5500	fetched		516939	4601a500267d7bd7351cf19bcbc2c0606467dd864eee569bddc64692b43b9385	5500-0.txt
Francis Bacon	22978	The Essays of Francis Bacon	The-Essays-of-Francis-Bacon_22978	unavailable				
Francis Bacon	45988	Novum Organum; Or, True Suggestions for the Interpretation of Nature	Novum-Organum-Or-True-Suggestions-for-the-Interpretation-of-Nature_45988	unavailable				
Francis Bacon	46964	Of Gardens: An essay	Of-Gardens-An-essay_46964	fetched		34317	28bd65d649bee409c16bcc47439a121571aba5a3c5de7078f5f0ab84bcaf4b06	46964-0.txt
Francis Bacon	56463	Bacon's Essays, and Wisdom of the Ancients	Bacon-s-Essays-and-Wisdom-of-the-Ancients_56463	fetched		701337	da94dc4f101ee74c9605dbb93a58e3252ac537e5e8b4c30330ef0ea93c510c31	56463-0.txt
Francis Bacon	59163	Index of the Project Gutenberg Works of Francis Bacon	Index-of-the-Project-Gutenberg-Works-of-Francis-Bacon_59163	fetched		30292	a561721c23810f34e2e89d5dcfb0ab8ff6517bb9787204e95dd6e5a5c5ed654e	59163-0.txt
Frank James	314	Guide to Life and Literature of the Southwest, with a Few Observations	Guide-to-Life-and-Literature-of-the-Southwest-with-a-Few-Observations_314	fetched		357330	ba50b6d2254c054851ff85cf979d11d8d97ab03b7825553fb8d0975f1526c305	314.txt
Frank James	66365	Vicksburg	Vicksburg_66365	fetched		44103	39cea6622ba8049a416e1626fd98b183e97f9a84680494ddb432473b506621e6	66365-0.txt
Franz Kafka	5200	Metamorphosis	Metamorphosis_5200	fetched		141450	c9f7245e700dc729a652166b69eab4b8cba02006c14baf5e081b039507aa7853	5200.txt
Franz Kafka	7849	The Trial	The-Trial_7849	fetched		481118	062eb6b725281dee61843b75467394ea36b2999cca96ee417376cf9cf873ecd9	7849.txt
Franz Kafka	26298	The Metamorphosis	The-Metamorphosis_26298	unavailable				
François Rabelais	1200	Gargantua and Pantagruel	Gargantua-and-Pantagruel_1200	fetched		1888540	8e2acd1427703312648b1cafeb2beffc8a858cccafe4d5c71e25b5b1039b6ffa	1200-0.txt
François Rabelais	8166	Gargantua and Pantagruel, Illustrated, Book 1	Gargantua-and-Pantagruel-Illustrated-Book-1_8166	fetched		413182	6359b1e33b403b9d49e2b44aaa3cc65be92599d69252d86c9783437beefb3d3a	8166.txt
François Rabelais	8167	Gargantua and Pantagruel, Illustrated, Book 2	Gargantua-and-Pantagruel-Illustrated-Book-2_8167	fetched		302874	c4a49a9f31f807809a969583f89d66d5059951baf044f1a831d0ed6acd9875e9	8167.txt
François Rabelais	8168	Gargantua and Pantagruel, Illustrated, Book 3	Gargantua-and-Pantagruel-Illustrated-Book-3_8168	fetched		519928	0deb11283b349679ca814a9e91f1a5d8ea2d0d5c76053a5dae9e90daac053808	8168.txt
François Rabelais	8169	Gargantua and Pantagruel, Illustrated, Book 4	Gargantua-and-Pantagruel-Illustrated-Book-4_8169	fetched		411446	aaab0cc544a152c5e61819ae7b16a8b6466eec1107b89f977f26e741c79b6fb1	8169.txt
François Rabelais	8170	Gargantua and Pantagruel, Illustrated, Book 5	Gargantua-and-Pantagruel-Illustrated-Book-5_8170	fetched		295286	4b2ea23a229fea30b1abf7efb2bc321db82c2e4449f4edbfa76b85dc96bf5c5b	8170.txt
François Rabelais	59049	Index of the Project Gutenberg Works of Rabelais	Index-of-the-Project-Gutenberg-Works-of-Rabelais_59049	fetched		47733	beb743d1f231e6076fd97267b41c14c56cc66229df77086d61f5b05b963c687d	59049-0.txt
François Rabelais	59235	Three Good Giants	Three-Good-Giants_59235	unavailable				
Frederic William Farrar	2888	Yorkshire Dialect Poems (1673-1915) and traditional poems	Yorkshire-Dialect-Poems-1673-1915-and-traditional-poems_2888	unavailable				
Frederic William Farrar	3232	Songs of the Ridings	Songs-of-the-Ridings_3232	fetched		87619	98614310ea16c6830c94dfa6cfcb359534aba69d111cc77a2d17e15c6e88ac49	3232.txt
Frederic William Farrar	8747	Wordsworth	Wordsworth_8747	fetched		331105	7929fde37e553cceebc45670fca3f0e59d63983ab267cc236e9c1f2bb79c1be8	8747-8.txt
Frederic William Farrar	10846	Seekers after God	Seekers-after-God_10846	fetched		526117	f30c6cda707a4ac1fdaaa5db361a0cf44fc732901940f19dede0ad3f9a0b74ab	10846-8.txt
Frederic William Farrar	12083	Eric; Or, Little by Little	Eric-Or-Little-by-Little_12083	unavailable				
Frederic William Farrar	18173	Tales of the Ridings	Tales-of-the-Ridings_18173	fetched		141848	b791c28c93ced368f09666a34cf5afbd953513cd5b3fe73c918b1fabf718bc23	18173.txt
Frederic William Farrar	18260	More Tales of the Ridings	More-Tales-of-the-Ridings_18260	fetched		145573	7f76f826ee3b6cc34055390dfd7f9cf989a20f4406488e8f8434878bebc5226f	18260.txt
Frederic William Farrar	23126	Eric, or Little by Little	Eric-or-Little-by-Little_23126	fetched		563035	7307f9f3f499fe876f54426eb4e8a71e9b203d542669d9b515545b3289d39430	23126.txt
Frederic William Farrar	23127	Julian Home	Julian-Home_23127	fetched		626324	43ffdca280162395f1c4828ec934defe5bf9433f09932406267b4bc86a34fae2	23127.txt
Frederic William Farrar	24329	St. Winifred's; or, The World of School	St-Winifred-s-or-The-World-of-School_24329	unavailable				
Frederic William Farrar	38492	Human Personality and Its Survival of Bodily Death	Human-Personality-and-Its-Survival-of-Bodily-Death_38492	fetched		1396590	8b97c3cd36ed1da88c4cacef29e802e19f2e648325c8f18f345906dcbed578a1	38492-0.txt
Frederic William Farrar	38950	Fletcher of Madeley	Fletcher-of-Madeley_38950	fetched		334090	899a066fba2c766a689a773fc4e67367f0f762b1c39dec93cdf514ba4e5d80cd	38950.txt
Frederic William Farrar	41252	The Assault: Germany Before the Outbreak and England in War-Time	The-Assault-Germany-Before-the-Outbreak-and-England-in-War-Time_41252	unavailable				
Frederic William Farrar	42027	The Expositor's Bible: The Second Book of Kings	The-Expositor-s-Bible-The-Second-Book-of-Kings_42027	unavailable				
Frederic William Farrar	42891	The Expositor's Bible: The First Book of Kings	The-Expositor-s-Bible-The-First-Book-of-Kings_42891	unavailable				
Frederic William Farrar	43255	Domesday Book and Beyond: Three Essays in the Early History of England	Domesday-Book-and-Beyond-Three-Essays-in-the-Early-History-of-England_43255	unavailable				
Frederic William Farrar	44103	The Expositor's Bible: The Book of Daniel	The-Expositor-s-Bible-The-Book-of-Daniel_44103	unavailable				
Frederic William Farrar	47825	Darkness and Dawn; Or, Scenes in the Days of Nero. An Historic Tale	Darkness-and-Dawn-Or-Scenes-in-the-Days-of-Nero-An-Historic-Tale_47825	fetched		1298682	be2714e86ce17fb4b4f922dad7825fab19d11437e4432aa45f56b7894582ea07	47825-0.txt
Frederic William Farrar	54251	English Law and the Renaissance	English-Law-and-the-Renaissance_54251	unavailable				
Frederic William Farrar	62598	An essay on the origin of language, based on modern researches, and especially on the works of M. Renan	An-essay-on-the-origin-of-language-based-on-modern-researches-and-especially-on-the-works-of-M-Renan_62598	unavailable				
Frederick Douglass	23	Narrative of the Life of Frederick Douglass, an American Slave	Narrative-of-the-Life-of-Frederick-Douglass-an-American-Slave_23	fetched		248399	948d491964b6ac66df3966476b2a9305b5d7ea56b8ec0b78c3c56815c5d9605f	23.txt
Frederick Douglass	99	Collected Articles of Frederick Douglass	Collected-Articles-of-Frederick-Douglass_99	fetched		66702	8a41fa5474ce5bf51c2e1d1e98485eeb6daac1e1032858fc0f1fec72ab97a92f	99.txt
Frederick Douglass	202	My Bondage and My Freedom	My-Bondage-and-My-Freedom_202	fetched		801377	bdb346b8db3a382de154816e2c4807dcbfdc3d896ee665921671d1da832435e1	202-0.txt
Frederick Douglass	6545	Frederick Douglass on Reconstruction	Frederick-Douglass-on-Reconstruction_6545	unavailable				
Frederick Douglass	31839	John Brown: An Address at the 14th Anniversary of Storer College	John-Brown-An-Address-at-the-14th-Anniversary-of-Storer-College_31839	unavailable				
Frederick Douglass	34915	Abolition Fanaticism in New York	Abolition-Fanaticism-in-New-York_34915	unavailable				
Frederick Douglass	59116	Why is the Negro Lynched?	Why-is-the-Negro-Lynched_59116	fetched		108634	c006fa52c49ace97ef1b2af5fbc8e75a05f59c8144dada11d8d8727686e9d804	59116-0.txt
Frederick Douglass	67919	Three addresses on the relations subsisting between the white and colored people of the United States	Three-addresses-on-the-relations-subsisting-between-the-white-and-colored-people-of-the-United-States_67919	unavailable				
Frederick William Faber	8953	The Norsk Nightingale; Being the Lyrics of a "Lumberyack"	The-Norsk-Nightingale-Being-the-Lyrics-of-a-Lumberyack_8953	unavailable				
Frederick William Faber	16645	Sermons Preached at Brighton	Sermons-Preached-at-Brighton_16645	unavailable				
Frederick William Faber	23956	Anti-Slavery Opinions before the Year 1800	Anti-Slavery-Opinions-before-the-Year-1800_23956	unavailable				
Frederick William Faber	25294	Chats on Household Curios	Chats-on-Household-Curios_25294	fetched		341888	3ad5fd8a2381298edc8030c57961b2b04a583f7dd2db33c1a588d821e9439c57	25294.txt
Frederick William Faber	26449	Rambles of an Archaeologist Among Old Books and in Old Places	Rambles-of-an-Archaeologist-Among-Old-Books-and-in-Old-Places_26449	unavailable				
Frederick William Faber	29606	The Emigrant	The-Emigrant_29606	unavailable				
Frederick William Faber	31675	The Annals of Willenhall	The-Annals-of-Willenhall_31675	fetched		415456	5a96945cdab10e12c1d606700b9baf5a033162de49db7410daba4c57bc5f8cb6	31675-0.txt
Frederick William Faber	35243	Right off the Bat: Baseball Ballads	Right-off-the-Bat-Baseball-Ballads_35243	unavailable				
Frederick William Faber	35278	Mattie:—A Stray (Vol 3 of 3)	Mattie-A-Stray-Vol-3-of-3_35278	unavailable				
Frederick William Faber	35290	Mattie:—A Stray (Vol 1 of 3)	Mattie-A-Stray-Vol-1-of-3_35290	unavailable				
Frederick William Faber	35291	Mattie:—A Stray (Vol 2 of 3)	Mattie-A-Stray-Vol-2-of-3_35291	unavailable				
Frederick William Faber	40853	The Viking Blood: A Story of Seafaring	The-Viking-Blood-A-Story-of-Seafaring_40853	unavailable				
Frederick William Faber	42484	The Popham Colony	The-Popham-Colony_42484	unavailable				
Frederick William Faber	44785	The Beaked Whales of the Family Ziphiidae	The-Beaked-Whales-of-the-Family-Ziphiidae_44785	unavailable				
Frederick William Faber	45419	The Religio-Medical Masquerade: A Complete Exposure of Christian Science	The-Religio-Medical-Masquerade-A-Complete-Exposure-of-Christian-Science_45419	unavailable				
Frederick William Faber	45934	The History of the 51st (Highland) Division 1914-1918	The-History-of-the-51st-Highland-Division-1914-1918_45934	unavailable				
Frederick William Faber	46745	The Action of Medicines in the System	The-Action-of-Medicines-in-the-System_46745	unavailable				
Frederick William Faber	47040	Chats on Old Copper and Brass	Chats-on-Old-Copper-and-Brass_47040	fetched		395047	4c614cd71907dc7d47825be5831d72bc7f0d5e3ce884703be5ccbcdff40bade7	47040.txt
Frederick William Faber	51173	The Stately Homes of England	The-Stately-Homes-of-England_51173	fetched		1496911	280ce753d6ee82490f63ef83d0d75584578cdc25560f19a76787e4914b458e07	51173-0.txt
Frederick William Faber	51302	English Coins and Tokens, with a Chapter on Greek and Roman Coins	English-Coins-and-Tokens-with-a-Chapter-on-Greek-and-Roman-Coins_51302	fetched		259337	98f940e696e7e08f5fc6e91c2cee0a656280094a97828b181d8959b77feb07c0	51302-0.txt
Frederick William Faber	52906	Grave-mounds and Their Contents	Grave-mounds-and-Their-Contents_52906	unavailable				
Frederick William Faber	54897	Preliminary Discourse on the Study of Natural Philosophy	Preliminary-Discourse-on-the-Study-of-Natural-Philosophy_54897	fetched		634226	3e8331d655756d9adca33f94919d8509423cde8041b290a25a819bd5e8e02837	54897-0.txt
Frederick William Faber	56625	Songs of the West	Songs-of-the-West_56625	unavailable				
Frederick William Faber	57320	Telescopic Work for Starlight Evenings	Telescopic-Work-for-Starlight-Evenings_57320	fetched		801196	1aaa45170a8ad297d29adfd26aed8b9b11e69415913d7821fb6d9a5bf6d7bbff	57320-0.txt
Frederick William Faber	57963	Seeking Fortune in America	Seeking-Fortune-in-America_57963	fetched		434494	e45b9a4230de27ebfe9820969d72a9b4db38a5eb4e6ff190fe75c416f48f219c	57963-0.txt
Frederick William Faber	61599	The Gardens of the Sun	The-Gardens-of-the-Sun_61599	unavailable				
Frederick William Faber	66108	A Gloucestershire Lad at Home and Abroad	A-Gloucestershire-Lad-at-Home-and-Abroad_66108	fetched		62499	215ed31bff7ac22f0ba1a9fb2940a31ec76e27a54df2c54053d02de4171cee59	66108-0.txt
Frederick William Faber	66362	Gloucestershire Friends: Poems From a German Prison Camp	Gloucestershire-Friends-Poems-From-a-German-Prison-Camp_66362	fetched		65882	7bd303ece891b0f800f93e64fa5baef62d561dae810c63d9bbcaf262902c95cf	66362-0.txt
Frederick William Faber	66550	Farewell	Farewell_66550	fetched		69027	51bc96a1d0039b404b7c4b0f8590f952442725c054a5b1ef39032fc2fb8dfc4d	66550-0.txt
Frederick William Faber	66766	Stained Glass Windows: An Essay: With a Report to the Vestry on Stained Glass Windows for Grace Church Lockport New York	Stained-Glass-Windows-An-Essay-With-a-Report-to-the-Vestry-on-Stained-Glass-Windows-for-Grace-Church-Lockport-New-York_66766	unavailable				
Friedrich Nietzsche	1998	Thus Spake Zarathustra: A Book for All and None	Thus-Spake-Zarathustra-A-Book-for-All-and-None_1998	unavailable				
Friedrich Nietzsche	4363	Beyond Good and Evil	Beyond-Good-and-Evil_4363	fetched		408809	feae718cf7af07e9285958634e3f6ebf639ac3ca6baf72fbadfa9a495206e5d4	4363.txt
Friedrich Nietzsche	5652	Thoughts out of Season, Part I	Thoughts-out-of-Season-Part-I_5652	fetched		380447	616c5e1e8ad883339255bcb4c3bccfe7800472a6d5cbef8a91fbe8510c526a2c	5652.txt
Friedrich Nietzsche	18188	Homer and Classical Philology	Homer-and-Classical-Philology_18188	fetched		60383	8d1af13385fc1ca181ff00a216f2b516efd405bfe942e9c0b98ed8434d2c9b15	18188.txt
Friedrich Nietzsche	18267	We Philologists	We-Philologists_18267	unavailable				
Friedrich Nietzsche	19322	The Antichrist	The-Antichrist_19322	fetched		226311	0ad7240be275c09e9a53743191f8e2a5a85499b2551f6f6730e4910f693bf9ec	19322.txt
Friedrich Nietzsche	19634	Beyond Good and Evil	Beyond-Good-and-Evil_19634	unavailable				
Friedrich Nietzsche	25012	The Case of Wagner, Nietzsche Contra Wagner, and Selected Aphorisms.	The-Case-of-Wagner-Nietzsche-Contra-Wagner-and-Selected-Aphorisms_25012	unavailable				
Friedrich Nietzsche	28146	On the Future of our Educational Institutions	On-the-Future-of-our-Educational-Institutions_28146	fetched		238452	b4eb5396976299c0f9b20f3828b12e743a03e15e383d941b2092145d74cb5dcd	28146.txt
Friedrich Nietzsche	28734	The Antichrist	The-Antichrist_28734	unavailable				
Friedrich Nietzsche	37841	Human, All-Too-Human: A Book for Free Spirits, Part 2	Human-All-Too-Human-A-Book-for-Free-Spirits-Part-2_37841	unavailable				
Friedrich Nietzsche	38145	Human, All Too Human: A Book for Free Spirits	Human-All-Too-Human-A-Book-for-Free-Spirits_38145	unavailable				
Friedrich Nietzsche	38226	Thoughts Out of Season, Part II	Thoughts-Out-of-Season-Part-II_38226	unavailable				
Friedrich Nietzsche	39955	The Dawn of Day	The-Dawn-of-Day_39955	fetched		597091	294bd231a593daaf2b2dd9e6c809ebb5ad76d11c272c28bd6114655c98c32363	39955-0.txt
Friedrich Nietzsche	51356	The Birth of Tragedy; or, Hellenism and Pessimism	The-Birth-of-Tragedy-or-Hellenism-and-Pessimism_51356	fetched		353917	996f6ce8d9492c661ed6f5b1921e7444430407b3bb13c34e9493c02dfda5baa2	51356-0.txt
Friedrich Nietzsche	51548	Early Greek Philosophy & Other Essays	Early-Greek-Philosophy-Other-Essays_51548	unavailable				
Friedrich Nietzsche	51580	On the Future of our Educational Institutions; Homer and Classical Philology	On-the-Future-of-our-Educational-Institutions-Homer-and-Classical-Philology_51580	unavailable				
Friedrich Nietzsche	51710	Thoughts out of Season, Part I	Thoughts-out-of-Season-Part-I_51710	unavailable				
Friedrich Nietzsche	51935	Human, All-Too-Human: A Book for Free Spirits, Part 1	Human-All-Too-Human-A-Book-for-Free-Spirits-Part-1_51935	unavailable				
Friedrich Nietzsche	52124	The Joyful Wisdom ("La Gaya Scienza")	The-Joyful-Wisdom-La-Gaya-Scienza_52124	unavailable				
Friedrich Nietzsche	52166	The Case of Wagner	The-Case-of-Wagner_52166	unavailable				
Friedrich Nietzsche	52190	Ecce Homo	Ecce-Homo_52190	unavailable				
Friedrich Nietzsche	52263	The Twilight of the Idols; or, How to Philosophize with the Hammer. The Antichrist	The-Twilight-of-the-Idols-or-How-to-Philosophize-with-the-Hammer-The-Antichrist_52263	unavailable				
Friedrich Nietzsche	52319	The Genealogy of Morals	The-Genealogy-of-Morals_52319	unavailable				
Friedrich Nietzsche	52881	The Joyful Wisdom ("La Gaya Scienza")	The-Joyful-Wisdom-La-Gaya-Scienza_52881	fetched		566986	eda6b1122633dae8e60a8ef4891930519323c19e95a8a149fc5ffe92b94a891a	52881-0.txt
Friedrich Nietzsche	52914	The Will to Power: An Attempted Transvaluation of All Values. Book I and II	The-Will-to-Power-An-Attempted-Transvaluation-of-All-Values-Book-I-and-II_52914	fetched		556190	c0fcfefe4aaea2a656570f632656a8f9b94a2d0cf5ba1403ebf4912e61f59293	52914-0.txt
Friedrich Nietzsche	52915	The Will to Power: An Attempted Transvaluation of All Values. Book III and IV	The-Will-to-Power-An-Attempted-Transvaluation-of-All-Values-Book-III-and-IV_52915	fetched		634925	88f01b440ac2d74d80599c5fdb8ef7d8b909cab107ff43a07d205a8c07203555	52915-0.txt
Friedrich Nietzsche	58025	Index of the Project Gutenberg Works of Friedrich Nietzsche	Index-of-the-Project-Gutenberg-Works-of-Friedrich-Nietzsche_58025	fetched		36256	06adda089e535e99d00ca18451a61f32a41aba5c89c8d53ce0341bf82f891f08	58025-0.txt
G.K. Chesterton	18300	History of English Humour, Vol. 1	History-of-English-Humour-Vol-1_18300	unavailable				
G.K. Chesterton	18906	History of English Humour, Vol. 2	History-of-English-Humour-Vol-2_18906	unavailable				
G.K. Chesterton	36162	Living for the Best	Living-for-the-Best_36162	fetched		188508	891c3ed963bd80f4b78856c5f9720f706b5fe0653194d5c018dfc434696e143b	36162-8.txt
G.K. Chesterton	50546	Royal Winchester: Wanderings in and about the Ancient Capital of England	Royal-Winchester-Wanderings-in-and-about-the-Ancient-Capital-of-England_50546	fetched		353927	f822b360ebb6feeb2d369e14827a3f9a939620570f0bd6357f3e7f2793f22f01	50546-0.txt
G.K. Chesterton	51780	The Olive	The-Olive_51780	fetched		87650	f8b23a3fa6f3daabc712cd7334fbd53970ed99a42a84e83cd5f5296cf7a019f8	51780-0.txt
G.K. Chesterton	56703	Ketchup: Methods of Manufacture; Microscopic Examination	Ketchup-Methods-of-Manufacture-Microscopic-Examination_56703	fetched		120879	79c363b15c3297096fe0da1604fcf310cf28981974b20e41589d93dd621f4cfa	56703-0.txt
G.K. Chesterton	59150	Lost Art	Lost-Art_59150	fetched		31556	e0373a486d80d3e3e9eabe9966497e1dab96e8ffb4977d1eeb7f3eb726066e9c	59150.txt
Galileo Galilei	37729	A Discourse Presented to the Most Serene Don Cosimo II., Great Duke of Tuscany, Concerning the Natation of Bodies Vpon, and Submersion In, the Water.	A-Discourse-Presented-to-the-Most-Serene-Don-Cosimo-II-Great-Duke-of-Tuscany-Concerning-the-Natation-of-Bodies-Vpon-and-Submersion-In-the-Water_37729	unavailable				
Galileo Galilei	46036	The Sidereal Messenger of Galileo Galilei	The-Sidereal-Messenger-of-Galileo-Galilei_46036	unavailable				
George Ade	11279	The Slim Princess	The-Slim-Princess_11279	fetched		149153	8a0586a99bf11537db2891ddad0fade97cb1dd9d4383ade0ddf37448fcf5cca2	11279-8.txt
George Ade	11930	More Fables	More-Fables_11930	fetched		136928	013c831035a8ffd2f5f1c00c5dace38b6d275deaada371bdd0c2a83b51dbc2e3	11930.txt
George Ade	13543	People You Know	People-You-Know_13543	fetched		171085	59e3a144cab4349da7e265c76218ea21a17a6e7213d6f471e03602c4dd063540	13543-8.txt
George Ade	19813	Ade's Fables	Ade-s-Fables_19813	fetched		231730	e6c8081000f352097a33bd5d486d33013e59bc7bd5a05d22e394fafa267fe5e4	19813.txt
George Ade	19829	Knocking the Neighbors	Knocking-the-Neighbors_19829	fetched		161560	aa396c0cc994d59ab25c2394fa12d585b9c13a9856ba74587571cb8a9a7f0cfb	19829.txt
George Ade	20510	Ade's Fables	Ade-s-Fables_20510	fetched		236128	dee675257d0c36282be65bc0aa70c92b9dea1387344a1e5561da6179e1bceba3	20510-8.txt
George Ade	25322	Fables in Slang	Fables-in-Slang_25322	fetched		114787	8a2c2973d80ba8c15ee8279865de6b36bc1e62f0e2481e902c272bfabeb5405d	25322-8.txt
George Ade	38364	In Pastures New	In-Pastures-New_38364	fetched		326087	7e54f75477b9722592a0683f9d4f45d33acea3fe8cd88161bc38630921846718	38364-8.txt
George Bancroft	26750	Memorial Address on the Life and Character of Abraham Lincoln	Memorial-Address-on-the-Life-and-Character-of-Abraham-Lincoln_26750	unavailable				
George Bernard Shaw	908	Treatise on Parents and Children	Treatise-on-Parents-and-Children_908	fetched		250488	e28e8cf35c1a506778b8fb19659ae0a5e6d94d017364ba0068b57bca1fae6940	908.txt
George Bernard Shaw	943	Misalliance	Misalliance_943	fetched		206262	a35a23dd1e8e8d7a1ad65956dc658addd2643f7470275af1e8460a9b46515602	943.txt
George Bernard Shaw	1050	The Dark Lady of the Sonnets	The-Dark-Lady-of-the-Sonnets_1050	fetched		110338	71bce764c2ee37c9bca2e3599e1a9a1514b5121c96f750de43ce421239370115	1050.txt
George Bernard Shaw	1097	Mrs. Warren's Profession	Mrs-Warren-s-Profession_1097	unavailable				
George Bernard Shaw	1487	The Perfect Wagnerite: A Commentary on the Niblung's Ring	The-Perfect-Wagnerite-A-Commentary-on-the-Niblung-s-Ring_1487	unavailable				
George Bernard Shaw	1654	An Unsocial Socialist	An-Unsocial-Socialist_1654	fetched		545207	5ed8b46a56f2a4b664cae99588c8ce4f776f4d6a3334b2e22e928c3786e428ac	1654-0.txt
George Bernard Shaw	2175	You Never Can Tell	You-Never-Can-Tell_2175	fetched		225876	4ff11354c514d2decb13eaad1bb51ec017b4356c3905cc7c100d443c6df2d1c1	2175.txt
George Bernard Shaw	3328	Man and Superman: A Comedy and a Philosophy	Man-and-Superman-A-Comedy-and-a-Philosophy_3328	unavailable				
George Bernard Shaw	3329	Caesar and Cleopatra	Caesar-and-Cleopatra_3329	fetched		234203	81f5b544d1eb36ae6374f913653306f671a4741663aa69faf50ec0708dff3155	3329.txt
George Bernard Shaw	3418	Captain Brassbound's Conversion	Captain-Brassbound-s-Conversion_3418	fetched		186753	2600fc127f201bb7302932241d5aa4f11015445a0458805f6b939b71f6479bd5	3418-8.txt
George Bernard Shaw	3484	O'Flaherty V.C.: A Recruiting Pamphlet	O-Flaherty-V-C-A-Recruiting-Pamphlet_3484	unavailable				
George Bernard Shaw	3485	Annajanska, the Bolshevik Empress	Annajanska-the-Bolshevik-Empress_3485	fetched		50169	a7a89405a6fb7b0357fac4130041cad9fac03bc2e9350b84f7cbfd69b548116e	3485.txt
George Bernard Shaw	3486	The Inca of Perusalem: An Almost Historical Comedietta	The-Inca-of-Perusalem-An-Almost-Historical-Comedietta_3486	unavailable				
George Bernard Shaw	3487	Augustus Does His Bit: A True-to-Life Farce	Augustus-Does-His-Bit-A-True-to-Life-Farce_3487	unavailable				
George Bernard Shaw	3488	Great Catherine (Whom Glory Still Adores)	Great-Catherine-Whom-Glory-Still-Adores_3488	unavailable				
George Bernard Shaw	3543	Heartbreak House	Heartbreak-House_3543	fetched		293883	55ac8452b0c9c7f720e8d2f55f3407271e42de80f8cbbbcde89f0be95857b975	3543-8.txt
George Bernard Shaw	3544	How He Lied to Her Husband	How-He-Lied-to-Her-Husband_3544	fetched		67169	b0aa21751bb39a3c34eba9cdc8278ec7ccf8057d8485cd2ae515b3a9279ff912	3544.txt
George Bernard Shaw	3612	John Bull's Other Island	John-Bull-s-Other-Island_3612	fetched		229616	b6b04eb67b6d1bcc9e434cb7c022d370f0e771e063c99013f3f5f84b945e0c1e	3612.txt
George Bernard Shaw	3618	Arms and the Man	Arms-and-the-Man_3618	fetched		164183	4b81366b5768dce164c961af62fb9463d89eac38fcb51018e4caea53d3f45d81	3618.txt
George Bernard Shaw	3638	The Devil's Disciple	The-Devil-s-Disciple_3638	fetched		178997	2ca8fd324d28b2631b3214d5ba2255be40d751a547ed517491b19f706a499707	3638.txt
George Bernard Shaw	3789	Preface to Major Barbara: First Aid to Critics	Preface-to-Major-Barbara-First-Aid-to-Critics_3789	unavailable				
George Bernard Shaw	3790	Major Barbara	Major-Barbara_3790	fetched		207415	6be521b29f17522cdc3c2cfc09960966f0e739aa3ae61cafa1cfbe814a6a1ea1	3790.txt
George Bernard Shaw	3825	Pygmalion	Pygmalion_3825	fetched		212678	372eea095186dca19fb169cba041de0b68e075b1ac209df8754022c810f96165	3825.txt
George Bernard Shaw	3830	Overruled	Overruled_3830	fetched		96204	ba3696d6794160fc8fb27800dd34b379c2cdf2ee8c074bdb5fb7a7dae3673aaf	3830.txt
George Bernard Shaw	4003	Androcles and the Lion	Androcles-and-the-Lion_4003	fetched		113398	8546b7779fe5b1257c40459b8df8298a9d32fb65ad1f1468d8338b1d90dfc5c4	4003.txt
George Bernard Shaw	4004	On the Prospects of Christianity	On-the-Prospects-of-Christianity_4004	unavailable				
George Bernard Shaw	4023	Candida	Candida_4023	fetched		152620	c256f7b29b9dfe0d501ea9042df41e841704da4c1d16cdddf2b0b29c4709bbcd	4023.txt
George Bernard Shaw	4024	The Man of Destiny	The-Man-of-Destiny_4024	fetched		113128	115441d9abab940e79d29d64d156eee63f63136d5b259e72f4964eae5152d22e	4024.txt
George Bernard Shaw	5069	The Doctor's Dilemma: Preface on Doctors	The-Doctor-s-Dilemma-Preface-on-Doctors_5069	unavailable				
George Bernard Shaw	5070	The Doctor's Dilemma	The-Doctor-s-Dilemma_5070	fetched		205166	f8eff2aed75b62b83387d183005ae0a38ca7ca33e0fb065cef224ec5a21c5b53	5070.txt
George Bernard Shaw	5071	The Philanderer	The-Philanderer_5071	fetched		165190	ff098a1b24cba17af3fcd8d821515983158871fd1e95a6dc9dcf1c5a1d2b159a	5071.txt
George Bernard Shaw	5604	Getting Married	Getting-Married_5604	fetched		362069	20e5cfb348a055521835bcb1def84b5b222854a1457ec0cd49f3bb5d8bfe9513	5604.txt
George Bernard Shaw	5698	Fanny's First Play	Fanny-s-First-Play_5698	fetched		166660	b1c9a10b240fcde923c8fee9985abb963a0adbfd54695be00aed034cff9b93dd	5698.txt
George Bernard Shaw	5722	The Shewing-up of Blanco Posnet	The-Shewing-up-of-Blanco-Posnet_5722	fetched		226913	aaaf92913237a98819baeb94e79f62df9b0518202992e1dd477d8406633473d9	5722.txt
George Bernard Shaw	5723	Press Cuttings	Press-Cuttings_5723	fetched		90259	8b4a0104d3d338697baddcd1f9dff4af177dd3655e8c278fd164f7687dc48a67	5723.txt
George Bernard Shaw	5872	Cashel Byron's Profession	Cashel-Byron-s-Profession_5872	fetched		505351	25af4723363ffc953e9c19c896e465a334211a475712113cb902de9256ceb0a0	5872-0.txt
George Bernard Shaw	11354	The Irrational Knot	The-Irrational-Knot_11354	unavailable				
George Bernard Shaw	13084	Back to Methuselah: A Metabiological Pentateuch	Back-to-Methuselah-A-Metabiological-Pentateuch_13084	unavailable				
George Bernard Shaw	20336	The Miraculous Revenge	The-Miraculous-Revenge_20336	unavailable				
George Bernard Shaw	26107	Maxims for Revolutionists	Maxims-for-Revolutionists_26107	fetched		41783	f387480edaac6c8dccc796c65d0d417b7ba87a7ebbfdf31e824fea7d9b48bafe	26107-8.txt
George Bernard Shaw	26108	Revolutionist's Handbook and Pocket Companion	Revolutionist-s-Handbook-and-Pocket-Companion_26108	fetched		97239	db491bc94b3ccc7b5ab7342a6958d649e48b90ba8d7852184c19d68f0a01dc59	26108-8.txt
George Bernard Shaw	26798	The Genus Pinus	The-Genus-Pinus_26798	fetched		231823	1ff5ea2552155d3b878ef27234bb77c5d092172aef13aa9c59e3cb79cf9f8756	26798-8.txt
George Bernard Shaw	33085	The Admirable Bashville; Or, Constancy Unrewarded	The-Admirable-Bashville-Or-Constancy-Unrewarded_33085	unavailable				
George Bernard Shaw	45827	The Impossibilities of Anarchism	The-Impossibilities-of-Anarchism_45827	fetched		108079	8b5871796e0727f73c1f146d70097f74b9382c0a8486469f329812606c4c6095	45827-8.txt
George Bernard Shaw	46481	The Turkish Empire, Its Growth and Decay	The-Turkish-Empire-Its-Growth-and-Decay_46481	fetched		889922	2251edaba8942f55255f8fe2fa19bd9534b9bf1b4620565e37d6cdbb9106e626	46481-0.txt
George Bernard Shaw	51564	The Doctor's Dilemma	The-Doctor-s-Dilemma_51564	fetched		25501	d1ac0b21e8870ae333091bf4eb0b291d2781c910a2e8e63a322ec1bbbb51eb6b	51564.txt
George Bernard Shaw	51565	Major Barbara	Major-Barbara_51565	fetched		23187	28f56119d679dc8b4cf50a38bca1b6f1b586ccdc4a20e400dbf1b1915587adf5	51565.txt
George Bernard Shaw	54434	Heartbreak House	Heartbreak-House_54434	fetched		29055	46627ce28dba5ea64208aa98a96c00d9bb4ca9d35755991cb1ca461c8846ada6	54434.txt
George Canning	22081	Parodies of Ballad Criticism (1711-1787)	Parodies-of-Ballad-Criticism-1711-1787_22081	unavailable				
George Chapman	20356	Hero and Leander and Other Poems	Hero-and-Leander-and-Other-Poems_20356	fetched		138646	846056ad23eb2e88a706627231f9caa5a9a8df14e4917cf33d97d7a0b9f8f226	20356.txt
George Chapman	20890	Bussy D'Ambois and The Revenge of Bussy D'Ambois	Bussy-D-Ambois-and-The-Revenge-of-Bussy-D-Ambois_20890	fetched		541658	5078357abfc72247e77b3c5f17169b5d783de02c13ab3dae84f3fd82db15761c	20890-0.txt
George Eliot	145	Middlemarch	Middlemarch_145	fetched		1847718	13423f5590be43aabc2d383386d544dc121eca306ced42cf790346733968a7f8	145-8.txt
George Eliot	507	Adam Bede	Adam-Bede_507	fetched		1206576	c9bd99331b1d3689a76eba8c6c82aa0ded6fb216a00a269aecf1061a6f6720bb	507-0.txt
George Eliot	550	Silas Marner	Silas-Marner_550	fetched		420906	46b39559666acdce85bfbea4d98df3b3db0e044bcbacd22f4a55ba86be76a189	550.txt
George Eliot	2165	The Lifted Veil	The-Lifted-Veil_2165	fetched		120677	70f79c9d4fbc23b7ce3c20f079ddd6cdb8dc2d5d907960c8411a95b2a20c6ccc	2165.txt
George Eliot	2171	Brother Jacob	Brother-Jacob_2171	fetched		115658	f46db1ac90bf14533e1cb421cfefe43b5146b9c3f00dc4ce9f36fee8cdbbef2e	2171.txt
George Eliot	6688	The Mill on the Floss	The-Mill-on-the-Floss_6688	fetched		1185830	9b489d9d8b9d48f06b38447ef37610209ace1464fb783456d0391e4211105f02	6688-0.txt
George Eliot	7469	Daniel Deronda	Daniel-Deronda_7469	fetched		1794759	cb7deebfb983f07a817d5caef74a6e94fabb74bb8dae2d7384e11f70c576cbd0	7469-0.txt
George Eliot	8227	Middlemarch	Middlemarch_8227	unavailable				
George Eliot	9671	Daniel Deronda	Daniel-Deronda_9671	unavailable				
George Eliot	9672	Adam Bede	Adam-Bede_9672	unavailable				
George Eliot	9673	Brother Jacob	Brother-Jacob_9673	unavailable				
George Eliot	9674	The Lifted Veil	The-Lifted-Veil_9674	unavailable				
George Eliot	9675	The Mill on the Floss	The-Mill-on-the-Floss_9675	unavailable				
George Eliot	9676	Silas Marner	Silas-Marner_9676	unavailable				
George Eliot	10762	Impressions of Theophrastus Such	Impressions-of-Theophrastus-Such_10762	fetched		368372	c34c5e7801a9c9f0fdcf22c4ccffa41b6e287880d1329b7a68db076f82a87c1f	10762.txt
George Eliot	17780	Scenes of Clerical Life	Scenes-of-Clerical-Life_17780	fetched		848630	2e685746105f6c4ca41368179d54c7132f7c5e376acf00fc038fbef9ff6955c9	17780.txt
George Eliot	20742	O May I Join the Choir Invisible! and Other Favorite Poems	O-May-I-Join-the-Choir-Invisible-and-Other-Favorite-Poems_20742	unavailable				
George Eliot	20813	How Lisa Loved the King	How-Lisa-Loved-the-King_20813	fetched		49297	20924f3c36bc383c7dba4ed2148937364c51833d00eee70d3789cb6054322016	20813.txt
George Eliot	24020	Romola	Romola_24020	fetched		1316871	7c2afcd48abbb196b619c88e74ad29e9da2e4248dbe60641a7ef90c7bc4beea7	24020.txt
George Eliot	26269	Silas Marner	Silas-Marner_26269	unavailable				
George Eliot	28289	The Essays of "George Eliot"	The-Essays-of-George-Eliot_28289	unavailable				
George Eliot	30273	Tom and Maggie Tulliver	Tom-and-Maggie-Tulliver_30273	fetched		126876	193d005c63666b31838dc3713a2e7aa0f1602a52f6f049de4fab493755893784	30273.txt
George Eliot	40882	Felix Holt, the Radical	Felix-Holt-the-Radical_40882	fetched		1060583	fa5f7b1025397fddebe3789ac5306c4c6df7c7f87bc0948ad3b98b73be3d9255	40882-8.txt
George Eliot	43043	George Eliot's Life, as Related in Her Letters and Journals. Vol. 1 (of 3)	George-Eliot-s-Life-as-Related-in-Her-Letters-and-Journals-Vol-1-of-3_43043	unavailable				
George Eliot	43044	George Eliot's Life, as Related in Her Letters and Journals. Vol. 2 (of 3)	George-Eliot-s-Life-as-Related-in-Her-Letters-and-Journals-Vol-2-of-3_43044	unavailable				
George Eliot	43045	George Eliot's Life, as Related in Her Letters and Journals. Vol. 3 (of 3)	George-Eliot-s-Life-as-Related-in-Her-Letters-and-Journals-Vol-3-of-3_43045	unavailable				
George Eliot	58777	Index of the Project Gutenberg Works of George Eliot	Index-of-the-Project-Gutenberg-Works-of-George-Eliot_58777	fetched		32556	60d4690546fd638f95aff4cac3f9dc50c2f47d920c0c2d5d80e1a5b1ac661614	58777-0.txt
George Farquhar	21334	The Beaux-Stratagem	The-Beaux-Stratagem_21334	fetched		199320	b52f97bc9c5bbf580b19f92c7e42f4eee21dd86e483c7281c8755fabfea08339	21334-8.txt
George Farquhar	32419	The Constant Couple; Or, A Trip to the Jubilee: A Comedy, in Five Acts	The-Constant-Couple-Or-A-Trip-to-the-Jubilee-A-Comedy-in-Five-Acts_32419	unavailable				
George Farquhar	35961	The Inconstant	The-Inconstant_35961	fetched		130866	f9d96a83b9b11cfbda0f414eaccc5d4849e08919dc1fa89107b21f93259aa463	35961-8.txt
George Farquhar	37012	The Recruiting Officer	The-Recruiting-Officer_37012	fetched		142345	782112386b3f1b193e5a1bcf792904e31230681425db41859c50a315cb42ce8b	37012-8.txt
George Farquhar	37195	The Beaux-Stratagem: A comedy in five acts	The-Beaux-Stratagem-A-comedy-in-five-acts_37195	unavailable				
George Herbert	3481	The Life of George Borrow	The-Life-of-George-Borrow_3481	fetched		1008650	3bef668c1b8976fa603518c693284229b94b1f227619118970eea5868a7adefd	3481-0.txt
George Herbert	6101	The Nature of Goodness	The-Nature-of-Goodness_6101	fetched		268684	59f04bbe66b9faeabcf6793967280a739ed5a4037b57d85634b86d633eb06500	6101.txt
George Herbert	15800	How to Teach Religion	How-to-Teach-Religion_15800	unavailable				
George Herbert	16410	The Life-Story of Insects	The-Life-Story-of-Insects_16410	fetched		203518	bc8d2770cce8ea0df8a20276d165fbad48a166d6aabc20b115635745e514fab0	16410.txt
George Herbert	18698	The Recitation	The-Recitation_18698	fetched		148270	41e5fdb40c57a2394d1b49836e8786cab369e5d2b026c37a054153987b1a63eb	18698.txt
George Herbert	20220	The Mind and Its Education	The-Mind-and-Its-Education_20220	fetched		561598	b358fb3c2c0799ee9426e41322965f3808c8068f959c0fd0f2a801fc8cb6e53d	20220.txt
George Herbert	21213	New Ideals in Rural Schools	New-Ideals-in-Rural-Schools_21213	fetched		196997	cd2b390e78f786ef17282f6ae408da90b33220b13f03117169112bd104b838bd	21213.txt
George Herbert	22324	Pushed and the Return Push	Pushed-and-the-Return-Push_22324	fetched		550267	0da4ebb679f223636c462c2c0377a86907030eb76dccde395b3b400c5b3eafc5	22324-8.txt
George Herbert	28084	Malcolm Sage, Detective	Malcolm-Sage-Detective_28084	fetched		395600	57d32015979916d0535da821242cab0d0aef29574f3e7349478e12785eae8ca8	28084.txt
George Herbert	32285	Adventures of Bindle	Adventures-of-Bindle_32285	fetched		400436	4cbc3e5af635d335327d8a7f635ceaee6e0c5d92761e4eb728e8ca38f9b40e33	32285-8.txt
George Herbert	33261	Bindle: Some Chapters in the Life of Joseph Bindle	Bindle-Some-Chapters-in-the-Life-of-Joseph-Bindle_33261	unavailable				
George Herbert	33277	John Dene of Toronto: A Comedy of Whitehall	John-Dene-of-Toronto-A-Comedy-of-Whitehall_33277	unavailable				
George Herbert	33353	Patricia Brent, Spinster	Patricia-Brent-Spinster_33353	fetched		421397	19352fe237c94861864353a9150d8d1c963c0fecfe51219f86bf0292f80483e7	33353-8.txt
George Herbert	36774	The Teacher: Essays and Addresses on Education	The-Teacher-Essays-and-Addresses-on-Education_36774	unavailable				
George Herbert	37324	Mrs. Bindle: Some Incidents from the Domestic Life of the Bindles	Mrs-Bindle-Some-Incidents-from-the-Domestic-Life-of-the-Bindles_37324	unavailable				
George Herbert	45391	Southerly Busters	Southerly-Busters_45391	fetched		164441	522e4f48eaa73fa720314a0cb02b03f60bf56aa75ac2863afe7067e8b2648b2e	45391-8.txt
George Herbert	48382	Five Years' Explorations at Thebes	Five-Years-Explorations-at-Thebes_48382	unavailable				
George Herbert	52590	The Night Club	The-Night-Club_52590	fetched		415122	0b15f6b2514f4b8b11ea84a5d10ef695262635db703a16c6645d6f59f2ffdbfd	52590-0.txt
George Herbert	56335	Susan Proudleigh	Susan-Proudleigh_56335	fetched		509976	daaeb9cf15167b546bceecdaddd063e10e2206be4823c5f2631b99b22f3a66e5	56335-0.txt
George Herbert	57749	Altruism: Its Nature and Varieties	Altruism-Its-Nature-and-Varieties_57749	fetched		178297	8608bca5cb4ff4279aa29dd5b5d744d13b7f7faec860277deff1549de16ffe4d	57749-0.txt
George Herbert	60990	Gem-Stones and Their Distinctive Characters	Gem-Stones-and-Their-Distinctive-Characters_60990	fetched		504507	e18923f67b4c809072c390e8f3c8cde38d91b8301a8f5b49a2fcb68e4026a8f3	60990-0.txt
George Jean Nathan	20306	Europe After 8:15	Europe-After-8-15_20306	fetched		214953	fe14a1fd1b066d108ad7adbe43003b65896e307c29b004a814323f97994ef9bd	20306.txt
George Jean Nathan	23858	The American Credo	The-American-Credo_23858	unavailable				
George Jean Nathan	27660	A Book Without a Title	A-Book-Without-a-Title_27660	fetched		56293	d5352fa011bb47226d68ed685b47bdb77a834ddfd71273030798e7f5c32a7de1	27660-8.txt
George Jean Nathan	54970	Everglades Wildguide	Everglades-Wildguide_54970	unavailable				
George Jean Nathan	61281	Heliogabalus: A Buffoonery in Three Acts	Heliogabalus-A-Buffoonery-in-Three-Acts_61281	fetched		212420	29b0ff39e4605959635e5d0161f1316ab9f58d0f25a6970164b19f70bc9006a3	61281-8.txt
George Jean Nathan	63188	The Critic and the Drama	The-Critic-and-the-Drama_63188	fetched		167585	dd81c30c01914f7b898acd9fc4f274d50164a6fa5f02ad8b4267e09211ea0c6c	63188-0.txt
George Jean Nathan	66775	Bottoms Up: An Application of the Slapstick to Satire	Bottoms-Up-An-Application-of-the-Slapstick-to-Satire_66775	fetched		106206	37cc0e00406b3618efefefa3a78892d935ee113ba73c97509c4cf0e5b5ed0de5	66775-0.txt
George Pierce Baker	16568	Point Lace and Diamonds	Point-Lace-and-Diamonds_16568	fetched		106400	f848e1e5dd82d53d91dc3311c8d4f54b8ddf802e7ebc16598e4993eae9405958	16568-8.txt
George Pierce Baker	36580	Dramatic Technique	Dramatic-Technique_36580	fetched		1097688	3ebb9eff86f12e63122799af162502a038c117748446f40bcb181ba79afa6b69	36580.txt
George Pierce Baker	47826	A Tender Attachment: A Farce	A-Tender-Attachment-A-Farce_47826	fetched		61789	ec80c270992183e05fded85fdbb29af0cba04aa1fb9f3930eb960793ddfbe2fa	47826-0.txt
George Pierce Baker	47875	Santa Claus' Frolics	Santa-Claus-Frolics_47875	fetched		45058	e91a9128549efc551085ad03cc8a4a842afdbf2ed648e0b74269b7a231846ee6	47875-0.txt
George Pierce Baker	47934	An Old Man's Prayer	An-Old-Man-s-Prayer_47934	fetched		33044	fb414624fd19241e2a5567f4c9a07027daeb8d7842b9c7eceaf161f17602886c	47934.txt
George Pierce Baker	48538	Comrades: A Drama in Three Acts	Comrades-A-Drama-in-Three-Acts_48538	fetched		121747	d3f06bc2eaa1aecf918cf93dd654a5aa74c2fc6a74efa5f8b2dae4f2558be611	48538-0.txt
George Pierce Baker	48707	Gentlemen of the Jury: A Farce	Gentlemen-of-the-Jury-A-Farce_48707	fetched		62607	fc5ccd42b247acbbc34ad546a424dfadc19051a7a5069ec9f1a2035f989a6ea4	48707-0.txt
George Pierce Baker	48832	The Merry Christmas of the Old Woman who Lived in a Shoe	The-Merry-Christmas-of-the-Old-Woman-who-Lived-in-a-Shoe_48832	fetched		40316	21b8ef8b37cede581812098816308fed847653a80ccf330a10ea27a5552e6b07	48832.txt
George Pierce Baker	49170	Summer Days	Summer-Days_49170	fetched		74759	cfbf601bd72e6013083c3ecf5ea6b30823bfb6111994482ca94cfccaf84658de	49170-0.txt
George Pierce Baker	49198	Past Redemption: A Drama in Four Acts	Past-Redemption-A-Drama-in-Four-Acts_49198	fetched		111559	a828e32ca2c5c2008d92ec55b3029eb686299754aff0105f7409522c62b0bb42	49198.txt
George Pierce Baker	49281	Seeing the Elephant	Seeing-the-Elephant_49281	fetched		62146	9054a74bb5d13c36bbd581bb014ac22f35605c169e906b1e13c89fa3cc6ad8c9	49281-0.txt
George Pierce Baker	49295	After Taps	After-Taps_49295	fetched		126283	8915c1a62b25da37a27985b4bff4f7bcc5b176d4f85d0a2a30955d4caa4ea6d1	49295-0.txt
George Pierce Baker	49407	Nevada; or, The Lost Mine, A Drama in Three Acts	Nevada-or-The-Lost-Mine-A-Drama-in-Three-Acts_49407	fetched		143961	83fb08e9ae0f4f537c22fecdf6dd86b239b82c85c21da87719134573bc38712d	49407-0.txt
George Pierce Baker	49478	A Mysterious Disappearance: A Farce	A-Mysterious-Disappearance-A-Farce_49478	unavailable				
George Pierce Baker	49480	Poison: A Farce	Poison-A-Farce_49480	fetched		73824	cc3ceeb7775cb707a6f706b7581e532a85e44bc4206546533d211079d4774e97	49480-0.txt
George Pierce Baker	50246	Running to Waste: The Story of a Tomboy	Running-to-Waste-The-Story-of-a-Tomboy_50246	fetched		310259	b50772c8c5e1de835aef802b4f08476c5e87fc2a8d9533cfd406a2c83a5f4830	50246-0.txt
George Pierce Baker	52348	The Exhibition Drama	The-Exhibition-Drama_52348	unavailable				
George Pierce Baker	52512	The Duchess of Dublin: A Farce	The-Duchess-of-Dublin-A-Farce_52512	fetched		81944	412576d3fe14e081a0cd25af604bdbbaba9f00502781e1cf481aa24dd2386e68	52512-8.txt
George Pierce Baker	52665	The Boston Dip: A Comedy, in One Act	The-Boston-Dip-A-Comedy-in-One-Act_52665	fetched		73420	966f63809b96870ec27ab263286b6f5c2fd754ea765af9bee4f67dc8f0c40b19	52665-0.txt
George Pierce Baker	52764	Under a Veil: A Comedietta in One Act	Under-a-Veil-A-Comedietta-in-One-Act_52764	fetched		79611	ea3251c4023a0effda8735af73e10a1dab6c34d4898a4361cb2db0703fcbeac3	52764-0.txt
George Pierce Baker	54063	The Mimic Stage	The-Mimic-Stage_54063	unavailable				
George Pierce Baker	55395	Little Brown Jug	Little-Brown-Jug_55395	fetched		126459	f996a618a306389e3a2819b729269973d4b68e08d91d91674d60ac5956c11e22	55395-0.txt
George Pierce Baker	64879	The Spiritual Improvement of the Census	The-Spiritual-Improvement-of-the-Census_64879	unavailable				
George Pierce Baker	67031	A Letter to the Parishioners of Fulham	A-Letter-to-the-Parishioners-of-Fulham_67031	fetched		52513	482ea9a92c8a317e7db053ae552b0ca91b1491765e5fd01f6c047db4e7eb2c7d	67031-0.txt
George Sand	2194	Mauprat	Mauprat_2194	fetched		734198	905596c76d5b40db75a4403ae6629c0343367330694f7cf179b9e9ccd7783a08	2194-0.txt
George Sand	5115	The George Sand-Gustave Flaubert Letters	The-George-Sand-Gustave-Flaubert-Letters_5115	fetched		710500	c36e5339a7bb9671717efcf451d2f528683af2b42ede8539f4bc82cc5b616a88	5115.txt
George Sand	12816	The Devil's Pool	The-Devil-s-Pool_12816	fetched		235510	b9f36aff82c06756605a9b3d6d7ab54ecc0a3ac89eb0f04c2eb1bf146fc61e24	12816-8.txt
George Sand	21993	The Devil's Pool	The-Devil-s-Pool_21993	fetched		228992	826309ca6961d559968ff6b0f1736646d00bb0491b4e0d5c32c43d9dcb8f0946	21993-0.txt
George Sand	28810	The Devil's Pool	The-Devil-s-Pool_28810	unavailable				
George Sand	62338	The Countess of Rudolstadt	The-Countess-of-Rudolstadt_62338	unavailable				
George Sand	63083	The Marquis de Villemer	The-Marquis-de-Villemer_63083	fetched		560228	2ecf1b241fb2d088ac3bac2e87df48b909de22342e1907eba130010172d9d9db	63083-0.txt
George Sand	63445	Indiana	Indiana_63445	fetched		596825	11bd8c894f7424c8aa67277be7447f54d6c847c272674a6f6bc5f482be980393	63445-0.txt
George Sand	65170	Antonia	Antonia_65170	unavailable				
George Sand	66513	The Bagpipers	The-Bagpipers_66513	fetched		681662	00b4ddbd79849972b58aaacde5d5de41fb184c2e4f6b0b9a3fa7b7fa23525306	66513-0.txt
George Sand	67460	The Sin of Monsieur Antoine, Volume 1 (of 2)	The-Sin-of-Monsieur-Antoine-Volume-1-of-2_67460	fetched		588720	e84899fdcb825475420ba1cb7de4ab7f82543298f298f81212355e2dccaf62e0	67460-0.txt
George Sand	67461	The Sin of Monsieur Antoine, Volume 2 (of 2) and Leone Leoni	The-Sin-of-Monsieur-Antoine-Volume-2-of-2-and-Leone-Leoni_67461	fetched		600693	9df99688db162d51703f49bcd83bfff74d6a7a446ee70d2f23c03f4922cde732	67461-0.txt
George Sand	68045	She and he; Lavinia; Memoir	She-and-he-Lavinia-Memoir_68045	unavailable				
George Santayana	15000	The Life of Reason: The Phases of Human Progress	The-Life-of-Reason-The-Phases-of-Human-Progress_15000	unavailable				
George Santayana	16712	Some Turns of Thought in Modern Philosophy: Five Essays	Some-Turns-of-Thought-in-Modern-Philosophy-Five-Essays_16712	unavailable				
George Santayana	17771	Winds Of Doctrine: Studies in Contemporary Opinion	Winds-Of-Doctrine-Studies-in-Contemporary-Opinion_17771	unavailable				
George Santayana	26842	The Sense of Beauty: Being the Outlines of Aesthetic Theory	The-Sense-of-Beauty-Being-the-Outlines-of-Aesthetic-Theory_26842	unavailable				
George Santayana	28916	Some Turns of Thought in Modern Philosophy	Some-Turns-of-Thought-in-Modern-Philosophy_28916	unavailable				
George Santayana	34654	Character and Opinion in the United States	Character-and-Opinion-in-the-United-States_34654	fetched		290858	dc9e09802adce126e9532c2bf58e8d0cfae1619c916b8a137dbd7262c9bf44f3	34654-8.txt
George Santayana	35612	Three Philosophical Poets: Lucretius, Dante, and Goethe	Three-Philosophical-Poets-Lucretius-Dante-and-Goethe_35612	unavailable				
George Santayana	48429	Soliloquies in England, and Later Soliloquies	Soliloquies-in-England-and-Later-Soliloquies_48429	fetched		596145	c7e68410c996e66e2f9e0413bfd1512a7b6e8538c9e181ff7e5f6ac44f246a0a	48429.txt
George Santayana	48431	Egotism in German Philosophy	Egotism-in-German-Philosophy_48431	fetched		240849	2d074b6649ae8292873f44689293d502c2b3aa5bdbca6f13f26f7c82a5af11b6	48431.txt
George Santayana	48563	Interpretations of Poetry and Religion	Interpretations-of-Poetry-and-Religion_48563	fetched		431494	539e1ce7a541896aa2bc8d41e47fd714710b0da1511309c39a78d8c483885899	48563-8.txt
George Santayana	49721	Poems	Poems_49721	fetched		137346	25888eeaa4a5ac161513c227875b71a93a0f6ba8ba16586f13e92f1d787e3fb1	49721-8.txt
George Santayana	49888	A Hermit of Carmel, and Other Poems	A-Hermit-of-Carmel-and-Other-Poems_49888	fetched		187538	4a7f9451245b2096d71256f53e02367fe4554a20a78ea4df0598c4f34f3d1872	49888-8.txt
George Washington	1233	The Origin and Nature of the Emotions; Miscellaneous Papers	The-Origin-and-Nature-of-the-Emotions-Miscellaneous-Papers_1233	unavailable				
George Washington	2810	Plunkitt of Tammany Hall: a series of very plain talks on very practical politics, delivered by ex-Senator George Washington Plunkitt, the Tammany philosopher, from his rostrum—the New York County court house bootblack stand; Recorded by William L. Riordon	Plunkitt-of-Tammany-Hall-a-series-of-very-plain-talks-on-very-practical-politics-delivered-by-ex-Senator-George-Washington-Plunkitt-the-Tammany-philosopher-from-his-rostrumthe-New-York-County-court-house-bootblack-stand-Recorded-by-William-L-Riordon_2810	unavailable				
George Washington	9838	Strong Hearts	Strong-Hearts_9838	fetched		224539	670452348bd22fd4406a195e7bf7c9db1c66bb6d1a900824182c213b244899bd	9838.txt
George Washington	9839	The Cavalier	The-Cavalier_9839	fetched		483511	25731dde60e107e731d22b6af5e1132c80de47b14ae73ad28be99e9aae87fa20	9839-8.txt
George Washington	10234	Old Creole Days: A Story of Creole Life	Old-Creole-Days-A-Story-of-Creole-Life_10234	unavailable				
George Washington	11719	Kincaid's Battery	Kincaid-s-Battery_11719	fetched		641260	322c37a41f16c5b0c6cd72151cdd5876ebb65122af92ba865b468fde26e360ef	11719-8.txt
George Washington	12280	The Grandissimes	The-Grandissimes_12280	fetched		688633	a8634fbdc496928d73cbfd7d25d3cdfd895abb1a5341a3998a785aab89dd464f	12280-8.txt
George Washington	12577	Strange True Stories of Louisiana	Strange-True-Stories-of-Louisiana_12577	fetched		540730	8eeefe2053b99dc168d3533028ce1d1659b1fb1b71ec76b09d9f6771eb64ec2e	12577.txt
George Washington	14575	Bylow Hill	Bylow-Hill_14575	fetched		156789	e1b0ba57369ea731a0f7a18bb05f37bd3ca877f05d7aa080fecab033835d4aec	14575.txt
George Washington	15735	History of the Negro Race in America From 1619 to 1880. Vol 1	History-of-the-Negro-Race-in-America-From-1619-to-1880-Vol-1_15735	unavailable				
George Washington	15881	The Flower of the Chapdelaines	The-Flower-of-the-Chapdelaines_15881	fetched		341232	1b50ad3ea21d9786b66d1ba58d88cfb7b09a60f04dbb7b5eef71eac458bf6ccc	15881-8.txt
George Washington	16858	Wit, Humor, Reason, Rhetoric, Prose, Poetry and Story Woven into Eight Popular Lectures	Wit-Humor-Reason-Rhetoric-Prose-Poetry-and-Story-Woven-into-Eight-Popular-Lectures_16858	fetched		397838	281aff76f8a71a228508902ecd885646139f2c5a4ac71f5fdc33aeafac703239	16858.txt
George Washington	19348	Gideon's Band: A Tale of the Mississippi	Gideon-s-Band-A-Tale-of-the-Mississippi_19348	unavailable				
George Washington	19408	The Amateur Garden	The-Amateur-Garden_19408	fetched		234960	ab3157f0ddcde8b57447370e18b69fd722e3792721b80d0b6099fb94a970d4c2	19408-8.txt
George Washington	19703	Madame Delphine	Madame-Delphine_19703	fetched		133992	8331ba96c1f437f0533273e1d8b8397b9c5f71345e491bbbc8b5746ce4666315	19703-8.txt
George Washington	20712	Trail's End	Trail-s-End_20712	fetched		504009	7ca666945a1363d338c35efa9edd773b8d95599c1e1849c692f8f471fae81231	20712.txt
George Washington	21851	History of the Negro Race in America from 1619 to 1880. Vol. 2	History-of-the-Negro-Race-in-America-from-1619-to-1880-Vol-2_21851	unavailable				
George Washington	24078	Bonaventure: A Prose Pastoral of Acadian Louisiana	Bonaventure-A-Prose-Pastoral-of-Acadian-Louisiana_24078	unavailable				
George Washington	29439	Dr. Sevier	Dr-Sevier_29439	unavailable				
George Washington	29668	The Flockmaster of Poison Creek	The-Flockmaster-of-Poison-Creek_29668	fetched		478616	43b3ed844db48c68fe71033e1f330ec46f480677e5d9366dadb7df044ad0d90b	29668-8.txt
George Washington	31470	John March, Southerner	John-March-Southerner_31470	fetched		764343	a0a0f84e0c0e5af3da37eb4c0555c0ae2de46c806fa4b04e438f5af29953829a	31470-8.txt
George Washington Carver	5010	State of the Union Addresses	State-of-the-Union-Addresses_5010	fetched		123695	34ec767befffeb6dae466295a2ca8b2684403aa53f1cbcc5eeba812b3a76d818	5010.txt
George Washington Carver	12029	George Washington's Rules of Civility	George-Washington-s-Rules-of-Civility_12029	unavailable				
George Washington Carver	22089	The Liberty Minstrel	The-Liberty-Minstrel_22089	fetched		180181	a425d325c12ab2ef78c5976b33f0bbd33848c371165c55011b192e65757c14d7	22089-8.txt
George Washington Carver	22959	Political Recollections	Political-Recollections_22959	unavailable				
George Washington Carver	24537	History of the Confederate Powder Works	History-of-the-Confederate-Powder-Works_24537	fetched		83964	51767fe53e4bae0dd37bafdf2586ec53296a5d22512b839515e6cff967a14bea	24537.txt
George Washington Carver	24579	Woodcraft	Woodcraft_24579	fetched		229221	4f47831ec573fb456760e903f7173e8925d82c9d5ea59d137371a05ea37fa704	24579.txt
George Washington Carver	29748	The Duke Of Chimney Butte	The-Duke-Of-Chimney-Butte_29748	fetched		427757	8cccafae98a54b4138d410db9ed503a242847b0af9fcb09e366b194ae6c2edf8	29748-8.txt
George Washington Carver	29949	Washington's Masonic Correspondence	Washington-s-Masonic-Correspondence_29949	unavailable				
George Washington Carver	30485	The Rustler of Wind River	The-Rustler-of-Wind-River_30485	fetched		464701	526a40af4eff64144d3b1158b5979523cab6ebef18044379b0f2ad1573e6a226	30485-8.txt
George Washington Carver	30558	Claim Number One	Claim-Number-One_30558	fetched		513395	8f00ea0c8a5e6fe9b279ffba9394dc264ba22bc67becf049d6e7c41f833a5351	30558.txt
George Washington Carver	30567	The Bondboy	The-Bondboy_30567	fetched		669952	c6cb5a903abcec52ac4a4de1070925f5be01173cdde557cebbc4694fda06d4ff	30567.txt
George Washington Carver	34607	Woodcraft and Camping	Woodcraft-and-Camping_34607	fetched		239970	01f1e292bdea542733f6ebb45fa6fb09fe47d2a40868024a07dbe0e4042ac010	34607-8.txt
George Washington Carver	35332	Our Artist in Cuba	Our-Artist-in-Cuba_35332	unavailable				
George Washington Carver	35669	The Falls of Niagara and Other Famous Cataracts	The-Falls-of-Niagara-and-Other-Famous-Cataracts_35669	fetched		305062	d37e28f95cc1b173e69e721809b0736fe1fa3466ab5f47c26b072eb814deffa4	35669-8.txt
George Washington Carver	35777	Governor Winthrop's Return to Boston: An Interview with a Great Character	Governor-Winthrop-s-Return-to-Boston-An-Interview-with-a-Great-Character_35777	unavailable				
George Washington Carver	36348	Our Artist in Cuba, Peru, Spain and Algiers	Our-Artist-in-Cuba-Peru-Spain-and-Algiers_36348	unavailable				
George Washington Carver	37737	A History of the Republican Party	A-History-of-the-Republican-Party_37737	fetched		620140	96d8b7a72f163b6ddbbb21121cd5959ea5ea7c5458866ccb64e8ad4a4406b2c3	37737.txt
George Washington Carver	44955	A short history of Rhode Island	A-short-history-of-Rhode-Island_44955	fetched		688489	ba3666462b30cd66b6be352c811ae7ec4274f4748703beb81513fdd2fd9671b9	44955.txt
George Washington Carver	52320	Vocabulum; or The Rogue's Lexicon	Vocabulum-or-The-Rogue-s-Lexicon_52320	unavailable				
George Washington Carver	52395	Journal of my journey over the mountains	Journal-of-my-journey-over-the-mountains_52395	unavailable				
Georges Clemenceau	40618	The Surprises of Life	The-Surprises-of-Life_40618	fetched		375607	d16d6972a5239d625bfb518992c74d690117c0d318d238871d9f34480998fd1a	40618-8.txt
Georges Clemenceau	45621	South America To-day	South-America-To-day_45621	unavailable				
Gilbert K. Chesterton	130	Orthodoxy	Orthodoxy_130	fetched		382040	09e2fb4134ea452325c284e8eb1d5251bff0320c5e80fed779d5544ebab89b64	130.txt
Gilbert K. Chesterton	204	The Innocence of Father Brown	The-Innocence-of-Father-Brown_204	fetched		477692	8dde97c66d80dc47cc9df7888fcb2055da4ea87a1fd3c1b7d018ba6c4f7b5c14	204-0.txt
Gilbert K. Chesterton	223	The Wisdom of Father Brown	The-Wisdom-of-Father-Brown_223	fetched		434743	ee2835ad7a51a32c1886eba422828a7d4c136271ffbfd1042d067328d1659539	223-0.txt
Gilbert K. Chesterton	470	Heretics	Heretics_470	fetched		388739	d0ae11b8cb75d982ebf42ec80e773fe17e8768906f86b662261b9aef83b4abc4	470.txt
Gilbert K. Chesterton	1695	The Man Who Was Thursday: A Nightmare	The-Man-Who-Was-Thursday-A-Nightmare_1695	unavailable				
Gilbert K. Chesterton	1696	The Club of Queer Trades	The-Club-of-Queer-Trades_1696	fetched		275345	0a4c22db466b3cfd36ca0e0598f390630821b3be88d335ae2a8d53eec0347104	1696-0.txt
Gilbert K. Chesterton	1717	What's Wrong with the World	What-s-Wrong-with-the-World_1717	fetched		363760	8b701f908c723742ab07fc66c5059481e42687fc9a75409a31ea2afe251de233	1717-0.txt
Gilbert K. Chesterton	1718	Manalive	Manalive_1718	fetched		353609	2f92f96de9fa53e10b5931fa2af714dfc6dc8718d0600885d7ae48209f104ef4	1718.txt
Gilbert K. Chesterton	1719	The Ballad of the White Horse	The-Ballad-of-the-White-Horse_1719	fetched		141811	a94ec7b599f401129227a790476b6a845c0ef374898257da2d4b9ba4eefe0d04	1719.txt
Gilbert K. Chesterton	1720	The Man Who Knew Too Much	The-Man-Who-Knew-Too-Much_1720	fetched		354849	0ff8cf401f6345d9895627c91ac34f9c1f58b95acce4d7be21404c9d0d7f82c2	1720.txt
Gilbert K. Chesterton	1721	The Trees of Pride	The-Trees-of-Pride_1721	fetched		161356	18a0a83ba421c815f79c6cb6bcc63ed2491ea265645f8454179db628ad7de481	1721-0.txt
Gilbert K. Chesterton	2015	A Miscellany of Men	A-Miscellany-of-Men_2015	fetched		318308	8bb0cdbc57799949f58e4bdf2c6549f5f491e4a87b49b1f92a33347a6dd5de6b	2015-0.txt
Gilbert K. Chesterton	2134	Utopia of Usurers and Other Essays	Utopia-of-Usurers-and-Other-Essays_2134	fetched		207051	fa0ccfb5c7bc413c417cf2239596d6c3d96830fc77cd861663df6db6a74f2516	2134-0.txt
Gilbert K. Chesterton	5265	The Ball and the Cross	The-Ball-and-the-Cross_5265	fetched		477343	e9ab132a3395895e35b561f34f570554b75bba57a69aefa156f859113407a5dc	5265-0.txt
Gilbert K. Chesterton	8092	Tremendous Trifles	Tremendous-Trifles_8092	fetched		332562	1b61e2c87deda3032580ee363b87e7eceead0ba2c99770743d9404ae8110e6f6	8092-0.txt
Gilbert K. Chesterton	9656	Alarms and Discursions	Alarms-and-Discursions_9656	fetched		304231	220e286043df529b4c677300adcd9eb07645cffd47d8e058a9523b56829732f3	9656-0.txt
Gilbert K. Chesterton	11505	All Things Considered	All-Things-Considered_11505	fetched		359805	b4e3cf930dc7c605960bb160d0f8b8d015bcedc4f3902b17058dc3da33b46b9a	11505.txt
Gilbert K. Chesterton	11554	The Crimes of England	The-Crimes-of-England_11554	fetched		200379	5c388ef5383ddac26a606d0d72e0837933660e0951d750ae88af67a8fcc6af45	11554-8.txt
Gilbert K. Chesterton	11560	The Barbarism of Berlin	The-Barbarism-of-Berlin_11560	fetched		88265	4884adfa4d6e3b296dd4acff7c0cd706515d4e9d5d0a247c93e30a430661ba26	11560.txt
Gilbert K. Chesterton	11605	The Appetite of Tyranny: Including Letters to an Old Garibaldian	The-Appetite-of-Tyranny-Including-Letters-to-an-Old-Garibaldian_11605	unavailable				
Gilbert K. Chesterton	12037	The Wild Knight and Other Poems	The-Wild-Knight-and-Other-Poems_12037	fetched		91306	6ed43d0232ab3310702be5935c86adf7e9271d7223add72c79d814b65a2ee10a	12037-8.txt
Gilbert K. Chesterton	12245	The Defendant	The-Defendant_12245	fetched		177132	0cf9510fa614f8d30056bbf4d2372b4084dd7dc44d14f492251a2f1bc71d5194	12245-8.txt
Gilbert K. Chesterton	12491	Twelve Types	Twelve-Types_12491	fetched		173645	23cfa0094884eb157a9896da04e17b6fb6f13139973a65fc54ad53a4b5b27aed	12491.txt
Gilbert K. Chesterton	13342	Robert Browning	Robert-Browning_13342	fetched		376220	99d064d72ad5d1fbe49b643f6698a93c518c475ff0d249da4d096741e834c72a	13342.txt
Gilbert K. Chesterton	13468	The New Jerusalem	The-New-Jerusalem_13468	fetched		544047	ae498cdeb23124982c3264b635d23098b052ea5be5dfe60176a17691be02b7d1	13468.txt
Gilbert K. Chesterton	14203	Varied Types	Varied-Types_14203	fetched		247086	a416fe9d416db0bba01d29a0e55ca2c0cd23bc9a1266584f58da986d52f0c5f6	14203.txt
Gilbert K. Chesterton	14706	Greybeards at Play: Literature and Art for Old Gentlemen	Greybeards-at-Play-Literature-and-Art-for-Old-Gentlemen_14706	unavailable				
Gilbert K. Chesterton	16769	Orthodoxy	Orthodoxy_16769	fetched		378774	173bba457435665e6d68089e4af29f9e35269f6934b3d317d930b2e13debe41f	16769-0.txt
Gilbert K. Chesterton	18639	The Victorian Age in Literature	The-Victorian-Age-in-Literature_18639	fetched		267107	eab68ec17d2de954198a2ca1dab260bc18560c2466afa76c5ec89785738e62c2	18639-0.txt
Gilbert K. Chesterton	19094	Magic	Magic_19094	unavailable				
Gilbert K. Chesterton	19535	George Bernard Shaw	George-Bernard-Shaw_19535	fetched		322849	f7bb4142d28ff9c9a26dea184c6ee1f681ed6635a6d4debb7dbb0ef4f490e90d	19535.txt
Gilbert K. Chesterton	20058	The Napoleon of Notting Hill	The-Napoleon-of-Notting-Hill_20058	fetched		337525	d364e4440586480f3af74f1baeca20220907b064fbb5024cf8e14fd2abf1a01a	20058-8.txt
Gilbert K. Chesterton	20897	A Short History of England	A-Short-History-of-England_20897	fetched		370418	a4c65594a78a2a9ff007e8690a58c0f14652d51afa76ccffdbf04a0809fe85c0	20897.txt
Gilbert K. Chesterton	21522	The Innocence of Father Brown	The-Innocence-of-Father-Brown_21522	unavailable				
Gilbert K. Chesterton	21525	The Man Who Knew Too Much	The-Man-Who-Knew-Too-Much_21525	unavailable				
Gilbert K. Chesterton	21603	The Wisdom of Father Brown	The-Wisdom-of-Father-Brown_21603	unavailable				
Gilbert K. Chesterton	22362	Appreciations and Criticisms of the Works of Charles Dickens	Appreciations-and-Criticisms-of-the-Works-of-Charles-Dickens_22362	fetched		451556	8cca43d11a43745789be8acf6a22d8e91c76dad1b086330786377f49a02d514a	22362.txt
Gilbert K. Chesterton	23723	The Man Who was Thursday, A Nightmare	The-Man-Who-was-Thursday-A-Nightmare_23723	unavailable				
Gilbert K. Chesterton	25308	Eugenics and Other Evils	Eugenics-and-Other-Evils_25308	fetched		299786	18ae67cc72393c16b81e5a0020ab3c9053be93c808d0b81088dc06ab2c2cb733	25308.txt
Gilbert K. Chesterton	25795	Lord Kitchener	Lord-Kitchener_25795	fetched		69751	55fae04e465aedfe28ba796fc71f85ab7cd5ffbc64cef9d04837fe556b1aa78c	25795.txt
Gilbert K. Chesterton	27250	What I Saw in America	What-I-Saw-in-America_27250	fetched		539268	d08101d3cb6358c7c2a16dc82df6760023f841b57a8e0bb5b109f888bfa446c3	27250-8.txt
Gilbert K. Chesterton	31184	Poems	Poems_31184	fetched		126504	234d125eee5eef5cb06a9a9edfeb1b24ed5bf925b5ea4b6dbcddd8f3a385535d	31184-8.txt
Gilbert K. Chesterton	32167	The Ballad of St. Barbara, and Other Verses	The-Ballad-of-St-Barbara-and-Other-Verses_32167	unavailable				
Gilbert K. Chesterton	35115	Wine, Water, and Song	Wine-Water-and-Song_35115	fetched		43681	bd6648402b0737c5a1595085803f3bfa680accc5decd6408e439a176efd2e5ee	35115-8.txt
Gilbert K. Chesterton	45811	A Chesterton Calendar	A-Chesterton-Calendar_45811	fetched		255589	a55012edb375e44c095190d773e800551b7aeecd90ca5188517b77ad2c9750d9	45811-8.txt
Gilbert K. Chesterton	58032	Index of the Project Gutenberg Works of Gilbert K. Chesterton	Index-of-the-Project-Gutenberg-Works-of-Gilbert-K-Chesterton_58032	fetched		51328	80b3ee32d42bd97e868319d210b47a9aafc769140703fb56fa2808d45ced6df3	58032-0.txt
Gilbert K. Chesterton	59239	The Flying Inn	The-Flying-Inn_59239	fetched		546376	f1d4a949545b48f398e24c4ec4ee069854603131064c55165b51d645da17d35c	59239-0.txt
Gilbert K. Chesterton	60057	The Uses of Diversity: A book of essays	The-Uses-of-Diversity-A-book-of-essays_60057	fetched		326472	be53471386466d9eee3c0971b0fcec2f42a1a78075d3fb8c28c7d1fe5c8591e6	60057-0.txt
Gilbert K. Chesterton	60164	Fancies Versus Fads	Fancies-Versus-Fads_60164	fetched		416569	42eb8ddb2937b4f2887df17cf32213598e01cc1714531558ebe4a5430820d4d5	60164-0.txt
Gilbert K. Chesterton	61758	Irish Impressions	Irish-Impressions_61758	fetched		259145	b598ca0752585299a25c9795b4ae192d58aabec1c679aa292ee31fe8945c64c5	61758-0.txt
Gilbert K. Chesterton	61760	Charles Dickens	Charles-Dickens_61760	fetched		92322	2d387b28a306640ef62d18a8df41b1111c7c72557cf460b0bc95c24a35cab29d	61760-0.txt
Gilbert K. Chesterton	61764	Tennyson	Tennyson_61764	fetched		72468	daa3338a7dc48e80238d0733c6cf912604c7641c1266e14bec44354928b4fd9c	61764-0.txt
Gilbert K. Chesterton	62048	London	London_62048	fetched		31990	b7f2147f84f5b0f4d49eccd389b0b17b7c7c27b37165e6011b1cc05d39229f63	62048-0.txt
Gilbert K. Chesterton	62086	Thackeray	Thackeray_62086	fetched		81179	7ae144b90dcff9e7ecbf40b97cc9b65bb723e1d3469681cf4d4c72d265961493	62086-0.txt
Gilbert K. Chesterton	62467	Divorce versus Democracy	Divorce-versus-Democracy_62467	fetched		43739	00ea860a942457b558846cfee6a3090b1df6568632f1112ad7895b20e2093992	62467-0.txt
Gilbert K. Chesterton	62680	The Superstition of Divorce	The-Superstition-of-Divorce_62680	fetched		159173	4d13b2a90d71a6949609e6b4d3126c21689d4377f02bfc97690bc625a61ca5dd	62680-0.txt
Gilbert K. Chesterton	63084	St. Francis of Assisi	St-Francis-of-Assisi_63084	fetched		270442	424a091fb9b316ec6eb0b76f8bd1e39cd25f229874a57502409d77d5dcc3a05a	63084-0.txt
Gilbert K. Chesterton	64074	G. F. Watts	G-F-Watts_64074	fetched		150460	f7ec7bee07dca75bdbae910a29bd5b24d0924b84fb30ece5a5354958d48bfd27	64074-0.txt
Gilbert K. Chesterton	65688	The Everlasting Man	The-Everlasting-Man_65688	fetched		624819	d5d4f912c2e31f3051cfb4d2e7b52271e46fd2e0256e6ca46a41313a7f770ef0	65688-0.txt
Gilbert K. Chesterton	67639	William Blake	William-Blake_67639	fetched		197467	63650c2a1ed2878ea9f23f3dba6cddc1d0ec0c3e430f0544770386a59dce4afd	67639-0.txt
Gilbert Parker	3746	The Judgment House	The-Judgment-House_3746	fetched		853194	fe0c3bff942b4853124d584a2edb9fdafe64655e537decbb18fb1e064a194289	3746.txt
Gilbert Parker	6174	Pierre and His People: Tales of the Far North. Volume 1.	Pierre-and-His-People-Tales-of-the-Far-North-Volume-1_6174	fetched		130710	1779bf12740ce3c0c5e4d8232a613aabe3a36d0c83629d977ce45cb91f03ee75	6174.txt
Gilbert Parker	6175	Pierre and His People: Tales of the Far North. Volume 2.	Pierre-and-His-People-Tales-of-the-Far-North-Volume-2_6175	fetched		126592	58bb04d13f2cb2520c98d22bd87ab0cc49e8e326858ced26e516c4fde7a417f7	6175.txt
Gilbert Parker	6176	Pierre and His People: Tales of the Far North. Volume 3.	Pierre-and-His-People-Tales-of-the-Far-North-Volume-3_6176	fetched		116422	1c638174d1bfd0afe26a1431bc246d608941cae6b87ac8417837c66b9a76ae0d	6176.txt
Gilbert Parker	6177	Pierre and His People: Tales of the Far North. Volume 4.	Pierre-and-His-People-Tales-of-the-Far-North-Volume-4_6177	fetched		113416	42b5090050bdc2f60cc3b18e0cdf074f595f6038287b53d8957df8302798a75b	6177.txt
Gilbert Parker	6178	Pierre and His People: Tales of the Far North. Volume 5.	Pierre-and-His-People-Tales-of-the-Far-North-Volume-5_6178	fetched		104147	101eef2f89f51a7a1e90c55e5e21aa878f67b027e6f0fa8a877787f9b5c4552a	6178.txt
Gilbert Parker	6179	Pierre and His People: Tales of the Far North. Complete	Pierre-and-His-People-Tales-of-the-Far-North-Complete_6179	unavailable				
Gilbert Parker	6180	A Romany of the Snows, vol. 1	A-Romany-of-the-Snows-vol-1_6180	unavailable				
Gilbert Parker	6181	A Romany of the Snows, vol. 2	A-Romany-of-the-Snows-vol-2_6181	unavailable				
Gilbert Parker	6182	A Romany of the Snows, vol. 3	A-Romany-of-the-Snows-vol-3_6182	unavailable				
Gilbert Parker	6183	A Romany of the Snows, vol. 4	A-Romany-of-the-Snows-vol-4_6183	unavailable				
Gilbert Parker	6184	A Romany of the Snows, vol. 5	A-Romany-of-the-Snows-vol-5_6184	unavailable				
Gilbert Parker	6185	A Romany of the Snows, Complete	A-Romany-of-the-Snows-Complete_6185	unavailable				
Gilbert Parker	6186	Northern Lights, Volume 1.	Northern-Lights-Volume-1_6186	fetched		146028	ce8b65fce9b228f577f7bdb99f2668fd9ee13d48b88587fd1666da914c7bc62d	6186.txt
Gilbert Parker	6187	Northern Lights, Volume 2.	Northern-Lights-Volume-2_6187	fetched		172153	e75978c507bfae2e76e3e16fe0b74ecbdfb6135444f60f20c41bf4a22fb7b68f	6187.txt
Gilbert Parker	6188	Northern Lights, Volume 3.	Northern-Lights-Volume-3_6188	fetched		114369	9104534e281ba0641a39327e30bf3658a9bb742a7f11007440f6d73d3201edf3	6188.txt
Gilbert Parker	6189	Northern Lights, Volume 4.	Northern-Lights-Volume-4_6189	fetched		153904	2ad4dea366085877e145f53aa1733829a53b0ad386a0a71716a916c5007acdad	6189.txt
Gilbert Parker	6190	Northern Lights, Volume 5.	Northern-Lights-Volume-5_6190	fetched		113834	01857532fef67237b1ed3ba068d69e1c4b69e620c313991b604acc9a38f82c21	6190.txt
Gilbert Parker	6191	Northern Lights, Complete	Northern-Lights-Complete_6191	fetched		637655	77cef9ad287340aaff2859ff7828c39199a5681210f664c9ad3c55de7f5a6653	6191-0.txt
Gilbert Parker	6192	Mrs. Falchion, Volume 1.	Mrs-Falchion-Volume-1_6192	fetched		277554	8478cdcf473718f93fe234700f5bc10a1b004269ecd8f47523285fa7a3b9232b	6192.txt
Gilbert Parker	6193	Mrs. Falchion, Volume 2.	Mrs-Falchion-Volume-2_6193	fetched		272489	4d10fb8a9adc13d9cad4b1888c840ef916bcdc914574c20697796285c043c0a5	6193.txt
Gilbert Parker	6194	Mrs. Falchion, Complete	Mrs-Falchion-Complete_6194	unavailable				
Gilbert Parker	6195	Cumner's Son and Other South Sea Folk — Volume 01	Cumner-s-Son-and-Other-South-Sea-Folk-Volume-01_6195	fetched		119310	fd760aa812d6fed598ea5f47bd27faddb4a8024dd9625c324db21995be587568	6195.txt
Gilbert Parker	6196	Cumner's Son and Other South Sea Folk — Volume 02	Cumner-s-Son-and-Other-South-Sea-Folk-Volume-02_6196	fetched		105941	bd1ee24efb8a5502bb16b1e1f182a57c0e1c4a4c1609984f7249b8fd9e2abcc9	6196.txt
Gilbert Parker	6197	Cumner's Son and Other South Sea Folk — Volume 03	Cumner-s-Son-and-Other-South-Sea-Folk-Volume-03_6197	fetched		94711	295746e1a1000ca68c6393ab6ddb04485636a63a6b7919dd19886bb1f3ef8853	6197.txt
Gilbert Parker	6198	Cumner's Son and Other South Sea Folk — Volume 04	Cumner-s-Son-and-Other-South-Sea-Folk-Volume-04_6198	fetched		117140	4139043dac21d51350b1e22b59b3d3c04c6b709f7aa15b055ffbb665aee2750e	6198.txt
Gilbert Parker	6199	Cumner's Son and Other South Sea Folk — Volume 05	Cumner-s-Son-and-Other-South-Sea-Folk-Volume-05_6199	fetched		66736	6dfb82ff9a5c1687a95efdaa12a886c358eba56f5adc0c0071a119db5a0ba378	6199.txt
Gilbert Parker	6201	Cumner's Son and Other South Sea Folk — Complete	Cumner-s-Son-and-Other-South-Sea-Folk-Complete_6201	unavailable				
Gilbert Parker	6202	When Valmond Came to Pontiac: The Story of a Lost Napoleon. Volume 1.	When-Valmond-Came-to-Pontiac-The-Story-of-a-Lost-Napoleon-Volume-1_6202	fetched		106614	12b5527aac2ed96ccc1366c8bee014877a3b07c40feeea4b6247f6e847b9c27c	6202.txt
Gilbert Parker	6203	When Valmond Came to Pontiac: The Story of a Lost Napoleon. Volume 2.	When-Valmond-Came-to-Pontiac-The-Story-of-a-Lost-Napoleon-Volume-2_6203	fetched		122682	facaf3dca797f90d0e0a51251092f90bbf637b9906786e2558f255f568bf8016	6203.txt
Gilbert Parker	6204	When Valmond Came to Pontiac: The Story of a Lost Napoleon. Volume 3.	When-Valmond-Came-to-Pontiac-The-Story-of-a-Lost-Napoleon-Volume-3_6204	fetched		106982	8252fb53ad6767c0ef557438ad404b2587f68ddaf59a79e8e9924289940590c7	6204.txt
Gilbert Parker	6205	When Valmond Came to Pontiac: The Story of a Lost Napoleon. Complete	When-Valmond-Came-to-Pontiac-The-Story-of-a-Lost-Napoleon-Complete_6205	unavailable				
Gilbert Parker	6206	The Trail of the Sword, Volume 1	The-Trail-of-the-Sword-Volume-1_6206	fetched		103865	645f0331b083a6bc00c5ff7c40091e461011b27137f0b14be8098dd2a3986c44	6206.txt
Gilbert Parker	6207	The Trail of the Sword, Volume 2	The-Trail-of-the-Sword-Volume-2_6207	fetched		104591	fe6b2e6ccbc27d250bc04f4e2b91123e65c8b479b9a48ad6a558b8138fb3afda	6207.txt
Gilbert Parker	6208	The Trail of the Sword, Volume 3	The-Trail-of-the-Sword-Volume-3_6208	fetched		88439	65a316071837895b444b44636be634173a364ba418f822fee7e1ab6ed91719a6	6208.txt
Gilbert Parker	6209	The Trail of the Sword, Volume 4	The-Trail-of-the-Sword-Volume-4_6209	fetched		79626	9bfaa143d72dfd40728a3a4c1cba811b2287878453fae7862cd8692a053c7b59	6209.txt
Gilbert Parker	6210	The Trail of the Sword, Complete	The-Trail-of-the-Sword-Complete_6210	fetched		337703	af1f516e048bb34aab055af016d10a110b14fb948f89cd4bfa5a4565ffb6ad89	6210-0.txt
Gilbert Parker	6211	The Translation of a Savage, Volume 1	The-Translation-of-a-Savage-Volume-1_6211	fetched		129880	29a75bb3b64bf9a5fca01fc33558b707101a04848698d911c3543ba485e7d363	6211.txt
Gilbert Parker	6212	The Translation of a Savage, Volume 2	The-Translation-of-a-Savage-Volume-2_6212	fetched		85860	09991a8297ed6a824e1112870143bf8fd7219404d46af10affee2b9fd881dc7a	6212.txt
Gilbert Parker	6213	The Translation of a Savage, Volume 3	The-Translation-of-a-Savage-Volume-3_6213	fetched		120904	ea57b544327e3147af00909c2f2a6ff2d227ecce8514533e72a9ac2d03e9e6ad	6213.txt
Gilbert Parker	6214	The Translation of a Savage, Complete	The-Translation-of-a-Savage-Complete_6214	fetched		311563	80eebcd534946d3c788b3d72ae3c8cda925b1294ff9b2c0be9f441788a31c3e5	6214-0.txt
Gilbert Parker	6215	The Pomp of the Lavilettes, Volume 1	The-Pomp-of-the-Lavilettes-Volume-1_6215	fetched		117370	62e7c7131f68501b19a35f9a4e0c5a74b46a3a5716a2fb0f8c625ecf5cb33e11	6215.txt
Gilbert Parker	6216	The Pomp of the Lavilettes, Volume 2	The-Pomp-of-the-Lavilettes-Volume-2_6216	fetched		134045	2f457a0ae03398f74185e02994ee097c9598c05f1192d7389db8b9cfd09a1f11	6216.txt
Gilbert Parker	6217	The Pomp of the Lavilettes, Complete	The-Pomp-of-the-Lavilettes-Complete_6217	fetched		242679	e910a9f33b1bec1381f640d7c58cd4a3d0e0de2aedb8c3a080eca48b33ac9ba9	6217-0.txt
Gilbert Parker	6218	At the Sign of the Eagle	At-the-Sign-of-the-Eagle_6218	fetched		79625	1a7d4d7b564651a3dd90a0a917aba971d3a3d941ea12ccce75a814da8868c090	6218-0.txt
Gilbert Parker	6219	The Trespasser, Volume 1	The-Trespasser-Volume-1_6219	fetched		131918	ac08129540b19c9c3f2b549b112e3f5bcf55d10ac1bada8845e1c08081b0b2c5	6219.txt
Gilbert Parker	6220	The Trespasser, Volume 2	The-Trespasser-Volume-2_6220	fetched		118747	8cba040f2b7c8d49f7fb510db3c56a36449e0f830dd5a94adf94c13005e1e74a	6220.txt
Gilbert Parker	6221	The Trespasser, Volume 3	The-Trespasser-Volume-3_6221	fetched		142997	f76db26fe1d55d044b5814e8f2b4f122b97f772b2033b3a37299168dc7fa1160	6221.txt
Gilbert Parker	6222	The Trespasser, Complete	The-Trespasser-Complete_6222	fetched		370578	3ec386de36e3aa6a07a6b789e5f76ae2ca68fa8d31fd927f5d609261d6d4bec4	6222-0.txt
Gilbert Parker	6223	The March of the White Guard	The-March-of-the-White-Guard_6223	fetched		89811	7129dd16789f49511c107e7fc737f0e110f5bb1f306b892d7d014c28aee25dc6	6223-0.txt
Gilbert Parker	6224	The Seats of the Mighty, Volume 1	The-Seats-of-the-Mighty-Volume-1_6224	fetched		162426	8c9eb8fc1c900fac54ff2bc8ac0fa3798251e669e3850befca3a7795d65d1786	6224.txt
Gilbert Parker	6225	The Seats of the Mighty, Volume 2	The-Seats-of-the-Mighty-Volume-2_6225	fetched		169798	544078b353e16985fffb9178a94279573ba5a0cffa40a92d4a6b58f0a000644e	6225.txt
Gilbert Parker	6226	The Seats of the Mighty, Volume 3	The-Seats-of-the-Mighty-Volume-3_6226	fetched		151875	f5a05ea3bc324516f57b19db637997cf8c63dd822fb8f32c81e9543ee089bf65	6226.txt
Gilbert Parker	6227	The Seats of the Mighty, Volume 4	The-Seats-of-the-Mighty-Volume-4_6227	fetched		147353	fd4d520230472774d9990f28974b20016a2343c3a31f6642465dbcafffbc01f4	6227.txt
Gilbert Parker	6228	The Seats of the Mighty, Volume 5	The-Seats-of-the-Mighty-Volume-5_6228	fetched		140283	e612fb781e418af4db2df319be4ead564c50c734674b0020865af4212179231c	6228.txt
Gilbert Parker	6229	The Seats of the Mighty, Complete	The-Seats-of-the-Mighty-Complete_6229	fetched		724650	cb71411839785615d024be1e63ed17a51a555cd8b544aa12ce9dd80905e92dac	6229-0.txt
Gilbert Parker	6230	The Battle of the Strong: A Romance of Two Kingdoms — Volume 1	The-Battle-of-the-Strong-A-Romance-of-Two-Kingdoms-Volume-1_6230	fetched		142117	52d3f719d6204ceaccc9a6367e05d134fa59aa6a732b17f9135a1a407a069381	6230.txt
Gilbert Parker	6231	The Battle of the Strong: A Romance of Two Kingdoms — Volume 2	The-Battle-of-the-Strong-A-Romance-of-Two-Kingdoms-Volume-2_6231	fetched		131499	ffb41ff3df9a443b7b3e10d4e1779b572d546860fc6d736d8eb44345e605813b	6231.txt
Gilbert Parker	6232	The Battle of the Strong: A Romance of Two Kingdoms — Volume 3	The-Battle-of-the-Strong-A-Romance-of-Two-Kingdoms-Volume-3_6232	fetched		145276	c28b2699fde1b08a14e17716ce3b3dc896a1aa69394bf9d5044db01343004946	6232.txt
Gilbert Parker	6233	The Battle of the Strong: A Romance of Two Kingdoms — Volume 4	The-Battle-of-the-Strong-A-Romance-of-Two-Kingdoms-Volume-4_6233	fetched		148902	8b4a5ffa7b7b926c64a3362398494fc4271077babc9f66ae6548c3d923925096	6233.txt
Gilbert Parker	6234	The Battle of the Strong: A Romance of Two Kingdoms — Volume 5	The-Battle-of-the-Strong-A-Romance-of-Two-Kingdoms-Volume-5_6234	fetched		110099	b41473ddad1a5076f8433b63530c911b7ecc08f11dc221454d065e3ceda2222f	6234.txt
Gilbert Parker	6235	The Battle of the Strong: A Romance of Two Kingdoms — Volume 6	The-Battle-of-the-Strong-A-Romance-of-Two-Kingdoms-Volume-6_6235	fetched		135013	f05047c9741346d9e0b58ec506c838dee67923dae62d2d8460cd431b11e14b04	6235.txt
Gilbert Parker	6236	The Battle of the Strong: A Romance of Two Kingdoms — Complete	The-Battle-of-the-Strong-A-Romance-of-Two-Kingdoms-Complete_6236	unavailable				
Gilbert Parker	6237	The Lane That Had No Turning, Volume 1	The-Lane-That-Had-No-Turning-Volume-1_6237	fetched		163209	27603b286355f22403cbe85f2182f3bb508629179b2939b4dba731a96388c2fe	6237.txt
Gilbert Parker	6238	The Lane That Had No Turning, Volume 2	The-Lane-That-Had-No-Turning-Volume-2_6238	fetched		93278	ee5b205344c7b519f7aeb14660d75051a24db4d5b965a21af8f3cd8ab894bcc3	6238.txt
Gilbert Parker	6239	The Lane That Had No Turning, Volume 3	The-Lane-That-Had-No-Turning-Volume-3_6239	fetched		113260	45bd3ab6b93276d22a07c6402b2563ee910e3760c14b4e55023138340963bbe5	6239.txt
Gilbert Parker	6240	The Lane That Had No Turning, Volume 4	The-Lane-That-Had-No-Turning-Volume-4_6240	fetched		142570	3649c5ccc91da2df75ef83b7a95846b9f176d8d5d325759c9d9ff75dd684ae72	6240.txt
Gilbert Parker	6241	The Lane That Had No Turning, Complete	The-Lane-That-Had-No-Turning-Complete_6241	fetched		475312	4aff585c05c70abd481550a4a23809d28ff11987b098728e2130c5da1349fb64	6241-0.txt
Gilbert Parker	6242	Parables of a Province	Parables-of-a-Province_6242	fetched		120894	91fbeca0f26572e08bad47b0d69805ec978e72aabf2a63aa094cfbb3dc83f36d	6242-0.txt
Gilbert Parker	6243	The Right of Way — Volume 01	The-Right-of-Way-Volume-01_6243	fetched		142515	ebfe90278e95262d64e31794599b525e03579f163493a113f209c9de071b37ed	6243.txt
Gilbert Parker	6244	The Right of Way — Volume 02	The-Right-of-Way-Volume-02_6244	fetched		144109	62393ea2159af1a41d7785d2a039894939ce3ae3b4a333c4cc5487cfae2fc7fa	6244.txt
Gilbert Parker	6245	The Right of Way — Volume 03	The-Right-of-Way-Volume-03_6245	fetched		130560	bb1e0a873af628b43ab8dc34de685cd47b89a8d940dc0f443adfa045652b054a	6245.txt
Gilbert Parker	6246	The Right of Way — Volume 04	The-Right-of-Way-Volume-04_6246	fetched		144080	6387fd6f5a64a8f7a77d464a45a9aeee3ec98a16bb8b61dd1e3dd5f38e48f289	6246.txt
Gilbert Parker	6247	The Right of Way — Volume 05	The-Right-of-Way-Volume-05_6247	fetched		112149	ed6c27efb2d5c59328b7dd9097848b0835ba8346b4356988ef24ead6282ccd1d	6247.txt
Gilbert Parker	6248	The Right of Way, Volume 6	The-Right-of-Way-Volume-6_6248	unavailable				
Gilbert Parker	6249	The Right of Way — Complete	The-Right-of-Way-Complete_6249	unavailable				
Gilbert Parker	6250	Michel and Angele [A Ladder of Swords] — Volume 1	Michel-and-Angele-A-Ladder-of-Swords-Volume-1_6250	fetched		105190	33615ae4f240b26135de8e9adce3e3fc80278006fc3bd2a063baf99fb736b589	6250.txt
Gilbert Parker	6251	Michel and Angele [A Ladder of Swords] — Volume 2	Michel-and-Angele-A-Ladder-of-Swords-Volume-2_6251	fetched		113275	83ca443f85f3d12763f9e208230d070c461e1d6ad724e5442bf7639154cb63b3	6251.txt
Gilbert Parker	6252	Michel and Angele [A Ladder of Swords] — Volume 3	Michel-and-Angele-A-Ladder-of-Swords-Volume-3_6252	fetched		117792	ff0133085a711dc2b6c5de3ec93504d214ddf9a9f4678adce320bf1fcc8f41e2	6252.txt
Gilbert Parker	6253	Michel and Angele [A Ladder of Swords] — Complete	Michel-and-Angele-A-Ladder-of-Swords-Complete_6253	unavailable				
Gilbert Parker	6254	John Enderby	John-Enderby_6254	fetched		84455	a5e97199d4528f510ee8bb67468d122e745d65a9e39d2e50847b576336beac81	6254-0.txt
Gilbert Parker	6255	There Is Sorrow on the Sea	There-Is-Sorrow-on-the-Sea_6255	fetched		52535	76bb3f1f1e9becafa1a8edaa53ca98e3e8c43f174cdb8ccae7ec24175e8756cb	6255-0.txt
Gilbert Parker	6256	Donovan Pasha, and Some People of Egypt — Volume 1	Donovan-Pasha-and-Some-People-of-Egypt-Volume-1_6256	fetched		136609	32acd447628810f012cc23f384f808449137150002f7409b222965fc0d58dbf1	6256.txt
Gilbert Parker	6257	Donovan Pasha, and Some People of Egypt — Volume 2	Donovan-Pasha-and-Some-People-of-Egypt-Volume-2_6257	fetched		132780	9c60a33a7874d57cb69f35fc6a651f597f7c65188cf6077ff0ae3f80d6ad9bea	6257.txt
Gilbert Parker	6258	Donovan Pasha, and Some People of Egypt — Volume 3	Donovan-Pasha-and-Some-People-of-Egypt-Volume-3_6258	fetched		137516	b1e7fc6aa49cdafbc022ef8950b8f59b106e55ce04cb61b586e85100cabec7cb	6258.txt
Gilbert Parker	6259	Donovan Pasha, and Some People of Egypt — Volume 4	Donovan-Pasha-and-Some-People-of-Egypt-Volume-4_6259	fetched		130944	ff24f36bd9de426ea03df86729394fc9725eca3015b9d9635fe4dd66746c76ea	6259.txt
Gilbert Parker	6260	Donovan Pasha, and Some People of Egypt — Complete	Donovan-Pasha-and-Some-People-of-Egypt-Complete_6260	unavailable				
Gilbert Parker	6261	The Weavers: a tale of England and Egypt of fifty years ago - Volume 1	The-Weavers-a-tale-of-England-and-Egypt-of-fifty-years-ago-Volume-1_6261	fetched		87650	fe51549df97f5f412e5b20edcf481b26ffae12c8674204a8663cc7e95582197e	6261.txt
Gilbert Parker	6262	The Weavers: a tale of England and Egypt of fifty years ago - Volume 2	The-Weavers-a-tale-of-England-and-Egypt-of-fifty-years-ago-Volume-2_6262	fetched		259859	6398b9539f6dafd0b327f96f8f4be80da2e99cd55b490e18f37155908d7ee57a	6262.txt
Gilbert Parker	6263	The Weavers: a tale of England and Egypt of fifty years ago - Volume 2	The-Weavers-a-tale-of-England-and-Egypt-of-fifty-years-ago-Volume-2_6263	fetched		296724	ceeb7331f782e6de2db15d02cd4998ca7de201871f36263ebd1348f3c2d09500	6263.txt
Gilbert Parker	6264	The Weavers: a tale of England and Egypt of fifty years ago - Volume 4	The-Weavers-a-tale-of-England-and-Egypt-of-fifty-years-ago-Volume-4_6264	fetched		149780	dbd9495db08a7d05814f075b4a81fa76fc521689a4e9d58f5d632818bd28e0ae	6264.txt
Gilbert Parker	6265	The Weavers: a tale of England and Egypt of fifty years ago - Volume 5	The-Weavers-a-tale-of-England-and-Egypt-of-fifty-years-ago-Volume-5_6265	fetched		91756	e492c17760983f431f5fea3e09fcc47e6d23ccaa2060cc71fdd7780b617fe8c2	6265.txt
Gilbert Parker	6266	The Weavers: a tale of England and Egypt of fifty years ago - Volume 6	The-Weavers-a-tale-of-England-and-Egypt-of-fifty-years-ago-Volume-6_6266	fetched		122253	5a05c33bb3eb42ae13657cbf218c47e93bfdd167a4d327a3c98da8f5815641d5	6266.txt
Gilbert Parker	6267	The Weavers: a tale of England and Egypt of fifty years ago - Complete	The-Weavers-a-tale-of-England-and-Egypt-of-fifty-years-ago-Complete_6267	unavailable				
Gilbert Parker	6268	Embers, Volume 1.	Embers-Volume-1_6268	fetched		67520	427b3357bb6b45b67f498687f04d63b813d6d9365c3e0086f8d73873219acc58	6268.txt
Gilbert Parker	6269	Embers, Volume 2.	Embers-Volume-2_6269	fetched		64159	10acd23c11708418ccce27536d2006b387d677b35d350afc463ab885c26184a7	6269.txt
Gilbert Parker	6270	Embers, Volume 3.	Embers-Volume-3_6270	fetched		68607	202f17fff6f0e3791d20ac7cae5824733e5a4cd4921a0f4616f5c04c364a87f3	6270.txt
Gilbert Parker	6271	Embers, Complete	Embers-Complete_6271	fetched		173453	8fa2ba335e74395bae62dbd8e5010a2c9b35a9f3af8841fc01711f5cca752d73	6271-0.txt
Gilbert Parker	6272	A Lover's Diary, Volume 1.	A-Lover-s-Diary-Volume-1_6272	fetched		51426	94a91718a1693e1726c1b8eb222f8990fa9ca7360d07e929e719d3f579e7a25b	6272.txt
Gilbert Parker	6273	A Lover's Diary, Volume 2.	A-Lover-s-Diary-Volume-2_6273	fetched		55128	be9678f4d6730d299603804187e5fc7cb8b5d1d1b2c5bcc8bf9b6c04a43688e8	6273.txt
Gilbert Parker	6274	A Lover's Diary, Complete	A-Lover-s-Diary-Complete_6274	fetched		96191	3340cd4d29000e24cb6cb6d93899d17b654cb455bc32d0514e0b880d5e79f077	6274-0.txt
Gilbert Parker	6275	The Money Master, Volume 1.	The-Money-Master-Volume-1_6275	fetched		77293	e697c72ae3d33784ed4cbe5b3ad7427a07ad39bcacd7b3e5457eb420cd82484b	6275.txt
Gilbert Parker	6276	The Money Master, Volume 2.	The-Money-Master-Volume-2_6276	fetched		170973	8eef2339f607d8ae8206f68230bff3d1601756cfb732f36a8743ea66b6b9b482	6276.txt
Gilbert Parker	6277	The Money Master, Volume 3.	The-Money-Master-Volume-3_6277	fetched		92643	06d2607a47d80ea8328596b34a23a4259029daa548a689ccb483c800bb1df72c	6277.txt
Gilbert Parker	6278	The Money Master, Volume 4.	The-Money-Master-Volume-4_6278	fetched		152778	327b999fc677b6aac794be8a00b80eaa91a1ac07ffb5ac354a8480f62e1a0ab5	6278.txt
Gilbert Parker	6279	The Money Master, Volume 5.	The-Money-Master-Volume-5_6279	fetched		96009	9d8891125a6ab4301c5791f3041a7c70fb6de169373cdb21c39fdda065190e95	6279.txt
Gilbert Parker	6280	The Money Master, Complete	The-Money-Master-Complete_6280	fetched		537086	c2f7adf924652ba8bd8a25d7a5c1d719db024f6aa2087598174c85f96a2cf6b1	6280-0.txt
Gilbert Parker	6281	The World for Sale, Volume 1.	The-World-for-Sale-Volume-1_6281	fetched		177365	adebe00d451b0f1b2e35b5c6c057aea8a055e134e2ce084d5515e728e7168625	6281.txt
Gilbert Parker	6282	The World for Sale, Volume 2.	The-World-for-Sale-Volume-2_6282	fetched		301768	ced57988672180e742114bc7e783cf8f4fb4a0dbdfebff71f5d535bf24feb653	6282.txt
Gilbert Parker	6283	The World for Sale, Volume 3.	The-World-for-Sale-Volume-3_6283	fetched		153536	7110167610780d85dd261e0c8df6cbfc0bf6d63eaa48921126ad75ab9a5de07b	6283.txt
Gilbert Parker	6284	The World for Sale, Complete	The-World-for-Sale-Complete_6284	fetched		613849	f1b98fb776a90aacb4ef39b1c3f073d599c52b26f38521f7b8a50035417b67a1	6284-0.txt
Gilbert Parker	6285	You Never Know Your Luck; being the story of a matrimonial deserter. Volume 1.	You-Never-Know-Your-Luck-being-the-story-of-a-matrimonial-deserter-Volume-1_6285	fetched		114082	eaca70822b49e9abfe80fd9a6356e72f356629b69b9f447d830a4b543cef6a47	6285.txt
Gilbert Parker	6286	You Never Know Your Luck; being the story of a matrimonial deserter. Volume 2.	You-Never-Know-Your-Luck-being-the-story-of-a-matrimonial-deserter-Volume-2_6286	fetched		124932	37f6fe3e50a85a5eaa4370b98d7f431d0966488c0cbd5d219d2731e39a8df34b	6286.txt
Gilbert Parker	6287	You Never Know Your Luck; being the story of a matrimonial deserter. Volume 3.	You-Never-Know-Your-Luck-being-the-story-of-a-matrimonial-deserter-Volume-3_6287	fetched		158367	e60f7fd458ba399abf180c49d2b98007bd0821d35dc293a3dd071e56c40fc04e	6287.txt
Gilbert Parker	6288	You Never Know Your Luck; being the story of a matrimonial deserter. Complete	You-Never-Know-Your-Luck-being-the-story-of-a-matrimonial-deserter-Complete_6288	unavailable				
Gilbert Parker	6289	Wild Youth, Volume 1.	Wild-Youth-Volume-1_6289	fetched		151225	cc3bebb19215482ee407401f107840227d1aa9490f379b49d20853b3a5cbd898	6289.txt
Gilbert Parker	6290	Wild Youth, Volume 2.	Wild-Youth-Volume-2_6290	fetched		140525	7703f43c447c87ab32fc251462a5fb9f203a8cddf16de99367b3aa0573bb9e02	6290.txt
Gilbert Parker	6291	Wild Youth, Complete	Wild-Youth-Complete_6291	fetched		284894	848fa45e69648c06a842a77aeb1dad0d370bbe552ffa18a8ba5c086be1b74b3d	6291-0.txt
Gilbert Parker	6292	No Defense, Volume 1.	No-Defense-Volume-1_6292	fetched		143766	6d5835b52b7ac7c0ac4c948f21471f1ff8b2568d7e09036c257a44052f9db95c	6292.txt
Gilbert Parker	6293	No Defense, Volume 2.	No-Defense-Volume-2_6293	fetched		115037	31c42dcf91a88b7d95fd3ab7e8e41ef343b8db3635b1f5daf9346ce3dcd56b0a	6293.txt
Gilbert Parker	6294	No Defense, Volume 3.	No-Defense-Volume-3_6294	fetched		254446	ea41d83042deb7847ab5467e07b86fb0a827b6085e23be908bd6cf45e4c38f3d	6294.txt
Gilbert Parker	6295	No Defense, Complete	No-Defense-Complete_6295	fetched		491230	21fb5df8d18864621a56cf91310d7c20dd378c541562d2f4d1773c6c5d358708	6295-0.txt
Gilbert Parker	6296	Carnac's Folly, Volume 1.	Carnac-s-Folly-Volume-1_6296	fetched		168111	5b774c60752c3da8ef6e6e6ad8499631b4e865a9612009c2cf5ee4b903ca8008	6296.txt
Gilbert Parker	6297	Carnac's Folly, Volume 2.	Carnac-s-Folly-Volume-2_6297	fetched		62515	fc1be97e2a4614bf5b97ab51a64977ea8b47a3d6ce8bfda64096e3f7639cb979	6297.txt
Gilbert Parker	6298	Carnac's Folly, Volume 3.	Carnac-s-Folly-Volume-3_6298	fetched		186507	2e111caff66a3c06d5dbfce9d2c188662d8cf423f5bb081b6be2ccfd7a83a622	6298.txt
Gilbert Parker	6299	Carnac's Folly, Complete	Carnac-s-Folly-Complete_6299	fetched		398739	b1edafe423c28ee2086dd0b10099a8da29c8624c6a8ca160b0f112774d4c5d1e	6299-0.txt
Gilbert Parker	6300	The Project Gutenberg Complete Works of Gilbert Parker	The-Project-Gutenberg-Complete-Works-of-Gilbert-Parker_6300	fetched		12288765	70b5327ea93ea12fd274ec28a4883c499717efcce72eeb44918bcfc46fdbcab5	6300.txt
Gilbert Parker	6590	Quotations from the PG Collected Works of Gilbert Parker	Quotations-from-the-PG-Collected-Works-of-Gilbert-Parker_6590	excluded	excerpt digest - names no original work, so it is a source of nothing			
Gilbert Parker	7553	Quotes and Images From The Works of Gilbert Parker	Quotes-and-Images-From-The-Works-of-Gilbert-Parker_7553	excluded	excerpt digest - names no original work, so it is a source of nothing			
Gilbert Parker	15793	An Unpardonable Liar	An-Unpardonable-Liar_15793	fetched		140131	173f29f844a0ea063c67401aff3594abc4271c992b4a986e1a12ce00eaec096b	15793.txt
Gilbert Parker	16716	The Going of the White Swan	The-Going-of-the-White-Swan_16716	fetched		50642	f49b83a5bb9eebc234e999bf19c8575446f262239fda4ae5ab5c83351e599d8f	16716-8.txt
Gilbert Parker	26905	Northern Lights	Northern-Lights_26905	fetched		639219	49b9aabedcbd1c17d86efc0b298bd781700be89e57076813b9bfb3f2e90aa14d	26905-8.txt
Gilbert Parker	30367	Old Quebec: The Fortress of New France	Old-Quebec-The-Fortress-of-New-France_30367	unavailable				
Gilbert Parker	41303	A Ladder of Swords: A Tale of Love, Laughter and Tears	A-Ladder-of-Swords-A-Tale-of-Love-Laughter-and-Tears_41303	unavailable				
Giraldus Cambrensis	1092	The Description of Wales	The-Description-of-Wales_1092	fetched		129062	543c0ecb121867173e901ec8571a177e76d0a79fff78ac99c63e730bc0a83822	1092-0.txt
Giraldus Cambrensis	1148	The Itinerary of Archbishop Baldwin Through Wales	The-Itinerary-of-Archbishop-Baldwin-Through-Wales_1148	fetched		346409	651ba22e1a4b852e0f9709ebd5ba30906f47659cb17738a03c51c2fbeb5517bf	1148-0.txt
Giuseppe Garibaldi	38486	Rule of the Monk; Or, Rome in the Nineteenth Century	Rule-of-the-Monk-Or-Rome-in-the-Nineteenth-Century_38486	unavailable				
Giuseppe Garibaldi	50544	The Life of General Garibaldi	The-Life-of-General-Garibaldi_50544	unavailable				
H. G. Wells	35	The Time Machine	The-Time-Machine_35	fetched		204492	0eb70818a4c7e2e04f91be807bad37ca5c1475cd51cec2a7b620c4db2b595ce4	35-0.txt
H. G. Wells	36	The War of the Worlds	The-War-of-the-Worlds_36	fetched		366813	0c9bea907452abd6e9a31d9152188ef5007f0e2d3e4a52d7a6a627a37616249f	36-0.txt
H. G. Wells	159	The Island of Doctor Moreau	The-Island-of-Doctor-Moreau_159	fetched		267719	d3d351be177ff9ded031f260f5872988f782808ac3119389dbea0252d02e3d57	159.txt
H. G. Wells	456	The Door in the Wall, and Other Stories	The-Door-in-the-Wall-and-Other-Stories_456	fetched		263952	d665b30d2fbe7e503c26052b9f97d6546826b224814429a2ce300dc70a63b49f	456.txt
H. G. Wells	524	Ann Veronica: A Modern Love Story	Ann-Veronica-A-Modern-Love-Story_524	unavailable				
H. G. Wells	718	Tono-Bungay	Tono-Bungay_718	fetched		802873	35f002e0f15804bff06673b3cdd5b0169424684466059471349b544a1233232f	718-0.txt
H. G. Wells	775	When the Sleeper Wakes	When-the-Sleeper-Wakes_775	fetched		508367	7207646e29d41a14081d4cc1a361fdc6227c49112bd5ec54f1ec064ba375e563	775-0.txt
H. G. Wells	780	The War in the Air	The-War-in-the-Air_780	fetched		595436	2bfb7a32e18bb897f4a629d2a1a3a5dce0010cbbd1526c8c804de727619d9873	780-0.txt
H. G. Wells	1013	The First Men in the Moon	The-First-Men-in-the-Moon_1013	fetched		406613	698e4d24fa4f0011de1ace23eb5a8cb436d44a9c3b715d44a3d9135fb5a747bf	1013.txt
H. G. Wells	1046	God, the Invisible King	God-the-Invisible-King_1046	fetched		253315	3ae2cea5f03df37f67803ed7f3981bd9b4cb915f1342f663fbe05479d337b8c5	1046-0.txt
H. G. Wells	1047	The New Machiavelli	The-New-Machiavelli_1047	fetched		875085	1f913d1a6a24cfc63ca405061aaade3e68a415ca05dd5f6e80eacb61136bcea9	1047-0.txt
H. G. Wells	1059	The World Set Free	The-World-Set-Free_1059	fetched		406702	fa670c8cd280e756ac78e638b252ba8b95b39ea9265135fe891712a8ec52516c	1059-0.txt
H. G. Wells	1138	The Research Magnificent	The-Research-Magnificent_1138	fetched		672496	666044b762e9012db2ac4e991e92e172e257b822e0bd368ece5058044d0f1934	1138-0.txt
H. G. Wells	1264	The Wheels of Chance: A Bicycling Idyll	The-Wheels-of-Chance-A-Bicycling-Idyll_1264	unavailable				
H. G. Wells	1269	The Soul of a Bishop	The-Soul-of-a-Bishop_1269	fetched		482249	6a16f02ca2da1e32240c8b2b0def83ba050b387d55bbd2c1dbda30fd3702e651	1269-0.txt
H. G. Wells	1470	The Fall of the Moghul Empire of Hindustan	The-Fall-of-the-Moghul-Empire-of-Hindustan_1470	fetched		496346	59400522599e0c79d0eac3d2f90d0b509b39c6e141765333d34f5b96d35823f2	1470.txt
H. G. Wells	1734	The Secret Places of the Heart	The-Secret-Places-of-the-Heart_1734	fetched		393904	70314ecb342b11e8e30fdc1778700b0d46ec42f1664b93fb8441665bb631a54c	1734-0.txt
H. G. Wells	1743	Twelve Stories and a Dream	Twelve-Stories-and-a-Dream_1743	fetched		437069	5d36c1bdab88e648e31a483e7939a0afd50865650b3caae6bf30c1c7584579a4	1743-0.txt
H. G. Wells	1804	War and the Future: Italy, France and Britain at War	War-and-the-Future-Italy-France-and-Britain-at-War_1804	unavailable				
H. G. Wells	3690	Floor Games; a companion volume to "Little Wars"	Floor-Games-a-companion-volume-to-Little-Wars_3690	unavailable				
H. G. Wells	3691	Little Wars; a game for boys from twelve years of age to one hundred and fifty and for that more intelligent sort of girl who likes boys' games and books.	Little-Wars-a-game-for-boys-from-twelve-years-of-age-to-one-hundred-and-fifty-and-for-that-more-intelligent-sort-of-girl-who-likes-boys-games-and-books_3691	unavailable				
H. G. Wells	3797	In the Days of the Comet	In-the-Days-of-the-Comet_3797	fetched		485176	939f732c5b664ad74bbd60bd376b87f6cbe24c411c316ca573fd01dba0a8de0e	3797.txt
H. G. Wells	4225	First and Last Things: A Confession of Faith and Rule of Life	First-and-Last-Things-A-Confession-of-Faith-and-Rule-of-Life_4225	unavailable				
H. G. Wells	5230	The Invisible Man: A Grotesque Romance	The-Invisible-Man-A-Grotesque-Romance_5230	unavailable				
H. G. Wells	6424	A Modern Utopia	A-Modern-Utopia_6424	fetched		565228	7a29b445c7bc48cfbc99c549ce9d924c4ca379635b03fc97e1b92d1d4ab67e19	6424.txt
H. G. Wells	6620	The Time Machine	The-Time-Machine_6620	unavailable				
H. G. Wells	7058	Mankind in the Making	Mankind-in-the-Making_7058	fetched		643155	18389b531b19c37ee0c60a31c59caf331711d33aaaf13713bae178a68dfc391f	7058-0.txt
H. G. Wells	7308	The History of Mr. Polly	The-History-of-Mr-Polly_7308	unavailable				
H. G. Wells	8965	Floor Games	Floor-Games_8965	unavailable				
H. G. Wells	8966	Secret Places of the Heart	Secret-Places-of-the-Heart_8966	unavailable				
H. G. Wells	8967	The Door in the Wall, and Other Stories	The-Door-in-the-Wall-and-Other-Stories_8967	unavailable				
H. G. Wells	8968	The World Set Free	The-World-Set-Free_8968	unavailable				
H. G. Wells	8969	The War in the Air	The-War-in-the-Air_8969	unavailable				
H. G. Wells	8970	Twelve Stories and a Dream	Twelve-Stories-and-a-Dream_8970	unavailable				
H. G. Wells	8971	The Island of Doctor Moreau	The-Island-of-Doctor-Moreau_8971	unavailable				
H. G. Wells	8972	The First Men in the Moon	The-First-Men-in-the-Moon_8972	unavailable				
H. G. Wells	8973	Little Wars	Little-Wars_8973	unavailable				
H. G. Wells	8974	The Invisible Man: A Grotesque Romance	The-Invisible-Man-A-Grotesque-Romance_8974	unavailable				
H. G. Wells	8975	The Research Magnificent	The-Research-Magnificent_8975	unavailable				
H. G. Wells	8976	The War of the Worlds	The-War-of-the-Worlds_8976	unavailable				
H. G. Wells	8977	The Wheels of Chance	The-Wheels-of-Chance_8977	unavailable				
H. G. Wells	8978	When the Sleeper Wakes	When-the-Sleeper-Wakes_8978	unavailable				
H. G. Wells	10291	In the Fourth Year: Anticipations of a World Peace	In-the-Fourth-Year-Anticipations-of-a-World-Peace_10291	unavailable				
H. G. Wells	11289	What is Coming? A Forecast of Things after the War	What-is-Coming-A-Forecast-of-Things-after-the-War_11289	unavailable				
H. G. Wells	11327	English Literature: Modern	English-Literature-Modern_11327	unavailable				
H. G. Wells	11502	An Englishman Looks at the World	An-Englishman-Looks-at-the-World_11502	unavailable				
H. G. Wells	11640	Love and Mr. Lewisham	Love-and-Mr-Lewisham_11640	unavailable				
H. G. Wells	11696	The Food of the Gods and How It Came to Earth	The-Food-of-the-Gods-and-How-It-Came-to-Earth_11696	fetched		456482	3412144e94e033496450e234481adcbb0a9468c84a7d95ca444483fd36fa70ca	11696.txt
H. G. Wells	11870	The Country of the Blind, and Other Stories	The-Country-of-the-Blind-and-Other-Stories_11870	fetched		935941	1fd9559dd2ac5a5bc76cdf12c6e63c6a79eb6565f484f0831ded7db4117fc0dd	11870-8.txt
H. G. Wells	12163	The Sleeper Awakes	The-Sleeper-Awakes_12163	unavailable				
H. G. Wells	12624	Our Lady Saint Mary	Our-Lady-Saint-Mary_12624	fetched		699166	f570e4411e5a5faf42c6c2f453e16d4beb2f402f3f0422c25d2fd976f0688d85	12624-8.txt
H. G. Wells	12750	The Stolen Bacillus and Other Incidents	The-Stolen-Bacillus-and-Other-Incidents_12750	fetched		340331	083973edb2c55d33e92f3b0428952c611a3b5590fc39eed037f760d7c4e9fe2d	12750-8.txt
H. G. Wells	14060	Mr. Britling Sees It Through	Mr-Britling-Sees-It-Through_14060	unavailable				
H. G. Wells	14216	St. George's Cross; Or, England Above All	St-George-s-Cross-Or-England-Above-All_14216	unavailable				
H. G. Wells	16285	The Way of Salvation in the Lutheran Church	The-Way-of-Salvation-in-the-Lutheran-Church_16285	fetched		315699	32f3758cbc690b10a68041b66a6b0873e5850588f18c5bcbd51cb424850e6c5b	16285-8.txt
H. G. Wells	17401	The Time Machine	The-Time-Machine_17401	unavailable				
H. G. Wells	17508	Certain Personal Matters	Certain-Personal-Matters_17508	fetched		342109	c0b7dd6153cbae7128f9b9fc159fe26a282dd428f8993c447aa2aaf134ae4082	17508.txt
H. G. Wells	19229	Anticipations	Anticipations_19229	unavailable				
H. G. Wells	21781	Text Book of Biology, Part 1: Vertebrata	Text-Book-of-Biology-Part-1-Vertebrata_21781	unavailable				
H. G. Wells	22237	Messages from the Epistle to the Hebrews	Messages-from-the-Epistle-to-the-Hebrews_22237	fetched		175110	196a7864510003bfd64527688d92316d199d5440195f6b7b7b44d45f00716f5b	22237-8.txt
H. G. Wells	23113	To My Younger Brethren: Chapters on Pastoral Life and Work	To-My-Younger-Brethren-Chapters-on-Pastoral-Life-and-Work_23113	unavailable				
H. G. Wells	23218	The Red Room	The-Red-Room_23218	fetched		41971	df2aded4fdcf497488b436e7b9ed399195a5abe0519b9e195bd38191d3713722	23218-0.txt
H. G. Wells	24330	Iron Making in the Olden Times	Iron-Making-in-the-Olden-Times_24330	unavailable				
H. G. Wells	24505	The Forest of Dean: An Historical and Descriptive Account	The-Forest-of-Dean-An-Historical-and-Descriptive-Account_24505	unavailable				
H. G. Wells	25084	Bell's Cathedrals: The Cathedral Church of Rochester	Bell-s-Cathedrals-The-Cathedral-Church-of-Rochester_25084	unavailable				
H. G. Wells	25221	Philippian Studies	Philippian-Studies_25221	unavailable				
H. G. Wells	26246	The Invisible Man: A Grotesque Romance	The-Invisible-Man-A-Grotesque-Romance_26246	unavailable				
H. G. Wells	26290	War of the Worlds	War-of-the-Worlds_26290	unavailable				
H. G. Wells	26291	The War of the Worlds	The-War-of-the-Worlds_26291	unavailable				
H. G. Wells	26578	Little Wars (A Game for Boys from twelve years of age to one hundred	Little-Wars-A-Game-for-Boys-from-twelve-years-of-age-to-one-hundred_26578	unavailable				
H. G. Wells	27365	Tales of Space and Time	Tales-of-Space-and-Time_27365	fetched		439172	8b2c13f49fac1986bf97da574c1b9a7ca7ede9dbabed777380a5fa31a5f625ad	27365.txt
H. G. Wells	28840	The Island of Dr. Moreau	The-Island-of-Dr-Moreau_28840	unavailable				
H. G. Wells	29472	Select Conversations with an Uncle (Now Extinct) and Two Other Reminiscences	Select-Conversations-with-an-Uncle-Now-Extinct-and-Two-Other-Reminiscences_29472	unavailable				
H. G. Wells	30340	The Passionate Friends	The-Passionate-Friends_30340	fetched		625398	139998d1aaeb16a4cc5320ce7af92976da56b6e1620fafb30d8432a0ee498f45	30340.txt
H. G. Wells	30538	New Worlds For Old: A Plain Account of Modern Socialism	New-Worlds-For-Old-A-Plain-Account-of-Modern-Socialism_30538	unavailable				
H. G. Wells	30855	The Wife of Sir Isaac Harman	The-Wife-of-Sir-Isaac-Harman_30855	fetched		780680	65625e3759bb4b543f93f3890d3404b26432517a073896b41ac467be53ba4515	30855.txt
H. G. Wells	33889	The Salvaging of Civilization	The-Salvaging-of-Civilization_33889	unavailable				
H. G. Wells	33913	The Wonderful Visit	The-Wonderful-Visit_33913	fetched		245253	b983df5cc574d4b0f3e6173c4e8dc0ecdef8ed5114efce20ea8a3daf42bd9c09	33913.txt
H. G. Wells	34226	The Iron Division, National Guard of Pennsylvania, in the World War	The-Iron-Division-National-Guard-of-Pennsylvania-in-the-World-War_34226	unavailable				
H. G. Wells	34921	Mankind in the Making	Mankind-in-the-Making_34921	unavailable				
H. G. Wells	34962	Boon, The Mind of the Race, The Wild Asses of the Devil, and The Last Trump;	Boon-The-Mind-of-the-Race-The-Wild-Asses-of-the-Devil-and-The-Last-Trump_34962	unavailable				
H. G. Wells	35316	Dragons of the Air: An Account of Extinct Flying Reptiles	Dragons-of-the-Air-An-Account-of-Extinct-Flying-Reptiles_35316	unavailable				
H. G. Wells	35338	Marriage	Marriage_35338	fetched		894350	8682537bfd50bfdec42751ebe746fcfb9b6046f430765cac4937ac5a5c3d4d9f	35338.txt
H. G. Wells	35461	A Short History of the World	A-Short-History-of-the-World_35461	fetched		759049	829827359a27106c3f59e09f09e54c8b7d8b835a8cd416e66b5bb11c80719918	35461.txt
H. G. Wells	35695	The Allied Countries and the Jews	The-Allied-Countries-and-the-Jews_35695	fetched		109471	969504601464617e329fad68950c04fab9472a22c85b8ee2959aad6bc4e79788	35695-8.txt
H. G. Wells	35920	The Sea Lady	The-Sea-Lady_35920	fetched		254299	c132f8b17b05cc68eb70cdf4f3bec94785c1a57dec39494346418778547899f2	35920-8.txt
H. G. Wells	37030	Some Famous Problems of the Theory of Numbers and in Particular Waring's Problem	Some-Famous-Problems-of-the-Theory-of-Numbers-and-in-Particular-Waring-s-Problem_37030	unavailable				
H. G. Wells	38079	Orders of Infinity: The 'Infinitärcalcül' of Paul Du Bois-Reymond	Orders-of-Infinity-The-Infinitarcalcul-of-Paul-Du-Bois-Reymond_38079	unavailable				
H. G. Wells	38172	Atlantic Narratives: Modern Short Stories	Atlantic-Narratives-Modern-Short-Stories_38172	unavailable				
H. G. Wells	38439	Curiosities of Impecuniosity	Curiosities-of-Impecuniosity_38439	fetched		577154	dce49cd5e41a465ee9d5601634b80f2e8fa028eccdb6720b1cce5cdbfa35e590	38439-8.txt
H. G. Wells	38769	A Course of Pure Mathematics	A-Course-of-Pure-Mathematics_38769	unavailable				
H. G. Wells	38993	The Integration of Functions of a Single Variable	The-Integration-of-Functions-of-a-Single-Variable_38993	unavailable				
H. G. Wells	39162	Kipps: The Story of a Simple Soul	Kipps-The-Story-of-a-Simple-Soul_39162	unavailable				
H. G. Wells	42989	The Plattner Story, and Others	The-Plattner-Story-and-Others_42989	fetched		471479	cb83db5b336b37f68566f5e2863fda745e784eda06e50239e4ad3644d50ffa55	42989.txt
H. G. Wells	44679	Siam: Land of Free Men	Siam-Land-of-Free-Men_44679	fetched		73456	62326e0c6c9fb722d96556aaa3f4a5b3d9e8f3a0501c6dba41224927df9d9c30	44679.txt
H. G. Wells	44867	The Discovery of the Future	The-Discovery-of-the-Future_44867	unavailable				
H. G. Wells	45368	The Outline of History: Being a Plain History of Life and Mankind	The-Outline-of-History-Being-a-Plain-History-of-Life-and-Mankind_45368	unavailable				
H. G. Wells	47747	The Incarnate Purpose: Essays on the Spiritual Unity of Life	The-Incarnate-Purpose-Essays-on-the-Spiritual-Unity-of-Life_47747	fetched		314195	3b11296b9db1843cf3cb0ec037b9728d2b94588f0e78efabc0c39b0b520f3d75	47747-8.txt
H. G. Wells	48702	English Grammar and Composition for Public Schools	English-Grammar-and-Composition-for-Public-Schools_48702	fetched		295750	a360a5e2512ee393e9e032d10d0f7ec4b88835eb8215f1273c75c731d0955fde	48702-0.txt
H. G. Wells	48858	The Expositor's Bible: The Epistle of St Paul to the Romans	The-Expositor-s-Bible-The-Epistle-of-St-Paul-to-the-Romans_48858	fetched		803328	b9023edcc587f4d6aac40ee53222154c03340d4c2d20c5bb435dc8331cedad7c	48858-0.txt
H. G. Wells	52308	The Tunnellers of Holzminden (with a side-issue)	The-Tunnellers-of-Holzminden-with-a-side-issue_52308	fetched		345302	027ca2c635837a94a0b08742ab526204d9131865576d5927d5cf956fa9a34890	52308-0.txt
H. G. Wells	52501	The First Men in the Moon	The-First-Men-in-the-Moon_52501	fetched		419039	0ad8687c96cd828b254caba04110e6de4172b17e9f83bd89493fe722f6fde47b	52501-0.txt
H. G. Wells	52655	The Ornithosauria	The-Ornithosauria_52655	unavailable				
H. G. Wells	53516	This Misery of Boots	This-Misery-of-Boots_53516	fetched		62224	a89e773031f92eb6a2365601de15e360eca005ec53d3006d50264e1f261e2067	53516-0.txt
H. G. Wells	53820	A Short History of the Worshipful Company of Horners	A-Short-History-of-the-Worshipful-Company-of-Horners_53820	fetched		87707	67a58d6e3e1e93676dee811e55cf823d3da200f79591cb90e46ae10edc9b685b	53820-0.txt
H. G. Wells	54448	Hastings & Environs: A Sketch-Book	Hastings-Environs-A-Sketch-Book_54448	fetched		22274	943734ff375e37b0d0e767221893aad841f8f0678e04ea5e59791c43387e1b2d	54448-8.txt
H. G. Wells	55216	A Brief History of Upshur County	A-Brief-History-of-Upshur-County_55216	fetched		201333	deda02f137d23bce52969244cb970aedec2f96cb880d2a56e6ba1cfb3c1b69a9	55216-0.txt
H. G. Wells	55221	The Battle of the Marne	The-Battle-of-the-Marne_55221	fetched		528313	2d13ba7f1c3a8fdb8e16eb725e0bf2673699cabf89088e97da91983dadfa4d5b	55221-0.txt
H. G. Wells	56484	The Future in America: A Search After Realities	The-Future-in-America-A-Search-After-Realities_56484	fetched		386684	d6146fef3c169a5a87139c5709eec8bc266e90bfed90c566bb1e599c4c31c1f5	56484-8.txt
H. G. Wells	57481	The War That Will End War	The-War-That-Will-End-War_57481	fetched		153151	c803680be4aba6ee7f105be59f6a1317bc288eebd59622bbe5cd384884a9e094	57481-0.txt
H. G. Wells	57490	Index of the Project Gutenberg Works of H. G. Wells	Index-of-the-Project-Gutenberg-Works-of-H-G-Wells_57490	unavailable				
H. G. Wells	57877	A history of postal agitation from fifty years ago till the present day	A-history-of-postal-agitation-from-fifty-years-ago-till-the-present-day_57877	fetched		691413	6f59d1d8aeb0b60d07cb650f3c4723e07d71f09633b4611d4358a77c1b323b90	57877-0.txt
H. G. Wells	57907	Seventeen trips through Somáliland	Seventeen-trips-through-Somaliland_57907	unavailable				
H. G. Wells	58877	Washington and the Riddle of Peace	Washington-and-the-Riddle-of-Peace_58877	fetched		344780	a088d05dad7e6b7be155f4546389bc10823f578cd51c17976948cf202449aa77	58877-0.txt
H. G. Wells	59650	The New Teaching of History	The-New-Teaching-of-History_59650	unavailable				
H. G. Wells	59769	Bealby; A Holiday	Bealby-A-Holiday_59769	fetched		436636	562dd8b683b92ef041630df1ebb9616e7903c32eb7d6b1c4453812c807467906	59769-0.txt
H. G. Wells	59774	Thirty Strange Stories	Thirty-Strange-Stories_59774	fetched		698757	ebb827bc830cc3eb0934df704c4481815813f35742c8624fd88b5e080b0c5945	59774-0.txt
H. G. Wells	60173	Russia in the Shadows	Russia-in-the-Shadows_60173	fetched		155781	e0b6cc36ac0b4597655a5ab1fe346f0109762845adf231989e6c382e4ad71630	60173-0.txt
H. G. Wells	61347	Socialism and the family	Socialism-and-the-family_61347	fetched		86217	781360a6b800dd2222e297e8c33cdcdc6de32bf9c6701c23d5b409262914a031	61347-0.txt
H. G. Wells	61426	Joan and Peter: The story of an education	Joan-and-Peter-The-story-of-an-education_61426	fetched		1283781	0606adb6d4ea2ed563989e89c566017089cf89405c9c7144b9cfd212fb0b05fe	61426-0.txt
H. G. Wells	61547	The Undying Fire: A contemporary novel	The-Undying-Fire-A-contemporary-novel_61547	fetched		290610	b39b8881dd2e9112a39bddd95afc90a543bd73f7e6eafcd6636b057f7b824158	61547-0.txt
H. G. Wells	62045	Leo Tolstoy	Leo-Tolstoy_62045	fetched		82928	836d5eeec16cf65c1502d9a4f23f941a93e9f3b7874bdfbdaa4fa3482b05db6a	62045-0.txt
H. G. Wells	64186	Social Forces in England and America	Social-Forces-in-England-and-America_64186	fetched		635212	33ba78db6cc47cbe0a5bc7f89324b22c2af3fec97745b2c8c97a8c35be4e0958	64186-0.txt
H. G. Wells	64410	The Story of a Great Schoolmaster	The-Story-of-a-Great-Schoolmaster_64410	fetched		222303	dde7118a12224d2f5fb2b78e41afcc6716bee3e5170ba5aeaaaf604df06239b0	64410-8.txt
H. G. Wells	66409	Tales of the Unexpected	Tales-of-the-Unexpected_66409	fetched		510698	12ee16e6e0412cc73c18d01af534bc668d25399b4de48b7ba49e27c932a02c32	66409-0.txt
H. G. Wells	67071	The Star	The-Star_67071	fetched		45472	91a1748ebf7fe86ea1f05dfb6b0e628fa8aff6da18d611a7408768412e547377	67071-0.txt
H. L. Mencken	1270	In Defense of Women	In-Defense-of-Women_1270	fetched		266593	ca572f0e916c33b2c42776416bd2954e6023ab86b4307324b7f6cded3a995e4f	1270.txt
H. L. Mencken	4638	California, 1849-1913; Or, The Rambling Sketches and Experiences of Sixty-four Years' Residence in that State	California-1849-1913-Or-The-Rambling-Sketches-and-Experiences-of-Sixty-four-Years-Residence-in-that-State_4638	unavailable				
H. L. Mencken	6908	The Air Ship Boys : Or, the Quest of the Aztec Treasure	The-Air-Ship-Boys-Or-the-Quest-of-the-Aztec-Treasure_6908	fetched		319311	f2acd81642d9e2dd7b521d08be070b32f83428bf3996f977ed5f5e4ad345b596	6908-0.txt
H. L. Mencken	13725	Stories from the Odyssey	Stories-from-the-Odyssey_13725	fetched		398538	46731811ba8d48ed8a11342f83c8623779062557dea47f4c6fce30934efda325	13725.txt
H. L. Mencken	18948	Damn! A Book of Calumny	Damn-A-Book-of-Calumny_18948	unavailable				
H. L. Mencken	19355	A Book of Prefaces	A-Book-of-Prefaces_19355	fetched		382485	01516df4a24ae30614cc3120f62cfcef94e4c48e328643ba1d38856d977b92dd	19355.txt
H. L. Mencken	20504	The Man of Uz, and Other Poems	The-Man-of-Uz-and-Other-Poems_20504	fetched		260632	50f3f26a8fc0bd731e002f1935407d5a746d31f5e3baf40180473b4735e71970	20504-8.txt
H. L. Mencken	22145	A Book of Burlesques	A-Book-of-Burlesques_22145	fetched		199356	4284661ba5bae012ce553c455e223f516f92059d9d8ffb09a6fc3167de06caa6	22145.txt
H. L. Mencken	22260	Bell's Cathedrals: The Abbey Church of Tewkesbury	Bell-s-Cathedrals-The-Abbey-Church-of-Tewkesbury_22260	unavailable				
H. L. Mencken	25682	Bell's Cathedrals: The Cathedral Church of Gloucester [2nd ed.]	Bell-s-Cathedrals-The-Cathedral-Church-of-Gloucester-2nd-ed_25682	unavailable				
H. L. Mencken	25787	On the Edge of the Arctic; Or, An Aeroplane in Snowland	On-the-Edge-of-the-Arctic-Or-An-Aeroplane-in-Snowland_25787	unavailable				
H. L. Mencken	26960	Famous Privateersmen and Adventurers of the Sea	Famous-Privateersmen-and-Adventurers-of-the-Sea_26960	unavailable				
H. L. Mencken	27353	Indian Conjuring	Indian-Conjuring_27353	fetched		103112	713832c2469f8164261ede2f8d397b1516207976701a5d19763380a772c5779c	27353-8.txt
H. L. Mencken	27778	Outlines of Dairy Bacteriology, 8th edition	Outlines-of-Dairy-Bacteriology-8th-edition_27778	unavailable				
H. L. Mencken	31892	The Old Die Rich	The-Old-Die-Rich_31892	fetched		134971	6623197c616403be414956d8d22703fdf93629350287223ed285f55f9cd637b4	31892.txt
H. L. Mencken	31986	No Charge for Alterations	No-Charge-for-Alterations_31986	fetched		69127	1c8e75671b3eb593ab64841b3cffc73489b047aac3ec385f1b34cb699a622746	31986.txt
H. L. Mencken	32128	The Enormous Room	The-Enormous-Room_32128	fetched		152181	47ea72d3bb7d5c765923fe6eca6dfd829e4eec5e976c85cd884b66a4bceb663f	32128-8.txt
H. L. Mencken	32367	Outlines of dairy bacteriology, 10th edition	Outlines-of-dairy-bacteriology-10th-edition_32367	unavailable				
H. L. Mencken	32413	At the Post	At-the-Post_32413	fetched		99338	c796c2c81b257ca41a5214622929aa62593798f5bd679e163d91d8f1f331361f	32413.txt
H. L. Mencken	32508	The Blind Lion of the Congo	The-Blind-Lion-of-the-Congo_32508	fetched		287084	61b3ac15df782abea7426012f8d0498d6adeec79143ed52f394918d3ea0e16ff	32508-8.txt
H. L. Mencken	36501	Olive Leaves; Or, Sketches of Character	Olive-Leaves-Or-Sketches-of-Character_36501	unavailable				
H. L. Mencken	39605	Hand-book for Horsewomen	Hand-book-for-Horsewomen_39605	fetched		127325	19d459c2023dc58fed682bb926025b7dd8cb040c66924e6674a26d1b0fa9c6f7	39605-8.txt
H. L. Mencken	39747	A Manual of Ancient History	A-Manual-of-Ancient-History_39747	unavailable				
H. L. Mencken	43376	The American Language	The-American-Language_43376	unavailable				
H. L. Mencken	43993	Stories from the Iliad	Stories-from-the-Iliad_43993	fetched		415756	9a5782b367c1fdbe8bc5d3f135fcec30cba2f4456c941c02b5ae69d2b8faa3d6	43993.txt
H. L. Mencken	44331	Prehistoric Man	Prehistoric-Man_44331	fetched		256280	db51df81ed6d529cdb281810037475f25b586b9b00381b09f7d2fe86e1dad01f	44331.txt
H. L. Mencken	44974	A short account of the extraordinary life and travels of H. L. L.----	A-short-account-of-the-extraordinary-life-and-travels-of-H-L-L_44974	unavailable				
H. L. Mencken	46501	Some Zulu Customs and Folk-lore	Some-Zulu-Customs-and-Folk-lore_46501	fetched		132490	05bf21016b7fffc16a553a49f9b294dea0d1b16777a84a9ac61c1172f87ada7f	46501-0.txt
H. L. Mencken	47647	Famous Indian Chiefs	Famous-Indian-Chiefs_47647	unavailable				
H. L. Mencken	48897	Famous Frontiersmen and Heroes of the Border	Famous-Frontiersmen-and-Heroes-of-the-Border_48897	unavailable				
H. L. Mencken	49316	The Philosophy of Friedrich Nietzsche	The-Philosophy-of-Friedrich-Nietzsche_49316	fetched		506798	b7e87b2c0504caa7055755717d116b5edde93d7944c21e569d024b42afc490cf	49316-8.txt
H. L. Mencken	49416	The Airship Boys' Ocean Flyer; Or, New York to London in Twelve Hours	The-Airship-Boys-Ocean-Flyer-Or-New-York-to-London-in-Twelve-Hours_49416	unavailable				
H. L. Mencken	50124	Frederick William Maitland, Downing Professor of the Laws of England	Frederick-William-Maitland-Downing-Professor-of-the-Laws-of-England_50124	unavailable				
H. L. Mencken	50415	Famous Discoverers and Explores of America	Famous-Discoverers-and-Explores-of-America_50415	unavailable				
H. L. Mencken	50988	Bodyguard	Bodyguard_50988	fetched		112106	7dc3129c4c4298e92628e582f4fbb7c559ac1159ee2c1d859f1debbbe2c3dee8	50988.txt
H. L. Mencken	51834	Never Come Midnight	Never-Come-Midnight_51834	fetched		117733	ccede235c985a7216e1f97cb022ad3935f3c3b2d26d3d242b1899da062b0bb8a	51834-8.txt
H. L. Mencken	51844	Someone to Watch Over Me	Someone-to-Watch-Over-Me_51844	fetched		144873	cdabcdf14bc139d5b17fbac48ab02d90f14a887e1c33ca424828ad5617386972	51844.txt
H. L. Mencken	52904	Ventures Into Verse	Ventures-Into-Verse_52904	unavailable				
H. L. Mencken	53467	Prejudices, Second Series	Prejudices-Second-Series_53467	fetched		364803	5647fc6977dd236dcb240e34b4dc2304d8f9a66ff749fe7ae82cf90a2ebab0bf	53467-8.txt
H. L. Mencken	53474	Prejudices, Third Series	Prejudices-Third-Series_53474	fetched		452292	f63473de7b8e03a3dde3000be63e565d85ada8063cad59861d603ff434f3cd16	53474-8.txt
H. L. Mencken	53538	Prejudices, First Series	Prejudices-First-Series_53538	fetched		364149	f35d30bddbdec3667226939f8e13f7e5a1777dae34195849b46acf091afd3a50	53538-0.txt
H. L. Mencken	54056	In the Clouds for Uncle Sam; or, Morey Marshall of the Signal Corps	In-the-Clouds-for-Uncle-Sam-or-Morey-Marshall-of-the-Signal-Corps_54056	fetched		254904	8ae380927c784f32345e91697462dcef9142fbee05c9b1b8cb347311e9177f76	54056-0.txt
H. L. Mencken	54411	Gunpowder and Ammunition, Their Origin and Progress	Gunpowder-and-Ammunition-Their-Origin-and-Progress_54411	fetched		432096	7c0f5cf69830130455fa49939573c85e291562ecd61ed7083bfc39c9cd51eba0	54411-0.txt
H. L. Mencken	54579	The Stolen Aeroplane; or, How Bud Wilson Made Good	The-Stolen-Aeroplane-or-How-Bud-Wilson-Made-Good_54579	fetched		261851	634bf92bfedc8041145f89134a191a65c3d266156477de02fc0f8c873733561e	54579-0.txt
H. L. Mencken	55534	The Aeroplane Express; or, The Boy Aeronaut's Grit	The-Aeroplane-Express-or-The-Boy-Aeronaut-s-Grit_55534	fetched		281270	0cee5a96e80ab4a4e370afaf2c0a26a46635b5f4e7cad79f3de197400cbc87c8	55534-0.txt
H. L. Mencken	57000	The Boy Aeronauts' Club; or, Flying for Fun	The-Boy-Aeronauts-Club-or-Flying-for-Fun_57000	fetched		309109	6d7a90749724dcb2859ac406786d88300762fe173fa10ac1bb327d34329362b3	57000-0.txt
H. L. Mencken	57882	A Cruise in the Sky; or, The Legend of the Great Pink Pearl	A-Cruise-in-the-Sky-or-The-Legend-of-the-Great-Pink-Pearl_57882	fetched		256263	734c79bc3cdcc0899394762360a971781cf86b0a0329c0667e50c8d0d459d203	57882-0.txt
H. L. Mencken	58381	Battling the Bighorn; or, The Aeroplane in the Rockies	Battling-the-Bighorn-or-The-Aeroplane-in-the-Rockies_58381	fetched		311228	7d49b10c7980ea4faac0ac3c9a3b460775f309453cbce9ca9f842dfee864821e	58381-0.txt
H. L. Mencken	58709	When Scout Meets Scout; or, The Aeroplane Spy	When-Scout-Meets-Scout-or-The-Aeroplane-Spy_58709	fetched		291390	18ad1703b1cc74cb643e5a5965fec4aec29820aea68f6dbc49e61d432f41efa5	58709-0.txt
H. L. Mencken	62324	Grifters' Asteroid	Grifters-Asteroid_62324	fetched		55877	edc404b80003d604f212c145bdf64c3edca9e9e0551699bc0828e9db91684425	62324.txt
H. L. Mencken	62325	Menace of the Mists	Menace-of-the-Mists_62325	fetched		62431	98931691086600ebf997b7c3df32c3cb4f1f4ff248e7454e06ed66d771d06ec7	62325.txt
H. L. Mencken	64827	Yesterday's Revenge	Yesterday-s-Revenge_64827	fetched		55398	3d12e424b9821310971f61a26084240f139bd163442a45ae210a8522f57d3b52	64827-0.txt
H. L. Mencken	66607	Story of the automobile: Its history and development from 1760 to 1917	Story-of-the-automobile-Its-history-and-development-from-1760-to-1917_66607	unavailable				
H. L. Mencken	67978	Prejudices: Fourth Series	Prejudices-Fourth-Series_67978	fetched		421872	0bdebf21d54ed17deed0c0ba9332c02817ffed1d82d2b1b9d80bf3d53399c13f	67978-0.txt
H. L. Mencken	68209	George Bernard Shaw: His Plays	George-Bernard-Shaw-His-Plays_68209	fetched		196830	0d45bdb0fb795855443888fedb5c3300c72c21f1937adfdbb672c1c7fc65bfe2	68209-0.txt
Hamlin Garland	2809	Main-Travelled Roads	Main-Travelled-Roads_2809	fetched		519880	2debabe5c45391521d5becb72c414a5e57c7a0b2c3295a8e7e969956acf9fecd	2809-0.txt
Hamlin Garland	19764	The Moccasin Ranch: A Story of Dakota	The-Moccasin-Ranch-A-Story-of-Dakota_19764	unavailable				
Hamlin Garland	20247	Wayside Courtships	Wayside-Courtships_20247	fetched		414163	818de0ceb69d4ff425b375284e428d1d104953c8a7bb6f515f1e93581675f7cf	20247-8.txt
Hamlin Garland	20695	The Spirit of Sweetwater	The-Spirit-of-Sweetwater_20695	fetched		103600	66287877a44172153629d52e9f32d1b1755191b1f3ab876d6d8cc146eca57395	20695-8.txt
Hamlin Garland	20697	Prairie Folks	Prairie-Folks_20697	fetched		307319	1fb40bf58dd3e3db157c5dec446560eee5420ec8805298f614ee05501be373f4	20697-0.txt
Hamlin Garland	20714	Other Main-Travelled Roads	Other-Main-Travelled-Roads_20714	fetched		472089	335b8b1061739b95d3e1d612fbad976a5623fea4e78a3d4b830a8a64cdfe91b0	20714-8.txt
Hamlin Garland	21255	The Eagle's Heart	The-Eagle-s-Heart_21255	fetched		463913	46cf57f88bddeaf9ad35b7fca80f92d0fcb9f2ca06daa4206c8e97258f0f2088	21255-8.txt
Hamlin Garland	21850	A Little Norsk; Or, Ol' Pap's Flaxen	A-Little-Norsk-Or-Ol-Pap-s-Flaxen_21850	unavailable				
Hamlin Garland	22329	A Daughter of the Middle Border	A-Daughter-of-the-Middle-Border_22329	fetched		748962	8a3a74fe804e1f847bd57127a73dcd5c585063ee614bd3c1b4cb480b60e6c32d	22329-8.txt
Hamlin Garland	22593	The Shadow World	The-Shadow-World_22593	fetched		412037	06e93f6334148868db450d995df991af84cfc07784674e6c21782b1439ec77b0	22593.txt
Hamlin Garland	24220	The Tyranny of the Dark	The-Tyranny-of-the-Dark_24220	fetched		625828	e227d40d352e63527321a44599deaf0a8f0e8290554753bb305df263b884d287	24220.txt
Hamlin Garland	26189	A Spoil of Office: A Story of the Modern West	A-Spoil-of-Office-A-Story-of-the-Modern-West_26189	unavailable				
Hamlin Garland	26239	The Forester's Daughter: A Romance of the Bear-Tooth Range	The-Forester-s-Daughter-A-Romance-of-the-Bear-Tooth-Range_26239	unavailable				
Hamlin Garland	26244	Cavanagh, Forest Ranger: A Romance of the Mountain West	Cavanagh-Forest-Ranger-A-Romance-of-the-Mountain-West_26244	unavailable				
Hamlin Garland	28492	The Light of the Star: A Novel	The-Light-of-the-Star-A-Novel_28492	unavailable				
Hamlin Garland	28551	The Trail of the Goldseekers: A Record of Travel in Prose and Verse	The-Trail-of-the-Goldseekers-A-Record-of-Travel-in-Prose-and-Verse_28551	unavailable				
Hamlin Garland	28791	A Son of the Middle Border	A-Son-of-the-Middle-Border_28791	fetched		831320	847b29948e2024822bf1b3190e04ecd81e756d0c819c2fdfebedc66cd2164775	28791.txt
Hamlin Garland	29119	They of the High Trails	They-of-the-High-Trails_29119	fetched		598494	2c7cccb4254a4937b2fd6610b7a516b68a6029ff7ba3ccfef90b6fd991b9c6c0	29119.txt
Hamlin Garland	30318	Money Magic: A Novel	Money-Magic-A-Novel_30318	unavailable				
Hamlin Garland	33458	The Captain of the Gray-Horse Troop	The-Captain-of-the-Gray-Horse-Troop_33458	fetched		620758	084ba0117f90f7c9e9bb618000626d01e0949a8957977e8293eccf4adda25bcb	33458-8.txt
Hamlin Garland	34250	Victor Ollnee's Discipline	Victor-Ollnee-s-Discipline_34250	fetched		413393	09aba8f6de313790991a2653e9d5fdf5106af8cb1a25f0351731b25afc0190ea	34250-8.txt
Hamlin Garland	35805	Rose of Dutcher's Coolly	Rose-of-Dutcher-s-Coolly_35805	fetched		509450	fb6fe9c442cebb756a360e5eeba7acd8d79a1e0fa14e854ff599ba93e0890a52	35805.txt
Hamlin Garland	48442	A Pioneer Mother	A-Pioneer-Mother_48442	fetched		43447	a163c0de6aee0d0eae0b2d2a7826fd968a8926c1e3e5fe5850b8963ade40b0c8	48442-0.txt
Harriet Ann Jacobs	11030	Incidents in the Life of a Slave Girl, Written by Herself	Incidents-in-the-Life-of-a-Slave-Girl-Written-by-Herself_11030	unavailable				
Havelock Ellis	8125	Impressions and Comments	Impressions-and-Comments_8125	fetched		336643	815f8ac8dff9136ae1f520c8089aa5286e06a7b47fec9b7b4477019956c50249	8125-8.txt
Havelock Ellis	9887	Essays in War-Time: Further Studies in the Task of Social Hygiene	Essays-in-War-Time-Further-Studies-in-the-Task-of-Social-Hygiene_9887	unavailable				
Havelock Ellis	13610	Studies in the Psychology of Sex, Volume 1	Studies-in-the-Psychology-of-Sex-Volume-1_13610	unavailable				
Havelock Ellis	13611	Studies in the Psychology of Sex, Volume 2	Studies-in-the-Psychology-of-Sex-Volume-2_13611	unavailable				
Havelock Ellis	13612	Studies in the Psychology of Sex, Volume 3	Studies-in-the-Psychology-of-Sex-Volume-3_13612	unavailable				
Havelock Ellis	13613	Studies in the Psychology of Sex, Volume 4	Studies-in-the-Psychology-of-Sex-Volume-4_13613	unavailable				
Havelock Ellis	13614	Studies in the Psychology of Sex, Volume 5	Studies-in-the-Psychology-of-Sex-Volume-5_13614	unavailable				
Havelock Ellis	13615	Studies in the Psychology of Sex, Volume 6	Studies-in-the-Psychology-of-Sex-Volume-6_13615	unavailable				
Havelock Ellis	15687	Little Essays of Love and Virtue	Little-Essays-of-Love-and-Virtue_15687	fetched		273686	1eb5681dd3fbc88e9cdf74229c1c7f658bf42a3ca0a394cb58cf63336af550bf	15687.txt
Havelock Ellis	22090	The Task of Social Hygiene	The-Task-of-Social-Hygiene_22090	fetched		761967	90ce2a884ea3038647b1961833be36d105e7f9402b1508d0fb8c8b3ddb261647	22090.txt
Havelock Ellis	44500	The Criminal	The-Criminal_44500	fetched		623387	5514d4b0c01b0900552956f4894b0beeb3379fd7297f491d89c8cb304f5b3b0b	44500-0.txt
Havelock Ellis	55878	The New Spirit	The-New-Spirit_55878	unavailable				
Havelock Ellis	59214	The World of Dreams	The-World-of-Dreams_59214	fetched		537781	018dae391391beaf4617a1a1bc4f29b47da0172dc199247a7ea9cb30112a6374	59214-0.txt
Havelock Ellis	59409	Index of the Project Gutenberg Works of Havelock Ellis	Index-of-the-Project-Gutenberg-Works-of-Havelock-Ellis_59409	fetched		85301	4e415ce46a11105ec0883189b6331e752add55a9d4c167f7b2e97bc101cc9106	59409-0.txt
Havelock Ellis	65714	The Dance of Life	The-Dance-of-Life_65714	fetched		692581	182c8d7ad0b838cf5cfcb1878fb2c97c01b25fb04bad46f8faf6c188c5ad9680	65714-0.txt
Helen Hunt Jackson	2802	Ramona	Ramona_2802	fetched		884922	21965207464c2e72b3782737b6a964eddfd34af59db173f73f792d3989150d4d	2802-0.txt
Helen Hunt Jackson	9311	Hetty's Strange History	Hetty-s-Strange-History_9311	fetched		354272	56dc03162eef806d91108e4bae6807cf033607d93cb856eb07a540740073cb35	9311-0.txt
Helen Hunt Jackson	9825	A Calendar of Sonnets	A-Calendar-of-Sonnets_9825	fetched		28084	80645c7621f8322f8dde4d65d1022df5bddfeb29b219415449b200f35f2d4c71	9825-8.txt
Helen Hunt Jackson	10516	Bits about Home Matters	Bits-about-Home-Matters_10516	fetched		325508	74748df30d401975ca3694669e75139fb141a88ea3cf7a4e0037d3384865adcf	10516-8.txt
Helen Hunt Jackson	10519	Mercy Philbrick's Choice	Mercy-Philbrick-s-Choice_10519	fetched		461716	9b1aa4a1d659ee61c13cfdf3edee40f4c50b0639338ef70b1c272b4171a5c3cb	10519.txt
Helen Hunt Jackson	10756	Between Whiles	Between-Whiles_10756	fetched		338476	bd057abaa43597d9110747d99a7ba3c43afbc3152fdd3f4f2713f09fb258d41b	10756.txt
Helen Hunt Jackson	10926	Saxe Holm's Stories	Saxe-Holm-s-Stories_10926	unavailable				
Helen Hunt Jackson	19504	A Calendar of Sonnets	A-Calendar-of-Sonnets_19504	unavailable				
Helen Hunt Jackson	28385	The Hunter Cats of Connorloa	The-Hunter-Cats-of-Connorloa_28385	fetched		116640	f612a54fff8cd75d9f8d31c69888b9bdb20cd8ec6a42b2017ca75c2b1738e7c2	28385-8.txt
Helen Hunt Jackson	29699	Hetty's Strange History	Hetty-s-Strange-History_29699	fetched		361059	02abee5c4c616f995c08be2a1e45385ea37336398836bbdb49686eb27699798e	29699.txt
Helen Hunt Jackson	32069	Letters from a Cat	Letters-from-a-Cat_32069	unavailable				
Helen Hunt Jackson	33240	Mammy Tittleback and Her Family: A True Story of Seventeen Cats	Mammy-Tittleback-and-Her-Family-A-True-Story-of-Seventeen-Cats_33240	unavailable				
Helen Hunt Jackson	34430	Nelly's Silver Mine: A Story of Colorado Life	Nelly-s-Silver-Mine-A-Story-of-Colorado-Life_34430	unavailable				
Helen Hunt Jackson	42009	Glimpses of Three Coasts	Glimpses-of-Three-Coasts_42009	fetched		958142	6a247117cb45e726fe20f4b49e57629dbc3a1e0ad992e1b66c2e14ad90f039f5	42009.txt
Helen Hunt Jackson	50560	A Century of Dishonor	A-Century-of-Dishonor_50560	unavailable				
Henrik Ibsen	2289	Rosmersholm	Rosmersholm_2289	fetched		175764	b32b806a40c8cc467095757778215cb5f426a2a2ee429a2b6714d9e0d58e18a4	2289.txt
Henrik Ibsen	2296	Pillars of Society	Pillars-of-Society_2296	fetched		200124	da6b6440379f95ba3aad028e5f06da21ddd84568f1352104c8f47ed2533132a4	2296.txt
Henrik Ibsen	2446	An Enemy of the People	An-Enemy-of-the-People_2446	fetched		200152	f5c000541cc13407f33827fc518fd5fb77cfa265e44da9e604f3040da962e86f	2446.txt
Henrik Ibsen	2467	Ghosts: A Domestic Tragedy in Three Acts	Ghosts-A-Domestic-Tragedy-in-Three-Acts_2467	unavailable				
Henrik Ibsen	2542	A Doll's House : a play	A-Doll-s-House-a-play_2542	unavailable				
Henrik Ibsen	2765	The Lady from the Sea	The-Lady-from-the-Sea_2765	fetched		170348	686f8b202c968e31f8f8032249df7461f32d91036f615470f00a114c29984ed8	2765.txt
Henrik Ibsen	4070	The Master Builder	The-Master-Builder_4070	fetched		194619	d27caf814b89e3ab8c7912694043857500ba21c2c5596ee779f52f0f10e8d958	4070.txt
Henrik Ibsen	4093	Hedda Gabler	Hedda-Gabler_4093	fetched		204108	fc6e17e947ed8ac816ffda106cba3af639b72ea0a28bb71c37512c3b858ca361	4093.txt
Henrik Ibsen	4782	When We Dead Awaken	When-We-Dead-Awaken_4782	fetched		137991	6cdf6a02f1e338ba54a50ded668acfb7877557e7f84b98238828a64966194b70	4782.txt
Henrik Ibsen	7172	Early Plays — Catiline, the Warrior's Barrow, Olaf Liljekrans	Early-Plays-Catiline-the-Warrior-s-Barrow-Olaf-Liljekrans_7172	unavailable				
Henrik Ibsen	7942	Little Eyolf	Little-Eyolf_7942	fetched		145394	d952973031735a533720c4ebf95ffda1af0cb10486f62bc33b148595f80d336c	7942-8.txt
Henrik Ibsen	8121	Ghosts	Ghosts_8121	fetched		159816	daafec2ce66f89ce2cc809be470f77bcad4113637e7123af2a191858b147306e	8121-8.txt
Henrik Ibsen	15492	A Doll's House	A-Doll-s-House_15492	fetched		169293	90b9d76c067dee0cc4d7f7bc19337668df3279feb36fda8268b18d45f9cdc7c1	15492.txt
Henrik Ibsen	18428	The Feast at Solhoug	The-Feast-at-Solhoug_18428	fetched		123539	ea1d12d16132581d0102d4dce54b73b57aa098192874d253ce36365856645a04	18428.txt
Henrik Ibsen	18657	Love's Comedy	Love-s-Comedy_18657	fetched		189550	00a667ff1c3499ea44df6bb1a5f9225a6a03a82c2c5d53df2d9bde1c62ceb2f6	18657.txt
Henrik Ibsen	18792	John Gabriel Borkman	John-Gabriel-Borkman_18792	fetched		176554	a40a82b73862bf8327fd61167e226a2b5a98742850e0705f536d8fb0f58b94f7	18792.txt
Henrik Ibsen	19018	Lady Inger of Ostrat: Henrik Ibsen's Prose Dramas Vol III	Lady-Inger-of-Ostrat-Henrik-Ibsen-s-Prose-Dramas-Vol-III_19018	unavailable				
Henrik Ibsen	19205	The Vikings of Helgeland: The Prose Dramas Of Henrik Ibsen, Vol. III.	The-Vikings-of-Helgeland-The-Prose-Dramas-Of-Henrik-Ibsen-Vol-III_19205	unavailable				
Henrik Ibsen	66060	The Collected Works of Henrik Ibsen, Vol. 01 (of 11)	The-Collected-Works-of-Henrik-Ibsen-Vol-01-of-11_66060	unavailable				
Henrik Ibsen	66186	The Collected Works of Henrik Ibsen Vol. 02 (of 11)	The-Collected-Works-of-Henrik-Ibsen-Vol-02-of-11_66186	fetched		524081	9f429e5ba343d69b4b5c8a5e138942b40b69d99d05853faae910414c0bc91b28	66186-0.txt
Henrik Ibsen	66238	The Collected Works of Henrik Ibsen Vol. 03 (of 11)	The-Collected-Works-of-Henrik-Ibsen-Vol-03-of-11_66238	fetched		394584	3e940e1228204a2efdb604e048c4addee04e04c371a75c5fb04ac6c7bbd8a4a6	66238-0.txt
Henrik Ibsen	66239	The Collected Works of Henrik Ibsen Vol. 04 (of 11)	The-Collected-Works-of-Henrik-Ibsen-Vol-04-of-11_66239	fetched		456631	b80be4737714d05bc732fd9f616a3e802b8a6fcc4e5a485181533b123fcfaa71	66239-0.txt
Henrik Ibsen	66240	The Collected Works of Henrik Ibsen Vol. 05 (of 11)	The-Collected-Works-of-Henrik-Ibsen-Vol-05-of-11_66240	fetched		673140	b59c789457fa5120a861fa3f3b13ba1ac8ac6365e61aa1e0939af7c48d732295	66240-0.txt
Henry Adams	2044	The Education of Henry Adams	The-Education-of-Henry-Adams_2044	fetched		1060798	55ad62cc1d02a65406e730dfc82a3ba7dd4d78bf371eff87d1a210c9f2bd59b8	2044-8.txt
Henry Adams	2815	Democracy, an American novel	Democracy-an-American-novel_2815	fetched		429527	c31fc46b55022370de93278b48798b048bb8523cf7a5b420b42215c67d6873a8	2815-0.txt
Henry Adams	4584	Mont-Saint-Michel and Chartres	Mont-Saint-Michel-and-Chartres_4584	fetched		854271	b6bbd7780f63c11cfb3d1b53694d85162d8aaee54df2aa541185a12d7998bdcd	4584.txt
Henry Adams	7980	The Sewerage of Sea Coast Towns	The-Sewerage-of-Sea-Coast-Towns_7980	fetched		237850	d74ffef68d8aa932d209aae711056f2230031aeafa41d340ef5710852c07c2b8	7980-8.txt
Henry Adams	14409	Esther	Esther_14409	fetched		335826	47494fbceee2a75487962294bcf863a8e73a5eb3f285431a5aa4fd760bcdbaba	14409-8.txt
Henry Adams	24496	Making a Rock Garden	Making-a-Rock-Garden_24496	fetched		62561	937c4d9b7f32339088a29233fa2e024c3f58baa1b16f510f4e51bc5c721fd542	24496-8.txt
Henry Adams	31034	By-ways in Book-land: Short Essays on Literary Subjects	By-ways-in-Book-land-Short-Essays-on-Literary-Subjects_31034	unavailable				
Henry Adams	31479	Celebrated Women Travellers of the Nineteenth Century	Celebrated-Women-Travellers-of-the-Nineteenth-Century_31479	fetched		683550	88671c56dfd4d89164a196c5b1bccdc05d67a05e0174cc083208c625763f4a17	31479.txt
Henry Adams	33304	Hair-Breadth Escapes: The Adventures of Three Boys in South Africa	Hair-Breadth-Escapes-The-Adventures-of-Three-Boys-in-South-Africa_33304	unavailable				
Henry Adams	38175	Perils in the Transvaal and Zululand	Perils-in-the-Transvaal-and-Zululand_38175	fetched		636635	5d5039e27130dc31cb08bd7c89263f1bbc5b74a373199aaf6120a4c53b0ec9a3	38175.txt
Henry Adams	38763	Witch, Warlock, and Magician	Witch-Warlock-and-Magician_38763	unavailable				
Henry Adams	41550	Nests and Eggs of Familiar British Birds, Second Series	Nests-and-Eggs-of-Familiar-British-Birds-Second-Series_41550	unavailable				
Henry Adams	41566	Curiosities of Superstition, and Sketches of Some Unrevealed Religions	Curiosities-of-Superstition-and-Sketches-of-Some-Unrevealed-Religions_41566	unavailable				
Henry Adams	42749	Some Heroes of Travel	Some-Heroes-of-Travel_42749	unavailable				
Henry Adams	45654	The Life of Albert Gallatin	The-Life-of-Albert-Gallatin_45654	fetched		1619297	0c1dff13ad38fab414ed9a30d76418e4d84676637a471a5ab60745ff0ee6c735	45654-8.txt
Henry Adams	47586	Everyday Objects; Or, Picturesque Aspects of Natural History.	Everyday-Objects-Or-Picturesque-Aspects-of-Natural-History_47586	fetched		698335	0aab863bd193c153668534cad0f4b643e3355c300ba6b66796461a5cb33d9047	47586-0.txt
Henry Adams	53705	Harper's Outdoor Book for Boys	Harper-s-Outdoor-Book-for-Boys_53705	fetched		505856	d514d48740124899d1313830a5a4a70492c4c0f9347d22fa3001e35f84b590dd	53705-0.txt
Henry Adams	54692	In the Far East	In-the-Far-East_54692	unavailable				
Henry Adams	57900	Lighthouses and Lightships	Lighthouses-and-Lightships_57900	unavailable				
Henry Adams	64592	Harper's Electricity Book for Boys	Harper-s-Electricity-Book-for-Boys_64592	fetched		648943	458365f98cfc43585f29c300f3653920e9b8d35c5462ebc9ad7253aab90551d9	64592-0.txt
Henry Beston	12330	A Volunteer Poilu	A-Volunteer-Poilu_12330	fetched		283191	9f0ba021c1042dba4c1e92d5915b1d7655e13247d106f8203d4b6d13ed0cf932	12330-8.txt
Henry Beston	19207	The Firelight Fairy Book	The-Firelight-Fairy-Book_19207	fetched		261008	06439b82ba8da281d3b49c30cb63e80b2d1558b1f2a8015114f1ebd232ac5e80	19207.txt
Henry Beston	60196	Full Speed Ahead: Tales from the Log of a Correspondent with Our Navy	Full-Speed-Ahead-Tales-from-the-Log-of-a-Correspondent-with-Our-Navy_60196	fetched		280866	c748620ae5a3a65c4f8462e89c3ea6f84b716987f5f77a2ef84aeab9b85fbabe	60196-8.txt
Henry Beston	66124	The Starlight Wonder Book	The-Starlight-Wonder-Book_66124	fetched		259956	1367c5a94e1cb17cc7ad755ecb7cd10434bb4564420b22c2cccaffd740eb97a0	66124-0.txt
Henry Beston	66460	The Book of Gallant Vagabonds	The-Book-of-Gallant-Vagabonds_66460	fetched		246151	aad3558a074a7442ffad1d95150b566a24b6974412997f76a5a1e1e85a520a9f	66460-0.txt
Henry David Thoreau	71	On the Duty of Civil Disobedience	On-the-Duty-of-Civil-Disobedience_71	fetched		72438	e1a70529a35fbe54b5d4f717c28aa88f39ff4433bcd2092524a9f45140d3deb8	71-0.txt
Henry David Thoreau	205	Walden, and On The Duty Of Civil Disobedience	Walden-and-On-The-Duty-Of-Civil-Disobedience_205	fetched		666766	1c8b8df7bf5633b021b9139de4bc241d11984c879456823701d3918f3b2f725d	205.txt
Henry David Thoreau	1022	Walking	Walking_1022	fetched		88948	ea996729f2b6ff5074ffc94b94838eb99e270eb3297bb52343bcff8798bb6976	1022-0.txt
Henry David Thoreau	2567	A Plea for Captain John Brown	A-Plea-for-Captain-John-Brown_2567	unavailable				
Henry David Thoreau	4066	Wild Apples	Wild-Apples_4066	fetched		71896	9adc81c6f4c1de392b6406835411a2e38fe5edb8251095a467f2695c3932345f	4066.txt
Henry David Thoreau	4232	A Week on the Concord and Merrimack Rivers	A-Week-on-the-Concord-and-Merrimack-Rivers_4232	fetched		683264	f9cd2d1faaa9c7c2e5936f1e512e52ffb3d100b5186d405d2e1cba8241aac7df	4232-0.txt
Henry David Thoreau	9846	Excursions	Excursions_9846	fetched		427158	1f8a662523cd21a87b03bb61b586350b471cd83361b45f2f9aef2c0b64dec717	9846-8.txt
Henry David Thoreau	17386	The Leading Facts of English History	The-Leading-Facts-of-English-History_17386	fetched		1135125	99b53ca7200945dab19949bd614c1850aba0546a46aefd21e7e01f4dade288c1	17386.txt
Henry David Thoreau	18127	The Beginner's American History	The-Beginner-s-American-History_18127	fetched		427890	716226795cd70653bb796a1ce6d320495106f48133458e2202930aef15aceea2	18127.txt
Henry David Thoreau	26289	Walden	Walden_26289	unavailable				
Henry David Thoreau	26573	On the Duty of Civil Disobedience	On-the-Duty-of-Civil-Disobedience_26573	unavailable				
Henry David Thoreau	26890	The Rat Racket	The-Rat-Racket_26890	fetched		60039	1615e723781f385c231e8792a5edecd987261b21757f83bcf92c22b9502d75cd	26890.txt
Henry David Thoreau	32630	Tiger Cat	Tiger-Cat_32630	fetched		53746	3d10e9e9e83c5259c6efa1706842814b50c512591a351d56d5a73be1ae6aeee0	32630-8.txt
Henry David Thoreau	34392	Cape Cod	Cape-Cod_34392	fetched		461214	d833e61a9410db155c2deea7e3f7fb70a379d6589186385c5ec7417f3fd6b192	34392-8.txt
Henry David Thoreau	34990	Canoeing in the wilderness	Canoeing-in-the-wilderness_34990	fetched		206127	38a9d586d12b789e52a0c3679d9b1ab01207dbd63cce06b84e65e2dc280de7e4	34990-8.txt
Henry David Thoreau	42500	The Maine Woods	The-Maine-Woods_42500	unavailable				
Henry David Thoreau	42553	Excursions, and Poems	Excursions-and-Poems_42553	unavailable				
Henry David Thoreau	43523	Familiar Letters	Familiar-Letters_43523	unavailable				
Henry David Thoreau	56534	Spain in 1830, vol. 1	Spain-in-1830-vol-1_56534	fetched		496399	b0881f7aa7768f40f2b82d54c15da972fedc147fc5777a6112a5823a7fb7e001	56534-0.txt
Henry David Thoreau	56535	Spain in 1830, vol. 2	Spain-in-1830-vol-2_56535	fetched		481860	92ec0a6833ecba1b02b63b2e58d27dc75c84850dc2e3acce5cf7656510524782	56535-0.txt
Henry David Thoreau	57393	Journal 01, 1837-1846	Journal-01-1837-1846_57393	unavailable				
Henry David Thoreau	58273	Index of the Project Gutenberg Works of Henry David Thoreau	Index-of-the-Project-Gutenberg-Works-of-Henry-David-Thoreau_58273	unavailable				
Henry David Thoreau	59031	Journal 02, 1850-September 15, 1851	Journal-02-1850-September-15-1851_59031	unavailable				
Henry David Thoreau	59988	Poems of Nature	Poems-of-Nature_59988	fetched		91394	00e3d2b59a5589720be2e1d76dcb23bdefa417ff4506956546eed6f900a89eb5	59988-0.txt
Henry David Thoreau	60951	The Service	The-Service_60951	fetched		46476	c8ea49d81b0c966fc52b0717690654837b2ddc8073081bb1a06e0f4edeccadd1	60951-0.txt
Henry David Thoreau	63459	Paradise (to be) Regained	Paradise-to-be-Regained_63459	fetched		77479	42b04f65ed78f7428065b554e9676310f555231ecd152730c1e4bb917cefbcb2	63459-0.txt
Henry Ford	3041	The Cleveland Era: A Chronicle of the New Order in Politics	The-Cleveland-Era-A-Chronicle-of-the-New-Order-in-Politics_3041	unavailable				
Henry Ford	7213	My Life and Work	My-Life-and-Work_7213	fetched		546251	e8b43cdc1b5363851b286c1daee8aa39d5acc264ed96bbafd0a7e4e79c36a1c2	7213.txt
Henry Ford	11702	Washington and his colleagues; a chronicle of the rise and fall of federalism	Washington-and-his-colleagues-a-chronicle-of-the-rise-and-fall-of-federalism_11702	unavailable				
Henry Ford	57117	Henry Ford: Highlights of His Life	Henry-Ford-Highlights-of-His-Life_57117	fetched		50694	1478b5ccb1f213b4db4e7357982eca355c513c5dec1b5bbccb0fcf7234028fb7	57117-0.txt
Henry James	176	Roderick Hudson	Roderick-Hudson_176	fetched		786963	d5850be23a577aadf8bfaad0d6a47f951e5623da6fa1f4108eb3e1c5d2ea1e1d	176-0.txt
Henry James	177	The American	The-American_177	fetched		772617	52e8fafc28c2483441f0a3c21c4c58c342532e360c5757ed5dccbcaa9286880a	177.txt
Henry James	178	Confidence	Confidence_178	fetched		458504	5728fc4b74b42bb0092627fd5eb6ea04131f6e22d4ba569a296537a0f4307b77	178-0.txt
Henry James	179	The Europeans	The-Europeans_179	fetched		371202	8b45ab9d95aec5af84f4d5b6b1574e093d5d435d85db1dc503018532167364f6	179-0.txt
Henry James	208	Daisy Miller: A Study	Daisy-Miller-A-Study_208	unavailable				
Henry James	209	The Turn of the Screw	The-Turn-of-the-Screw_209	fetched		258212	cc2003855ceda7ca36fa2e2578e0925da0d9a69b1e46a66eb984970094db0366	209-0.txt
Henry James	210	An International Episode	An-International-Episode_210	fetched		182181	098da95607673db55e91370876aba0778fe9e5e456ddfdf1ab1e0fdf32636cf0	210-0.txt
Henry James	211	The Aspern Papers	The-Aspern-Papers_211	fetched		234596	e750270d82e84e0d75da19e5d1012315228336fd9b0fb58347712b787f1644b2	211-0.txt
Henry James	432	The Ambassadors	The-Ambassadors_432	fetched		948118	28fa22f2273102c6e95eebfeefe030c675f4b4a3d3b6da4d089c11b717415a72	432.txt
Henry James	642	The Altar of the Dead	The-Altar-of-the-Dead_642	fetched		102723	42400fe7405ad817c67965f5a2a80d1629b802187b29fa0a8e978ba3bbc574ae	642-0.txt
Henry James	643	The Death of the Lion	The-Death-of-the-Lion_643	fetched		104518	6a4d2c6f8a6a745148eac404a9732f8df552484077cb4c3b5d6d3e964e789caa	643-0.txt
Henry James	645	The Figure in the Carpet	The-Figure-in-the-Carpet_645	fetched		106998	0eb0ba083bb041a98a0014e5d47f7a75c7435da0b1875333e5174d88a772e529	645-0.txt
Henry James	898	The Lesson of the Master	The-Lesson-of-the-Master_898	fetched		165724	8aa28754999e43412309f7bc419be72e68e54c272831a8e0bbe1b0080031c996	898-0.txt
Henry James	1032	The Pupil	The-Pupil_1032	fetched		123189	49012a4ebc467f34ffa58d6390850d64385c490f2331f3956fcc7ff8bc66249f	1032-0.txt
Henry James	1093	The Beast in the Jungle	The-Beast-in-the-Jungle_1093	fetched		123404	f2328ef0024907763d09ea8c81b54043a898bd995675483aa699f532bdf70ced	1093.txt
Henry James	1144	In the Cage	In-the-Cage_1144	fetched		218940	15295ee240088c6321a16b1a7f87cb876391d13d81feae0ff656117b2dc881be	1144.txt
Henry James	1190	The Jolly Corner	The-Jolly-Corner_1190	fetched		100700	eefc1daf6589d7dd611e2dac5663048656829b07075fd3e639e82161b0c9044d	1190.txt
Henry James	1193	The Coxon Fund	The-Coxon-Fund_1193	fetched		152651	3fbca59527efd328b57586236c90a71979977cb85e7223bf84eca6fd85e2859d	1193-0.txt
Henry James	1195	Glasses	Glasses_1195	fetched		126309	b2c6760631ca221323e9e0898079562bc3812305f0b41a5480d1276a173758eb	1195.txt
Henry James	2159	A Little Tour in France	A-Little-Tour-in-France_2159	fetched		444702	a5e23f2a4df18e879461deb61b0cc9cff682cdf009259d40c0b364d1727e7b6f	2159.txt
Henry James	2299	Pandora	Pandora_2299	fetched		138143	da5f1990540ecd1a8d11e09507847b66f02e82330c6a8ad61d8cc3241a5f568a	2299-0.txt
Henry James	2327	Some Short Stories [by Henry James]	Some-Short-Stories-by-Henry-James_2327	unavailable				
Henry James	2366	The Beldonald Holbein	The-Beldonald-Holbein_2366	fetched		66093	915b561591b13a59c7474ccb456198f2c2146e7c462aa1f101a50730cd6d2daf	2366.txt
Henry James	2425	A Bundle of Letters	A-Bundle-of-Letters_2425	fetched		96956	f4f65ea2372cb76b3182b6d87f067c8a4213f55a8a6bb3a77c0e8c97ef2b7d35	2425.txt
Henry James	2426	The Diary of a Man of Fifty	The-Diary-of-a-Man-of-Fifty_2426	fetched		85936	d4f1382287b9264489104711457263a3d62dab48f19969a0a4b8a1b15ca3de95	2426.txt
Henry James	2427	The Patagonia	The-Patagonia_2427	fetched		150509	2c2d98c9376ae7e36a3600c803ad28cfeca050835297e6d2eacbb95f06c3e062	2427-0.txt
Henry James	2436	The Marriages	The-Marriages_2436	fetched		95731	1aa64a0afdb3ac3dc7a896335a9b2ed02ffb06e44fb9927d8528f8888f9e69c7	2436-0.txt
Henry James	2460	The Madonna of the Future	The-Madonna-of-the-Future_2460	fetched		106301	8cf0aae1a06d2d77381a92255b2b53b67a7982f5097bfb20d0f70544a5129862	2460.txt
Henry James	2534	Eugene Pickering	Eugene-Pickering_2534	fetched		125049	118479e7627683c3118467eee80b4140db24382819c5e7b364ab50672a6cab31	2534.txt
Henry James	2715	The Real Thing and Other Tales	The-Real-Thing-and-Other-Tales_2715	fetched		415476	9d7a16a0f2453b246e852cef7bbcbd8c5b1a050e9fb074443f6f272b7be2b769	2715-0.txt
Henry James	2716	Sir Dominick Ferrand	Sir-Dominick-Ferrand_2716	fetched		145570	e1ead7b80f5ea7785c7912e5489dc7a01f12b5cc860b2598180ed7be04c0b5bc	2716-0.txt
Henry James	2717	Nona Vincent	Nona-Vincent_2717	fetched		90993	0a5465e2d28bf3921e39de69db58b959df8a956b79b5d620e0fa38641e2a8f33	2717-0.txt
Henry James	2718	The Chaperon	The-Chaperon_2718	fetched		116179	3814f0455713b44e21e6a9242478b4fe635c45b8f716f26e46876f2feb885453	2718-0.txt
Henry James	2719	Greville Fane	Greville-Fane_2719	fetched		61525	808d9f98b53bd563a391d5dddc9635ae4fa7d180b34e14f39d5b57868fc04544	2719-0.txt
Henry James	2720	The Pension Beaurepas	The-Pension-Beaurepas_2720	unavailable				
Henry James	2833	The Portrait of a Lady — Volume 1	The-Portrait-of-a-Lady-Volume-1_2833	unavailable				
Henry James	2834	The Portrait of a Lady — Volume 2	The-Portrait-of-a-Lady-Volume-2_2834	unavailable				
Henry James	2869	The Point of View	The-Point-of-View_2869	unavailable				
Henry James	2870	Washington Square	Washington-Square_2870	fetched		394929	a8778df980e76505320502681b9bdfabab68e2de38ec6492ecf1b4d694bbb262	2870-0.txt
Henry James	3145	The Author of Beltraffio	The-Author-of-Beltraffio_3145	fetched		131204	c7f6f2a95a1322154e2706935f7e842922b1455aec0834ff8beb37fb0aa206ce	3145-0.txt
Henry James	4262	The Golden Bowl — Volume 1	The-Golden-Bowl-Volume-1_4262	fetched		626106	e32d41954b293824697f3ec0147aaf470a692cf67f49e983a305f78bdec0ff40	4262.txt
Henry James	4263	The Golden Bowl — Volume 2	The-Golden-Bowl-Volume-2_4263	fetched		581889	9fccf822d7e8af5fe69c8148cb8f21907c9d6bf6a2d24e0d6e28fdb97ce3cac2	4263.txt
Henry James	4264	The Golden Bowl — Complete	The-Golden-Bowl-Complete_4264	unavailable				
Henry James	6354	Italian Hours	Italian-Hours_6354	fetched		763362	9d20e82f843103fc698018a4a96516f36c97c0e8e0e51bfec66584505730029d	6354-0.txt
Henry James	7118	What Maisie Knew	What-Maisie-Knew_7118	fetched		553063	97bdc2164571f74787439ba87bb1a139695ac3c6b4ad7e71db0f2ca6c1c39349	7118.txt
Henry James	7433	The Awkward Age	The-Awkward-Age_7433	fetched		834537	cdd30a193a32f379b21ebdd35c78e60bd44dcde3f9ca0a80f6ab120f9f64bfdf	7433-0.txt
Henry James	7529	The Reverberator	The-Reverberator_7529	fetched		338290	2f49c00575609ec090e642f9f10e11d1311b67341638a46a8be7667dca303e3a	7529-0.txt
Henry James	7813	Madame De Mauves	Madame-De-Mauves_7813	fetched		202830	cbd54a248db5b45f1427ca6f9a32a3bd5f72b8a275f6bcf05bc0d131d309e000	7813-0.txt
Henry James	8080	A Passionate Pilgrim	A-Passionate-Pilgrim_8080	fetched		178448	8ea38d331df26e3f5a9d8bb7cc8e57a1d74aec78687d8251fa90ac5f6decdf3e	8080-0.txt
Henry James	8081	Louisa Pallant	Louisa-Pallant_8081	fetched		103045	85b70cbd8bcf74111dd959c3d14e381a3e32b7c876ba25b917887c71b9af4e0b	8081.txt
Henry James	11694	The evolution of English lexicography	The-evolution-of-English-lexicography_11694	fetched		98916	75e21b961af5c4e903661a92956a6cbbc6bd3b37798239f42fef8af51021a4e3	11694.txt
Henry James	12193	The Gentleman from Everywhere	The-Gentleman-from-Everywhere_12193	fetched		369277	722ce24338aa758e5ec9021db2a689b0c3108dc3057911c8cc116207850a4578	12193-8.txt
Henry James	14629	A Wonderful Night; An Interpretation of Christmas	A-Wonderful-Night-An-Interpretation-of-Christmas_14629	unavailable				
Henry James	18566	Hawthorne	Hawthorne_18566	unavailable				
Henry James	19580	An International Episode	An-International-Episode_19580	unavailable				
Henry James	19717	The Bostonians, Vol. I (of II)	The-Bostonians-Vol-I-of-II_19717	unavailable				
Henry James	19718	The Bostonians, Vol. II (of II)	The-Bostonians-Vol-II-of-II_19718	unavailable				
Henry James	20085	The Tragic Muse	The-Tragic-Muse_20085	fetched		1232154	555439cd8433ad9ae9e62c2385a1ac6d1c973c975b560667535dbd17f3929716	20085.txt
Henry James	21770	The Author of Beltraffio	The-Author-of-Beltraffio_21770	fetched		127633	8718e9f6aff063ce7198a563716cefd1d3e7fab1d09300fbf1436fd5bdeb8fa9	21770-0.txt
Henry James	21771	Georgina's Reasons	Georgina-s-Reasons_21771	fetched		165997	f8778887cecfdc61849bcad7edcbdacd206efb9bb7f4c6f7e6630e93ace45ef0	21771-0.txt
Henry James	21772	The Path Of Duty	The-Path-Of-Duty_21772	fetched		104193	b3e0a64a16fbb33ef7a06725ea1251a55fc4ed2df9f62d74ce42fe881455c9fe	21772-0.txt
Henry James	21773	Four Meetings	Four-Meetings_21773	fetched		77564	36bd24922ea9542b39ac440457fd3a87b9883f2b4b6332ac98ca53eabe1c0203	21773-0.txt
Henry James	21932	Embarrassments	Embarrassments_21932	fetched		366200	016004d83747fbef92f2abab091dee0e72f992e4bc4c870f804aea835cbc2e68	21932-0.txt
Henry James	21968	The Finer Grain	The-Finer-Grain_21968	fetched		334204	39ad674ba4bc267bd366425eae6d9a4d9b34b4e58afb05ac649b91b1c2a29e2c	21968-0.txt
Henry James	21969	The Outcry	The-Outcry_21969	fetched		352371	1f05b0ecc2487b7fcbc34c5a7f0b5da759051a9525ee4d382508c8f9b11779f8	21969-0.txt
Henry James	22363	The Country of the Neutrals	The-Country-of-the-Neutrals_22363	unavailable				
Henry James	25500	A London Life, and Other Tales	A-London-Life-and-Other-Tales_25500	fetched		574461	52f3ad38380ca2b3481b721cc33c31c7256bffae517814b61b2d7c913a6645d3	25500-8.txt
Henry James	25767	Picture and Text	Picture-and-Text_25767	unavailable				
Henry James	26115	A Small Boy and Others	A-Small-Boy-and-Others_26115	fetched		591269	30235c8ad53db94c588095997a6d4de13526aac5bd7380f5dac5a9759e52179a	26115.txt
Henry James	26285	The Turn of the Screw	The-Turn-of-the-Screw_26285	unavailable				
Henry James	27101	Life of Rear Admiral John Randolph Tucker	Life-of-Rear-Admiral-John-Randolph-Tucker_27101	fetched		177198	c77e47b1a8851cdbc459fe851f8c4105f6c3b62b39d3f26d706042d53ec92f6b	27101.txt
Henry James	28004	A Little Tour of France	A-Little-Tour-of-France_28004	fetched		466770	aded346bddc1e8b7ac359e9a1613252682c9e996a7f63744c500c31e510c452e	28004.txt
Henry James	29452	The Wings of the Dove, Volume 1 of 2	The-Wings-of-the-Dove-Volume-1-of-2_29452	fetched		475100	a0bec0f5b8251777eb814dd9632c537992d500c1851896981fed989dcd2226ba	29452-8.txt
Henry James	30059	The Wings of the Dove, Volume II	The-Wings-of-the-Dove-Volume-II_30059	fetched		611936	649dda2146b233a8c75d0f00fb649cd4e84894b2962c13b427d64c845ede3b41	30059-8.txt
Henry James	32649	The Middle Years	The-Middle-Years_32649	fetched		149095	69d0259787002d72f2b7d180fd097abb707545d09ee47cede41fcddb122afd9d	32649-8.txt
Henry James	32939	The Sacred Fount	The-Sacred-Fount_32939	fetched		444571	29dc3e5c8c5e19ca7e1158d6d25a0b8c977f426fddbd006129d865cd879b0909	32939-8.txt
Henry James	33325	The Spoils of Poynton	The-Spoils-of-Poynton_33325	fetched		413611	7f16126af673d3198317cc28564659f6af0bb7e30c2762eac71b2b838c47d6e8	33325-8.txt
Henry James	36143	The Mapleson Memoirs, 1848-1888, vol I	The-Mapleson-Memoirs-1848-1888-vol-I_36143	fetched		476845	ceb47b1b6801aded588968fe64f218d04dab31f45c8a803eac8cd75df6aadaf3	36143-8.txt
Henry James	36144	The Mapleson Memoirs, 1848-1888, vol II	The-Mapleson-Memoirs-1848-1888-vol-II_36144	fetched		461810	a62e8eec26356dc497e98ca7304649fcf0fc4d2c778b1e9fdfa2d4e19ee6f1ec	36144.txt
Henry James	36879	Nicotiana; Or, The Smoker's and Snuff-Taker's Companion	Nicotiana-Or-The-Smoker-s-and-Snuff-Taker-s-Companion_36879	unavailable				
Henry James	36903	Marvels of Pond-life	Marvels-of-Pond-life_36903	unavailable				
Henry James	37424	Views and Reviews	Views-and-Reviews_37424	fetched		317493	b46c3bbc48698b9d8886ec6ae3c99970487d33e4089bd02be560335068f8dd30	37424.txt
Henry James	37425	Within the Rim, and Other Essays, 1914-15	Within-the-Rim-and-Other-Essays-1914-15_37425	unavailable				
Henry James	37627	Lady Barbarina, The Siege of London, An International Episode, and Other Tales	Lady-Barbarina-The-Siege-of-London-An-International-Episode-and-Other-Tales_37627	unavailable				
Henry James	38035	The Letters of Henry James, (Vol. II)	The-Letters-of-Henry-James-Vol-II_38035	unavailable				
Henry James	38135	Etain the Beloved, and Other Poems	Etain-the-Beloved-and-Other-Poems_38135	fetched		86804	c2f0e19f9a89ed4c5aa34a71e1052289469c90183192ec6eaee086186343ca2e	38135-8.txt
Henry James	38424	Notes of a Son and Brother	Notes-of-a-Son-and-Brother_38424	fetched		787215	846e466291ba102ff2ee7d9cbdd7db2aa8f855d0cd00a673c595bb71cfe95f2c	38424.txt
Henry James	38776	The Letters of Henry James (Vol. I)	The-Letters-of-Henry-James-Vol-I_38776	unavailable				
Henry James	39316	The Loyalists of Massachusetts and the Other Side of the American Revolution	The-Loyalists-of-Massachusetts-and-the-Other-Side-of-the-American-Revolution_39316	unavailable				
Henry James	39511	The Psychological Origin and the Nature of Religion	The-Psychological-Origin-and-the-Nature-of-Religion_39511	fetched		143104	b92cd739b98af315cfce371e2dbfcbea1d0f376ad6860bbbbace60f85370f44e	39511-8.txt
Henry James	42486	The Two Magics: The Turn of the Screw, Covering End	The-Two-Magics-The-Turn-of-the-Screw-Covering-End_42486	unavailable				
Henry James	42576	The Common Spiders of the United States	The-Common-Spiders-of-the-United-States_42576	fetched		357250	63f0d80b4c7ccdfc49dfa22f4d29531fbf8260b83e773b628e1b9699c53f528c	42576-0.txt
Henry James	49757	The Man Who Lived in a Shoe	The-Man-Who-Lived-in-a-Shoe_49757	fetched		557576	a9191e4bad6b609ac677a07340a1c5b8a00335ea9a8b421e0d60d1e90605f60f	49757-0.txt
Henry James	53244	The King Country; or, Explorations in New Zealand	The-King-Country-or-Explorations-in-New-Zealand_53244	unavailable				
Henry James	54250	The Albigensian Heresy	The-Albigensian-Heresy_54250	fetched		180979	5593d1cae45c76c7021692af054d50908985fd941b16a021f35751aa1d6a48c9	54250-0.txt
Henry James	54381	Collecting Old Glass, English and Irish	Collecting-Old-Glass-English-and-Irish_54381	fetched		147389	f33a04549faf7e54af29a1bdc0e8e3771d3958432abe7ac4ec9289a15d2d095c	54381-0.txt
Henry James	55078	The Birthplace	The-Birthplace_55078	fetched		143054	78f014e7fbdcf0b8b24622811dfc6a6adcc5150d8a14f3dfb322a97007780681	55078.txt
Henry James	58072	The Unity of the Church Essential to the Conversion of the World	The-Unity-of-the-Church-Essential-to-the-Conversion-of-the-World_58072	fetched		68389	0c8cf7462e59ed303ed7eb7e1e60be1d118efcdfb26aed9514a09da3854a1dd1	58072-0.txt
Henry James	58111	The Structure and Habits of Spiders	The-Structure-and-Habits-of-Spiders_58111	fetched		113616	fb77bdc6989203fe2bcbdfa8e3b71af9255ea7f3842e46bdf20a1d4fce7effac	58111-0.txt
Henry James	58471	Partial Portraits	Partial-Portraits_58471	unavailable				
Henry James	58938	English Hours	English-Hours_58938	fetched		473965	2a53e2cd69313558a48738d52a750015e010d99a8d0716aefe532922fc984c9e	58938-0.txt
Henry James	59462	Index of the Project Gutenberg Works of Henry James	Index-of-the-Project-Gutenberg-Works-of-Henry-James_59462	fetched		58311	2ac88716c241e0bfe206d095f81149a240844dac93e5a90dffbf656576d8dc43	59462-0.txt
Henry James	60040	Notes on Novelists, with Some Other Notes	Notes-on-Novelists-with-Some-Other-Notes_60040	fetched		828601	fdd4ab65446cda986466235897ea78f98e6caadd338eca01844e656125337176	60040-0.txt
Henry James	60108	The legend of the blemished king, and other poems	The-legend-of-the-blemished-king-and-other-poems_60108	fetched		91200	073dce9b73f324f2452484d3c938927cc7bcb458fd0d8db331bec94139ffb893	60108-0.txt
Henry James	61711	Pig Raising: A Manual for Pig Clubs	Pig-Raising-A-Manual-for-Pig-Clubs_61711	fetched		112372	5d164336f480e57a1db7a38b2644a231ceb787283115ed3f7c2b250941f7d67d	61711-0.txt
Henry James	62979	The Ivory Tower	The-Ivory-Tower_62979	fetched		511321	b2f39eddbee8df5c428580bbbef6c34362006a0073a7bac02c3d737a8b315223	62979-0.txt
Henry James	63369	The Sense of the Past	The-Sense-of-the-Past_63369	fetched		517582	568d7c6e2da5fa7638d7086ee85da775088a8e19a5a8751ae6bc6bac697902f1	63369-0.txt
Henry James	64396	The private life, The wheel of time, Lord Beaupré, The visits, Collaboration, Owen Wingrave.	The-private-life-The-wheel-of-time-Lord-Beaupre-The-visits-Collaboration-Owen-Wingrave_64396	fetched		467638	56c20f322b7e9ce2199c8b675caff8e4a5ea742045ae8a7f4d6f2b37f4c9025e	64396-0.txt
Henry James	64599	The Princess Casamassima: A Novel	The-Princess-Casamassima-A-Novel_64599	fetched		1228675	ab437a6ea85018c527cafa5179b9d3c921e5a23917fa06b6ab09f23bba19b8ad	64599-0.txt
Henry James	65481	Gabrielle de Bergerac	Gabrielle-de-Bergerac_65481	fetched		161704	09393c2309598e122d95c369a1a01472830b5391ce09d3f1ad71fd5c51e81f20	65481-0.txt
Henry James	65683	"A Most Unholy Trade," Being Letters on the Drama by Henry James	A-Most-Unholy-Trade-Being-Letters-on-the-Drama-by-Henry-James_65683	fetched		29973	26da7fdb6e4700a7578555894fa0945d58346bd44e1e9626b86d13b23f41d7fd	65683-0.txt
Henry James	68340	A landscape painter	A-landscape-painter_68340	fetched		380445	2e721035292e08056f27796103cd4539e6a6aebf9bb88e284299fd44b4de10a4	68340-0.txt
Henry St. John	497	Tracks of a Rolling Stone	Tracks-of-a-Rolling-Stone_497	fetched		631032	d62156d717eccf280f77fec214d36283582012deae6e7b3ceb97e4594396c049	497-0.txt
Henry St. John	3725	Famous Men of the Middle Ages	Famous-Men-of-the-Middle-Ages_3725	fetched		262550	576940819f0b0d1c61a08d52bad374e9bbfdf8157fef373d05c585d6760b5375	3725-8.txt
Henry St. John	3810	The Man-Eaters of Tsavo, and Other East African Adventures	The-Man-Eaters-of-Tsavo-and-Other-East-African-Adventures_3810	fetched		397231	c82824c74863e4b099f58c8ac6ee920490b93ac03b4914c393d4663fa63d1ecd	3810.txt
Henry St. John	4314	Appendicitis: The Etiology, Hygenic and Dietetic Treatment	Appendicitis-The-Etiology-Hygenic-and-Dietetic-Treatment_4314	fetched		183934	f3707603123362fc2e9e96410521f3ee315cc15b2ee9590b07593ffe66ebcb3b	4314.txt
Henry St. John	4666	Letters from an American Farmer	Letters-from-an-American-Farmer_4666	fetched		479174	cca0c0ecad6e0b02fe103757a7b1279e4039abcc6c1c24c31f6c2a5fad42490f	4666.txt
Henry St. John	5132	Letters to Sir William Windham and Mr. Pope	Letters-to-Sir-William-Windham-and-Mr-Pope_5132	fetched		292201	1cdd1fbffeb1eb55e9462aff6edbdac314a41e95bc196f63e6a270a1892ff0b8	5132-0.txt
Henry St. John	6149	The Boy Aviators' Treasure Quest; Or, The Golden Galleon	The-Boy-Aviators-Treasure-Quest-Or-The-Golden-Galleon_6149	fetched		312038	8a7f456de82a27a90c20115206093bc40972d63cd81e13105f2647682682daf0	6149.txt
Henry St. John	6567	The Adventure of Living : a Subjective Autobiography	The-Adventure-of-Living-a-Subjective-Autobiography_6567	fetched		923055	4d89d358abfef5bf9fb57acbf00683e2c7ab3835a919d0e343b034941ac3ec1a	6567.txt
Henry St. John	6888	History of the Gatling Gun Detachment, Fifth Army Corps, at Santiago	History-of-the-Gatling-Gun-Detachment-Fifth-Army-Corps-at-Santiago_6888	unavailable				
Henry St. John	6905	The Boy Aviators in Africa; Or, an Aerial Ivory Trail	The-Boy-Aviators-in-Africa-Or-an-Aerial-Ivory-Trail_6905	fetched		323924	fd2ecec05cb01e93126d47a16db7a5e0c29b56dd5cddfb0e993ca8f2b923d40f	6905-0.txt
Henry St. John	6973	The Boy Aviators' Polar Dash; or, Facing Death in the Antarctic	The-Boy-Aviators-Polar-Dash-or-Facing-Death-in-the-Antarctic_6973	fetched		341845	0bddf348e2ba758ad4e33f40912d9e0dbdecfe29e5f977f98df7922247a7d0e4	6973.txt
Henry St. John	9461	The Foolish Lovers	The-Foolish-Lovers_9461	fetched		709679	692fc0deb8eeffa4803822816551a6d765c49060a1d81c76e72fbac67cc16b3c	9461-8.txt
Henry St. John	12112	The Boy Scouts of the Eagle Patrol	The-Boy-Scouts-of-the-Eagle-Patrol_12112	fetched		296072	3ac6162d11e1fe5f7b6311d4b0917158578f5dc0f8ede24891f223741f2b5335	12112.txt
Henry St. John	12456	The Troubadours	The-Troubadours_12456	fetched		224828	3d6d494b1dd30ebbd9cb565b013852623508d0c8c6f4e6f6436cbccfcb2bbfbc	12456.txt
Henry St. John	13900	Collected Poems 1897 - 1907, by Henry Newbolt	Collected-Poems-1897-1907-by-Henry-Newbolt_13900	unavailable				
Henry St. John	15103	The Imaginary Marriage	The-Imaginary-Marriage_15103	fetched		429616	ae22fd8efc617654b41453f0eeeb2eb854be10a84b0f66559627baa954d8fa43	15103.txt
Henry St. John	16791	The English Church in the Eighteenth Century	The-English-Church-in-the-Eighteenth-Century_16791	fetched		1419543	061bf02771b444f1e4a9e8b127a92291848239265de2510475766c524cd441e1	16791.txt
Henry St. John	18438	Explanation of Catholic Morals	Explanation-of-Catholic-Morals_18438	unavailable				
Henry St. John	19083	The Border Boys Across the Frontier	The-Border-Boys-Across-the-Frontier_19083	fetched		299362	8e1d74086abd03ea7ae5f7957a97c88f9e60e3fd99e7ed552b9e76d7c484f0f8	19083.txt
Henry St. John	19690	Apologia pro Vita Sua	Apologia-pro-Vita-Sua_19690	fetched		794287	07a1e0224fc6bfa72ed00787fbb75565ad61327aaab3a1df8dd7c384c238c9a7	19690.txt
Henry St. John	21859	Historical Sketches, Volume I (of 3)	Historical-Sketches-Volume-I-of-3_21859	unavailable				
Henry St. John	22017	A Key to the Knowledge of Church History (Ancient)	A-Key-to-the-Knowledge-of-Church-History-Ancient_22017	unavailable				
Henry St. John	22088	Apologia Pro Vita Sua	Apologia-Pro-Vita-Sua_22088	fetched		818735	735f22d497e7b69fbef02722d4325032156d5d6ba9a67b04487cb1508d01fc74	22088.txt
Henry St. John	23241	My Daily Meditation for the Circling Year	My-Daily-Meditation-for-the-Circling-Year_23241	fetched		477611	c22362356d7faa1760fb2c7f8f23cc956eb0f69b92531f6b52da6f4690789a49	23241.txt
Henry St. John	24080	The Stewardship of the Soil	The-Stewardship-of-the-Soil_24080	unavailable				
Henry St. John	24082	A Broader Mission for Liberal Education	A-Broader-Mission-for-Liberal-Education_24082	unavailable				
Henry St. John	24256	Parochial and Plain Sermons, Vol. VII (of 8)	Parochial-and-Plain-Sermons-Vol-VII-of-8_24256	unavailable				
Henry St. John	24284	Parochial and Plain Sermons, Vol. VIII (of 8)	Parochial-and-Plain-Sermons-Vol-VIII-of-8_24284	unavailable				
Henry St. John	24405	Poems: New and Old	Poems-New-and-Old_24405	unavailable				
Henry St. John	24526	The Idea of a University Defined and Illustrated	The-Idea-of-a-University-Defined-and-Illustrated_24526	unavailable				
Henry St. John	24574	Loss and Gain: The Story of a Convert	Loss-and-Gain-The-Story-of-a-Convert_24574	unavailable				
Henry St. John	26778	The Ocean Wireless Boys and the Naval Code	The-Ocean-Wireless-Boys-and-the-Naval-Code_26778	fetched		281177	89f637160070bb920b15f4e0923ed4d2993a763e5df1e37b7fb8ec75dd31f187	26778-8.txt
Henry St. John	27713	The Elements of Bacteriological Technique	The-Elements-of-Bacteriological-Technique_27713	unavailable				
Henry St. John	27745	The True Story of the American Flag	The-True-Story-of-the-American-Flag_27745	fetched		81175	e6ec52e59ba295ed5b8303c3102cdc17b659d8390f114e51138e7de0c428d73d	27745-8.txt
Henry St. John	28335	How Two Boys Made Their Own Electrical Apparatus	How-Two-Boys-Made-Their-Own-Electrical-Apparatus_28335	unavailable				
Henry St. John	28670	Arizona's Yesterday	Arizona-s-Yesterday_28670	unavailable				
Henry St. John	29902	Changing Winds	Changing-Winds_29902	unavailable				
Henry St. John	29991	The Boy Scouts on Belgian Battlefields	The-Boy-Scouts-on-Belgian-Battlefields_29991	fetched		329688	ba23f6d2eb01cbc98546d1bda3e28e42f4b6d138de6eee4c46eaa9426359a319	29991-8.txt
Henry St. John	30664	Callista : a Tale of the Third Century	Callista-a-Tale-of-the-Third-Century_30664	unavailable				
Henry St. John	32460	The Boy Scouts for Uncle Sam	The-Boy-Scouts-for-Uncle-Sam_32460	fetched		269494	d14c7cdb25d49e66a73cd5670b510a3155e0709fc028eea274038eb8615fc748	32460.txt
Henry St. John	34022	An Essay in Aid of a Grammar of Assent	An-Essay-in-Aid-of-a-Grammar-of-Assent_34022	fetched		816306	ec65049372f2bbd05a51aa6ef9203fd61f835a9b48cc3f6b5bf7c7ee67656bbd	34022-0.txt
Henry St. John	34376	Our Domestic Birds: Elementary Lessons in Aviculture	Our-Domestic-Birds-Elementary-Lessons-in-Aviculture_34376	unavailable				
Henry St. John	34733	Hymni ecclesiae	Hymni-ecclesiae_34733	fetched		346774	8467fe4234fd9fd4857a0a610f57fb2f75ab2f2a8bf5a0f664196c6fd469958a	34733-8.txt
Henry St. John	35071	The Boy Scouts on the Range	The-Boy-Scouts-on-the-Range_35071	fetched		313245	733cb090130a136b97939e24e0843136a8ecdb373eed21a94306157489ec2507	35071-8.txt
Henry St. John	35110	An Essay on the Development of Christian Doctrine	An-Essay-on-the-Development-of-Christian-Doctrine_35110	fetched		846266	4747f6e2fe4e572fe4fdcbf04f404c45ef9c08a1f4f5ed1e5058be5d44694c8a	35110-0.txt
Henry St. John	35710	Claimants to Royalty	Claimants-to-Royalty_35710	fetched		344893	205c60108041fbfc6a7a0cab055b121c9044dfbbb473e8e967af09867f4a74fe	35710-8.txt
Henry St. John	36000	The Boy Scouts Under Fire in Mexico	The-Boy-Scouts-Under-Fire-in-Mexico_36000	fetched		362924	1252414b2a1a5bc6b232f49d2221f17afbd14a28a551ca475aff2b188687a3f1	36000-8.txt
Henry St. John	36692	The Whole Armour of God	The-Whole-Armour-of-God_36692	fetched		301389	c558e9660a75f80249d7da4d608367c09abbb201ecc0b51ea281002fa3ba3f76	36692-8.txt
Henry St. John	37175	The Boy Aviators' Flight for a Fortune	The-Boy-Aviators-Flight-for-a-Fortune_37175	fetched		316010	a49949006775d7f8de11bf98e0cf86c727f2a3c4a143db67c27767720a161bcc	37175-0.txt
Henry St. John	39643	The Bungalow Boys Along the Yukon	The-Bungalow-Boys-Along-the-Yukon_39643	fetched		287441	d7ca0834e191f22a82a2855c660580db3f3866e33f88f9a7833877e49e44cfe5	39643.txt
Henry St. John	41227	Gairloch in North-West Ross-Shire	Gairloch-in-North-West-Ross-Shire_41227	unavailable				
Henry St. John	41248	With the Zionists in Gallipoli	With-the-Zionists-in-Gallipoli_41248	fetched		351845	00a919cb1ecae7f45b70cb934b4ed32d8032ef3e0608187bf70908a4910c6f76	41248.txt
Henry St. John	41265	The Ocean Wireless Boys and the Lost Liner	The-Ocean-Wireless-Boys-and-the-Lost-Liner_41265	fetched		292273	ba12f8c703ff26429a00a54ea3a6f4877463954bb01bb4314163ec29de69831c	41265-0.txt
Henry St. John	41310	Selections from the Prose Writings of John Henry Cardinal Newman	Selections-from-the-Prose-Writings-of-John-Henry-Cardinal-Newman_41310	unavailable				
Henry St. John	41839	The Boy's Playbook of Science	The-Boy-s-Playbook-of-Science_41839	fetched		1012371	a3999bf8502bdd4bcb04a64e5fa8bafdd5e7d89592725e296219671ec6e052cf	41839.txt
Henry St. John	41848	With the Judæans in the Palestine Campaign	With-the-Judans-in-the-Palestine-Campaign_41848	unavailable				
Henry St. John	42077	The Boy Scouts at the Panama Canal	The-Boy-Scouts-at-the-Panama-Canal_42077	fetched		303233	7404e76b202222abef253a24e465ced470c5bec68bd99babf61b31b4ccdd8618	42077.txt
Henry St. John	42086	The Boy Scouts at the Panama-Pacific Exposition	The-Boy-Scouts-at-the-Panama-Pacific-Exposition_42086	fetched		328482	6c7a352f2f68d2a45d3f53bcf15eca7d9c86d3e1ceb321cf55b1344fdd1c8de6	42086-0.txt
Henry St. John	42102	The Boy Scouts' Mountain Camp	The-Boy-Scouts-Mountain-Camp_42102	fetched		295379	cd72ad169d973ce71a8abdaac24d0a43a46957c113b70ee9360a658ec1f00a30	42102.txt
Henry St. John	43917	The Motor Rangers Through the Sierras	The-Motor-Rangers-Through-the-Sierras_43917	fetched		300214	cce24f5d7de0bf2104ee91c6dbd28e9064b05d6204df1aa6e8d6a300a0b58e6c	43917-8.txt
Henry St. John	44269	Famous Houses and Literary Shrines of London	Famous-Houses-and-Literary-Shrines-of-London_44269	fetched		438857	71026d1aae392af8e9310a9f4b5c8edca90ae91536039823a72f33a0e3ebdfe1	44269-8.txt
Henry St. John	44317	The Bungalow Boys North of Fifty-Three	The-Bungalow-Boys-North-of-Fifty-Three_44317	fetched		298780	abd7de2d0638ee38cd2eb75853c4232bf55df7ac809aa4c11d7805a2e7c7b56b	44317-0.txt
Henry St. John	44503	The Ocean Wireless Boys on the Pacific	The-Ocean-Wireless-Boys-on-the-Pacific_44503	fetched		301204	1af6d7a06d361825c73c097bf76f03c9aa4b238f6d0e32c67b66737c2bbe03a2	44503-0.txt
Henry St. John	44665	Things a Boy Should Know About Electricity	Things-a-Boy-Should-Know-About-Electricity_44665	unavailable				
Henry St. John	45181	Heraldry for Craftsmen & Designers	Heraldry-for-Craftsmen-Designers_45181	unavailable				
Henry St. John	45182	The Boy Aviators in Record Flight; Or, The Rival Aeroplane	The-Boy-Aviators-in-Record-Flight-Or-The-Rival-Aeroplane_45182	unavailable				
Henry St. John	45262	The Bungalow Boys in the Great Northwest	The-Bungalow-Boys-in-the-Great-Northwest_45262	fetched		333289	3e95d8dd106d1c99e8125f05a3bc98c0dd325314a05bc207625909fa818113a6	45262-0.txt
Henry St. John	45332	Illuminated Manuscripts in Classical and Mediaeval Times	Illuminated-Manuscripts-in-Classical-and-Mediaeval-Times_45332	unavailable				
Henry St. John	45727	The Boy Aviators with the Air Raiders: A Story of the Great World War	The-Boy-Aviators-with-the-Air-Raiders-A-Story-of-the-Great-World-War_45727	unavailable				
Henry St. John	45802	Knock Three Times!	Knock-Three-Times_45802	unavailable				
Henry St. John	45841	The Ocean Wireless Boys on War Swept Seas	The-Ocean-Wireless-Boys-on-War-Swept-Seas_45841	fetched		285474	1d123f4a9a40e46aaf265d88323936c3e024239d7b5e55ef8cfc62cce37cdd16	45841-8.txt
Henry St. John	45991	The Boy Aviators on Secret Service; Or, Working with Wireless	The-Boy-Aviators-on-Secret-Service-Or-Working-with-Wireless_45991	unavailable				
Henry St. John	47471	The Girls of Chequertrees	The-Girls-of-Chequertrees_47471	fetched		363498	c5359a5141d2ed1b73058de2dec432ad14a26bee1d83a04f5291386922a257a7	47471-0.txt
Henry St. John	47776	The Dreadnought Boys on Battle Practice	The-Dreadnought-Boys-on-Battle-Practice_47776	fetched		345580	d2fec4d4603d1c4b7378d393f62a9c5ed115fe7fc7aed5c1edb296e7fcd8cd22	47776.txt
Henry St. John	47792	Mr. Punch's Dramatic Sequels	Mr-Punch-s-Dramatic-Sequels_47792	fetched		182155	0a0c7ccb2d7400454b5edc26bc8bf672eec54e76821810cc58232a4855dfdd88	47792-8.txt
Henry St. John	48041	The Study of Elementary Electricity and Magnetism by Experiment	The-Study-of-Elementary-Electricity-and-Magnetism-by-Experiment_48041	unavailable				
Henry St. John	48270	The Motor Rangers' Cloud Cruiser	The-Motor-Rangers-Cloud-Cruiser_48270	fetched		317692	b4e0abea49fd36686b16fcaf2eb633fd24de9327a014c6f952faeca0da4aff53	48270-0.txt
Henry St. John	48645	Library Cataloguing	Library-Cataloguing_48645	fetched		433278	e8d6371990c9c759c0e08ef43f64b06082a1c6c0192250a091a93036ad0c3bd4	48645-0.txt
Henry St. John	48680	The Border Boys on the Trail	The-Border-Boys-on-the-Trail_48680	fetched		313556	8dfcdda2343b207e058b17bb21a598d9d6317fe43465eea38f397e5c16c6d93a	48680-8.txt
Henry St. John	48927	The Dream of Gerontius	The-Dream-of-Gerontius_48927	fetched		104366	345531755b5b2f4210e3c51b14d9e8db56af196cf79d5085d1dac2da66ae1fff	48927-8.txt
Henry St. John	48955	The Ocean Wireless Boys on the Atlantic	The-Ocean-Wireless-Boys-on-the-Atlantic_48955	fetched		299442	9c2639195a73a9531de8d274fefe2121498c1c76416d546c30a0fd0ce60ead4d	48955-0.txt
Henry St. John	49002	The Border Boys with the Texas Rangers	The-Border-Boys-with-the-Texas-Rangers_49002	fetched		277270	b67d6c2884b0e5312b0d6a2e3c7054acef53b92dad5d69df6d3202070b1d947b	49002-0.txt
Henry St. John	49074	The Garden of Memories	The-Garden-of-Memories_49074	fetched		553476	021a9b21fde2ecd7d8d7855d634c27f05dc3426230a6b32d145101a4aec2a3c4	49074-0.txt
Henry St. John	49540	Days to Remember: The British Empire in the Great War	Days-to-Remember-The-British-Empire-in-the-Great-War_49540	fetched		330480	f52b88255170f77be3133dd3d7affc82d73d9c2dbef9cdaf3fb2af3ec14fcba0	49540-0.txt
Henry St. John	49734	The Boy Aviators in Nicaragua; or, In League with the Insurgents	The-Boy-Aviators-in-Nicaragua-or-In-League-with-the-Insurgents_49734	fetched		412807	bb82d2d42ffa209242a42d2654273bce4ee6d3092b298b5a187f063e21eea6d5	49734-0.txt
Henry St. John	50260	The Motor Rangers' Wireless Station	The-Motor-Rangers-Wireless-Station_50260	fetched		312543	83a0fa9399ed33142587fb18fd649726ecf3245c34130e683c883b2aa3f5aa3f	50260-0.txt
Henry St. John	50602	The Boy Scouts at the Canadian Border	The-Boy-Scouts-at-the-Canadian-Border_50602	fetched		324740	a8ece1dfca1dccbdf730b55724842a635deda20973bc74da47d475c09bce6829	50602-0.txt
Henry St. John	51600	The Border Boys Along the St. Lawrence	The-Border-Boys-Along-the-St-Lawrence_51600	fetched		288249	e79e0985521d09b706f6df390ce0a313465ca50941254aa6139ef0921857eb34	51600-0.txt
Henry St. John	52425	Submarine and Anti-submarine	Submarine-and-Anti-submarine_52425	fetched		501690	bc47e4b62ee7e7216224a411313944799ca869b53bc5f160a3f6680c0e989103	52425-0.txt
Henry St. John	52637	The Dreadnought Boys on Aero Service	The-Dreadnought-Boys-on-Aero-Service_52637	fetched		266021	77f31fe6471126845caef4088347360b5cc498ccc3c9184e787a1c21bece191e	52637-8.txt
Henry St. John	52810	The Border Boys in the Canadian Rockies	The-Border-Boys-in-the-Canadian-Rockies_52810	fetched		295421	b241bf487dae9cd33065d24ebedc2cfdfd33ef055aad63a90d8b688164e3bc12	52810-0.txt
Henry St. John	52832	The Border Boys with the Mexican Rangers	The-Border-Boys-with-the-Mexican-Rangers_52832	fetched		280793	6296362dd2c94cd21517fc4764a5813d9fc6e15ac4a81eee14fb377962ca5508	52832-0.txt
Henry St. John	53151	In the Firing Line: Stories of the War by Land and Sea	In-the-Firing-Line-Stories-of-the-War-by-Land-and-Sea_53151	fetched		243016	2794e1c7036aad1894bead1fd8bf95a3e27b3bb804d307bc0457064845ef21ab	53151-0.txt
Henry St. John	54496	The Dreadnought Boys in Home Waters	The-Dreadnought-Boys-in-Home-Waters_54496	fetched		288239	093f9ca15a3dc6d262fac63ba38233313f6bf2944daa617a69e36d34f4cd0735	54496-8.txt
Henry St. John	54699	The Last of the De Mullins: A Play Without a Preface	The-Last-of-the-De-Mullins-A-Play-Without-a-Preface_54699	fetched		138725	da63e5d1a1e121399b1921e62d16941fa4d59b1af09d083a2425218befab40c4	54699-0.txt
Henry St. John	55887	Manual of Library Cataloguing	Manual-of-Library-Cataloguing_55887	fetched		329538	3d8dde8acfc9833a13ff4b32d93de5afe738dd806d46307d51480b525a13ea16	55887-0.txt
Henry St. John	55952	Memoirs of the Late War, Vol 1 (of 2)	Memoirs-of-the-Late-War-Vol-1-of-2_55952	unavailable				
Henry St. John	55953	Memoirs of the Late War, Vol 2 (of 2)	Memoirs-of-the-Late-War-Vol-2-of-2_55953	unavailable				
Henry St. John	57396	The Dreadnought Boys Aboard a Destroyer	The-Dreadnought-Boys-Aboard-a-Destroyer_57396	fetched		320065	0b6ce52822a1fe97fd551f46a3c69e3effaca54f4f0d4ec4267c7bedab550520	57396-0.txt
Henry St. John	58013	The Dreadnought Boys on a Submarine	The-Dreadnought-Boys-on-a-Submarine_58013	fetched		328818	5e41b17c8e17755fbf61143fc80890e4dec5a3f6c77ce67cdf9ceb480d2b7f20	58013-0.txt
Henry St. John	58907	A B C of Gothic Architecture	A-B-C-of-Gothic-Architecture_58907	fetched		262903	c117b83db9afcf7b7f8f8cc67e6232954de8cf79768cddff16b1e696bea216da	58907-0.txt
Henry St. John	59986	The Dreadnought Boys' World Cruise	The-Dreadnought-Boys-World-Cruise_59986	fetched		307107	17e102b86de3a39b805075591af37823c67362c07f39b3f5eacd168864145b25	59986-0.txt
Henry St. John	62792	The Boy Scouts and the Army Airship	The-Boy-Scouts-and-the-Army-Airship_62792	fetched		324296	323686dce15fe3a52d01daaa6392de2e39add7460f0bdb8727031bc773a8a7a5	62792-0.txt
Henry St. John	63704	Some Impressions of My Elders	Some-Impressions-of-My-Elders_63704	fetched		376132	70253e843410793843d02af31e601819f22f2be4788307c63a761956c012480f	63704-8.txt
Henry St. John	63968	Some Immigrant Neighbors	Some-Immigrant-Neighbors_63968	fetched		124495	6f091e853a3255610a0134cd8022f67adbd912e1a2ebfc8b79b8327da06dfdfa	63968-0.txt
Henry St. John	65413	The Lives of Celebrated Travellers, Vol. 2 (of 3)	The-Lives-of-Celebrated-Travellers-Vol-2-of-3_65413	fetched		689960	6905ec2b4c3f0592011f68b49fd8966c78b121391f4a6cf7968109d0503e8d55	65413-0.txt
Henry St. John	66658	Australasia Triumphant!: With the Australians and New Zealanders in the Great War on Land and Sea	Australasia-Triumphant-With-the-Australians-and-New-Zealanders-in-the-Great-War-on-Land-and-Sea_66658	unavailable				
Henry St. John	67135	The Lives of Celebrated Travellers, Vol. 3 (of 3)	The-Lives-of-Celebrated-Travellers-Vol-3-of-3_67135	unavailable				
Henry St. John	67552	The History of the Manners and Customs of Ancient Greece, Volume 1 (of 3)	The-History-of-the-Manners-and-Customs-of-Ancient-Greece-Volume-1-of-3_67552	unavailable				
Henry St. John	67637	The History of the Manners and Customs of Ancient Greece, Volume 2 (of 3)	The-History-of-the-Manners-and-Customs-of-Ancient-Greece-Volume-2-of-3_67637	fetched		1004343	987ebac762ab5da8e73511b3ef322ccdb8298e7760c6e196ec0254ae63b34a1c	67637-0.txt
Henry St. John	67707	The History of the Manners and Customs of Ancient Greece, Volume 3 (of 3)	The-History-of-the-Manners-and-Customs-of-Ancient-Greece-Volume-3-of-3_67707	fetched		1186065	3f52ddd75e018ced6138b4684774f8cfd281f229ee51813f72ff99b8c0d622ce	67707-0.txt
Henry St. John	67878	Gods of Modern Grub Street: Impressions of Contemporary Authors	Gods-of-Modern-Grub-Street-Impressions-of-Contemporary-Authors_67878	fetched		363277	0605bb63726665ab1df5f3eeb2f0b2762c252e306992aa7aba22216148aa43d8	67878-0.txt
Henry St. John	67898	The Bungalow Boys on the Great Lakes	The-Bungalow-Boys-on-the-Great-Lakes_67898	fetched		277019	7ea00b54e57bbbb10ae9f8bfab4e5e6eeddd7753f9eebb1c3e873b55204061bf	67898-0.txt
Henry St. John	67899	The Motor Rangers on Blue Water; or, The Secret of the Derelict	The-Motor-Rangers-on-Blue-Water-or-The-Secret-of-the-Derelict_67899	fetched		303993	493322c1b04fbfbed61e486060ff5b9d2983e63dc04645f3a3503c502da88cb3	67899-0.txt
Henry Van Dyke	704	The Mansion	The-Mansion_704	fetched		69467	ab41b904a726f032a225d3ac68a4a29b06c5660e94648f2f0a3266b7bab64940	704.txt
Henry Van Dyke	1048	The Ruling Passion: Tales of Nature and Human Nature	The-Ruling-Passion-Tales-of-Nature-and-Human-Nature_1048	unavailable				
Henry Van Dyke	1139	Fisherman's Luck and Some Other Uncertain Things	Fisherman-s-Luck-and-Some-Other-Uncertain-Things_1139	fetched		285163	ad7945f62e0bb64f3bb38a8fb271c70daebe75fb7109299ac21607d047b3be23	1139.txt
Henry Van Dyke	1562	Little Rivers: A Book of Essays in Profitable Idleness	Little-Rivers-A-Book-of-Essays-in-Profitable-Idleness_1562	unavailable				
Henry Van Dyke	1603	The Blue Flower	The-Blue-Flower_1603	fetched		312008	eda6731ba93f46fc5f597c0e9ffcb16f6bd2c68ef6f1aa608f9a681ffbcdcff5	1603-0.txt
Henry Van Dyke	3525	Music, and Other Poems	Music-and-Other-Poems_3525	fetched		88699	cd4066ddac7018868fe17fe729ffd3440267378a0d39e95616be5a93158f71f5	3525.txt
Henry Van Dyke	3757	The White Bees	The-White-Bees_3757	fetched		90958	3faf82d16c298f8e9c835c24e8fbf1e2f6f5d51ec7f931a14c41906fec43775c	3757.txt
Henry Van Dyke	4384	The Lost Word: A Christmas Legend of Long Ago	The-Lost-Word-A-Christmas-Legend-of-Long-Ago_4384	unavailable				
Henry Van Dyke	5066	The Whole Family: a Novel by Twelve Authors	The-Whole-Family-a-Novel-by-Twelve-Authors_5066	unavailable				
Henry Van Dyke	6009	The Valley of Vision : A Book of Romance and Some Half-Told Tales	The-Valley-of-Vision-A-Book-of-Romance-and-Some-Half-Told-Tales_6009	unavailable				
Henry Van Dyke	9372	Songs out of Doors	Songs-out-of-Doors_9372	fetched		97605	d0f648db43979a34ad585b2f8f9ed981ab7050d99cfdea91b0357936015c7e3b	9372-8.txt
Henry Van Dyke	9388	The Red Flower: Poems Written in War Time	The-Red-Flower-Poems-Written-in-War-Time_9388	unavailable				
Henry Van Dyke	10395	Joy and Power: Three Messages with One Meaning	Joy-and-Power-Three-Messages-with-One-Meaning_10395	unavailable				
Henry Van Dyke	10679	The Story of the Other Wise Man	The-Story-of-the-Other-Wise-Man_10679	fetched		71079	143d26574d3d6ceccf5620cb08c0fb8b6ebcc65095dbc56debb63bc12592ac32	10679.txt
Henry Van Dyke	11192	The Americanism of Washington	The-Americanism-of-Washington_11192	fetched		58525	f2d86f68df789a59b343d97394fe9f792f0136de0def071d560252233a435c32	11192-8.txt
Henry Van Dyke	14572	The Spirit of Christmas	The-Spirit-of-Christmas_14572	fetched		52943	7873dab31cd10faefb58413f31493e5b602b31f2d3f826eacf9a081eb52a9de3	14572.txt
Henry Van Dyke	15266	What Peace Means	What-Peace-Means_15266	fetched		58866	7718e216cb6da6854eef59e41aa5876fd0e5923da2d81f8f2e65178902ee75d0	15266.txt
Henry Van Dyke	15936	The Sad Shepherd: A Christmas Story	The-Sad-Shepherd-A-Christmas-Story_15936	unavailable				
Henry Van Dyke	15978	The Broken Soldier and the Maid of France	The-Broken-Soldier-and-the-Maid-of-France_15978	fetched		70885	060076ae10da945be9beeba6200c1693c3cbb154667a781e868232aeda77c355	15978.txt
Henry Van Dyke	16134	The First Christmas Tree: A Story of the Forest	The-First-Christmas-Tree-A-Story-of-the-Forest_16134	unavailable				
Henry Van Dyke	16229	The Poems of Henry Van Dyke	The-Poems-of-Henry-Van-Dyke_16229	fetched		503302	41624aa06483a9b868a93b85f243498bc57d1751b15e400688583243a9565d53	16229.txt
Henry Van Dyke	16291	The Story of the Other Wise Man	The-Story-of-the-Other-Wise-Man_16291	fetched		74526	8c35a8cb7d9670fe680a2cad0e83accc683230f533c07ebcb90256b0ad458398	16291.txt
Henry Van Dyke	17944	The House of Rimmon: A Drama in Four Acts	The-House-of-Rimmon-A-Drama-in-Four-Acts_17944	unavailable				
Henry Van Dyke	18900	A Text-Book of the History of Painting	A-Text-Book-of-the-History-of-Painting_18900	fetched		504463	e0001fbc0b5758b8285cc84bd4551f6a875d0a84674844d3a4d2ca84cd1bb559	18900.txt
Henry Van Dyke	19608	The Story of the Other Wise Man	The-Story-of-the-Other-Wise-Man_19608	fetched		69981	a00e86400747a1051c276661dab68fdb9b9483de0445f50f0bb44c0cdd161fd3	19608.txt
Henry Van Dyke	19693	Fighting For Peace	Fighting-For-Peace_19693	fetched		238938	42291ab9e8f92af073cd23748d439ab9b8b818d031cc035b3261985eedaa2fab	19693.txt
Henry Van Dyke	20123	Golden Stars, and Other Verses Following "The Red Flower"	Golden-Stars-and-Other-Verses-Following-The-Red-Flower_20123	unavailable				
Henry Van Dyke	20255	The Unruly Sprite: A Partial Fairy Tale	The-Unruly-Sprite-A-Partial-Fairy-Tale_20255	unavailable				
Henry Van Dyke	24285	Days Off, and Other Digressions	Days-Off-and-Other-Digressions_24285	fetched		347114	c7553caf4e9d07cce2edac1f827acf246dd60d45f8f1a29b69783d06dbb2bee5	24285.txt
Henry Van Dyke	29314	Out-of-Doors in the Holy Land: Impressions of Travel in Body and Spirit	Out-of-Doors-in-the-Holy-Land-Impressions-of-Travel-in-Body-and-Spirit_29314	unavailable				
Henry Van Dyke	30622	The Unknown Quantity: A Book of Romance and Some Half-Told Tales	The-Unknown-Quantity-A-Book-of-Romance-and-Some-Half-Told-Tales_30622	unavailable				
Henry Van Dyke	31783	Was General Thomas Slow at Nashville?	Was-General-Thomas-Slow-at-Nashville_31783	unavailable				
Henry Van Dyke	36067	Chattanooga and Chickamauga	Chattanooga-and-Chickamauga_36067	unavailable				
Henry Van Dyke	38312	The Mansion	The-Mansion_38312	fetched		70300	5bd08646e47bf8bd71c9ecdd98b5f6c39f4da6c6d2423a561b0fd99ed8fd5f9a	38312-8.txt
Henry Van Dyke	41862	The Spirit of America	The-Spirit-of-America_41862	fetched		389318	b369dcb22a72fe2333a939076abbd6ca50d4a5035796642465364907c8789042	41862-8.txt
Henry Van Dyke	43094	Thy Sea is Great, Our Boats are Small, and Other Hymns of To-Day	Thy-Sea-is-Great-Our-Boats-are-Small-and-Other-Hymns-of-To-Day_43094	fetched		34000	e2e237a0f8f64b44e1b73075019aa96084eb0b541d20d82f72f938521cb8e769	43094-0.txt
Henry Van Dyke	49187	Little Rivers: A Book of Essays in Profitable Idleness	Little-Rivers-A-Book-of-Essays-in-Profitable-Idleness_49187	fetched		375748	3f5febcb6ec18cc7c1521942d47aacdc1e8990aa14a014cf1bbec589e8725b3b	49187-0.txt
Henry Van Dyke	49698	Through South America	Through-South-America_49698	fetched		609542	3cdf6b53c0f254b42171e462379d5969760832edc13c2eeea8ba08159a6ca5c8	49698-0.txt
Henry Van Dyke	50843	The Mentor: Angels in Art, Vol. 1, Num. 40	The-Mentor-Angels-in-Art-Vol-1-Num-40_50843	fetched		60411	670e56b08e22df923cb009a913573e8dba61bf0c2e24946add13db4e1d08087c	50843-8.txt
Henry Van Dyke	51677	The Mentor: The National Gallery—London, Vol. 4, Num. 4, Serial No. 104, April 1, 1916	The-Mentor-The-National-GalleryLondon-Vol-4-Num-4-Serial-No-104-April-1-1916_51677	unavailable				
Henry Van Dyke	52178	The Mentor: Rembrandt, Vol. 4, Num. 20, Serial No. 120, December 1, 1916	The-Mentor-Rembrandt-Vol-4-Num-20-Serial-No-120-December-1-1916_52178	fetched		80112	63a4e068bf180c8c82016be9114fdf9d949f4917343415f957a99567f463acab	52178-0.txt
Henry Van Dyke	61345	Companionable Books	Companionable-Books_61345	fetched		417157	30646c841ce8f3b03e91e695b62a1cffa704e81b04918f3fe814974e2c968577	61345-0.txt
Henry Wadsworth Longfellow	19	The Song of Hiawatha	The-Song-of-Hiawatha_19	fetched		214325	c1f1725c6e9a8d96ac34de046f2c9ee320b49ed27f724dc51f85c643b715748f	19.txt
Henry Wadsworth Longfellow	1365	The Complete Poetical Works of Henry Wadsworth Longfellow	The-Complete-Poetical-Works-of-Henry-Wadsworth-Longfellow_1365	fetched		1966416	9a2594213268bb8eed98081881264b23515a762eadf19d1ab14031231ceb397d	1365.txt
Henry Wadsworth Longfellow	2039	Evangeline: A Tale of Acadie	Evangeline-A-Tale-of-Acadie_2039	unavailable				
Henry Wadsworth Longfellow	5436	Hyperion	Hyperion_5436	fetched		422114	04a1b10322a675de4808cf9ac9286bacf01b41f0897919a6bc8573c0bb05f6c8	5436-8.txt
Henry Wadsworth Longfellow	9080	The Children's Own Longfellow	The-Children-s-Own-Longfellow_9080	fetched		111536	4f3df855a3c450f7a2ab696d081f96ecd40d34469790e53ae60ddacafdbb7618	9080.txt
Henry Wadsworth Longfellow	10490	The Golden Legend	The-Golden-Legend_10490	fetched		187625	29497c4256173d1331bb3d8c24da81bd170108dc2cb1afb5df1598f07ef6dc53	10490-8.txt
Henry Wadsworth Longfellow	13830	The Wreck of the Hesperus	The-Wreck-of-the-Hesperus_13830	fetched		25931	6cef299cbfa7656a9bcae75f3d1a922942ee0b1a713caef30ff637228062bcf9	13830-8.txt
Henry Wadsworth Longfellow	15390	Evangeline	Evangeline_15390	unavailable				
Henry Wadsworth Longfellow	23332	Greetings from Longfellow	Greetings-from-Longfellow_23332	fetched		26587	52f2b6c3d893d09c94ea4a08021f23594551f4d22bf022293b232f27b8e554dd	23332.txt
Henry Wadsworth Longfellow	25153	Tales of a Wayside Inn	Tales-of-a-Wayside-Inn_25153	fetched		202374	e0b8d63455c38cfb1df37143a27536a192a8c99ee3dd5c8c31a7886ae0d18985	25153-8.txt
Henry Wadsworth Longfellow	28352	The Children's Longfellow	The-Children-s-Longfellow_28352	unavailable				
Henry Wadsworth Longfellow	30795	The Song of Hiawatha: An Epic Poem	The-Song-of-Hiawatha-An-Epic-Poem_30795	unavailable				
Henry Wadsworth Longfellow	31926	The Story of Hiawatha, Adapted from Longfellow	The-Story-of-Hiawatha-Adapted-from-Longfellow_31926	fetched		393309	e8d3fd41df1ffdd6ed5a04ee01d35cedf60f4093e488c12f7b44a99877b2cc93	31926-8.txt
Henry Wadsworth Longfellow	44398	Poems on Slavery	Poems-on-Slavery_44398	fetched		35757	26c5fd3a80c1674f07c81d22d292e71802b63bafdb3dae3a7581d298f8ac920c	44398-8.txt
Henry Wadsworth Longfellow	48227	The Land of Evangeline: The Authentic Story of Her Country and Her People	The-Land-of-Evangeline-The-Authentic-Story-of-Her-Country-and-Her-People_48227	fetched		155746	8d12f53854dd2c9b42cfa7bdaba290b6a061c8ac850b794f95013117995d5ae8	48227-0.txt
Henry Wadsworth Longfellow	54414	Courtship of Miles Standish	Courtship-of-Miles-Standish_54414	unavailable				
Henry Wadsworth Longfellow	57417	The Courtship of Miles Standish:	The-Courtship-of-Miles-Standish_57417	unavailable				
Henry Wadsworth Longfellow	59216	The Courtship of Miles Standish	The-Courtship-of-Miles-Standish_59216	unavailable				
Henry Wadsworth Longfellow	59281	Index of the Project Gutenberg Works of Henry Wadsworth Longfellow	Index-of-the-Project-Gutenberg-Works-of-Henry-Wadsworth-Longfellow_59281	fetched		63592	7ff04adb69e507baf7d35cfa90d8e69c498de4ecaf43a8b678506b616ee6e0a3	59281-0.txt
Henry Wadsworth Longfellow	67148	A dramatization of Longfellow's Hiawatha: A spectacular drama in six acts	A-dramatization-of-Longfellow-s-Hiawatha-A-spectacular-drama-in-six-acts_67148	fetched		76888	fa2dc818968d26d1a932de998bdeac0c0e03e852677bf05b66e95552a657f5dd	67148-0.txt
Henry Ward Beecher	25653	Conflict of Northern and Southern Theories of Man and Society	Conflict-of-Northern-and-Southern-Theories-of-Man-and-Society_25653	unavailable				
Henry Ward Beecher	30392	Twelve Causes of Dishonesty	Twelve-Causes-of-Dishonesty_30392	fetched		64509	657b7e69f3b8416d877073201648b895090ac39a8f40c14dc8250b324b1674a8	30392.txt
Henry Ward Beecher	34743	Gamblers and Gambling	Gamblers-and-Gambling_34743	fetched		71489	bc48d80be26e0ab8b799be37811f027a45754a9b3289cfc67dfbbd6a6e6b4e24	34743.txt
Henry Ward Beecher	47746	Campfire and Battlefield	Campfire-and-Battlefield_47746	unavailable				
Henry Ward Beecher	48828	Cunnie Rabbit, Mr. Spider and the Other Beef: West African Folk Tales	Cunnie-Rabbit-Mr-Spider-and-the-Other-Beef-West-African-Folk-Tales_48828	fetched		328953	f8e0752e580db21313a8f7668d819201d69610f1d9014a07ac7c307672cc5013	48828-0.txt
Henry Ward Beecher	56640	Pleasant Talk About Fruits, Flowers and Farming	Pleasant-Talk-About-Fruits-Flowers-and-Farming_56640	fetched		975906	49225ac04e052c44e4c2c621e7f788316e4827142652a512effa9de01e6fca0d	56640-0.txt
Herman Melville	15	Moby-Dick; or, The Whale	Moby-Dick-or-The-Whale_15	unavailable				
Herman Melville	1900	Typee: A Romance of the South Seas	Typee-A-Romance-of-the-South-Seas_1900	unavailable				
Herman Melville	2489	Moby Dick; Or, The Whale	Moby-Dick-Or-The-Whale_2489	fetched		1255701	ef9f55e1a87d3cbee99b4bd89c61ebbe0728aee678286d6a8d4b932c7c3edee8	2489.txt
Herman Melville	2694	I and My Chimney	I-and-My-Chimney_2694	fetched		85942	362bf6a3b67745360c6c745a06ab8f432b7fe1c4b9630fb07895ba1e0d251967	2694-0.txt
Herman Melville	2701	Moby Dick; Or, The Whale	Moby-Dick-Or-The-Whale_2701	unavailable				
Herman Melville	4045	Omoo: Adventures in the South Seas	Omoo-Adventures-in-the-South-Seas_4045	unavailable				
Herman Melville	8118	Redburn. His First Voyage	Redburn-His-First-Voyage_8118	unavailable				
Herman Melville	9146	I and My Chimney	I-and-My-Chimney_9146	unavailable				
Herman Melville	9147	Moby Dick	Moby-Dick_9147	unavailable				
Herman Melville	9268	Omoo: Adventures in the South Seas	Omoo-Adventures-in-the-South-Seas_9268	unavailable				
Herman Melville	9269	Typee	Typee_9269	unavailable				
Herman Melville	10712	White Jacket; Or, The World on a Man-of-War	White-Jacket-Or-The-World-on-a-Man-of-War_10712	unavailable				
Herman Melville	11231	Bartleby, the Scrivener: A Story of Wall-Street	Bartleby-the-Scrivener-A-Story-of-Wall-Street_11231	unavailable				
Herman Melville	12384	Battle-Pieces and Aspects of the War	Battle-Pieces-and-Aspects-of-the-War_12384	fetched		211638	0ebdec1c62bbf11ede73e6792b076073d7303e80d740142613f491f9edd325c8	12384-8.txt
Herman Melville	12841	John Marr and Other Poems	John-Marr-and-Other-Poems_12841	fetched		147937	6ab0eb1bd8935cd92da23cc1363b378bf0d5e183421016b8cc61e16c86c09558	12841-8.txt
Herman Melville	13720	Mardi: and A Voyage Thither, Vol. I	Mardi-and-A-Voyage-Thither-Vol-I_13720	unavailable				
Herman Melville	13721	Mardi: and A Voyage Thither, Vol. II	Mardi-and-A-Voyage-Thither-Vol-II_13721	unavailable				
Herman Melville	15422	Israel Potter: His Fifty Years of Exile	Israel-Potter-His-Fifty-Years-of-Exile_15422	unavailable				
Herman Melville	15859	The Piazza Tales	The-Piazza-Tales_15859	fetched		496511	7455c56bb55d7c9434f5357370114dc1ae07c83fbcaa42801ea42ef64ffe7119	15859.txt
Herman Melville	21816	The Confidence-Man: His Masquerade	The-Confidence-Man-His-Masquerade_21816	unavailable				
Herman Melville	23969	Typee	Typee_23969	unavailable				
Herman Melville	28656	Typee	Typee_28656	fetched		618301	3c904ed10a0fdea8313c1b24391eb0491b0faef762c1c7a80a2c34f1388b88c1	28656-0.txt
Herman Melville	28794	Moby Dick; Or, The Whale	Moby-Dick-Or-The-Whale_28794	unavailable				
Herman Melville	34970	Pierre; or The Ambiguities	Pierre-or-The-Ambiguities_34970	unavailable				
Herman Melville	53861	The Apple-Tree Table, and Other Sketches	The-Apple-Tree-Table-and-Other-Sketches_53861	fetched		373226	54cdaae860f36de559a6d3e23fad25f61dbf4c31512c7ada0b28bb789323d1ff	53861-8.txt
Herman Melville	58477	Index of the Project Gutenberg Works of Herman Melville	Index-of-the-Project-Gutenberg-Works-of-Herman-Melville_58477	fetched		74469	4b14d6610bcc02aa2a6929fd1ab81174a54f5571860c34d18df4ac547cb57ada	58477-0.txt
Hermann Ebbinghaus	52823	Psychology: an elementary text-book	Psychology-an-elementary-text-book_52823	fetched		403734	b9723e7ddbc0d710ed8c2227fac97b396ee5125c7fee4347e5b24c1a423f08bc	52823-0.txt
Heywood Broun	35679	Pieces of Hate; And Other Enthusiasms	Pieces-of-Hate-And-Other-Enthusiasms_35679	unavailable				
Heywood Broun	35793	Seeing Things at Night	Seeing-Things-at-Night_35793	fetched		372211	b72afeeffc94c67f8ed785abd0aa4bd40bf6367ea66b80f7da39f1386084ce25	35793-8.txt
Heywood Broun	36057	The Boy Grew Older	The-Boy-Grew-Older_36057	fetched		326542	c58a3ef71ace44a9ab5e44ff8aff240964f7cecec0bf566399450e0db47afac5	36057-8.txt
Heywood Broun	36514	Our Army at the Front	Our-Army-at-the-Front_36514	fetched		388306	88a7c92a8e4bbf193681986044bcf19e17a5a5db4876910f3ba8566430ad1169	36514-0.txt
Heywood Broun	39072	The A. E. F.: With General Pershing and the American Forces	The-A-E-F-With-General-Pershing-and-the-American-Forces_39072	unavailable				
Honore de Balzac	469	The Duchesse of Langeais	The-Duchesse-of-Langeais_469	fetched		338359	b67623971ec5513748f3a2052c706ed77796f35cb48489fd08871be360826405	469-0.txt
Honore de Balzac	1189	The Message	The-Message_1189	fetched		48806	f081903b8cdb811880efb1e63a4415819feb1118ab9790221025a441045f13c7	1189.txt
Honore de Balzac	1196	The Purse	The-Purse_1196	fetched		89980	cc188078a86fe93aeae0dc987cb4ff6158784b28dbc7c1e22792fd9d21c8d510	1196-0.txt
Honore de Balzac	1215	The Elixir of Life	The-Elixir-of-Life_1215	fetched		73455	256550138b7e916cb2126d71ec328891a303e4212c1fd468fc4cfabb0675148c	1215.txt
Honore de Balzac	1220	The Atheist's Mass	The-Atheist-s-Mass_1220	fetched		58797	7af7b3ed0b37f695ca0de9c0d2aa7b19d7d9fc74b377266cfe600b745dd64653	1220.txt
Honore de Balzac	1223	Ursula	Ursula_1223	fetched		502870	f15a9f6ea7f2d7a74bdcc4a46d950c6cbdf827fbfc44fcbf616b4da354fcf4a5	1223-0.txt
Honore de Balzac	1230	Pierre Grassou	Pierre-Grassou_1230	fetched		67444	e59791b77db62cd481d22278c586e1aa31fa0418e0d13fada2bbd62a82d46854	1230.txt
Honore de Balzac	1237	Father Goriot	Father-Goriot_1237	fetched		612270	5dd484aa16e5e90d6da40577fa4fbe4151925dccf150e922b5764c5aad4821c0	1237-0.txt
Honore de Balzac	1242	Unconscious Comedians	Unconscious-Comedians_1242	fetched		152712	95e5e9157779ccd705765dbd0433179481c9e17e58421a4fee13592c57a0c3c9	1242-0.txt
Honore de Balzac	1277	Melmoth Reconciled	Melmoth-Reconciled_1277	fetched		127206	d9190e4d2fce818a382a736ad76e9beaf2a083ea449e23b194f8b39bbff5d97b	1277-0.txt
Honore de Balzac	1294	The Firm of Nucingen	The-Firm-of-Nucingen_1294	fetched		184166	d08bd2ef3a830aa3cb3a66d198f0758e18f1ddafa04202b8a40060c8670b6c33	1294-0.txt
Honore de Balzac	1305	The Ball at Sceaux	The-Ball-at-Sceaux_1305	fetched		149014	b0758f56760695e3f55cdedc72682f917a19d4c81cee7b8b86431d29128176e7	1305-0.txt
Honore de Balzac	1307	The Magic Skin	The-Magic-Skin_1307	fetched		583091	c410380cab063f41aa27ec9be3a17ca3891a16d9081fdc9fcf8e1b0276f1c452	1307-0.txt
Honore de Balzac	1343	Bureaucracy	Bureaucracy_1343	fetched		481033	d86451499021817bb54ecef4065b56954e71d940caaee1fbdf8cba7f656217f5	1343-0.txt
Honore de Balzac	1344	The Secrets of the Princesse de Cadignan	The-Secrets-of-the-Princesse-de-Cadignan_1344	fetched		144791	0b02c654be4d3bf1d75ba94874e40a140072733481c96f67ace45349899776b1	1344-0.txt
Honore de Balzac	1345	The Vicar of Tours	The-Vicar-of-Tours_1345	fetched		170035	90c81a6a9fe7c21ab600e2ee2707483b3a1f7a738d3bbda015aa1bab45b8e8aa	1345-0.txt
Honore de Balzac	1350	The Country Doctor	The-Country-Doctor_1350	fetched		587550	79754b9c411d2ba058a7ff1ce59dc7d265b8db8dd431b02e0a0e2a2df9a7265e	1350-0.txt
Honore de Balzac	1352	An Old Maid	An-Old-Maid_1352	fetched		311743	01df97229b1bbb157c4570decf517fbe8d5d10b242eb725a2fd5095510856b59	1352-0.txt
Honore de Balzac	1357	Madame Firmiani	Madame-Firmiani_1357	fetched		65035	f044f9e7c17a128006d5aaf8d737f1e0bf283caa3afd0b3b6577a2c22af402cd	1357-0.txt
Honore de Balzac	1369	Paz (La Fausse Maitresse)	Paz-La-Fausse-Maitresse_1369	unavailable				
Honore de Balzac	1373	Study of a Woman	Study-of-a-Woman_1373	fetched		41351	c395b31dee4bad4643c19be43173a56dd50478ad3645cdb3a953b57803794b02	1373.txt
Honore de Balzac	1374	Vendetta	Vendetta_1374	fetched		169140	f8dfc1589c06400fb2d3e4a7ac3d82186f4eed5130ea70f2dfc17986a0a9a484	1374-0.txt
Honore de Balzac	1380	The Two Brothers	The-Two-Brothers_1380	fetched		654669	ad4a031c0ec6b4c776f63f4f7e75c0057749de25ffede563efa202130e33a576	1380-0.txt
Honore de Balzac	1389	Gobseck	Gobseck_1389	fetched		151437	62c9bd14d3163c1e830ad4cb29f13a291f1ae2a6db4cf4e79286df56373be3cd	1389-0.txt
Honore de Balzac	1403	A Start in Life	A-Start-in-Life_1403	fetched		372340	ece89ae29112f70cb191bfeaac31f5759f4aec4ef87cba2daf377031cff04ff2	1403-0.txt
Honore de Balzac	1405	The Collection of Antiquities	The-Collection-of-Antiquities_1405	fetched		347534	d7253b6b84468029b1899043b3020f555bf5dbe67675ca48c111ad2ae89036a9	1405-0.txt
Honore de Balzac	1410	The Commission in Lunacy	The-Commission-in-Lunacy_1410	fetched		185870	d9a3c6d218f187cfeeb03287d8fabcc43ced9058f65da8e44b23bd6bc4c5283a	1410-0.txt
Honore de Balzac	1411	Domestic Peace	Domestic-Peace_1411	fetched		99512	93a78cb789ffeabc69724194bc1a03fc8dcc5801280ecac2b35290950fb5298f	1411-0.txt
Honore de Balzac	1417	Sons of the Soil	Sons-of-the-Soil_1417	fetched		711973	06d01a63eb97fd6d0ca746abcc4a001c77010a10715d2302e981e42ba52fe59a	1417-0.txt
Honore de Balzac	1425	El Verdugo	El-Verdugo_1425	fetched		42697	014624a430f446e0b566df18c7bf9bf2e5e8b55d3f55c67cd73437abf59b9c3a	1425.txt
Honore de Balzac	1426	The Recruit	The-Recruit_1426	fetched		51895	2fb8ab700d96f9078afbb1f37667923ad98376d47334083e7b96ac7892eaa985	1426.txt
Honore de Balzac	1427	A Drama on the Seashore	A-Drama-on-the-Seashore_1427	fetched		61283	37ed9e7f8487820f9986259c2f0813087ffc33907aa1380c26fa6068901e034c	1427.txt
Honore de Balzac	1428	La Grenadiere	La-Grenadiere_1428	fetched		73128	93ac1db5e751e7c963a6931fc457d8a0232a283c93081c5375319b893cbc1d25	1428-0.txt
Honore de Balzac	1432	Seraphita	Seraphita_1432	fetched		321627	16057be7e77b2e5cd167f951c1eb8d62c71ce69ed8224a11adc5239b29da522b	1432-0.txt
Honore de Balzac	1433	The Red Inn	The-Red-Inn_1433	fetched		95089	9066424f5ec9134e0416a0988ed947ece94e2e7c435a52cc54e8d62eff80c54c	1433.txt
Honore de Balzac	1437	Juana	Juana_1437	fetched		148795	045c8921144aba4c5920303aca0531f70f0ac4db4d794425e7747253c98e4a76	1437-0.txt
Honore de Balzac	1443	Two Poets	Two-Poets_1443	fetched		344488	c6655d1e6aff38152178ea54d1346c18f177c7367675e6f8b4ada13ef3b0bda7	1443-0.txt
Honore de Balzac	1453	The Alkahest	The-Alkahest_1453	fetched		436234	267204f1897c5408405e73eeb96fd174de891b29ad8ddb580ff22c47bdb77cc1	1453-0.txt
Honore de Balzac	1454	Maitre Cornelius	Maitre-Cornelius_1454	fetched		147221	14798f380729f7292dee06674e92788598f782092183ddf331b06c7a4c3309ea	1454-0.txt
Honore de Balzac	1455	The Hated Son	The-Hated-Son_1455	fetched		222757	d2c495c6d07031904c80decebf437080988f27ab74dc5fdd123549bea4638921	1455-0.txt
Honore de Balzac	1456	An Episode under the Terror	An-Episode-under-the-Terror_1456	fetched		58290	688f2e9b8aeaafd1f687782b1fa86380f438c827d3a71d4f8007fad415ac3439	1456.txt
Honore de Balzac	1474	The Illustrious Gaudissart	The-Illustrious-Gaudissart_1474	fetched		106997	8862fc6a2cd7f13d0aa94f0a18006fc7cf6247c0a37c3ce5acca3edbedf78704	1474-0.txt
Honore de Balzac	1475	Gaudissart II	Gaudissart-II_1475	fetched		43568	20ef3dab78b17f5e6f5829789121310b6d790ed6ce70803d394faeb93e939c42	1475.txt
Honore de Balzac	1481	A Daughter of Eve	A-Daughter-of-Eve_1481	fetched		269649	59addeb8375cef83b055505ed2f18edc0da212b01fc058021de9658c7c4bddaf	1481-0.txt
Honore de Balzac	1482	Modeste Mignon	Modeste-Mignon_1482	fetched		573533	1128003a4ec54f9c40f1cf7ebec01ed3886fa585b1fb62b34ac8a4ae98973720	1482-0.txt
Honore de Balzac	1553	The Hidden Masterpiece	The-Hidden-Masterpiece_1553	fetched		78755	05f0aaa1ccf578833dbe3f5a9dea3dac01cde9c7702ed10f696b9b771dcc90c6	1553-0.txt
Honore de Balzac	1554	Adieu	Adieu_1554	fetched		110067	9a3adf66f39f623e49f4a0a0c2fce77ac3008bb86a0c2f68b5cca5403fbb04a2	1554-0.txt
Honore de Balzac	1555	A Passion in the Desert	A-Passion-in-the-Desert_1555	fetched		50690	eb6e96696b01c1046e1710e32b6278dbe66ad5dc7d28c29c264dc193fc85ced3	1555-0.txt
Honore de Balzac	1556	The Marriage Contract	The-Marriage-Contract_1556	fetched		310862	3600fe554487f909e4a7e51e587cd200a37d0f5491b1cc6e8c609c5550888665	1556-0.txt
Honore de Balzac	1559	A Distinguished Provincial at Paris	A-Distinguished-Provincial-at-Paris_1559	fetched		735371	910afb2151fdde2ae4cbb29fa1db3657c5aa0a22667273cc1e501cee4631b555	1559-0.txt
Honore de Balzac	1569	The Lily of the Valley	The-Lily-of-the-Valley_1569	fetched		597710	1d16fe5b4e542f5404d5c6bc043d164581f23367690b3b4840bdbd68f7d5664d	1569-0.txt
Honore de Balzac	1639	Eve and David	Eve-and-David_1639	fetched		446639	6e11ec66af7bde56b58d41a064814815831c84f81bf762c3c2bee2e59a0ce2c5	1639-0.txt
Honore de Balzac	1641	The Lesser Bourgeoisie	The-Lesser-Bourgeoisie_1641	fetched		1036932	f0071374116ce138458756a620a8bc8d53cd35ed48e118015e367f0efe6716ad	1641-0.txt
Honore de Balzac	1649	Ferragus, Chief of the Dévorants	Ferragus-Chief-of-the-Devorants_1649	unavailable				
Honore de Balzac	1659	The Girl with the Golden Eyes	The-Girl-with-the-Golden-Eyes_1659	fetched		182853	fd7ee95dbf5db628410e0dad9e30952bd6b626c62294dde3477cd2ad2ccb1937	1659-0.txt
Honore de Balzac	1660	Scenes from a Courtesan's Life	Scenes-from-a-Courtesan-s-Life_1660	fetched		1156665	f91aee830f7ade573e77188a5be711f80f48c7b528dc5b0a746b7175885287b9	1660-0.txt
Honore de Balzac	1678	An Historical Mystery (The Gondreville Mystery)	An-Historical-Mystery-The-Gondreville-Mystery_1678	unavailable				
Honore de Balzac	1680	At the Sign of the Cat and Racket	At-the-Sign-of-the-Cat-and-Racket_1680	fetched		146022	9ca1d88254ae197bb9056e835eda25fdbf7eb4bc6c8ce8ccd83de5d7ab2dccbf	1680-0.txt
Honore de Balzac	1683	Honorine	Honorine_1683	fetched		194025	f0b019e67d7e47589e097afb5351496309530c75eb76b23c138d3b7220ff4b17	1683-0.txt
Honore de Balzac	1704	Pierrette	Pierrette_1704	fetched		324292	cfa9acc112ddff418b2810a17494f5960973cfbd97443c212ecbe1bc7c5fde9a	1704-0.txt
Honore de Balzac	1710	La Grande Breteche	La-Grande-Breteche_1710	fetched		65829	00d05a794eef8904812fcd63dbf4836dd1941f244637fde0513b9aac5b9fa462	1710-0.txt
Honore de Balzac	1714	Another Study of Woman	Another-Study-of-Woman_1714	fetched		110740	a1cb7cf57ac078136a441aef917034d7fd1029f77c1eeaf900d441008b0a309f	1714-0.txt
Honore de Balzac	1715	Eugenie Grandet	Eugenie-Grandet_1715	fetched		410210	d29cae75ba6fe9ee4178a0e97ce731766d5710ab6ad65d1f24a5e6022fa3bc21	1715-0.txt
Honore de Balzac	1729	The Deserted Woman	The-Deserted-Woman_1729	fetched		117458	267bc89a2935b2ecb2703cb55b69dfcee4cda687f7e6f0b890d46ddcd8144b8b	1729-0.txt
Honore de Balzac	1737	Facino Cane	Facino-Cane_1737	fetched		50230	352741e4ea65cc3ba0d0a32bf9507d3394b28dab93fc1d923537d64d309bd1ab	1737.txt
Honore de Balzac	1749	Cousin Betty	Cousin-Betty_1749	fetched		925481	f0b97d049ce2efbe8236c86de3f3a2f4d89553ef36e8af159b2d877300a80a59	1749-0.txt
Honore de Balzac	1810	A Second Home	A-Second-Home_1810	fetched		173215	6a0beef5a1dfb2831c5789ee8f22e7dec1f8be3bc270677cd8717ad772f1f911	1810-0.txt
Honore de Balzac	1811	Massimilla Doni	Massimilla-Doni_1811	fetched		196920	21e2b8758864acab90b817a3c3af2df5686f507b884cd2dfbcb5e00bb4ed8b50	1811-0.txt
Honore de Balzac	1812	A Prince of Bohemia	A-Prince-of-Bohemia_1812	fetched		102100	cc0af5c888119a3c8e197b8e3abfae017d7742781a92b29406acc73ceca2a43f	1812-0.txt
Honore de Balzac	1813	A Man of Business	A-Man-of-Business_1813	fetched		67217	6aace6f4c083b178d7d70826576e1acf33ba97b2b1c5d6e44ef97d3e51573ed7	1813-0.txt
Honore de Balzac	1826	Sarrasine	Sarrasine_1826	fetched		99794	8d09d9a796a5212855e822c9493525bc5a68a9bf58a58094890ccd0d3f7e5d92	1826-0.txt
Honore de Balzac	1841	Z. Marcas	Z-Marcas_1841	unavailable				
Honore de Balzac	1854	Catherine De Medici	Catherine-De-Medici_1854	fetched		686991	f3dc5e5ae4e752b53e03e897850d1484fbff3cae20adee7f26eca874f7590d0e	1854-0.txt
Honore de Balzac	1856	Cousin Pons	Cousin-Pons_1856	fetched		665577	bfcbc4422e614850f4d649e57f6bddcc499baf9cdfd7f87ab124d9febe93c66c	1856-0.txt
Honore de Balzac	1871	The Deputy of Arcis	The-Deputy-of-Arcis_1871	fetched		775028	7f057fd9cc5fc7dbee8cf9280193c9172cd28b5a73b7585c4eb6817abde97ac4	1871-0.txt
Honore de Balzac	1873	Gambara	Gambara_1873	fetched		154201	f5a7a24e8701e1aeed79c5626644bfdd10fba405371a563ed81f0f5c5931994b	1873-0.txt
Honore de Balzac	1884	The Exiles	The-Exiles_1884	fetched		89049	572e790b2cbd694e252a986ae88f7535c67cbebaff9960c43a199a7d7a63ad64	1884-0.txt
Honore de Balzac	1898	Albert Savarus	Albert-Savarus_1898	fetched		265249	7b9353c3ca0bcc32cc193c902635968412f57c3f7fc9564365822be9f1e0fe93	1898-0.txt
Honore de Balzac	1899	The Village Rector	The-Village-Rector_1899	fetched		567242	43c3cb78f2d38d163498d15522bae6f251833327ba53999e0ecc6f976a1bfc34	1899-0.txt
Honore de Balzac	1912	The Muse of the Department	The-Muse-of-the-Department_1912	fetched		395422	9422b53c8973954ef40456b3b45bf25a44a58eb0ed2c1e9afa782a88939a31ef	1912-0.txt
Honore de Balzac	1921	The Chouans	The-Chouans_1921	fetched		661133	59fb7c2a63f634cdfecd409b76a61f412aa4b92687b4aa13a70a44d060226a30	1921-0.txt
Honore de Balzac	1925	Droll Stories — Volume 1	Droll-Stories-Volume-1_1925	unavailable				
Honore de Balzac	1940	Christ in Flanders	Christ-in-Flanders_1940	fetched		59562	a7bb94b3c4c083283785ea4e64adb9336c46f5342d9636f541a1c9a1341edbb3	1940.txt
Honore de Balzac	1941	Letters of Two Brides	Letters-of-Two-Brides_1941	fetched		488436	4983dac8ceeed970e4171d913c9928f0f23f28b289dab410f028c78e2944c221	1941.txt
Honore de Balzac	1942	Rise and Fall of Cesar Birotteau	Rise-and-Fall-of-Cesar-Birotteau_1942	fetched		670746	6d035c7703eb91df5061eb53c001cb12f5cc4a5eb48f2299d9ed6717708e88a5	1942-0.txt
Honore de Balzac	1943	Louis Lambert	Louis-Lambert_1943	fetched		256858	86e75826e0095961ed5fdadea4f0c31a0a22fc7cecc6c17dc813af148234f1cd	1943.txt
Honore de Balzac	1950	A Woman of Thirty	A-Woman-of-Thirty_1950	fetched		428490	f0edc42ccb4d2dce9c9fac88745d0f3d956d81c164c50ba7852376d7dcd7fe42	1950-0.txt
Honore de Balzac	1954	Colonel Chabert	Colonel-Chabert_1954	fetched		160122	ac330cb9b61c928cccdd95fa2e6b85325ca860ed18d355b40263afabd39fe522	1954-0.txt
Honore de Balzac	1957	Beatrix	Beatrix_1957	fetched		703265	73c467f9b4cfed0c6971d040bea89b051faa5c56eca8dcbb13ad455d4179070a	1957-0.txt
Honore de Balzac	1967	The Brotherhood of Consolation	The-Brotherhood-of-Consolation_1967	fetched		459714	ffcc5153a4e4282ec430e464562aea408ca91928e89ebbd63061d8e615cf9e4b	1967-0.txt
Honore de Balzac	1968	The Human Comedy: Introductions and Appendix	The-Human-Comedy-Introductions-and-Appendix_1968	unavailable				
Honore de Balzac	2318	Droll Stories — Volume 2	Droll-Stories-Volume-2_2318	unavailable				
Honore de Balzac	2551	Droll Stories — Volume 3	Droll-Stories-Volume-3_2551	unavailable				
Honore de Balzac	5704	The Physiology of Marriage, Part 1	The-Physiology-of-Marriage-Part-1_5704	fetched		255381	a33f3e515d3b0c7b152c6c65410b5d53dbeda83ee0f5714f579d766d3b932e8d	5704.txt
Honore de Balzac	5873	Farewell	Farewell_5873	fetched		115339	4da0f6127cc963483e3a204bc31fdef9307995d940ba92ac43cfe128e6e36e81	5873-0.txt
Honore de Balzac	5899	The Physiology of Marriage, Part 2	The-Physiology-of-Marriage-Part-2_5899	fetched		263680	838e1d4402ae1bf535ca35aa3f4a3f1630f6eda2730c445f6636db4921f1cdfd	5899.txt
Honore de Balzac	5958	The Physiology of Marriage, Part 3	The-Physiology-of-Marriage-Part-3_5958	fetched		207648	061e71b12cba2f926a2ac60027ad7fa8746c40d12060bbf595ea4db51b7554bf	5958.txt
Honore de Balzac	6033	Petty Troubles of Married Life, First Part	Petty-Troubles-of-Married-Life-First-Part_6033	fetched		176492	28b14f59c376212f5c8c2d55e7648cc59632214b453951817850044db547ba7a	6033.txt
Honore de Balzac	6403	Petty Troubles of Married Life, Second Part	Petty-Troubles-of-Married-Life-Second-Part_6403	fetched		182862	4d3ee00561e97a5361caca868cefa443eb6cb8686c68cd5ad162cb7bfcbf5ed6	6403.txt
Honore de Balzac	6543	Droll Stories	Droll-Stories_6543	unavailable				
Honore de Balzac	6861	Vautrin: A Drama in Five Acts	Vautrin-A-Drama-in-Five-Acts_6861	unavailable				
Honore de Balzac	7416	The Thirteen	The-Thirteen_7416	fetched		772773	6335a26d8aca711441c8f72aa2d31e1a1f5dd0637bd6accd9b16dc563d076247	7416-0.txt
Honore de Balzac	7417	The Resources of Quinola: A Comedy in a Prologue and Five Acts	The-Resources-of-Quinola-A-Comedy-in-a-Prologue-and-Five-Acts_7417	unavailable				
Honore de Balzac	7927	The Celibates	The-Celibates_7927	fetched		1106369	a97a00fb432fac0acf4a7581fe5bc9551d599b98aef7e28b9c14fd63041fc795	7927.txt
Honore de Balzac	7929	Parisians in the Country	Parisians-in-the-Country_7929	fetched		488937	2dec25aafcf507a95278af4a2cd7d5771c9e2b39113ab3d2cf43ae6c2073bee1	7929-0.txt
Honore de Balzac	7950	The Jealousies of a Country Town	The-Jealousies-of-a-Country-Town_7950	fetched		639309	f9c2f13bb7fbda42f890c72d288e8711e391a64c3cfa1c7b0fbbf6ab16c2dd48	7950.txt
Honore de Balzac	7958	The Napoleon of the People	The-Napoleon-of-the-People_7958	fetched		63505	e78acdc17ddf46c2b3189ab05d55df4dbdbc0e9b1edb7f885d34c408f15d8360	7958.txt
Honore de Balzac	8079	Pamela Giraud: A Play in Five Acts	Pamela-Giraud-A-Play-in-Five-Acts_8079	unavailable				
Honore de Balzac	8150	A Street of Paris and Its Inhabitant	A-Street-of-Paris-and-Its-Inhabitant_8150	fetched		45620	d704862d792966b5dfb657e408d656fa0cf3e24448140f34a20feeb311d332cd	8150.txt
Honore de Balzac	11278	Folk-Tales of Napoleon	Folk-Tales-of-Napoleon_11278	unavailable				
Honore de Balzac	12900	Poor Relations	Poor-Relations_12900	fetched		1568028	f8266a5dd68ad6cbbe63a27608deef91ac56e2e4d980b58fa9bfb52a90f25160	12900.txt
Honore de Balzac	13159	Lost Illusions	Lost-Illusions_13159	fetched		1472705	22dce9f1a65b3be51dbd05d14c3e7554219b7275b7fcc40b25b3788e82f111e1	13159.txt
Honore de Balzac	13260	Droll Stories — Complete	Droll-Stories-Complete_13260	unavailable				
Honore de Balzac	14246	Mercadet: A Comedy in Three Acts	Mercadet-A-Comedy-in-Three-Acts_14246	unavailable				
Honore de Balzac	15878	The Stepmother, A Drama in Five Acts	The-Stepmother-A-Drama-in-Five-Acts_15878	fetched		196402	6fe675d443e4c361f7cf328ee51ba0ea17187e8e48e494efa1a7ef64211c8881	15878.txt
Honore de Balzac	16146	Petty Troubles of Married Life, Complete	Petty-Troubles-of-Married-Life-Complete_16146	fetched		343869	95e2e3ed2918b41c8d9848e4b66f6d5316e449799e3e9ffc665583a07e7a7a62	16146-0.txt
Honore de Balzac	16205	The Physiology of Marriage, Complete	The-Physiology-of-Marriage-Complete_16205	fetched		687194	35c2fde9a422a6fb60c2dc25f9c15d165be9deb527b1cf0836510bc40c80bf46	16205-0.txt
Honore de Balzac	16206	Analytical Studies	Analytical-Studies_16206	fetched		1013523	76e4955c2edb753f6b1481f50c18731ec98a386e787bca002f8132451bdee3db	16206.txt
Honore de Balzac	20691	Sarrasine	Sarrasine_20691	unavailable				
Honore de Balzac	22981	Letters of Two Brides	Letters-of-Two-Brides_22981	unavailable				
Honore de Balzac	23060	The Unknown Masterpiece	The-Unknown-Masterpiece_23060	unavailable				
Honore de Balzac	31565	The Works of Balzac: A linked index to all Project Gutenberg editions	The-Works-of-Balzac-A-linked-index-to-all-Project-Gutenberg-editions_31565	unavailable				
Honore de Balzac	37285	The Works of Honoré de Balzac: About Catherine de' Medici, Seraphita, and Other Stories	The-Works-of-Honore-de-Balzac-About-Catherine-de-Medici-Seraphita-and-Other-Stories_37285	unavailable				
Honore de Balzac	48884	Love in a Mask; Or, Imprudence and Happiness	Love-in-a-Mask-Or-Imprudence-and-Happiness_48884	fetched		116113	44c391cce27e2017396a90d032885903acd137ff7bc515f7716f32c0ec5c5aa1	48884-8.txt
Honore de Balzac	51820	Honoré de Balzac	Honore-de-Balzac_51820	fetched		288584	a93bb9b3bfc402c9f581649b3b977d8e9aaef0a7e396b66742432de228f07b85	51820-8.txt
Honore de Balzac	54466	Letters to Madame Hanska, born Countess Rzewuska, afterwards Madame Honoré de Balzac, 1833-1846	Letters-to-Madame-Hanska-born-Countess-Rzewuska-afterwards-Madame-Honore-de-Balzac-1833-1846_54466	fetched		1460560	2ca0074da8dc42be75be9b198ea4e5717111a339928650fdb5833b1e819fc1dd	54466-0.txt
Hosea Ballou	8225	A Series of Letters, in Defence of Divine Revelation	A-Series-of-Letters-in-Defence-of-Divine-Revelation_8225	unavailable				
Hugh Dalton	10107	With British Guns in Italy: A Tribute to Italian Achievement	With-British-Guns-in-Italy-A-Tribute-to-Italian-Achievement_10107	unavailable				
Immanuel Kant	4280	The Critique of Pure Reason	The-Critique-of-Pure-Reason_4280	fetched		1313936	9c2923a640da2590ae577632e7e21e802e3fdb9f59e42bbf8fad9bbcca248168	4280-0.txt
Immanuel Kant	5682	Fundamental Principles of the Metaphysic of Morals	Fundamental-Principles-of-the-Metaphysic-of-Morals_5682	fetched		194830	bcb01322b371b62b628256ffb0e88d0732e7b4e3b4e080634607dcc456854146	5682.txt
Immanuel Kant	5683	The Critique of Practical Reason	The-Critique-of-Practical-Reason_5683	fetched		397391	3ad485191a3ac3916e8c101008e15bbaac0ec280fbad2b8341088cb1bd0fccf2	5683.txt
Immanuel Kant	5684	The Metaphysical Elements of Ethics	The-Metaphysical-Elements-of-Ethics_5684	fetched		99399	d31c8dd82424b79302793ac99691cb39e06e4257bf24ab3823a5cb8b22f66322	5684.txt
Immanuel Kant	26585	Perpetual Peace: A Philosophic Essay	Perpetual-Peace-A-Philosophic-Essay_26585	unavailable				
Immanuel Kant	28800	On the Popular Judgment	On-the-Popular-Judgment_28800	unavailable				
Immanuel Kant	46060	Of the Injustice of Counterfeiting Books	Of-the-Injustice-of-Counterfeiting-Books_46060	unavailable				
Immanuel Kant	48433	Kant's Critique of Judgement	Kant-s-Critique-of-Judgement_48433	fetched		845715	e0ff8b92fa83af40c4b8284165006b4da0b5fd90fa99a3ae9b5584bacf1313dd	48433-0.txt
Immanuel Kant	50922	Perpetual Peace: A Philosophical Essay	Perpetual-Peace-A-Philosophical-Essay_50922	fetched		349921	29548dba0982adbf29d428b9916fe5202ecc35bdbec40e0d6b8382f734f1190f	50922-0.txt
Immanuel Kant	52821	Kant's Prolegomena to Any Future Metaphysics	Kant-s-Prolegomena-to-Any-Future-Metaphysics_52821	fetched		316325	93e194b38ea7534c4a8efa27aa18da28d3015ef959d47c4b8bdd9b222de2524a	52821-0.txt
Immanuel Kant	59023	Index of the Project Gutenberg Works of Immanuel Kant	Index-of-the-Project-Gutenberg-Works-of-Immanuel-Kant_59023	fetched		43340	712a28cc002b99eb7a144592b809b382e72810e8d52c7371a88eb1ff877d21ad	59023-0.txt
Irving Babbitt	50235	Rousseau and Romanticism	Rousseau-and-Romanticism_50235	fetched		864758	dd0178848e4e1186859136e2cea9a1f1a0d5548a038cdd236682b92747849b5f	50235-0.txt
Isaac Newton	15784	The Chronology of Ancient Kingdoms Amended	The-Chronology-of-Ancient-Kingdoms-Amended_15784	unavailable				
Isaac Newton	16878	Observations upon the Prophecies of Daniel, and the Apocalypse of St. John	Observations-upon-the-Prophecies-of-Daniel-and-the-Apocalypse-of-St-John_16878	unavailable				
Isaac Newton	22285	An American Suffragette	An-American-Suffragette_22285	fetched		295189	0b00c43012fb1be5aa98d06b5ed6fb180fe43fa47e9f75fe24c17098ee020835	22285.txt
Isaac Newton	33504	Opticks	Opticks_33504	unavailable				
James A. Garfield	13982	Cap'n Abe, Storekeeper: A Story of Cape Cod	Cap-n-Abe-Storekeeper-A-Story-of-Cape-Cod_13982	unavailable				
James A. Garfield	14563	Sheila of Big Wreck Cove: A Story of Cape Cod	Sheila-of-Big-Wreck-Cove-A-Story-of-Cape-Cod_14563	unavailable				
James A. Garfield	22084	Oration on the Life and Character of Henry Winter Davis	Oration-on-the-Life-and-Character-of-Henry-Winter-Davis_22084	fetched		87337	aa63257460088f40e457f01ed4bb2a3a1931b76435a7cb6d5daf9a8e02ff53a3	22084-8.txt
James A. Garfield	22303	Personality in Literature	Personality-in-Literature_22303	fetched		394471	2fc3e03466dbb6b2b659c34fd21cde5447419dd73ce7bbe26e0c2550ebe24b2e	22303.txt
James A. Garfield	25050	A Study of American Beers and Ales	A-Study-of-American-Beers-and-Ales_25050	fetched		108817	bf5497aa45ac0d437c5896841fe68224d6fc789774282e6650ebad777be281f1	25050.txt
James A. Garfield	26190	A Choice of Miracles	A-Choice-of-Miracles_26190	fetched		40799	00a1e3e5d302ead0ea1176a1230b32e3cee86734c7df4ba787e7b3496ea9b673	26190.txt
James A. Garfield	26234	Far Past the Frontier	Far-Past-the-Frontier_26234	fetched		288559	cf96ba0a83e71f502a1bd5eaf6e6e093e750243aced913a12c262df690d23cd9	26234.txt
James A. Garfield	26276	History of Company E of the Sixth Minnesota Regiment of Volunteer Infantry	History-of-Company-E-of-the-Sixth-Minnesota-Regiment-of-Volunteer-Infantry_26276	fetched		121559	4147a6a868b1ed95546b6a03ca1dc8493d8c700f9fc0836ee1aebbff424d9689	26276.txt
James A. Garfield	26706	Manual of Military Training	Manual-of-Military-Training_26706	unavailable				
James A. Garfield	30310	Special Report on Diseases of Cattle	Special-Report-on-Diseases-of-Cattle_30310	fetched		1620336	d1c44316a748845fec292be4d6726e7fbbaeb3703e7ac3244280e12c18dd05dd	30310.txt
James A. Garfield	32742	The Auto Boys' Mystery	The-Auto-Boys-Mystery_32742	fetched		244022	6db34c4ee1e37003a53337144c74606f035f7aa997bbe81f44e348fbb225c1c3	32742.txt
James A. Garfield	33476	The Auto Boys' Vacation	The-Auto-Boys-Vacation_33476	fetched		237397	bf58ac791e2930883cfbc6f7f342a28054056b91f3bba2b3aa29cfd97ffe1167	33476.txt
James A. Garfield	36597	Three in Norway, by Two of Them	Three-in-Norway-by-Two-of-Them_36597	unavailable				
James A. Garfield	38339	South-African Folk-Tales	South-African-Folk-Tales_38339	fetched		146876	b68fa5a75cf5df402d903ed8c1927d64c0bec4e7a677a14bb26e6221485996d2	38339-8.txt
James A. Garfield	39102	The Auto Boys' Quest	The-Auto-Boys-Quest_39102	fetched		254048	50e5d102c585e6e6aa2ccbd028ddfc6fcf1ca0a8356e2b4f87443eab0bbbaac4	39102.txt
James A. Garfield	40018	Bass, Pike, Perch, and Others	Bass-Pike-Perch-and-Others_40018	fetched		560716	d8d31fddf060e96072c82eca807ca757b04770f9fd2306f64f730fc1c0f5b200	40018.txt
James A. Garfield	40104	Tobias o' the Light: A Story of Cape Cod	Tobias-o-the-Light-A-Story-of-Cape-Cod_40104	unavailable				
James A. Garfield	40531	A Century in the Comptroller's Office, State of New York, 1797 to 1897	A-Century-in-the-Comptroller-s-Office-State-of-New-York-1797-to-1897_40531	fetched		112817	d6b56a06dfab1730a5597570d80562a64fb13b85bd26610fe994b34a01f0e3fe	40531.txt
James A. Garfield	41698	A Prince of Anahuac: A Histori-traditional Story Antedating the Aztec Empire	A-Prince-of-Anahuac-A-Histori-traditional-Story-Antedating-the-Aztec-Empire_41698	unavailable				
James A. Garfield	42032	The Trail of the Seneca	The-Trail-of-the-Seneca_42032	fetched		373035	30e882460287e79c28466a26615d7d8080a44de48d2d60b761b550bbc4daacc7	42032-0.txt
James A. Garfield	43797	Favorite Fish and Fishing	Favorite-Fish-and-Fishing_43797	fetched		211313	ec5d89390ae4c21520328ba3c3e9edc4aaf90ff35144e476d977fa53b7c96ea5	43797.txt
James A. Garfield	45998	Peru in the Guano Age	Peru-in-the-Guano-Age_45998	unavailable				
James A. Garfield	47496	Greece	Greece_47496	unavailable				
James A. Garfield	48545	Fables of Field and Staff	Fables-of-Field-and-Staff_48545	unavailable				
James A. Garfield	48821	From Headquarters: Odd Tales Picked up in the Volunteer Service	From-Headquarters-Odd-Tales-Picked-up-in-the-Volunteer-Service_48821	fetched		238821	ed5fa109d88da5fc7ea01237bcfb625322fb2ff0e2bc21665ddfc0c1d3792a03	48821-8.txt
James A. Garfield	51510	The First regiment Massachusetts heavy artillery, United States volunteers, in the Spanish-American war of 1898	The-First-regiment-Massachusetts-heavy-artillery-United-States-volunteers-in-the-Spanish-American-war-of-1898_51510	unavailable				
James A. Garfield	52571	Evolution	Evolution_52571	fetched		173480	a5385ab56c1353fd50f80f6c0d64c5d8e04cde96612dcfa92a4c09d8c1187f9e	52571-0.txt
James A. Garfield	55792	Greeks & Barbarians	Greeks-Barbarians_55792	fetched		360694	d73f373db8860b4cf262938d1c55a49185a6f35d13c59b6e15cab3cbb727c09c	55792-0.txt
James A. Garfield	58292	Connecticut Boys in the Western Reserve: A Tale of the Moravian Massacre	Connecticut-Boys-in-the-Western-Reserve-A-Tale-of-the-Moravian-Massacre_58292	fetched		256645	981044ceed28e201ac3457ea628435c6acb7266e92b12b9949bdf70de33b0071	58292-0.txt
James A. Garfield	59771	The Black Police: A Story of Modern Australia	The-Black-Police-A-Story-of-Modern-Australia_59771	fetched		641155	d5a375474e3e0b78d2e9b63d82f8f553a5cd031f252e6e3cb5175ab328bf4e86	59771-0.txt
James A. Garfield	59793	Collections of the Minnesota Historical Society for the Year 1867	Collections-of-the-Minnesota-Historical-Society-for-the-Year-1867_59793	fetched		184977	9c084d1076f8928f082c6ab9da693d5ac8f7bd45b335d57750bdb276534b8b78	59793-0.txt
James A. Garfield	67685	Rocks and Their Origins	Rocks-and-Their-Origins_67685	fetched		262325	8c8f4cc7a6b527756a574a8abba74ba2d30c985f2fc722eb28818145913287b8	67685-0.txt
James A. Garfield	68388	How to thought-read	How-to-thought-read_68388	unavailable				
James Branch Cabell	288	The Certain Hour (Dizain des Poëtes)	The-Certain-Hour-Dizain-des-Poetes_288	unavailable				
James Branch Cabell	8715	Gallantry: Dizain des Fetes Galantes	Gallantry-Dizain-des-Fetes-Galantes_8715	unavailable				
James Branch Cabell	8771	Jurgen: A Comedy of Justice	Jurgen-A-Comedy-of-Justice_8771	unavailable				
James Branch Cabell	9488	The Line of Love; Dizain des Mariages	The-Line-of-Love-Dizain-des-Mariages_9488	unavailable				
James Branch Cabell	9608	The Cords of Vanity: A Comedy of Shirking	The-Cords-of-Vanity-A-Comedy-of-Shirking_9608	unavailable				
James Branch Cabell	9663	Domnei: A Comedy of Woman-Worship	Domnei-A-Comedy-of-Woman-Worship_9663	unavailable				
James Branch Cabell	9829	The Jewel Merchants: A Comedy in One Act	The-Jewel-Merchants-A-Comedy-in-One-Act_9829	unavailable				
James Branch Cabell	10041	The Rivet in Grandfather's Neck: A Comedy of Limitations	The-Rivet-in-Grandfather-s-Neck-A-Comedy-of-Limitations_10041	unavailable				
James Branch Cabell	10882	The Eagle's Shadow	The-Eagle-s-Shadow_10882	fetched		307285	71f80c7f60240c977b30c936e4c9d8efdd2cc79ad9683814efd44a139b34aed6	10882-8.txt
James Branch Cabell	11639	Figures of Earth: A Comedy of Appearances	Figures-of-Earth-A-Comedy-of-Appearances_11639	unavailable				
James Branch Cabell	11752	Chivalry: Dizain des Reines	Chivalry-Dizain-des-Reines_11752	unavailable				
James Branch Cabell	17134	Taboo	Taboo_17134	unavailable				
James Branch Cabell	22463	Chivalry	Chivalry_22463	fetched		352256	baa0d070b3635d96d5b1d7cad5503e814f0f22fe1892095ef822500cb6acb58b	22463-8.txt
James Branch Cabell	66146	The Cream of the Jest: A comedy of evasions	The-Cream-of-the-Jest-A-comedy-of-evasions_66146	fetched		306557	2aa9d42078488873be83417b6d5e3f366f36dd41468997bc4abec2b33443e4b1	66146-0.txt
James Branch Cabell	67043	The High Place: A Comedy of Disenchantment	The-High-Place-A-Comedy-of-Disenchantment_67043	fetched		409314	6d6eb9a7c8e180acc47d0260432a760302721a1214b1a4b24595e8808d09c119	67043-0.txt
James Branch Cabell	67744	The Silver Stallion: A Comedy of Redemption	The-Silver-Stallion-A-Comedy-of-Redemption_67744	fetched		465541	201409f5a9a8ad05deff3ddc8b3581111ac7f97bc4f235c454cc3b4278d0334d	67744-0.txt
James Joyce	2814	Dubliners	Dubliners_2814	fetched		405900	da7545c112c5580fc1572ee01c422ba25d9d82fe0e56c26e42c337374f72ca5e	2814-0.txt
James Joyce	2817	Chamber Music	Chamber-Music_2817	fetched		38290	9fcea12a41604b7c99ced78ca7c1d2ab50bb9078c545d0d34be0f5db4503e9c6	2817.txt
James Joyce	4217	A Portrait of the Artist as a Young Man	A-Portrait-of-the-Artist-as-a-Young-Man_4217	fetched		496309	f3c56de02f2cea4554a4058cf5419005f576f2d571af5585c8d5bd12c3629356	4217-0.txt
James Joyce	4300	Ulysses	Ulysses_4300	fetched		1580890	4ea566a510a547adcb01b52fe78ff269926fe8d5e8060591f725de6d77afa3ac	4300-0.txt
James Joyce	7872	Dubliners	Dubliners_7872	unavailable				
James Joyce	20601	Chamber Music	Chamber-Music_20601	unavailable				
James Joyce	55945	Exiles: A Play in Three Acts	Exiles-A-Play-in-Three-Acts_55945	unavailable				
James Joyce	59785	Index of the Project Gutenberg Works of James Joyce	Index-of-the-Project-Gutenberg-Works-of-James-Joyce_59785	fetched		23714	52eaafa31ec0481b3031e59d28881a58fb056d725efb8a97cfea9e1cfe8d3546	59785-0.txt
James M. Barrie	16	Peter Pan	Peter-Pan_16	fetched		290755	b1e7ade0c061259293c7b07fe3f8ba445b4cf3353e6c657c8cdcd0223bbe0eb8	16-0.txt
James M. Barrie	342	Margaret Ogilvy	Margaret-Ogilvy_342	fetched		188738	6eaf304eed49f49041418f855fbac072482a1e11a9811cf133bf14d13b2dba4c	342-0.txt
James M. Barrie	1332	Peter Pan in Kensington Gardens	Peter-Pan-in-Kensington-Gardens_1332	fetched		106164	96bfc8acbad6befd631e03a0eea0f55421a17c348ef9728b027400fe462831c7	1332-0.txt
James M. Barrie	1376	The Little White Bird; Or, Adventures in Kensington Gardens	The-Little-White-Bird-Or-Adventures-in-Kensington-Gardens_1376	unavailable				
James M. Barrie	3490	The Admirable Crichton	The-Admirable-Crichton_3490	fetched		165086	7586a4fac4a1432f6ad13e362410f3af34f0a63cfbf815a88b814d2317ca71cd	3490-0.txt
James M. Barrie	4021	Dear Brutus	Dear-Brutus_4021	fetched		142344	89f81fe2c71d123cf825d49555833b852616a39cdc9b3ad167653f78ccb6ab25	4021.txt
James M. Barrie	5093	The Little Minister	The-Little-Minister_5093	fetched		626072	6991e4a55f5032dbb7c18023bee8800a588a99b8b97bd94adeceeb799a374059	5093.txt
James M. Barrie	5654	What Every Woman Knows	What-Every-Woman-Knows_5654	fetched		169676	ba9b3e61ed906bdf44957ffafb9438050152a6b5b5e091e747c1bd37ba2293fe	5654-0.txt
James M. Barrie	6965	Alice Sit-By-The-Fire	Alice-Sit-By-The-Fire_6965	fetched		152212	045facf65859d97ced3ba99a29477d5919623d9d9440ab8388e2543ea502bcbb	6965-0.txt
James M. Barrie	7033	Picturesque Quebec : a sequel to Quebec past and present	Picturesque-Quebec-a-sequel-to-Quebec-past-and-present_7033	fetched		1488445	2ba75600b1e701ae1b1211d757244d62282efe166a72b3e081feedf2ee01efa2	7033-8.txt
James M. Barrie	8486	Ghost Stories of an Antiquary	Ghost-Stories-of-an-Antiquary_8486	fetched		275352	3242be57fd7e733def2cbcc3d9fd27dc9ba5487a4e30d6c7387641c0fcd9525f	8486.txt
James M. Barrie	8590	Auld Licht Idyls	Auld-Licht-Idyls_8590	fetched		268353	a017ec5d3d0d06dba65228db69f9b0c0b5871c325ce678ebda6c33f318beecc2	8590-0.txt
James M. Barrie	9617	Echoes of the War	Echoes-of-the-War_9617	fetched		165193	add124869beaf5889e6de9f5083eedd377e7cdc5e794beac13723432240b3bce	9617.txt
James M. Barrie	9629	Ghost Stories of an Antiquary Part 2: More Ghost Stories	Ghost-Stories-of-an-Antiquary-Part-2-More-Ghost-Stories_9629	unavailable				
James M. Barrie	10065	The Constitution of the United States	The-Constitution-of-the-United-States_10065	unavailable				
James M. Barrie	10767	Courage	Courage_10767	fetched		62746	c013a572fb83198c2c1ae57dda139b89fcfe4fb037e453f4f32afadbfadc82a7	10767.txt
James M. Barrie	11901	Tommy and Grizel	Tommy-and-Grizel_11901	fetched		695310	0d0332eda0dce5dcff77d4e87d06e141976dbd16e77b8adbd70704d52d744741	11901-8.txt
James M. Barrie	14961	Sentimental Tommy	Sentimental-Tommy_14961	unavailable				
James M. Barrie	15874	Old Testament Legends	Old-Testament-Legends_15874	unavailable				
James M. Barrie	18934	My Lady Nicotine: A Study in Smoke	My-Lady-Nicotine-A-Study-in-Smoke_18934	unavailable				
James M. Barrie	19162	The Lost Valley	The-Lost-Valley_19162	fetched		417111	af6dbed61f6dd1383a47bf20a40324b20061f30f176915f91bace354ae32d35b	19162.txt
James M. Barrie	20039	Ghost Stories of an Antiquary	Ghost-Stories-of-an-Antiquary_20039	unavailable				
James M. Barrie	20335	The Case of Edith Cavell	The-Case-of-Edith-Cavell_20335	unavailable				
James M. Barrie	20387	A Thin Ghost and Others	A-Thin-Ghost-and-Others_20387	fetched		188536	94e1bc9a58c82c9533fade185416a12edccf6d566edf3144f0e07f23ac3ecfaf	20387.txt
James M. Barrie	20807	Better Dead	Better-Dead_20807	fetched		123504	e21c131f38927e33ffe6cce6a749b27af62354bd74895392554210f902c601d7	20807-8.txt
James M. Barrie	20914	A Window in Thrums	A-Window-in-Thrums_20914	fetched		238625	2da9010677f49b4f478c55f04b711f35c135cf42d8d00831c112fe1034ccb231	20914.txt
James M. Barrie	20918	Auld Licht Idylls	Auld-Licht-Idylls_20918	fetched		273146	809cacf362753c166f51394acd552258223a3a69b21e3b0d0aad5e52b9b63600	20918.txt
James M. Barrie	22984	Peter Pan	Peter-Pan_22984	unavailable				
James M. Barrie	24089	The Five Jars	The-Five-Jars_24089	fetched		150223	cce4c4dfe3cde9d46fd8906769869375f681f5c174091a6fc784948ce4e7c9bf	24089.txt
James M. Barrie	26654	Peter and Wendy	Peter-and-Wendy_26654	fetched		282893	04d4c9777d106dee2f4882b205bbccf1a1d53c79d82a06fec69304983a6ac9a5	26654-8.txt
James M. Barrie	26998	Peter Pan in Kensington Gardens	Peter-Pan-in-Kensington-Gardens_26998	fetched		141268	7969694a33fefdcc345651048f6098db3a5de52882076097243f41d80c80397a	26998.txt
James M. Barrie	26999	Peter Pan in Kensington Gardens	Peter-Pan-in-Kensington-Gardens_26999	fetched		149102	fe8cd0e288bf79ac1141595ded73d8d28e5370ee60b5b61a16a05652efb58e48	26999.txt
James M. Barrie	28056	Music and Some Highly Musical People	Music-and-Some-Highly-Musical-People_28056	fetched		654666	e6ce93372d2679a94430341cd0a8ce11306936326df712d9a13c2598c461c725	28056-8.txt
James M. Barrie	28187	The Wanderings and Homes of Manuscripts	The-Wanderings-and-Homes-of-Manuscripts_28187	unavailable				
James M. Barrie	29343	Three Addresses to Girls at School	Three-Addresses-to-Girls-at-School_29343	fetched		87941	f780e248fee7de8d0c8af249c67ee15829d78456aa5759a1da30df4c362cb32c	29343-8.txt
James M. Barrie	31266	Quality Street: A Comedy	Quality-Street-A-Comedy_31266	unavailable				
James M. Barrie	31457	The Evidence in the Case	The-Evidence-in-the-Case_31457	unavailable				
James M. Barrie	32129	Area Handbook for Albania	Area-Handbook-for-Albania_32129	fetched		581984	5bf40858357734aacb4bdff7879bcd7ddba721ba27a06403cb24ae60d589a5f6	32129.txt
James M. Barrie	32627	Area Handbook for Bulgaria	Area-Handbook-for-Bulgaria_32627	fetched		930893	b5cec0088f8209974a80da52fa1d952e91a46d66906e500057de306a8bb58c56	32627.txt
James M. Barrie	32700	Area Handbook for Romania	Area-Handbook-for-Romania_32700	fetched		825329	56c6272c5a472536f5d498fa333a151f3819972a7dcb46019c67dda8f31a7e12	32700.txt
James M. Barrie	33901	The Little Minister	The-Little-Minister_33901	fetched		635938	f95b9eb1e388d555ef69f88c4500adae7c9ab14a290f535b14f36cf818949eb3	33901-8.txt
James M. Barrie	39178	"Der Tag"; or, The Tragic Man	Der-Tag-or-The-Tragic-Man_39178	unavailable				
James M. Barrie	39203	An Edinburgh Eleven: Pencil Portraits from College Life	An-Edinburgh-Eleven-Pencil-Portraits-from-College-Life_39203	unavailable				
James M. Barrie	39543	A Holiday in Bed, and Other Sketches	A-Holiday-in-Bed-and-Other-Sketches_39543	fetched		162539	0feed2854e79aa31836f39601e423eb0ef250cb430ef1e22e9407ffd9ee6b0c3	39543-8.txt
James M. Barrie	39755	The Story of Peter Pan, Retold from the fairy play by Sir James Barrie	The-Story-of-Peter-Pan-Retold-from-the-fairy-play-by-Sir-James-Barrie_39755	unavailable				
James M. Barrie	40519	The Captain of the Janizaries	The-Captain-of-the-Janizaries_40519	unavailable				
James M. Barrie	40894	Neither Dorking nor the Abbey	Neither-Dorking-nor-the-Abbey_40894	fetched		26338	ef87d67ece7fa0e778fd5ee63971ecb6e484f4b7ead8c51016cd354ac17fcc9a	40894.txt
James M. Barrie	41031	When a Man's Single: A Tale of Literary Life	When-a-Man-s-Single-A-Tale-of-Literary-Life_41031	unavailable				
James M. Barrie	41798	Van Eyck	Van-Eyck_41798	unavailable				
James M. Barrie	41900	How to Master the English Bible	How-to-Master-the-English-Bible_41900	unavailable				
James M. Barrie	44290	A King of Tyre: A Tale of the Times of Ezra and Nehemiah	A-King-of-Tyre-A-Tale-of-the-Times-of-Ezra-and-Nehemiah_44290	unavailable				
James M. Barrie	46623	At War with Society; or, Tales of the Outcasts	At-War-with-Society-or-Tales-of-the-Outcasts_46623	fetched		425707	2e6965faa7650c5120bfe0157d16efa7a5c7b6758423abc4338b858ca01a9220	46623-8.txt
James M. Barrie	51566	The Admirable Crichton	The-Admirable-Crichton_51566	fetched		22244	ddcd489d839afc390cbea2a9d6f593d7ca4ae5b337efefd334ce27678726120d	51566.txt
James M. Barrie	53851	Deborah: A tale of the times of Judas Maccabaeus	Deborah-A-tale-of-the-times-of-Judas-Maccabaeus_53851	fetched		608055	3e6c7bdd81f4d4b428e0b44032b76f19fa995d6be4c963236a4233be468b2387	53851-0.txt
James M. Barrie	54652	History of Gujarát	History-of-Gujarat_54652	unavailable				
James M. Barrie	56034	Folklore of Scottish Lochs and Springs	Folklore-of-Scottish-Lochs-and-Springs_56034	fetched		525665	18911a0c0667887cd356271b7432246d1606a856101adf412705de9528da2a43	56034-8.txt
James M. Barrie	57358	Hawk's Nest; or, The Last of the Cahoonshees.	Hawk-s-Nest-or-The-Last-of-the-Cahoonshees_57358	unavailable				
James M. Barrie	58711	Traced and Tracked; Or, Memoirs of a City Detective	Traced-and-Tracked-Or-Memoirs-of-a-City-Detective_58711	unavailable				
James M. Barrie	58824	Index of the Project Gutenberg Works of James Matthew Barrie	Index-of-the-Project-Gutenberg-Works-of-James-Matthew-Barrie_58824	fetched		48383	7d2201012f84fb61200383a453a5e63b9c192342720fae3598cd82bc1469ea37	58824-0.txt
James M. Barrie	59724	The Baritone's Parish; or, "All Things to All Men"	The-Baritone-s-Parish-or-All-Things-to-All-Men_59724	fetched		67696	ae111438b404736b0e075dba34f8906806e5d949d9ca633cbdb96814f51e909b	59724-8.txt
James M. Barrie	65011	U.S. Marine Operations in Korea, 1950-1953, Volume 5 (of 5)	U-S-Marine-Operations-in-Korea-1950-1953-Volume-5-of-5_65011	unavailable				
James M. Barrie	66638	Ireland in Fiction: A Guide to Irish Novels, Tales, Romances, and Folk-lore	Ireland-in-Fiction-A-Guide-to-Irish-Novels-Tales-Romances-and-Folk-lore_66638	fetched		1110945	209070ef4c067a892097dea185ceb8e8b8a306ec1b4ff143dbcb7e11757382c7	66638-0.txt
James M. Barrie	66881	A Warning to the Curious, and Other Ghost Stories	A-Warning-to-the-Curious-and-Other-Ghost-Stories_66881	fetched		216925	4ceba0f4fc01e0c4afd48a7cbc716532818e1d57ba472fc0d8aeef50164babc7	66881-0.txt
James Madison	5013	State of the Union Addresses	State-of-the-Union-Addresses_5013	fetched		154633	4844c79016e237e343b18d080afca767baba3db60ae24d8988dc637e11711b94	5013.txt
James Madison	33179	Personal Recollections of the Civil War	Personal-Recollections-of-the-Civil-War_33179	unavailable				
James Madison	40861	The Journal of the Debates in the Convention which Framed the Constitution of the United States, May-September 1787. Volume 1	The-Journal-of-the-Debates-in-the-Convention-which-Framed-the-Constitution-of-the-United-States-May-September-1787-Volume-1_40861	unavailable				
James Madison	41095	The Journal of the Debates in the Convention which Framed the Constitution of the United States, May-September 1787. Volume 2	The-Journal-of-the-Debates-in-the-Convention-which-Framed-the-Constitution-of-the-United-States-May-September-1787-Volume-2_41095	unavailable				
James Mark Baldwin	6168	Fifty Famous People: A Book of Short Stories	Fifty-Famous-People-A-Book-of-Short-Stories_6168	fetched		191210	68b08c73f4d942cd963c1e09c7b93dab8eebe3a5a384b25c8b8f4faf97f4e262	6168.txt
James Mark Baldwin	6866	The Story of Siegfried	The-Story-of-Siegfried_6866	fetched		466242	543a380160b95b11f66f0df2ef12397aeeabaaa4687f23b9e167de2ac5c5c285	6866-0.txt
James Mark Baldwin	11174	Four Great Americans: Washington, Franklin, Webster, Lincoln	Four-Great-Americans-Washington-Franklin-Webster-Lincoln_11174	unavailable				
James Mark Baldwin	11582	Old Greek Stories	Old-Greek-Stories_11582	fetched		251864	feeadc214fcf4e3e72a70b11913e720430955c51fd4adfb32dc071aa8d9491bf	11582-8.txt
James Mark Baldwin	15616	Hero Tales	Hero-Tales_15616	fetched		239353	a0fec219638f59a0a33579d11a5c144bfdb50a5a5cac13537079d03c1f6c9957	15616-0.txt
James Mark Baldwin	18442	Fifty Famous Stories Retold	Fifty-Famous-Stories-Retold_18442	fetched		192389	3c0e566813bba8f6d083acdfafb89e3e6c5b45f2355d9add3e02cd691fbaa3b4	18442.txt
James Mark Baldwin	20522	The Story of the Mind	The-Story-of-the-Mind_20522	fetched		438480	c8fb55134f1357f96fbf3ccb8ba7fcd3a3c770dcc0fdaa29fdbcc5ff2c1f78b2	20522.txt
James Mark Baldwin	30235	Six Centuries of English Poetry: Tennyson to Chaucer	Six-Centuries-of-English-Poetry-Tennyson-to-Chaucer_30235	unavailable				
James Mark Baldwin	33515	Misread Passages of Scriptures	Misread-Passages-of-Scriptures_33515	fetched		287380	5ebf8ee51a23ca9049433fa24fdae72928ee62505f67bd326f0d43d523ad767e	33515.txt
James Mark Baldwin	36864	School Reading by Grades: Sixth Year	School-Reading-by-Grades-Sixth-Year_36864	unavailable				
James Mark Baldwin	47013	The Book-lover: A Guide to the Best Reading	The-Book-lover-A-Guide-to-the-Best-Reading_47013	fetched		282850	2e226690d3c8e67ab15f1e3bf7cd7cb058cb101aae9aa4c47f39d361b6fdfb0c	47013-0.txt
James Mark Baldwin	51000	School Reading By Grades: Fifth Year	School-Reading-By-Grades-Fifth-Year_51000	fetched		275309	d859bfbff5babd637f1713e9eca692f478a63d01fadb64a585eec02db4afe38e	51000-0.txt
James Mark Baldwin	54214	A Story of the Golden Age	A-Story-of-the-Golden-Age_54214	fetched		429176	5e22951f1ab3307d326713a0b0b05ca96072ecdbd27fec08905e37b4b346ee74	54214-0.txt
James Mark Baldwin	62202	The Sabbath, the Crystal Palace, and the People	The-Sabbath-the-Crystal-Palace-and-the-People_62202	fetched		78702	71f68a4108df703a3b99a20b839725ee9746d7cae30f4a3dee8ef05bc556eeed	62202-0.txt
James Mark Baldwin	66819	The Sampo: A Wonder Tale of the Old North	The-Sampo-A-Wonder-Tale-of-the-Old-North_66819	fetched		421183	454c947a9f4b3d153e0e9241323873d571fc24c9ea4ff215f456d053b219a1ea	66819-0.txt
James Russell Lowell	880	My Garden Acquaintance	My-Garden-Acquaintance_880	fetched		62644	cb2d734f256f304a40f103309340d7cbe64635656dfa561dee99a89c1d517f36	880.txt
James Russell Lowell	906	Abraham Lincoln	Abraham-Lincoln_906	fetched		63247	899e7be745cfe33dd4757c0fd64fd01abf407a85633699e3903dc85bbf44059d	906.txt
James Russell Lowell	8503	Among My Books. First Series	Among-My-Books-First-Series_8503	fetched		750270	b023c5c8d11f4b94485763e3e45d063846ccec3732fbe8f9bd6dcef891334d1a	8503.txt
James Russell Lowell	8509	Among My Books. Second Series	Among-My-Books-Second-Series_8509	fetched		657688	77c9c8a28db226ec3ab4c381e6671954c5357f1ed8fb0aaea4641371dda7d4c7	8509-8.txt
James Russell Lowell	9386	Girls: Faults and Ideals	Girls-Faults-and-Ideals_9386	unavailable				
James Russell Lowell	13310	The Complete Poetical Works of James Russell Lowell	The-Complete-Poetical-Works-of-James-Russell-Lowell_13310	fetched		1676327	13d3edb6b0195389d72973249142effa6ba999d9acce2668ad7036ede81e74bf	13310.txt
James Russell Lowell	14481	The Function of the Poet, and Other Essays	The-Function-of-the-Poet-and-Other-Essays_14481	fetched		328769	ca0b7358e2012dbdf2a388501436c7acbf5ffb847624d11a0b9dbe16a4dee47a	14481-0.txt
James Russell Lowell	17119	The Vision of Sir Launfal	The-Vision-of-Sir-Launfal_17119	unavailable				
James Russell Lowell	17948	The Vision of Sir Launfal	The-Vision-of-Sir-Launfal_17948	unavailable				
James Russell Lowell	19193	Making the Most of Life	Making-the-Most-of-Life_19193	fetched		304671	41b923635b41fa32b2c4a60e903ab8647c4f8aae777a0b013d07038e836cd318	19193.txt
James Russell Lowell	22609	The Writings of James Russell Lowell in Prose and Poetry, Volume V	The-Writings-of-James-Russell-Lowell-in-Prose-and-Poetry-Volume-V_22609	unavailable				
James Russell Lowell	22680	The Biglow Papers	The-Biglow-Papers_22680	fetched		313985	a39f6eb598acee2de62444a4af06be8e8448658311b7666a8a0a0e23ca5628c9	22680.txt
James Russell Lowell	27349	Personal Friendships of Jesus	Personal-Friendships-of-Jesus_27349	fetched		294941	887319411d6dd07e8be76650b8f6b07042bb749aa0eba5f6e527224ca1dd7cf8	27349-8.txt
James Russell Lowell	38520	Poems of James Russell Lowell	Poems-of-James-Russell-Lowell_38520	unavailable				
James Russell Lowell	41396	The Boys of 1812 and Other Naval Heroes	The-Boys-of-1812-and-Other-Naval-Heroes_41396	fetched		484810	5a33d038f86ddade2a64786d69298688c12363cf045c20c44288a2c0da049f62	41396-8.txt
James Russell Lowell	65136	The Cathedral	The-Cathedral_65136	fetched		60357	fab4f8812d7fd535ea2b300e0337f2ccce642c770e2ee57625eec45023f0ac34	65136-0.txt
James Russell Lowell	66213	A Fable for Critics	A-Fable-for-Critics_66213	fetched		141987	e93856fb37ec573760c9f314d10e20bb3a211318d7d7f7b4d825366d94ad6c06	66213-0.txt
James Russell Lowell	68260	Heartsease and Rue	Heartsease-and-Rue_68260	fetched		207116	c647771c2d2c9e198ee696800d898b184f6493ca5dfc62ae28e7af78abd116ff	68260-0.txt
James Truslow Adams	33617	Pioneering in Cuba	Pioneering-in-Cuba_33617	unavailable				
James Truslow Adams	63429	Joe Carson's Weapon	Joe-Carson-s-Weapon_63429	fetched		58618	91e9a31f048711b75bf048197cbb90627b6442da0fe2e99e0e7b86223e21f436	63429.txt
James Truslow Adams	63632	Formula for Conquest	Formula-for-Conquest_63632	fetched		62761	9fe4384ca08ba222c5aba9776200984b79a7bb616dcacb51d978b5452c56c719	63632.txt
James Truslow Adams	63658	Crisis on Titan	Crisis-on-Titan_63658	fetched		45126	e70c9f6b828d7bd4176fc189b122980c371eef7b1fdfcf1a31a76823de7eab86	63658-0.txt
James Truslow Adams	63668	Steel Giants of Chaos	Steel-Giants-of-Chaos_63668	fetched		93147	3396054cdd4590b36ec767603dfabbda99502a9e26afd99ec2dc9942b9e4f6bd	63668-8.txt
James Truslow Adams	64228	Quest on Phoebe	Quest-on-Phoebe_64228	fetched		47954	d5ee17a193e472b2340c5f28ed0a51577bdae5bf3116fd2407744cc7d004fdb7	64228-0.txt
James Truslow Adams	64404	Con-Fen	Con-Fen_64404	fetched		36068	95919b0bed6f67488b2856e07a5c8e1c832b34f90ade0becac1e499da92c9010	64404-0.txt
Jane Addams	1325	Twenty Years at Hull House; with Autobiographical Notes	Twenty-Years-at-Hull-House-with-Autobiographical-Notes_1325	unavailable				
Jane Addams	15221	A New Conscience and an Ancient Evil	A-New-Conscience-and-an-Ancient-Evil_15221	fetched		261635	ddb3e578ce072533da0b0f51acbe16046255dd85fa22fb0a0785f4d8d3cca3b2	15221-8.txt
Jane Addams	15487	Democracy and Social Ethics	Democracy-and-Social-Ethics_15487	fetched		307987	1f2eefb20be2001aa2172540e6d851bfd15627555ca33a0b4d9348b1671e4a5f	15487-8.txt
Jane Addams	16221	The Spirit of Youth and the City Streets	The-Spirit-of-Youth-and-the-City-Streets_16221	fetched		179696	82c19d04043f35bb6bc9ea38133367375cfa99e98b67ed089c640fef86c66326	16221-8.txt
Jean Ingelow	12303	Fated to Be Free: A Novel	Fated-to-Be-Free-A-Novel_12303	unavailable				
Jean Ingelow	13223	Poems by Jean Ingelow, In Two Volumes, Volume I.	Poems-by-Jean-Ingelow-In-Two-Volumes-Volume-I_13223	unavailable				
Jean Ingelow	13224	Poems by Jean Ingelow, In Two Volumes, Volume II.	Poems-by-Jean-Ingelow-In-Two-Volumes-Volume-II_13224	unavailable				
Jean Ingelow	21014	Wonder-Box Tales	Wonder-Box-Tales_21014	fetched		143010	54173e99d9a0127c200286fa33158ae1017a3c41a7c3d29aff8a7c2dd45fa03f	21014.txt
Jean Ingelow	32867	Mopsa the Fairy	Mopsa-the-Fairy_32867	fetched		243868	e91d365d47380760b8aa2fd521cce3bdaedf7bd76cefbbc960275d4ac0aebb6e	32867-8.txt
Jean Ingelow	67087	Mopsa the Fairy	Mopsa-the-Fairy_67087	fetched		259417	149b47979b1417ec85706b6f4dbb249d90d5c1d5d30790bcb658d31088dba758	67087-0.txt
Jean de La Fontaine	2587	Life Is a Dream	Life-Is-a-Dream_2587	fetched		135570	a07d9c4a6da944dca21c8ef920fa0bc93cbf2961b37cc0e64cb283efa92133b4	2587.txt
Jean de La Fontaine	2824	Sintram and His Companions	Sintram-and-His-Companions_2824	fetched		250099	4ee0083da7028283cf7e9d7b875d9cf862a6d3077aa6036b6cda063323b1a898	2824-0.txt
Jean de La Fontaine	2825	Undine	Undine_2825	fetched		212147	9240d86af36c5f541bc0120e1bb53f514c8b6934e1ba8ada41defe3064ae480d	2825-0.txt
Jean de La Fontaine	2826	The Two Captains	The-Two-Captains_2826	fetched		115557	a8303f92c8cd8527dd982e9d7f3c7ab8c4487a466d57f9add71945337b52ded4	2826-0.txt
Jean de La Fontaine	2827	Aslauga's Knight	Aslauga-s-Knight_2827	fetched		95548	1ecd132cf656ccbb3063e49e58cfb12c65f9e4435800e67e310074201c881ce5	2827-0.txt
Jean de La Fontaine	3075	The Return	The-Return_3075	fetched		489840	35456d076605373919490e1a8a1d21bd3c5b4647455549ca643befda6525792c	3075-0.txt
Jean de La Fontaine	3309	Manners and Monuments of Prehistoric Peoples	Manners-and-Monuments-of-Prehistoric-Peoples_3309	fetched		601605	58fd90af86b07a243c3268b64577cab07a0acae090ff8ceadf17a3174afb7b46	3309.txt
Jean de La Fontaine	3714	Undine	Undine_3714	fetched		188011	b3da42dcc457d44842c940271b99d723a40027caff08938fdc47a86c5f9c4290	3714.txt
Jean de La Fontaine	3753	Peacock Pie, a Book of Rhymes	Peacock-Pie-a-Book-of-Rhymes_3753	fetched		77911	4005f9c981ebef3f25a5753a92726ef265e82e61c02b529cb7530728db1d043e	3753.txt
Jean de La Fontaine	3842	Memoirs of Jean François Paul de Gondi, Cardinal de Retz — Volume 1	Memoirs-of-Jean-Francois-Paul-de-Gondi-Cardinal-de-Retz-Volume-1_3842	unavailable				
Jean de La Fontaine	3843	Memoirs of Jean François Paul de Gondi, Cardinal de Retz — Volume 2	Memoirs-of-Jean-Francois-Paul-de-Gondi-Cardinal-de-Retz-Volume-2_3843	unavailable				
Jean de La Fontaine	3844	Memoirs of Jean François Paul de Gondi, Cardinal de Retz — Volume 3	Memoirs-of-Jean-Francois-Paul-de-Gondi-Cardinal-de-Retz-Volume-3_3844	unavailable				
Jean de La Fontaine	3845	Memoirs of Jean François Paul de Gondi, Cardinal de Retz — Volume 4	Memoirs-of-Jean-Francois-Paul-de-Gondi-Cardinal-de-Retz-Volume-4_3845	unavailable				
Jean de La Fontaine	3846	Memoirs of Jean François Paul de Gondi, Cardinal de Retz — Complete	Memoirs-of-Jean-Francois-Paul-de-Gondi-Cardinal-de-Retz-Complete_3846	unavailable				
Jean de La Fontaine	5275	Tales and Novels of J. de La Fontaine — Volume 01	Tales-and-Novels-of-J-de-La-Fontaine-Volume-01_5275	fetched		51652	8c2eb6c71f854f65a2a1de45527355045a1e8f6faa33904399cd4d27322b3bce	5275.txt
Jean de La Fontaine	5276	Tales and Novels of J. de La Fontaine — Volume 02	Tales-and-Novels-of-J-de-La-Fontaine-Volume-02_5276	fetched		35405	5561af406c4ae0994b84139790a26dfc56415f019106232940b26ba9aef4b703	5276.txt
Jean de La Fontaine	5277	Tales and Novels of J. de La Fontaine — Volume 03	Tales-and-Novels-of-J-de-La-Fontaine-Volume-03_5277	fetched		48639	24744a94e8fefeb77d5c982ef064e5df2c674853894a9094595e0cba5da2631d	5277.txt
Jean de La Fontaine	5278	Tales and Novels of J. de La Fontaine — Volume 04	Tales-and-Novels-of-J-de-La-Fontaine-Volume-04_5278	fetched		41072	e16f238a85e3ed8df9c81c46d185e7e25f4d7e8221156e4a4b66eb3788b47fc3	5278.txt
Jean de La Fontaine	5279	Tales and Novels of J. de La Fontaine — Volume 05	Tales-and-Novels-of-J-de-La-Fontaine-Volume-05_5279	fetched		57942	bacad304f99416a6aa8799511524184a8a076078677ff97d4442d237b62c296e	5279.txt
Jean de La Fontaine	5280	Tales and Novels of J. de La Fontaine — Volume 06	Tales-and-Novels-of-J-de-La-Fontaine-Volume-06_5280	fetched		40682	e3dcfa1d4db0b32d21037181aa362d47baec14220ee38a4e4e948a869d40ab82	5280.txt
Jean de La Fontaine	5281	Tales and Novels of J. de La Fontaine — Volume 07	Tales-and-Novels-of-J-de-La-Fontaine-Volume-07_5281	fetched		59591	d238145507664e39fb321e67d3aac44a0771e4b0040d3e0d84369ce3e5d728b1	5281.txt
Jean de La Fontaine	5282	The Tales and Novels, v9: Belphegor and Others	The-Tales-and-Novels-v9-Belphegor-and-Others_5282	unavailable				
Jean de La Fontaine	5283	Tales and Novels of J. de La Fontaine — Volume 09	Tales-and-Novels-of-J-de-La-Fontaine-Volume-09_5283	fetched		37079	780bdf816aacd0be3ad313139b84b01ff14bd07f94ebbf90007e5398cc1fac3f	5283.txt
Jean de La Fontaine	5284	Tales and Novels of J. de La Fontaine — Volume 10	Tales-and-Novels-of-J-de-La-Fontaine-Volume-10_5284	fetched		22012	0ec5efaeecf562467e87b8952d233e2b1b12597629aeeac61dba749dda3d413e	5284.txt
Jean de La Fontaine	5285	Tales and Novels of J. de La Fontaine — Volume 11	Tales-and-Novels-of-J-de-La-Fontaine-Volume-11_5285	fetched		43701	23452c4945111850b677fe72607d0b0bf670cf9cb7dcaee7a6ad387a33777c90	5285.txt
Jean de La Fontaine	5286	Tales and Novels of J. de La Fontaine — Volume 12	Tales-and-Novels-of-J-de-La-Fontaine-Volume-12_5286	fetched		37585	c409f1e9eff18aa6b7742e36c3bceb8cb7a3f9104772ef0226eabf264e9b3b07	5286.txt
Jean de La Fontaine	5287	Tales and Novels of J. de La Fontaine — Volume 13	Tales-and-Novels-of-J-de-La-Fontaine-Volume-13_5287	fetched		35830	73323ba1be10955e4631a78010f31963ab6c343a8bdec19569bfe6790ef9af0b	5287.txt
Jean de La Fontaine	5288	Tales and Novels of J. de La Fontaine — Volume 14	Tales-and-Novels-of-J-de-La-Fontaine-Volume-14_5288	fetched		40704	e080ab228338380c73444e1c7a42a2bcedaaf47d140e2787f3bd17c6d8315e7c	5288.txt
Jean de La Fontaine	5289	Tales and Novels of J. de La Fontaine — Volume 15	Tales-and-Novels-of-J-de-La-Fontaine-Volume-15_5289	fetched		45934	97e8c5fc8379bd378b980e0195e7664d48a85a2ff57964f1da7b3442c8edbadb	5289.txt
Jean de La Fontaine	5290	Tales and Novels of J. de La Fontaine — Volume 16	Tales-and-Novels-of-J-de-La-Fontaine-Volume-16_5290	fetched		45102	897125b3bf1892c5b590ad9461a571659502b957c056a1aabcf8c0f1b0dd6977	5290.txt
Jean de La Fontaine	5291	Tales and Novels of J. de La Fontaine — Volume 17	Tales-and-Novels-of-J-de-La-Fontaine-Volume-17_5291	fetched		38703	59e94dff8073154d7b18384bfe6f88b00f7e0e380c2c4131cbeda94170e8d23b	5291.txt
Jean de La Fontaine	5292	Tales and Novels of J. de La Fontaine — Volume 18	Tales-and-Novels-of-J-de-La-Fontaine-Volume-18_5292	fetched		45480	5e17c808a748db3810169fdebf499cb5447c74aba8f153311818acd54ace8562	5292.txt
Jean de La Fontaine	5293	Tales and Novels of J. de La Fontaine — Volume 19	Tales-and-Novels-of-J-de-La-Fontaine-Volume-19_5293	fetched		42364	4af2d7f3c0d77eb187ab58047513cb66369a37fe33933ee7731819111ba5cd48	5293.txt
Jean de La Fontaine	5294	Tales and Novels of J. de La Fontaine — Volume 20	Tales-and-Novels-of-J-de-La-Fontaine-Volume-20_5294	fetched		37566	a389790d6752aa867f9c8ced68b063d270bf24a0bf72abe2041673abadb9c51a	5294.txt
Jean de La Fontaine	5295	Tales and Novels of J. de La Fontaine — Volume 21	Tales-and-Novels-of-J-de-La-Fontaine-Volume-21_5295	fetched		36702	88bafb740613f85dfc7bf2fbb4cac9ac18c3cbb4cd948050ed281d836ff3508f	5295.txt
Jean de La Fontaine	5296	Tales and Novels of J. de La Fontaine — Volume 22	Tales-and-Novels-of-J-de-La-Fontaine-Volume-22_5296	fetched		41909	bf3d8eac7f3711b679aa261629876d9c2d5d9d25b1de279168a6e8a17044e764	5296.txt
Jean de La Fontaine	5297	Tales and Novels of J. de La Fontaine — Volume 23	Tales-and-Novels-of-J-de-La-Fontaine-Volume-23_5297	fetched		41653	999b9b7da977af99bf015d7e0b76cceaeecddeb44ba59da525a8f33ad256b49e	5297.txt
Jean de La Fontaine	5298	Tales and Novels of J. de La Fontaine — Volume 24	Tales-and-Novels-of-J-de-La-Fontaine-Volume-24_5298	fetched		39821	7b0f2473839a98b5c6d9de019932c3ba7b0e954077d611287940e22b6447d516	5298.txt
Jean de La Fontaine	5299	Tales and Novels of J. de La Fontaine — Volume 25	Tales-and-Novels-of-J-de-La-Fontaine-Volume-25_5299	fetched		37431	9239d83aeaf45698a5b7b614018a654410145e25931600aa27cff71b19597379	5299.txt
Jean de La Fontaine	5300	Tales and Novels of J. de La Fontaine — Complete	Tales-and-Novels-of-J-de-La-Fontaine-Complete_5300	unavailable				
Jean de La Fontaine	6363	Life Is a Dream	Life-Is-a-Dream_6363	fetched		159750	004a06dd73463a738f78741700ebff9f560bf1d9b268997693b25766403694fe	6363.txt
Jean de La Fontaine	6371	The Purgatory of St. Patrick	The-Purgatory-of-St-Patrick_6371	fetched		225442	c8e43901d37fd9bc8b9dddf123c656285ad9d93618fe5ec59bdcc3ab41ab952f	6371.txt
Jean de La Fontaine	6372	The Wonder-Working Magician	The-Wonder-Working-Magician_6372	fetched		182506	e692f8ed0ec921e454983e335a01428c00ccdc8bab5a8eb64bfe609b1d1e065d	6372.txt
Jean de La Fontaine	7241	Fables of La Fontaine — a New Edition, with Notes	Fables-of-La-Fontaine-a-New-Edition-with-Notes_7241	fetched		644332	1a311c221c2b853b0c8b576784c7e0bf0a178b3cf38c5b7761d6ea32362ea149	7241-8.txt
Jean de La Fontaine	7543	Quotes and Images From The Tales and Novels of Jean de La Fontaine	Quotes-and-Images-From-The-Tales-and-Novels-of-Jean-de-La-Fontaine_7543	excluded	excerpt digest - names no original work, so it is a source of nothing			
Jean de La Fontaine	7564	Quotes and Images From Memoirs of Cardinal De Retz	Quotes-and-Images-From-Memoirs-of-Cardinal-De-Retz_7564	excluded	excerpt digest - names no original work, so it is a source of nothing			
Jean de La Fontaine	10452	Peter's Mother	Peter-s-Mother_10452	fetched		471110	506bb587e911e2873d1dfc4d2d6cecae67d2f3eafedfe868ef9252c611eb16e7	10452-8.txt
Jean de La Fontaine	11044	The Existence of God	The-Existence-of-God_11044	fetched		251447	050f3b89a4d762c8eec9639ac2cdeee8a835391f94a4503403d107fc1f9a0894	11044.txt
Jean de La Fontaine	12031	Collected Poems 1901-1918 in Two Volumes. Volume I.	Collected-Poems-1901-1918-in-Two-Volumes-Volume-I_12031	unavailable				
Jean de La Fontaine	12032	Collected Poems 1901-1918 in Two Volumes. Volume II.	Collected-Poems-1901-1918-in-Two-Volumes-Volume-II_12032	unavailable				
Jean de La Fontaine	12173	The Two Lovers of Heaven: Chrysanthus and Daria	The-Two-Lovers-of-Heaven-Chrysanthus-and-Daria_12173	unavailable				
Jean de La Fontaine	15432	Henry Brocken	Henry-Brocken_15432	unavailable				
Jean de La Fontaine	15606	The Life of the Truly Eminent and Learned Hugo Grotius	The-Life-of-the-Truly-Eminent-and-Learned-Hugo-Grotius_15606	unavailable				
Jean de La Fontaine	15946	The Original Fables of La Fontaine	The-Original-Fables-of-La-Fontaine_15946	unavailable				
Jean de La Fontaine	18752	Undine	Undine_18752	fetched		141274	2f0167a994147dfbe319758365f6c7ea2714324cf621a3ad443a97f44f8015fd	18752.txt
Jean de La Fontaine	21790	The Dance of Death	The-Dance-of-Death_21790	fetched		57789	3e9fb366e05db2bd9e52b45a641b112f1369cfb5098a716ecbe55a0dc04036e6	21790.txt
Jean de La Fontaine	22569	The Listeners and Other Poems	The-Listeners-and-Other-Poems_22569	fetched		66157	04abb13db9cbe58ed8a13c7a6ed8e1619f5d4e06a24de913c079f3d370e43645	22569.txt
Jean de La Fontaine	23545	Songs of Childhood	Songs-of-Childhood_23545	fetched		93737	c38a6f6c08c0530aa3bea82b07e73cf4136337df3e7750b2a60b4f5d60f0f955	23545-8.txt
Jean de La Fontaine	24108	Fables in Rhyme for Little Folks	Fables-in-Rhyme-for-Little-Folks_24108	unavailable				
Jean de La Fontaine	25283	Explorers of the Dawn	Explorers-of-the-Dawn_25283	fetched		357917	383787ddc726b2615af002cd4faa81810e7df56777e6ab9cf8f8297cad1cac3c	25283-8.txt
Jean de La Fontaine	25357	A Hundred Fables of La Fontaine	A-Hundred-Fables-of-La-Fontaine_25357	fetched		172624	fbf0e76a656a6b6eed3a8aefa4e3a683712e30683335c39ece64935b811435cb	25357-8.txt
Jean de La Fontaine	26588	Ophelia	Ophelia_26588	unavailable				
Jean de La Fontaine	27472	The Story of a Cat	The-Story-of-a-Cat_27472	fetched		102694	dd4c5b2daf19793a04ca7229fde345044d85f31f4d145fb18718e94e9a52c724	27472.txt
Jean de La Fontaine	28457	Golden Stars in Tatting and Crochet	Golden-Stars-in-Tatting-and-Crochet_28457	fetched		53057	e0eed8a2692d3b4f5f424fd2ec39bee9eea59c2f1d1331e2fbd0f6fb43f1b7f9	28457-8.txt
Jean de La Fontaine	28732	Fables de La Fontaine, livre second	Fables-de-La-Fontaine-livre-second_28732	unavailable				
Jean de La Fontaine	30347	Adventures in the Philippine Islands	Adventures-in-the-Philippine-Islands_30347	fetched		498948	ea48219caa33611e0f79dd100bd2d4f8666efbd7c00171f569886dd168a6a459	30347-8.txt
Jean de La Fontaine	30391	Betelguese	Betelguese_30391	unavailable				
Jean de La Fontaine	31550	The First Essay on the Political Rights of Women	The-First-Essay-on-the-Political-Rights-of-Women_31550	fetched		44885	e5b011f659c5a7d45d3cf7eb12b299065766d71d32f3dbb2d04ffe5ca4277699	31550-0.txt
Jean de La Fontaine	32091	Down-Adown-Derry: A Book of Fairy Poems	Down-Adown-Derry-A-Book-of-Fairy-Poems_32091	unavailable				
Jean de La Fontaine	32406	The City Curious	The-City-Curious_32406	fetched		181808	2761ab38d7882b3986421a41a9788d18b5b729c47a9462875efc08a78c05261b	32406.txt
Jean de La Fontaine	32620	The Three Mulla-mulgars	The-Three-Mulla-mulgars_32620	fetched		420338	f926a62d9e46a91dab1a00ec614b52703ab88cd18a199ab67d72c77bde24570a	32620-8.txt
Jean de La Fontaine	35437	Six Prize Hawaiian Stories of the Kilohana Art League	Six-Prize-Hawaiian-Stories-of-the-Kilohana-Art-League_35437	fetched		137598	ecd5392084041ffa403030ee82a6ecd8c6002d0f4c9842b617593fe479660c5b	35437.txt
Jean de La Fontaine	35693	History of American Abolitionism	History-of-American-Abolitionism_35693	fetched		250333	89fc28fb789f1203fafc8c4d2544c314c686b1daab85b2983588549cc34fdc21	35693.txt
Jean de La Fontaine	36669	Knitting, Crochet, and Netting, with Twelve Illustrations	Knitting-Crochet-and-Netting-with-Twelve-Illustrations_36669	fetched		97275	39a241a9edbdf4baea7f6f38a88b93908166dd256a1770f95eed8198c3e01d95	36669-8.txt
Jean de La Fontaine	40718	Atlantic Narratives: Modern Short Stories; Second Series	Atlantic-Narratives-Modern-Short-Stories-Second-Series_40718	unavailable				
Jean de La Fontaine	46633	The "Characters" of Jean de La Bruyère	The-Characters-of-Jean-de-La-Bruyere_46633	fetched		958725	f51c35d1a109a9559e0bb0b1138f8b892017b366ae4ee3771ca63e8ae748d2a7	46633-0.txt
Jean de La Fontaine	46960	Beasts & Men	Beasts-Men_46960	unavailable				
Jean de La Fontaine	47621	Fenelon's Treatise on the Education of Daughters	Fenelon-s-Treatise-on-the-Education-of-Daughters_47621	unavailable				
Jean de La Fontaine	49410	The Works of Garcilasso de la Vega, Surnamed the Prince of Castilian Poets, Translated into English Verse	The-Works-of-Garcilasso-de-la-Vega-Surnamed-the-Prince-of-Castilian-Poets-Translated-into-English-Verse_49410	unavailable				
Jean de La Fontaine	50240	The Sunken Garden, and Other Poems	The-Sunken-Garden-and-Other-Poems_50240	fetched		44402	8f3c56746cf9a6c9dc61b08118ea3c348f76693b7640174571d351021199a5c8	50240-0.txt
Jean de La Fontaine	50316	The Fables of La Fontaine	The-Fables-of-La-Fontaine_50316	unavailable				
Jean de La Fontaine	52090	Man a Machine	Man-a-Machine_52090	fetched		360034	b0c0cb3b105db63a598706a74751812f153c4e028b0f62fd3eef8dd5d9498899	52090-8.txt
Jean de La Fontaine	52366	The Veil, and Other Poems	The-Veil-and-Other-Poems_52366	fetched		90747	affb57ec62fef0c8ea6ef35a4eecf36691a5ff727fac5b29b6498776d8243f26	52366-0.txt
Jean de La Fontaine	53636	The Martyrdom of Belgium	The-Martyrdom-of-Belgium_53636	unavailable				
Jean de La Fontaine	53671	Modern Poets and Poetry of Spain	Modern-Poets-and-Poetry-of-Spain_53671	fetched		603750	088d60e748d369c83f972006adf6a7f7e76ba770d230c5b28233ea670f4e43b4	53671-0.txt
Jean de La Fontaine	54061	Anecdotal Recollections of the Congress of Vienna	Anecdotal-Recollections-of-the-Congress-of-Vienna_54061	fetched		895189	fc2d962fd7fc81d35626432d89758ad60b83ca0a596f5437a824a5aef3dfb3ab	54061-0.txt
Jean de La Fontaine	57767	The Andalusian Knitting and Netting Book	The-Andalusian-Knitting-and-Netting-Book_57767	fetched		75520	505689540cb00ba9a68ac379729a3afd7e0241ccc5d5d566e9b3897a887115f8	57767-0.txt
Jean de La Fontaine	58335	The Knitting Book	The-Knitting-Book_58335	fetched		99345	a86ef32a9e25052f23cd292fcd05d698990e7bf885098d92f258565bc611585b	58335-0.txt
Jean de La Fontaine	59048	Index of the Project Gutenberg Works of Antoine de La Salle	Index-of-the-Project-Gutenberg-Works-of-Antoine-de-La-Salle_59048	fetched		59544	5965d5f3d039432731d09a98aaeb8fa776361e4e494c370bdb3e669f98d08b97	59048-0.txt
Jean de La Fontaine	59238	An Easy Introduction to Spanish Conversation	An-Easy-Introduction-to-Spanish-Conversation_59238	unavailable				
Jean de La Fontaine	60058	Giphantia	Giphantia_60058	unavailable				
Jean de La Fontaine	61222	The Crochet Book, Fourth Series	The-Crochet-Book-Fourth-Series_61222	fetched		56504	7ea485719abf31d6b4cf2dc2dc4ca5f589a490bdf77eaef6fe0b134fa2291470	61222-0.txt
Jean de La Fontaine	63776	Eight Dramas of Calderon	Eight-Dramas-of-Calderon_63776	fetched		772427	dbebdffe6870b7235c054861d94f0fe7d7330dedca5af32e5c9ca47bea4ef465	63776-0.txt
Jean de La Fontaine	64565	A happy New Year, and other verses	A-happy-New-Year-and-other-verses_64565	fetched		60497	56f3698937caa81e68e36642c56e20558438fdfdb8490dfadba3d5e34f2c3d18	64565-0.txt
Jean de La Fontaine	66234	The Abergeldie Winter Book	The-Abergeldie-Winter-Book_66234	fetched		69224	4d2283dcfe80f67c1a2f4e1e276b9833fea644ac6ba4261fc2c4603e13f966e3	66234-0.txt
Jean de La Fontaine	68362	Memorials of Human Superstition	Memorials-of-Human-Superstition_68362	unavailable				
Jean de La Fontaine	68458	Motley and other poems	Motley-and-other-poems_68458	fetched		58060	ba9b4d11465d753b16898406071256732b6fd09343018bb1a94a8fc291c2c5a5	68458-0.txt
Jeremy Bentham	42984	Not Paul, But Jesus	Not-Paul-But-Jesus_42984	fetched		857660	16caefad8dabc025b0339f11f44ba8680cd403978df2bccb720091e250ef5d1e	42984.txt
Joanna Baillie	14617	Poems, &c. (1790)	Poems-c-1790_14617	unavailable				
Johann Georg Hamann	55898	Solitude	Solitude_55898	unavailable				
Johann Sebastian Bach	4949	Brandenburg Concerto No. 2 in F Major, BWV 1047	Brandenburg-Concerto-No-2-in-F-Major-BWV-1047_4949	unavailable				
Johann Sebastian Bach	5190	Brandenburg Concerto No. 5 in D Major, BWV 1050	Brandenburg-Concerto-No-5-in-D-Major-BWV-1050_5190	unavailable				
Johann Wolfgang von Goethe	1287	The Poems of Goethe, Translated in the Original Metres	The-Poems-of-Goethe-Translated-in-the-Original-Metres_1287	fetched		597443	7aa0fb4ae574aa21d99dbc188134171822eda88f5a6f4d8d82f1313b34ce0351	1287.txt
Johann Wolfgang von Goethe	1945	Egmont	Egmont_1945	fetched		188788	3ce493697cf946f7b40ad3c2aada716a88fc95e69b8c3b4f2b1bc4c75f3ed43f	1945.txt
Johann Wolfgang von Goethe	1958	Hermann and Dorothea	Hermann-and-Dorothea_1958	fetched		158016	8ac436b7ec5a386fb0b7cfc2556810bf90e66f0ac9ae00ae2f782145831dcaa5	1958.txt
Johann Wolfgang von Goethe	2527	The Sorrows of Young Werther	The-Sorrows-of-Young-Werther_2527	fetched		259380	5e9eabd2d321a98d8f9f81fb114a68a1b11e7743879ee92b440e31dc9d6d85f4	2527.txt
Johann Wolfgang von Goethe	3023	Faust — Part 1	Faust-Part-1_3023	fetched		226324	c2d31eb6ffc93f389feebe4434a5dfcbc8b03e33f15e54f56c58173a457336a1	3023.txt
Johann Wolfgang von Goethe	5733	Autobiography: Truth and Fiction Relating to My Life	Autobiography-Truth-and-Fiction-Relating-to-My-Life_5733	fetched		905685	334f214eb964a7eab6113500a666927208e2669b29d74f10a7cc0e578c99739a	5733-8.txt
Johann Wolfgang von Goethe	7889	Erotica Romana	Erotica-Romana_7889	fetched		61926	9536c0b14f2cc751ec19ad7ae68df46215887911c703ed777235fb18cf038ee8	7889-8.txt
Johann Wolfgang von Goethe	14460	Faust: a Tragedy [part 1], Translated from the German of Goethe	Faust-a-Tragedy-part-1-Translated-from-the-German-of-Goethe_14460	unavailable				
Johann Wolfgang von Goethe	14591	Faust [part 1]. Translated Into English in the Original Metres	Faust-part-1-Translated-Into-English-in-the-Original-Metres_14591	unavailable				
Johann Wolfgang von Goethe	15850	Iphigenia in Tauris	Iphigenia-in-Tauris_15850	fetched		139645	9b0968660ee7275a5abe78e4d89ccdf9d11d6236ba843231226b50d46b61d8cf	15850-0.txt
Johann Wolfgang von Goethe	26745	Travels in Peru, on the Coast, in the Sierra, Across the Cordilleras and the Andes, into the Primeval Forests	Travels-in-Peru-on-the-Coast-in-the-Sierra-Across-the-Cordilleras-and-the-Andes-into-the-Primeval-Forests_26745	unavailable				
Johann Wolfgang von Goethe	30865	My Three Years in America	My-Three-Years-in-America_30865	fetched		778074	ed37334ace425b599a5127f5fb3ac2563a30e90fbbc74ba0ffdeef9da55356f0	30865.txt
Johann Wolfgang von Goethe	33670	Maxims and Reflections	Maxims-and-Reflections_33670	fetched		208058	3a805121337388eb3ae62ad6672408bee1371106c2b00eef92be02fcc29bd3db	33670.txt
Johann Wolfgang von Goethe	34506	German Fiction	German-Fiction_34506	unavailable				
Johann Wolfgang von Goethe	36483	Wilhelm Meister's Apprenticeship and Travels, Vol. I (of 2)	Wilhelm-Meister-s-Apprenticeship-and-Travels-Vol-I-of-2_36483	unavailable				
Johann Wolfgang von Goethe	38116	Letters From Rome on the Council	Letters-From-Rome-on-the-Council_38116	fetched		1092559	4fd5b1b193cf4b576a5b1daf4965b6aa15209a09752d24f374d62f655813c6cb	38116-0.txt
Johann Wolfgang von Goethe	50572	Goethe's Theory of Colours	Goethe-s-Theory-of-Colours_50572	fetched		607561	ee1ff8eb8315ee8081ca7b94bcf047d7a57e8c51d8a4e3bfb80676f3ec0ae4fb	50572-0.txt
Johann Wolfgang von Goethe	52654	The Autobiography of Goethe	The-Autobiography-of-Goethe_52654	unavailable				
Johann Wolfgang von Goethe	53205	Letters from Switzerland and Travels in Italy	Letters-from-Switzerland-and-Travels-in-Italy_53205	fetched		896210	63713241681485f331f93a1321838e966ed7a9f6c602bfa3fd4c0251dbd0cccc	53205-0.txt
Johann Wolfgang von Goethe	63203	Faust: A Tragedy	Faust-A-Tragedy_63203	fetched		375267	c309fdf3fdc01c29f063451d4061c203b77bd223cb4ea51d55934de49f1568b9	63203-0.txt
John Abbott	3775	Napoleon Bonaparte	Napoleon-Bonaparte_3775	fetched		321605	373c83bc67c1a31d736ded74079dc8a00b8fb87d5b8d6c9f58e2f5c9530d2d68	3775.txt
John Abbott	4355	David Crockett: His Life and Adventures	David-Crockett-His-Life-and-Adventures_4355	unavailable				
John Abbott	13811	Peter Stuyvesant, the Last Dutch Governor of New Amsterdam	Peter-Stuyvesant-the-Last-Dutch-Governor-of-New-Amsterdam_13811	fetched		478180	084fe930eeba4b5e769aa541efae74f1e362691f02bc4ea51c0e92f0168bd1c6	13811.txt
John Abbott	14243	Christopher Carson, Familiarly Known as Kit Carson	Christopher-Carson-Familiarly-Known-as-Kit-Carson_14243	fetched		462970	0b94bf28b824db27c40652ab96c7ca2d3e84e65362216b080ad193447538ef80	14243.txt
John Abbott	15269	The Empire of Russia: From the Remotest Periods to the Present Time	The-Empire-of-Russia-From-the-Remotest-Periods-to-the-Present-Time_15269	unavailable				
John Abbott	16070	The Empire of Austria; Its Rise and Present Power	The-Empire-of-Austria-Its-Rise-and-Present-Power_16070	unavailable				
John Abbott	18533	The Child at Home: The Principles of Filial Duty, Familiarly Illustrated	The-Child-at-Home-The-Principles-of-Filial-Duty-Familiarly-Illustrated_18533	unavailable				
John Abbott	23798	Daniel Boone: The Pioneer of Kentucky	Daniel-Boone-The-Pioneer-of-Kentucky_23798	unavailable				
John Abbott	24400	The Adventures of the Chevalier De La Salle and His Companions, in Their Explorations of the Prairies, Forests, Lakes, and Rivers, of the New World, and Their Interviews with the Savage Tribes, Two Hundred Years Ago	The-Adventures-of-the-Chevalier-De-La-Salle-and-His-Companions-in-Their-Explorations-of-the-Prairies-Forests-Lakes-and-Rivers-of-the-New-World-and-Their-Interviews-with-the-Savage-Tribes-Two-Hundred-Years-Ago_24400	unavailable				
John Abbott	24659	Hortense	Hortense_24659	unavailable				
John Abbott	27056	Louis XIV.	Louis-XIV_27056	unavailable				
John Abbott	28199	Louis Philippe	Louis-Philippe_28199	unavailable				
John Abbott	28445	Madame Roland, Makers of History	Madame-Roland-Makers-of-History_28445	fetched		371213	7ffc8c3584e2241b63e414ee11cc29bf23d2f0bf317466a04aef8cf11133d1de	28445-8.txt
John Abbott	29172	Ferdinand De Soto, The Discoverer of the Mississippi	Ferdinand-De-Soto-The-Discoverer-of-the-Mississippi_29172	unavailable				
John Abbott	29494	King Philip	King-Philip_29494	unavailable				
John Abbott	29603	Henry IV, Makers of History	Henry-IV-Makers-of-History_29603	fetched		400588	dc974f7d117eb286eb1060c6a220b96853dc845ae116835772c1c318223a7083	29603-8.txt
John Abbott	30406	Benjamin Franklin	Benjamin-Franklin_30406	unavailable				
John Abbott	30875	Maria Antoinette	Maria-Antoinette_30875	unavailable				
John Abbott	32047	Josephine	Josephine_32047	unavailable				
John Abbott	32490	Hernando Cortez	Hernando-Cortez_32490	unavailable				
John Abbott	35768	Joseph Bonaparte	Joseph-Bonaparte_35768	unavailable				
John Abbott	50550	Captain William Kidd and Others of the Buccaneers	Captain-William-Kidd-and-Others-of-the-Buccaneers_50550	fetched		497189	af12dedd35de2cc67008b272fa083568837508596a47f97c10180a0b8dc22577	50550-0.txt
John Abbott	55867	The Life and Adventures of Rear-Admiral John Paul Jones, Commonly Called Paul Jones	The-Life-and-Adventures-of-Rear-Admiral-John-Paul-Jones-Commonly-Called-Paul-Jones_55867	fetched		490467	4f2ef0d0aa0ad76a3c7e3ece00efa01ee7eea0ee79028205e005333c79c9084d	55867-0.txt
John Abbott	56928	History of Frederick the Second, Called Frederick the Great.	History-of-Frederick-the-Second-Called-Frederick-the-Great_56928	fetched		1298687	3ee7bf1452568841573a99480e84b599db4bb400af3e1c99b130a936bda588d5	56928-0.txt
John Abbott	57067	Miles Standish, the Puritan Captain	Miles-Standish-the-Puritan-Captain_57067	fetched		520476	e7b77aad61d20a48c085542deaae848731882ebbb291216f8528bc58d21e8851	57067-0.txt
John Acton	18685	Lectures on Modern history	Lectures-on-Modern-history_18685	fetched		774847	1f4db8915fd24394d66ec5e0ee6bea46d10d4f8ecdaafc3a6f82f50483fc248c	18685.txt
John Acton	25720	A Lecture on the Study of History	A-Lecture-on-the-Study-of-History_25720	fetched		194313	b901137ed8e7cbaddfaa4e1353adc460630ffff206d0f0bda59b77a31e5cee5c	25720-0.txt
John Acton	27488	Lectures on the French Revolution	Lectures-on-the-French-Revolution_27488	fetched		809327	d0b75aa8f96ee269bde0a65681fe6e90c024d65f14b0bd1564b3a5449b412aa6	27488-8.txt
John Acton	31278	The History of Freedom, and Other Essays	The-History-of-Freedom-and-Other-Essays_31278	fetched		1570096	3ae869c1dba3611b23205be5c887b2fc604ec16f691df42ff9519ce1f7ec3978	31278.txt
John Acton	38214	Letters of Lord Acton to Mary, Daughter of the Right Hon. W. E. Gladstone	Letters-of-Lord-Acton-to-Mary-Daughter-of-the-Right-Hon-W-E-Gladstone_38214	unavailable				
John Adams	4669	Town and Country; Or, Life at Home and Abroad, Without and Within Us	Town-and-Country-Or-Life-at-Home-and-Abroad-Without-and-Within-Us_4669	fetched		581827	855e50377af19d6bae6f6a4f75b79885fb91dc1792730dec521df3b59a62c87f	4669.txt
John Adams	15328	The Lost Hunter	The-Lost-Hunter_15328	unavailable				
John Adams	16114	The Knight of the Golden Melice: A Historical Romance	The-Knight-of-the-Golden-Melice-A-Historical-Romance_16114	unavailable				
John Adams	20476	Hymns for Christian Devotion	Hymns-for-Christian-Devotion_20476	unavailable				
John Adams	45034	Fifty Notable Years	Fifty-Notable-Years_45034	unavailable				
John Adams	49014	Reminiscences of the Nineteenth Massachusetts Regiment	Reminiscences-of-the-Nineteenth-Massachusetts-Regiment_49014	fetched		335012	08170352d39c1b18655dc0f63d49c93ab73b87e1bb648af181632d76a79bfebb	49014-0.txt
John Adams	55690	William Hamilton Gibson: artist—naturalist—author	William-Hamilton-Gibson-artistnaturalistauthor_55690	fetched		418036	ff17b328f8bf5a0d6dd8f86797372a9244d099c03cda0a37d057b2834d011d30	55690-0.txt
John B. S. Haldane	4557	The Idea of Progress: An Inquiry into Its Origin and Growth	The-Idea-of-Progress-An-Inquiry-into-Its-Origin-and-Growth_4557	unavailable				
John B. S. Haldane	7026	Children's Edition of Touching Incidents and Remarkable Answers to Prayer	Children-s-Edition-of-Touching-Incidents-and-Remarkable-Answers-to-Prayer_7026	fetched		157326	ede73d45882402e8c84dee920e8ac3391f7c212029f8561ea83a6de935577d98	7026.txt
John B. S. Haldane	10684	A History of Freedom of Thought	A-History-of-Freedom-of-Thought_10684	fetched		349634	f7dcb0821df88efa5daa5eb849938e79bd7a7cd859bc5d4aebe0a01188f01215	10684.txt
John B. S. Haldane	10999	Tales of Bengal	Tales-of-Bengal_10999	fetched		285610	a068f1c1fb2d34876ca4fc0650cbede98d3d7946c893887596908e066726af8d	10999-8.txt
John B. S. Haldane	13077	Wild Western Scenes	Wild-Western-Scenes_13077	unavailable				
John B. S. Haldane	16242	The Purpose of the Papacy	The-Purpose-of-the-Papacy_16242	fetched		183324	03b84ce5cd0a483c65b6e5ea80488ee87d2ffd1b03f21319c71b2bb7b5777b48	16242-8.txt
John B. S. Haldane	17074	The Pianoforte Sonata	The-Pianoforte-Sonata_17074	unavailable				
John B. S. Haldane	17998	Before the War	Before-the-War_17998	fetched		293362	78be8a6e5893ab7cb2f25e36e3021988754543d839ef96f3c3e01522e4b683af	17998.txt
John B. S. Haldane	18747	Transactions of the American Society of Civil Engineers, Vol. LXX, Dec. 1910	Transactions-of-the-American-Society-of-Civil-Engineers-Vol-LXX-Dec-1910_18747	unavailable				
John B. S. Haldane	20293	A Popular History of the Art of Music	A-Popular-History-of-the-Art-of-Music_20293	unavailable				
John B. S. Haldane	22322	A Legend of Old Persia and Other Poems	A-Legend-of-Old-Persia-and-Other-Poems_22322	fetched		111039	82bd6115f1321202045d1d323d5aac82f5538ad0540f666fec8f91ab9c0a2017	22322-8.txt
John B. S. Haldane	22815	The Philippine Islands	The-Philippine-Islands_22815	unavailable				
John B. S. Haldane	24391	Short Sketches from Oldest America	Short-Sketches-from-Oldest-America_24391	fetched		128524	1cee700b195ec71f2c2df52d1fc0cd124662add3bade4132fcea5c8d15cf9afc	24391-8.txt
John B. S. Haldane	25213	The Masters and Their Music	The-Masters-and-Their-Music_25213	unavailable				
John B. S. Haldane	28256	Thoughts on a Revelation	Thoughts-on-a-Revelation_28256	fetched		109356	aee516963542e7181e0a7478befd5b97ec5841482078ef561280ef00396da6d1	28256-0.txt
John B. S. Haldane	28612	A New Illustrated Edition of J. S. Rarey's Art of Taming Horses	A-New-Illustrated-Edition-of-J-S-Rarey-s-Art-of-Taming-Horses_28612	unavailable				
John B. S. Haldane	29784	A Fortran Program for Elastic Scattering Analyses with the Nuclear Optical Model	A-Fortran-Program-for-Elastic-Scattering-Analyses-with-the-Nuclear-Optical-Model_29784	unavailable				
John B. S. Haldane	29926	Hittel on Gold Mines and Mining	Hittel-on-Gold-Mines-and-Mining_29926	fetched		147567	f9867118e08949f824df70981f6b1c87727a50cd68fec348e5931e5581693ea1	29926-8.txt
John B. S. Haldane	31067	In the School-Room: Chapters in the Philosophy of Education	In-the-School-Room-Chapters-in-the-Philosophy-of-Education_31067	unavailable				
John B. S. Haldane	31087	A Rebel War Clerk's Diary at the Confederate States Capital	A-Rebel-War-Clerk-s-Diary-at-the-Confederate-States-Capital_31087	fetched		1990410	f5ce0fe36731901da08bb3b5f1fcbbae23c11450580a9c4da3c29e8b09622e7c	31087.txt
John B. S. Haldane	32268	The Burning of Chambersburg, Pennsylvania	The-Burning-of-Chambersburg-Pennsylvania_32268	fetched		160171	7dd6072caf4b1fdcd3253fe2fd55788dfce11c16230f823672948e541251dfbc	32268.txt
John B. S. Haldane	33371	Raising P. V. Squabs for Profit	Raising-P-V-Squabs-for-Profit_33371	unavailable				
John B. S. Haldane	35565	The Mormons and the Theatre; or, The History of Theatricals in Utah	The-Mormons-and-the-Theatre-or-The-History-of-Theatricals-in-Utah_35565	unavailable				
John B. S. Haldane	36970	The Confessions of a Poacher	The-Confessions-of-a-Poacher_36970	fetched		167826	24d76049a2f88c6829fcbba1d109ae242911fd03b77624f0550e07930d92227b	36970-8.txt
John B. S. Haldane	37004	Three Accounts of Peterloo by Eyewitnesses	Three-Accounts-of-Peterloo-by-Eyewitnesses_37004	unavailable				
John B. S. Haldane	37684	Forest Life and Forest Trees: comprising winter camp-life among the loggers, and wild-wood adventure.	Forest-Life-and-Forest-Trees-comprising-winter-camp-life-among-the-loggers-and-wild-wood-adventure_37684	unavailable				
John B. S. Haldane	37765	Some Pioneers and Pilgrims on the Prairies of Dakota	Some-Pioneers-and-Pilgrims-on-the-Prairies-of-Dakota_37765	unavailable				
John B. S. Haldane	37810	Child Verse: Poems Grave & Gay	Child-Verse-Poems-Grave-Gay_37810	unavailable				
John B. S. Haldane	38457	Alden's Handy Atlas of the World	Alden-s-Handy-Atlas-of-the-World_38457	fetched		393873	3052d73f6f9675e232a9190daa91a13f36bc101000fca68794168bf6a5c4de6c	38457.txt
John B. S. Haldane	38485	Ancient Pagan and Modern Christian Symbolism	Ancient-Pagan-and-Modern-Christian-Symbolism_38485	unavailable				
John B. S. Haldane	39772	Mark Gildersleeve: A Novel	Mark-Gildersleeve-A-Novel_39772	unavailable				
John B. S. Haldane	41285	Why we should read--	Why-we-should-read_41285	fetched		593355	0ffb7f53ae35b40cc583f8a4faca5f2d48d30f0518f483b26b29e7e1f955a4b8	41285-0.txt
John B. S. Haldane	42091	A Floating Home	A-Floating-Home_42091	fetched		306433	bda9716091e4ec5286890b5c1328a4ac537644fbba827c016c2925d38ee886cd	42091-0.txt
John B. S. Haldane	42628	Poachers and Poaching	Poachers-and-Poaching_42628	fetched		461169	75f79adce98f71d58c56e13f230c87289770858f37586f4536258ee41eec7e70	42628.txt
John B. S. Haldane	43840	Poison Romance and Poison Mysteries	Poison-Romance-and-Poison-Mysteries_43840	fetched		281245	b0492bef1e8639a9d0e01d874012e934865cf6d7dc164d7d06a73e4550583b8d	43840.txt
John B. S. Haldane	45238	Wyeth's Oregon, or a Short History of a Long Journey, 1832; and Townsend's Narrative of a Journey across the Rocky Mountains, 1834	Wyeth-s-Oregon-or-a-Short-History-of-a-Long-Journey-1832-and-Townsend-s-Narrative-of-a-Journey-across-the-Rocky-Mountains-1834_45238	unavailable				
John B. S. Haldane	46329	The Swamp Doctor's Adventures in The South-West	The-Swamp-Doctor-s-Adventures-in-The-South-West_46329	unavailable				
John B. S. Haldane	46356	The Toxicity of Caffein: An experimental study on different species of animals	The-Toxicity-of-Caffein-An-experimental-study-on-different-species-of-animals_46356	unavailable				
John B. S. Haldane	46522	The Alden Catalogue of Choice Books, May 30, 1889	The-Alden-Catalogue-of-Choice-Books-May-30-1889_46522	fetched		207794	6bf082fa5c34ad7b4254b66e45b0ea904eba66f3359e350ae3aac36147a8b6bf	46522-0.txt
John B. S. Haldane	47004	The Mystery and Romance of Alchemy and Pharmacy	The-Mystery-and-Romance-of-Alchemy-and-Pharmacy_47004	fetched		444344	a4589055f80864d1767bae3dfa96a119b1762be7b7bdd159ee6bda771fce541a	47004-0.txt
John B. S. Haldane	47871	James Geikie, the Man and the Geologist	James-Geikie-the-Man-and-the-Geologist_47871	fetched		387245	75283f1f5d068f02253accf78eb7cd2d739e0e55932f1cac7ae75278a4e4763a	47871-0.txt
John B. S. Haldane	49306	The Holy Isle: A Legend of Bardsey Abbey	The-Holy-Isle-A-Legend-of-Bardsey-Abbey_49306	unavailable				
John B. S. Haldane	49755	Brief Diversions: Being Tales, Travesties and Epigrams	Brief-Diversions-Being-Tales-Travesties-and-Epigrams_49755	fetched		79106	144a03da3908cec0299e2b6aa09a7287fae836fe26986c7a1538cacba3f79bf4	49755-0.txt
John B. S. Haldane	49950	Papers from Lilliput	Papers-from-Lilliput_49950	fetched		291171	7181a2f655e2cd02814c3384064db87ad4a998fa55dff359f10fba989f6ec1ad	49950-0.txt
John B. S. Haldane	50472	The Lone Star Defenders: A Chronicle of the Third Texas Cavalry, Ross' Brigade	The-Lone-Star-Defenders-A-Chronicle-of-the-Third-Texas-Cavalry-Ross-Brigade_50472	fetched		448799	8e1ea3d7064387570a4801e9089260b38aaa943e85720f5679e492ee9e9f8b5c	50472-0.txt
John B. S. Haldane	51165	The Regimental Records of the British Army	The-Regimental-Records-of-the-British-Army_51165	unavailable				
John B. S. Haldane	52098	Tachyhippodamia; Or, The new secret of taming horses	Tachyhippodamia-Or-The-new-secret-of-taming-horses_52098	unavailable				
John B. S. Haldane	56468	Nunnery life in the Church of England; or, Seventeen years with Father Ignatius	Nunnery-life-in-the-Church-of-England-or-Seventeen-years-with-Father-Ignatius_56468	fetched		323419	3e62f4edd36b01a963dac94067606c12ed777b7934b646c9225871cb11ec1bb6	56468-0.txt
John B. S. Haldane	56776	Practical Hand Book of Gas, Oil and Steam Engines	Practical-Hand-Book-of-Gas-Oil-and-Steam-Engines_56776	unavailable				
John B. S. Haldane	57585	George Washington; or, Life in America One Hundred Years Ago.	George-Washington-or-Life-in-America-One-Hundred-Years-Ago_57585	fetched		501143	c4e1e14416e26f1036ebdfbc80514174b3963bfb68197b4a78b7ff26bc97f1a6	57585-0.txt
John B. S. Haldane	57588	Index for the Project Gutenberg Series "American Pioneers and Patriots"	Index-for-the-Project-Gutenberg-Series-American-Pioneers-and-Patriots_57588	fetched		95267	8e44c48438f5fc932782a9c827e6878e951645e1504372e140f321adc8917ee6	57588-0.txt
John B. S. Haldane	58981	History of Sculpture, Painting, and Architecture	History-of-Sculpture-Painting-and-Architecture_58981	fetched		580973	218d25693b5b47f02a2ebe26c1b5c925b21122606551fad6f345c02b0fafd303	58981-8.txt
John B. S. Haldane	59162	The French Revolution of 1789, as Viewed in the Light of Republican Institutions	The-French-Revolution-of-1789-as-Viewed-in-the-Light-of-Republican-Institutions_59162	fetched		1345594	30f253d50307686fa8852ab10180390d81c6b01bdbf24f5abced50c1a5b8d696	59162.txt
John B. S. Haldane	59400	The History of Christianity	The-History-of-Christianity_59400	unavailable				
John B. S. Haldane	61736	Bermuda Houses	Bermuda-Houses_61736	unavailable				
John B. S. Haldane	62209	Some Observations Upon the Civilization of the Western Barbarians, Particularly of the English	Some-Observations-Upon-the-Civilization-of-the-Western-Barbarians-Particularly-of-the-English_62209	unavailable				
John B. S. Haldane	62557	The Dominion Astrophysical Observatory, Victoria, B.C.	The-Dominion-Astrophysical-Observatory-Victoria-B-C_62557	unavailable				
John B. S. Haldane	62729	Aeroplane Construction and Operation	Aeroplane-Construction-and-Operation_62729	fetched		681061	a861144c08d6ca0d344a6a6e0af48e7d9398cfa5d033c76794448fc7702a92bb	62729-0.txt
John B. S. Haldane	63140	A Lost Chapter in the History of the Steamboat	A-Lost-Chapter-in-the-History-of-the-Steamboat_63140	fetched		91978	5530b175f95c5b385736930bf9637c5b4d4f9f11b9ff2f721d533fd44ee48764	63140-0.txt
John B. S. Haldane	63241	Medical Jurisprudence, Volume 1 (of 3)	Medical-Jurisprudence-Volume-1-of-3_63241	fetched		1019547	a70358fdfb566b9eeb7d8854fd953fece45911ec02c0e7ca312c8a7da5fb8211	63241-0.txt
John B. S. Haldane	63830	Medical Jurisprudence, Volume 2 (of 3)	Medical-Jurisprudence-Volume-2-of-3_63830	fetched		891200	1364c7b8962e561b6a55e6e790c0e2374cbad04fa1febbd2e52a3e7458cd96f6	63830-0.txt
John B. S. Haldane	64054	Cameo Cutting	Cameo-Cutting_64054	fetched		83088	8ec488afe5652bcdaae97fa43f30d39d9447143d22824950963b16f17c938e37	64054-0.txt
John B. S. Haldane	64926	Medical Jurisprudence, Volume 3 (of 3)	Medical-Jurisprudence-Volume-3-of-3_64926	fetched		1025995	345cdc97d12ecb2776a2a7e2d77bd6f71a1fba0f002115fa49f238475d628823	64926-0.txt
John Burroughs	3163	Birds and Bees, Sharp Eyes, and Other Papers	Birds-and-Bees-Sharp-Eyes-and-Other-Papers_3163	fetched		332569	01e6fe0870fcb4272987cf94d136ba576efd120bd74fc791a400768dcf380d39	3163-8.txt
John Burroughs	4203	Wake-Robin	Wake-Robin_4203	fetched		367092	51110b795ecdff18867fb8b9c9a5123616eed295d662149944932c5bdfaecc50	4203.txt
John Burroughs	4279	Winter Sunshine	Winter-Sunshine_4279	fetched		367124	721044ca4c1116d5b1bcc98849552a31f133b98b5811ecef9cacfe10d2349fd5	4279.txt
John Burroughs	5177	Birds and Poets : with Other Papers	Birds-and-Poets-with-Other-Papers_5177	unavailable				
John Burroughs	5706	Time and Change	Time-and-Change_5706	fetched		393845	b3aec91d9897c23628ae65882c64c718279a9da0e47bbcba7c37541927328bb5	5706.txt
John Burroughs	6355	Locusts and Wild Honey	Locusts-and-Wild-Honey_6355	fetched		365204	200bc369f13f97fd7b27584acd51f14d66c2c1f6bff0222602a602784c3a35a3	6355-8.txt
John Burroughs	7280	My Boyhood	My-Boyhood_7280	fetched		276538	681ef7d0102b915b4260c59a5d271c46bd34accaee812355187c0136a30402f5	7280-8.txt
John Burroughs	7404	John James Audubon	John-James-Audubon_7404	fetched		154688	e71036a002fe0edc88e272fb277ad2604a22a718bc3046eb1af32b3f1e61ebe1	7404-8.txt
John Burroughs	7441	The Writings of John Burroughs — Volume 05: Pepacton	The-Writings-of-John-Burroughs-Volume-05-Pepacton_7441	fetched		377614	5d0d0d1048bd29cbf9ccfa2f320b5645160102503dcd4084aa66dbe03cedce17	7441-0.txt
John Burroughs	14108	In the Catskills: Selections from the Writings of John Burroughs	In-the-Catskills-Selections-from-the-Writings-of-John-Burroughs_14108	unavailable				
John Burroughs	18335	The Breath of Life	The-Breath-of-Life_18335	fetched		447407	4f968d0f789caca40315fa503249af20d242d5585acbd24bb834bd1f352267e3	18335.txt
John Burroughs	18903	The Last Harvest	The-Last-Harvest_18903	fetched		430007	99ae29130a9a9f818e4445b388f7e9e91c3daa9164d0dcd62137ff443cf5473d	18903.txt
John Burroughs	20448	The Wit of a Duck and Other Papers	The-Wit-of-a-Duck-and-Other-Papers_20448	fetched		147757	621c8f025b10a56b3d9a41f58236158cc180d9f31191736432f7602694850034	20448-8.txt
John Burroughs	23714	Squirrels and Other Fur-Bearers	Squirrels-and-Other-Fur-Bearers_23714	unavailable				
John Burroughs	24388	Squirrels and Other Fur-Bearers	Squirrels-and-Other-Fur-Bearers_24388	fetched		209280	6874b56033e55cab219d2c2f7497fc5b4d570b0332d452df56c7adcadf5c96a3	24388.txt
John Burroughs	26046	Bird Stories from Burroughs	Bird-Stories-from-Burroughs_26046	unavailable				
John Burroughs	29312	Camping with President Roosevelt	Camping-with-President-Roosevelt_29312	fetched		83109	6fc0efc0f37e7e965cc7391a7f59ff299bf41b7cfc6d3d0f233b53d33115e725	29312.txt
John Burroughs	30246	Under the Maples	Under-the-Maples_30246	fetched		328120	f2b2a1c5497d8254e7daa334684256c84fe4365d43863a23ee0d576026c593f9	30246-0.txt
John Burroughs	30249	Ways of Nature	Ways-of-Nature_30249	fetched		424503	2ee525e908d57fe53f472b7ff9682879269355bfc0ed578592dd0582d43e00b9	30249-8.txt
John Burroughs	30342	Whitman: A Study	Whitman-A-Study_30342	unavailable				
John Burroughs	31292	A Year in the Fields	A-Year-in-the-Fields_31292	fetched		286197	48ebcf3434909b7933b327893c79c0116b8328a1d23b4d1837a68e91c76ca91a	31292.txt
John Burroughs	33053	Camping & Tramping with Roosevelt	Camping-Tramping-with-Roosevelt_33053	unavailable				
John Burroughs	35712	Wake-Robin	Wake-Robin_35712	fetched		363397	1c2a9c3803de5e8a1827e0bdcc9a007ad05abbf18fe81a27a08ee309d286c6f6	35712.txt
John Burroughs	44127	Fresh Fields	Fresh-Fields_44127	fetched		459382	19265eb8f504212bfa341876c8be68c4c24c215b4b8ba055d50212c55933c621	44127.txt
John Burroughs	45307	Riverby	Riverby_45307	fetched		511515	6c5fd5e61f9d721d25bacb0642844606aa290068bf394547f0d216b4b8d841e3	45307.txt
John Burroughs	58993	Index of the Project Gutenberg Works of John Burroughs	Index-of-the-Project-Gutenberg-Works-of-John-Burroughs_58993	fetched		34539	63cda2c33826375de93e43856645e16bb5a00c610df80ff55bc61393620fea84	58993-0.txt
John C. Calhoun	740	Remarks of Mr. Calhoun of South Carolina on the bill to prevent the interference of certain federal officers in elections: delivered in the Senate of the United States February 22, 1839	Remarks-of-Mr-Calhoun-of-South-Carolina-on-the-bill-to-prevent-the-interference-of-certain-federal-officers-in-elections-delivered-in-the-Senate-of-the-United-States-February-22-1839_740	unavailable				
John C. Calhoun	8682	The Naturalist on the Thames	The-Naturalist-on-the-Thames_8682	fetched		391669	ed21a5c67145181f187414fa4fc3839e9bdfee97f3f80e5eb5b14f4430f081b5	8682-8.txt
John C. Calhoun	10998	A Catechism of the Steam Engine	A-Catechism-of-the-Steam-Engine_10998	fetched		863122	c2c3c4ff6b5610dcbab2779a52d1b1f79363aed8d47b9e89a29deef65fbe118d	10998.txt
John C. Calhoun	11966	The Village Sunday School, with brief sketches of three of its scholars	The-Village-Sunday-School-with-brief-sketches-of-three-of-its-scholars_11966	unavailable				
John C. Calhoun	16967	English-Esperanto Dictionary	English-Esperanto-Dictionary_16967	fetched		351864	166a41ccf4b3ff985eff4c511a567febca0c427c3837940627c39a2e8e7584b2	16967-8.txt
John C. Calhoun	21085	The Wreck of the Nancy Bell; Or, Cast Away on Kerguelen Land	The-Wreck-of-the-Nancy-Bell-Or-Cast-Away-on-Kerguelen-Land_21085	unavailable				
John C. Calhoun	21086	The Penang Pirate	The-Penang-Pirate_21086	unavailable				
John C. Calhoun	21087	The Ghost Ship: A Mystery of the Sea	The-Ghost-Ship-A-Mystery-of-the-Sea_21087	unavailable				
John C. Calhoun	21088	The White Squall: A Story of the Sargasso Sea	The-White-Squall-A-Story-of-the-Sargasso-Sea_21088	unavailable				
John C. Calhoun	21089	Young Tom Bowling	Young-Tom-Bowling_21089	unavailable				
John C. Calhoun	21095	She and I, Volume 1	She-and-I-Volume-1_21095	unavailable				
John C. Calhoun	21096	She and I, Volume 2	She-and-I-Volume-2_21096	unavailable				
John C. Calhoun	21097	Tom Finch's Monkey	Tom-Finch-s-Monkey_21097	unavailable				
John C. Calhoun	21104	Afloat at Last: A Sailor Boy's Log of His Life at Sea	Afloat-at-Last-A-Sailor-Boy-s-Log-of-His-Life-at-Sea_21104	unavailable				
John C. Calhoun	21105	Teddy	Teddy_21105	unavailable				
John C. Calhoun	21106	Bob Strong's Holidays	Bob-Strong-s-Holidays_21106	unavailable				
John C. Calhoun	21107	On Board the Esmeralda	On-Board-the-Esmeralda_21107	unavailable				
John C. Calhoun	21108	Fritz and Eric	Fritz-and-Eric_21108	unavailable				
John C. Calhoun	23141	The Island Treasure	The-Island-Treasure_23141	fetched		400942	7cf10be01963da6bfe275e0845d8deb79dd25eac342f5fca246ff08f311bdde1	23141.txt
John C. Calhoun	24267	Picked up at Sea	Picked-up-at-Sea_24267	unavailable				
John C. Calhoun	24916	Crown and Anchor	Crown-and-Anchor_24916	unavailable				
John C. Calhoun	25412	Addresses on the Revised Version of Holy Scripture	Addresses-on-the-Revised-Version-of-Holy-Scripture_25412	fetched		185211	c87c11fec04b0e7aa254f6c67d94af7c3b9ca4e7caf87997f9000be4d6c05ebc	25412.txt
John C. Calhoun	25522	Freedom In Service	Freedom-In-Service_25522	unavailable				
John C. Calhoun	31566	Lee's Last Campaign	Lee-s-Last-Campaign_31566	fetched		80390	5b82586cdc12a89c0ab976c0a4632ec975975bceae072c2b5f477de3ab083985	31566.txt
John C. Calhoun	31819	Ku Klux Klan: Its Origin, Growth and Disbandment	Ku-Klux-Klan-Its-Origin-Growth-and-Disbandment_31819	unavailable				
John C. Calhoun	34247	Caught in a Trap	Caught-in-a-Trap_34247	fetched		646192	0ee55910b63367efca93f2a6f7a3fa6d11382d36cb0eac3b714375c42d0a2d81	34247.txt
John C. Calhoun	34398	Mrs. Fitz	Mrs-Fitz_34398	unavailable				
John C. Calhoun	34727	A Sketch of the Life and Labors of George Whitefield	A-Sketch-of-the-Life-and-Labors-of-George-Whitefield_34727	fetched		92207	c015578937cba9cd30da458ae84e7de1b5fa6ee5f6c796fab15a5e49e2bbf11a	34727-8.txt
John C. Calhoun	34776	The Wayfarers	The-Wayfarers_34776	fetched		453155	64edada23561cd59ca4ef6ad465c0962d5d7e0da2f5574b8722c7dda0b2c25ff	34776-8.txt
John C. Calhoun	35589	The Story of My Life, volumes 1-3	The-Story-of-My-Life-volumes-1-3_35589	fetched		2086969	09f45bcd236c7bbf0a4392ae24e3b8bb5221af5f6ca70f6b358a361198b3de8c	35589.txt
John C. Calhoun	35772	Religion and Science from Galileo to Bergson	Religion-and-Science-from-Galileo-to-Bergson_35772	unavailable				
John C. Calhoun	38162	Practical Religion	Practical-Religion_38162	unavailable				
John C. Calhoun	38186	The Sailor	The-Sailor_38186	fetched		812613	7ff6dc22f63cf8f0b071af486aaf373eeb8d753f6e948e9f9053c7ce81178dda	38186-8.txt
John C. Calhoun	39308	Walks in Rome	Walks-in-Rome_39308	fetched		2001017	1473a184e29a37f9820c8f05d3e8c2aafa09ba53a09e0f7120cadf2b4c0388ef	39308-0.txt
John C. Calhoun	42770	The Story of My Life, volumes 4-6	The-Story-of-My-Life-volumes-4-6_42770	fetched		2327927	e8efa1332ac571bcc983bbd31ccf151228abc0a36cda591f0764679eb69fc6b4	42770-0.txt
John C. Calhoun	44347	Master Reynard: The History of a Fox	Master-Reynard-The-History-of-a-Fox_44347	unavailable				
John C. Calhoun	47727	The different modes of cultivating the pine-apple	The-different-modes-of-cultivating-the-pine-apple_47727	unavailable				
John C. Calhoun	48299	The Story of a Hare	The-Story-of-a-Hare_48299	fetched		261391	cf32bf93e027894f692cf35b09f0839d47dcc6d9c6929b866e124c9c5b9c15d6	48299-0.txt
John C. Calhoun	48808	Top of the Ladder: Marine Operations in the Northern Solomons	Top-of-the-Ladder-Marine-Operations-in-the-Northern-Solomons_48808	fetched		133244	247df08f62987a4a33465d51fb5c4dc6a35c71bec6dc88d8f951e638188a5e09	48808-0.txt
John C. Calhoun	48898	Breaking the Outer Ring: Marine Landings in the Marshall Islands	Breaking-the-Outer-Ring-Marine-Landings-in-the-Marshall-Islands_48898	fetched		110845	cc024ae745c1392c21858fe2804d9ce499fd5718ad2ae93d16083cbc067de2ab	48898-0.txt
John C. Calhoun	48899	Breaching the Marianas: The Battle for Saipan	Breaching-the-Marianas-The-Battle-for-Saipan_48899	fetched		138562	1aa2d75485a8000fd7c6ae219021932d391825c82797b71064ab7949db1955a4	48899-0.txt
John C. Calhoun	49454	The Mentor: Reclaiming the Desert, Vol. 6, Num. 17, Serial No. 165, October 15, 1918	The-Mentor-Reclaiming-the-Desert-Vol-6-Num-17-Serial-No-165-October-15-1918_49454	fetched		81312	e21263be4914b5c0312a2aee508b597486cce37ec99061775f147817c61890cb	49454-0.txt
John C. Calhoun	49808	Tanks in the Great War, 1914-1918	Tanks-in-the-Great-War-1914-1918_49808	fetched		701106	f7425151fc035cbbb4e095ca9be5acb6115a5ab8c59aab5c87eba7428eb18918	49808-0.txt
John C. Calhoun	51441	Third Reader: The Alexandra Readers	Third-Reader-The-Alexandra-Readers_51441	fetched		466008	a6a83ccf198f024b25daecfbace3a7370061e4fc102f496ec62e9f40d2e1e9fb	51441-0.txt
John C. Calhoun	51975	Fourth Reader: The Alexandra Readers	Fourth-Reader-The-Alexandra-Readers_51975	fetched		540872	1b5d2a90ceb257087d1f435572047d2a70040a35d182f3f7685dea2ae60d14d2	51975-0.txt
John C. Calhoun	52423	The White Slaves of England	The-White-Slaves-of-England_52423	fetched		1036948	b2b1caa1993a7ebdba2dce522f7403ef98e8650819df18ce23e3064ed315b211	52423-0.txt
John C. Calhoun	54872	The Life Story of an Otter	The-Life-Story-of-an-Otter_54872	fetched		269677	df1f2d7a64880e24e94095ae212563e6c406b83076b9468fd09ab677bdebab4f	54872-0.txt
John C. Calhoun	56747	The Grandeur That Was Rome: a survey of Roman culture and civilisation	The-Grandeur-That-Was-Rome-a-survey-of-Roman-culture-and-civilisation_56747	unavailable				
John C. Calhoun	57906	Wild Life at the Land's End	Wild-Life-at-the-Land-s-End_57906	unavailable				
John C. Calhoun	58654	The psycho-analytic study of the family	The-psycho-analytic-study-of-the-family_58654	fetched		665210	0ee9ef85849f97f2542dbc061b826cb6d4b919be6c26e1d809c08c5d34677180	58654-0.txt
John C. Calhoun	59532	The Glory That Was Greece: a survey of Hellenic culture and civilisation	The-Glory-That-Was-Greece-a-survey-of-Hellenic-culture-and-civilisation_59532	unavailable				
John C. Calhoun	62001	The Cross: A Tract for the Times	The-Cross-A-Tract-for-the-Times_62001	fetched		72904	d92680419e220a2ab1583ddedfe82f421802159472e1e92c0f137544f34b67f7	62001-0.txt
John C. Calhoun	62403	Sketches in Holland and Scandinavia	Sketches-in-Holland-and-Scandinavia_62403	fetched		182459	333f4626df7729067d77f661ef1aebdbbc7ff567fba84a751cb9cb1417727e72	62403-0.txt
John C. Calhoun	62741	The Jim Crow Car; Or, Denouncement of injustice meted out to the black race	The-Jim-Crow-Car-Or-Denouncement-of-injustice-meted-out-to-the-black-race_62741	fetched		205204	a332ed6b3ea856d4e84b85861abf9535a81b6ca7d5a1d7660e8565bf20f52eb1	62741-0.txt
John C. Calhoun	63546	The Undefeated	The-Undefeated_63546	fetched		456578	a823f2e362bb1728e24aea9b3c232055901366e49a6c74855f32141f59388f56	63546-0.txt
John C. Calhoun	63614	With the Guns	With-the-Guns_63614	fetched		270799	c919d56b54ab0bb1c2797aab6564b194b77f8b4e4c375fb26ff2e9c3aeac0103	63614-0.txt
John C. Calhoun	63740	A Letter on the Late Post Office Agitation	A-Letter-on-the-Late-Post-Office-Agitation_63740	fetched		35709	3bb995c5a9c19c888af0d8a6ecc1e7134b3a158e91d1f64fb70281f45aed009e	63740-0.txt
John C. Calhoun	63753	A Second Letter on the late Post Office Agitation	A-Second-Letter-on-the-late-Post-Office-Agitation_63753	fetched		59870	4a082c4cbe812f449994fcd5bd41a182349bda35d039fea18037e139e0706732	63753-0.txt
John C. Calhoun	63755	A Few Words on the Crystal Palace Question	A-Few-Words-on-the-Crystal-Palace-Question_63755	fetched		45770	6bab0afef31c2678a0fa2982cee85cce3eccfff81e9e555b42984e978c5152d4	63755-0.txt
John C. Calhoun	63761	A Letter to the Viscount Palmerston, M.P. &c. &c. &c. on the Monitorial System of Harrow School	A-Letter-to-the-Viscount-Palmerston-M-P-c-c-c-on-the-Monitorial-System-of-Harrow-School_63761	unavailable				
John C. Calhoun	63763	Prospects of the Church of England	Prospects-of-the-Church-of-England_63763	unavailable				
John C. Calhoun	64029	Life at the Zoo: Notes and Traditions of the Regent's Park Gardens	Life-at-the-Zoo-Notes-and-Traditions-of-the-Regent-s-Park-Gardens_64029	fetched		534379	205a1880a6733bfcc94906f98a5d0b2ca0c50a33893bcc61c7f61a1b7156e9f3	64029-0.txt
John C. Calhoun	64471	The Book of Light in the Hand of Love: A plea for the British and Foreign Bible Society	The-Book-of-Light-in-the-Hand-of-Love-A-plea-for-the-British-and-Foreign-Bible-Society_64471	fetched		45125	7d35f239202c31ed75dcc94e152a1d5239ef107f68ddf4ee23ad4de01d7b8f08	64471-0.txt
John C. Calhoun	64732	Bible-Burning	Bible-Burning_64732	unavailable				
John C. Calhoun	66116	Modern Greek Folklore and Ancient Greek Religion: A Study in Survivals	Modern-Greek-Folklore-and-Ancient-Greek-Religion-A-Study-in-Survivals_66116	fetched		1633242	c1243b7deaf730143e5bbedfbabb186d3ba15743ddd589dc44cced38c2436d84	66116-0.txt
John C. Calhoun	67679	The Council of Seven	The-Council-of-Seven_67679	fetched		457532	6b1e5ca899ee58340da551acd88708f112e8d84b6ff7fdf56ac87d15ac6d279b	67679-0.txt
John C. Calhoun	67774	Anne Feversham	Anne-Feversham_67774	fetched		504059	5fb9fbd1c218343630232b408512af922156c8f5b01a7606cb669912043db3c8	67774-0.txt
John C. Calhoun	68069	The principal girl	The-principal-girl_68069	fetched		405822	08d69f2f3b3242845ee592833101e46a1fd30a0e84638ede21f77e42cdd4533f	68069-0.txt
John C. Calhoun	68398	The time spirit: A romantic tale	The-time-spirit-A-romantic-tale_68398	fetched		489516	2685613b762dedb6af5cbf1a012f5c9bf98570ced335f1b7664977a63fdc4812	68398-0.txt
John Calvin	37890	The Brothers' War	The-Brothers-War_37890	fetched		899482	023944d18a9a8657e3bb3568e0e9bd80422f33cb015e047278d03b83c05f297d	37890.txt
John Calvin	52838	Creation of the Teton Landscape: The Geologic Story of Grand Teton National Park	Creation-of-the-Teton-Landscape-The-Geologic-Story-of-Grand-Teton-National-Park_52838	fetched		224223	55365196336ecce10e072dee81fae9718795f0b6749711e4873d625dde2f0274	52838-0.txt
John D. Rockefeller	3151	The City of Domes : a walk with an architect about the courts and palaces of the Panama-Pacific International Exposition, with a discussion of its architecture, its sculpture, its mural decorations, its coloring and its lighting, preceded by a history of its growth	The-City-of-Domes-a-walk-with-an-architect-about-the-courts-and-palaces-of-the-Panama-Pacific-International-Exposition-with-a-discussion-of-its-architecture-its-sculpture-its-mural-decorations-its-coloring-and-its-lighting-preceded-by-a-history-of-its-growth_3151	unavailable				
John D. Rockefeller	7211	The American Union Speaker	The-American-Union-Speaker_7211	fetched		1327194	d2734514a215684ef3b6bfe2e0baa6d2d1d1f5fb18be929295c3e40bca1e3b35	7211-8.txt
John D. Rockefeller	15116	The Jervaise Comedy	The-Jervaise-Comedy_15116	fetched		401555	463c6f55c176f9bb7884435e9775252bb82dbd5f244af3701c331f94aeda5ccc	15116-8.txt
John D. Rockefeller	15351	H. G. Wells	H-G-Wells_15351	unavailable				
John D. Rockefeller	17090	Random Reminiscences of Men and Events	Random-Reminiscences-of-Men-and-Events_17090	fetched		236044	32d05a4ad4c603b778c29731d0b11be3445876044946b836b59d9c4995e1d57a	17090.txt
John D. Rockefeller	21665	A Brief History of the English Language and Literature, Vol. 2	A-Brief-History-of-the-English-Language-and-Literature-Vol-2_21665	unavailable				
John D. Rockefeller	22479	The Psychical Researcher's Tale - The Sceptical Poltergeist	The-Psychical-Researcher-s-Tale-The-Sceptical-Poltergeist_22479	unavailable				
John D. Rockefeller	26382	Ancient America, in Notes on American Archaeology	Ancient-America-in-Notes-on-American-Archaeology_26382	fetched		428796	5eff0d007ba406f5d7c0a7bb8a3756926eaa3f68000cfce534f2af2b1c752765	26382-0.txt
John D. Rockefeller	27139	A Leaf from the Old Forest	A-Leaf-from-the-Old-Forest_27139	fetched		181813	cc0235874ad87268549afa27529377eddf5ca86766fc776e330bcd280ae7b58c	27139.txt
John D. Rockefeller	27149	Italian Harpsichord-Building in the 16th and 17th Centuries	Italian-Harpsichord-Building-in-the-16th-and-17th-Centuries_27149	fetched		57919	f5180332f86b466ca5cbddc3292022de3a31e7c23fe690ee010b6dbe90968744	27149-8.txt
John D. Rockefeller	27188	The Wonder	The-Wonder_27188	fetched		373966	2306a89f1553df498e61d82be87c2fa4e1d9e8ad9614d9f7524c4a5e8323fcaa	27188-0.txt
John D. Rockefeller	27529	The peace negotiations between the governments of the South African Republic and the Orange Free State, and the representatives of the British government, which terminated in the peace concluded at Vereeniging on the 31st May, 1902	The-peace-negotiations-between-the-governments-of-the-South-African-Republic-and-the-Orange-Free-State-and-the-representatives-of-the-British-government-which-terminated-in-the-peace-concluded-at-Vereeniging-on-the-31st-May-1902_27529	unavailable				
John D. Rockefeller	31293	Systematic Status of a South American Frog, Allophryne ruthveni Gaige	Systematic-Status-of-a-South-American-Frog-Allophryne-ruthveni-Gaige_31293	fetched		39692	4e42af2bb036c4d75c629c73e69e3c1d3ae0f93a34abbb439051b98f9c57cd34	31293.txt
John D. Rockefeller	31830	Genera of Leptodactylid Frogs in México	Genera-of-Leptodactylid-Frogs-in-Mexico_31830	unavailable				
John D. Rockefeller	36304	Rambles of a Naturalist	Rambles-of-a-Naturalist_36304	fetched		191661	1c025a7a310ab3f066b49345bb07b68b30bc90f4896e848f33852fd095f6867a	36304-8.txt
John D. Rockefeller	37083	Through Shot and Flame	Through-Shot-and-Flame_37083	unavailable				
John D. Rockefeller	37447	Hand-Craft: The Most Reliable Basis of Technical Education in Schools and Classes	Hand-Craft-The-Most-Reliable-Basis-of-Technical-Education-in-Schools-and-Classes_37447	unavailable				
John D. Rockefeller	37809	A Taxonomic Revision of the Leptodactylid Frog Genus Syrrhophus Cope	A-Taxonomic-Revision-of-the-Leptodactylid-Frog-Genus-Syrrhophus-Cope_37809	fetched		121982	66b72b5b2910fd026e79b010a4d22a87eb87d09b9363e7c322e157208dcd42ad	37809-8.txt
John D. Rockefeller	39383	Mademoiselle Blanche: A Novel	Mademoiselle-Blanche-A-Novel_39383	unavailable				
John D. Rockefeller	43540	Letters from Palestine	Letters-from-Palestine_43540	unavailable				
John D. Rockefeller	43651	Irish Witchcraft and Demonology	Irish-Witchcraft-and-Demonology_43651	fetched		303231	2be425826eb35d30556649e3a41155d3e1ace6e82542d03575d088038c308097	43651.txt
John D. Rockefeller	47661	Life of Sir William Wallace of Elderslie, Vol. 1 (of 2)	Life-of-Sir-William-Wallace-of-Elderslie-Vol-1-of-2_47661	unavailable				
John D. Rockefeller	47662	Life of Sir William Wallace of Elderslie, Vol. 2 (of 2)	Life-of-Sir-William-Wallace-of-Elderslie-Vol-2-of-2_47662	unavailable				
John D. Rockefeller	48981	Dissection of the Platana and the Frog	Dissection-of-the-Platana-and-the-Frog_48981	fetched		51789	7576bb12869fdf62d718b9d2d542744509bf4d8271903c19f0ed7c6e6d738975	48981-0.txt
John D. Rockefeller	49931	A Bullet for Cinderella	A-Bullet-for-Cinderella_49931	fetched		322940	1aabf2f940d48801c0922c236835e5af633a8546da7f3e0ade8859f30be0f7a9	49931-8.txt
John D. Rockefeller	51148	Common Denominator	Common-Denominator_51148	fetched		40889	60ffa8e27d74677fb754fc2bf5f9d5bd5d9ae6482ed336769c6585a9130278ac	51148.txt
John D. Rockefeller	53028	The Hampdenshire Wonder	The-Hampdenshire-Wonder_53028	fetched		361493	f1adf4c8fd93207f4721f7ad7de2f7bc3257e9fd1ce7e5441d749297ca5ddc53	53028-8.txt
John D. Rockefeller	53216	An Essay on the Incubus, or Night-mare	An-Essay-on-the-Incubus-or-Night-mare_53216	fetched		100041	180a68fc846a1732697eb5c627674c5c61fa7c7ea2ea07e05dbabf870773e3ec	53216-0.txt
John D. Rockefeller	53611	Goslings	Goslings_53611	fetched		463099	5f9d344a6c2c549443c293c1886a81eb446739dd4223205eac47e39249e14322	53611-8.txt
John D. Rockefeller	53655	Telephoning to Santa Claus	Telephoning-to-Santa-Claus_53655	fetched		33402	0d8909b337fec04fb955434c8d09d88f98ad0e72c26173b12510c8172b380f76	53655-0.txt
John D. Rockefeller	53734	What Christmas Did for Jerusha Grumble	What-Christmas-Did-for-Jerusha-Grumble_53734	fetched		44603	a2dcb84a13e6524cf8e5fbdfb3c92a19f3c02b9917f3d9d192985c6e2c5e12cd	53734-0.txt
John D. Rockefeller	59549	Signs & Wonders	Signs-Wonders_59549	fetched		269071	4a27f70b2d3dc1d6eef82f9549d9d961caa8c4260fecd77babb2e095f5cc8acf	59549-0.txt
John D. Rockefeller	59684	Life and Adventure in the South Pacific	Life-and-Adventure-in-the-South-Pacific_59684	fetched		616805	7f50c8a1b07ec5c2cd54b46db1eeb75ef03d87b146faec79cde90ebd0ee7c1a3	59684-0.txt
John D. Rockefeller	61246	The Prisoners of Hartling	The-Prisoners-of-Hartling_61246	fetched		408110	b749109b67cfe2f2096807c2809bfcccd65311ef273a1510ab19ad080d8b5b5a	61246.txt
John D. Rockefeller	65336	The Personal Relation in Industry	The-Personal-Relation-in-Industry_65336	fetched		193866	fa5c052c5e00bf6e0cc0b60bbfd1e0a620b197be9abcbbad3adb6751385d83a4	65336-0.txt
John D. Rockefeller	65557	Highways of Canadian Literature	Highways-of-Canadian-Literature_65557	fetched		793455	cc83277b9ca0245c537837b994e7509a552064c93b87b088992d6dd695ef0dc0	65557-0.txt
John D. Rockefeller	66988	Motor Camping	Motor-Camping_66988	fetched		501288	c43d45ece5253cf26806a80c7780abe1bbd671269dbe6f784a7750f5c1e0ca4f	66988-0.txt
John D. Rockefeller	67352	The Congressman’s Wife, a Story of American Politics	The-Congressmans-Wife-a-Story-of-American-Politics_67352	fetched		401216	5b41f24770b0745e3b212d813e6300287d609313ded7d8a2867e154dab25512a	67352-0.txt
John D. Rockefeller	67687	Illustrated history of ancient literature, oriental and classical	Illustrated-history-of-ancient-literature-oriental-and-classical_67687	fetched		901132	5e3a1cb792212263929d3ff44bedf561f2979e1bd9ff873d2f4450c6a1bb60a4	67687-0.txt
John Dewey	852	Democracy and Education: An Introduction to the Philosophy of Education	Democracy-and-Education-An-Introduction-to-the-Philosophy-of-Education_852	unavailable				
John Dewey	25172	Moral Principles in Education	Moral-Principles-in-Education_25172	fetched		86866	caed03495c3ac389a4fa816fcbf64c5d608933510f2f2e31911cf9fa56d65309	25172-8.txt
John Dewey	28393	China, Japan and the U.S.A.	China-Japan-and-the-U-S-A_28393	unavailable				
John Dewey	29259	The Child and the Curriculum	The-Child-and-the-Curriculum_29259	fetched		64064	807b511c6a6204a843d8178af6462564d4c4d84f45973fb55974619c65502064	29259.txt
John Dewey	31043	Letters from China and Japan	Letters-from-China-and-Japan_31043	fetched		289282	d5baaff91db17b3a24b90db4b8b92866c1eb997a5a78b6c1beb0157dcbd87368	31043-8.txt
John Dewey	33727	Creative Intelligence: Essays in the Pragmatic Attitude	Creative-Intelligence-Essays-in-the-Pragmatic-Attitude_33727	unavailable				
John Dewey	37423	How We Think	How-We-Think_37423	fetched		431545	18621adfba0fa5a6afbe947cb2242b0ddb1ad48ec2404578cf9c657084862c18	37423.txt
John Dewey	39551	Ethics	Ethics_39551	fetched		1291197	a843ae7ed505a085ca13bdeeab96b80831bbf75dfdc8c9dd8ba23544ec42c113	39551.txt
John Dewey	40089	Reconstruction in Philosophy	Reconstruction-in-Philosophy_40089	fetched		344109	16bd23a21c5ec032802d32d7251e62e6dc5e085bebcf1bc0bdb105aa48148298	40089-8.txt
John Dewey	40665	Studies in Logical Theory	Studies-in-Logical-Theory_40665	fetched		838858	d55fb69ceb73f5c757141afb2dc69cbf24c3610e116b1bdbb11ec55ac751dd36	40665.txt
John Dewey	40744	Psychology and Social Practice	Psychology-and-Social-Practice_40744	fetched		67482	8c79476900ec77c9952dcda6e938228f98eddcd0b1135d73b9565a374ee60f1a	40744-8.txt
John Dewey	40794	Essays in Experimental Logic	Essays-in-Experimental-Logic_40794	fetched		695058	429ac7afa6de4dc5473462ddeb7e84998514df4d17168d60c25694caa4a96319	40794.txt
John Dewey	40957	Leibniz's New Essays Concerning the Human Understanding: A Critical Exposition	Leibniz-s-New-Essays-Concerning-the-Human-Understanding-A-Critical-Exposition_40957	unavailable				
John Dewey	41386	Human Nature and Conduct: An introduction to social psychology	Human-Nature-and-Conduct-An-introduction-to-social-psychology_41386	unavailable				
John Dewey	42208	German philosophy and politics	German-philosophy-and-politics_42208	fetched		185769	5ae64e4a78eeb8ec3f85f87b757e92ef61913fdcc439554206f5917b4591d235	42208-8.txt
John Dewey	48906	Schools of to-morrow	Schools-of-to-morrow_48906	fetched		431027	7c2ce235adbe6ba87f6871985f8a7370db09a7687fa61dbbfa006deb36cb07b5	48906-0.txt
John Dewey	51525	The Influence of Darwin on Philosophy, and other essays in contemporary thought	The-Influence-of-Darwin-on-Philosophy-and-other-essays-in-contemporary-thought_51525	fetched		461989	bf3806d746d323beb140f35c6a3be9113f84e3d6721c86aa4ef1399d9e78ab0e	51525-0.txt
John Dewey	53910	The School and Society	The-School-and-Society_53910	unavailable				
John Dewey	60422	Outlines of a Critical Theory of Ethics	Outlines-of-a-Critical-Theory-of-Ethics_60422	fetched		380746	a313366abbbd08944e01cd560bcf2e7adc77b18e886eea7a18fff14a95349e8a	60422-8.txt
John Dryden	2062	All for Love; Or, The World Well Lost: A Tragedy	All-for-Love-Or-The-World-Well-Lost-A-Tragedy_2062	unavailable				
John Dryden	2615	Discourses on Satire and on Epic Poetry	Discourses-on-Satire-and-on-Epic-Poetry_2615	fetched		381612	3d894af96a8ff15d8207ce1a3069d21c3e6fb44f4e1b71d3f16c4405cc8fe1f6	2615-0.txt
John Dryden	7490	Dryden's Palamon and Arcite	Dryden-s-Palamon-and-Arcite_7490	fetched		225587	1a99c1ecb1664986b3ee790ca50e7a835d49fa32e38cc7d2123327243220997d	7490.txt
John Dryden	11488	The Poetical Works of John Dryden, Volume 1	The-Poetical-Works-of-John-Dryden-Volume-1_11488	unavailable				
John Dryden	11578	The Poetical Works of John Dryden, Volume 2	The-Poetical-Works-of-John-Dryden-Volume-2_11578	unavailable				
John Dryden	12166	The Works of John Dryden, now first collected in eighteen volumes. Volume 02	The-Works-of-John-Dryden-now-first-collected-in-eighteen-volumes-Volume-02_12166	unavailable				
John Dryden	14947	The Works of John Dryden, now first collected in eighteen volumes. Volume 16	The-Works-of-John-Dryden-now-first-collected-in-eighteen-volumes-Volume-16_14947	unavailable				
John Dryden	15074	His Majesties Declaration Defended	His-Majesties-Declaration-Defended_15074	fetched		101549	3875f6bbacdb7e2c4828026d7b6389e71b6dec31f53b766b460ba36216ed0fd6	15074.txt
John Dryden	15349	The Works of John Dryden, now first collected in eighteen volumes. Volume 04	The-Works-of-John-Dryden-now-first-collected-in-eighteen-volumes-Volume-04_15349	unavailable				
John Dryden	16208	The Works of John Dryden, now first collected in eighteen volumes. Volume 05	The-Works-of-John-Dryden-now-first-collected-in-eighteen-volumes-Volume-05_16208	unavailable				
John Dryden	16402	The Works of John Dryden, now first collected in eighteen volumes. Volume 07	The-Works-of-John-Dryden-now-first-collected-in-eighteen-volumes-Volume-07_16402	unavailable				
John Dryden	16456	The Works of John Dryden, now first collected in eighteen volumes. Volume 06	The-Works-of-John-Dryden-now-first-collected-in-eighteen-volumes-Volume-06_16456	unavailable				
John Dryden	24901	The American Type of Isthmian Canal	The-American-Type-of-Isthmian-Canal_24901	unavailable				
John Dryden	37645	Dryden's Works Vol. 3	Dryden-s-Works-Vol-3_37645	unavailable				
John Dryden	44050	The Works of John Dryden, now first collected in Eighteen Volumes, Volume 11	The-Works-of-John-Dryden-now-first-collected-in-Eighteen-Volumes-Volume-11_44050	fetched		764090	cb7fc31a775dd8ab4547f1e8c92843ce0e6f4aa64951c081c8c59110ae3ef018	44050-0.txt
John Dryden	47383	Dryden's Works Vol. 13	Dryden-s-Works-Vol-13_47383	unavailable				
John Dryden	47511	Haiti: Its dawn of progress after years in a night of revolution	Haiti-Its-dawn-of-progress-after-years-in-a-night-of-revolution_47511	fetched		111432	2ef170939aacb58be9dfbe907296ea2d61ca227fc4c1088098fa61dbcb9d4354	47511-8.txt
John Dryden	47641	The Works of John Dryden, now first collected in eighteen volumes. Volume 15	The-Works-of-John-Dryden-now-first-collected-in-eighteen-volumes-Volume-15_47641	unavailable				
John Dryden	47679	Dryden's Works Vol. 08 (of 18)	Dryden-s-Works-Vol-08-of-18_47679	fetched		764389	c26cdd7f9e1da5c2c99ba5db0de103759bdc62576f19b6a203cd31df09a29e55	47679-0.txt
John Dryden	49221	The Works of John Dryden, now first collected in eighteen volumes. Volume 09	The-Works-of-John-Dryden-now-first-collected-in-eighteen-volumes-Volume-09_49221	unavailable				
John Dryden	50637	The Works of John Dryden, now first collected in eighteen volumes. Volume 18	The-Works-of-John-Dryden-now-first-collected-in-eighteen-volumes-Volume-18_50637	unavailable				
John Dryden	51652	The Works of John Dryden, now first collected in eighteen volumes. Volume 10	The-Works-of-John-Dryden-now-first-collected-in-eighteen-volumes-Volume-10_51652	fetched		872644	c09ed4c52142dad412f2a6457993cd0aa8b29d8ed12264a8d6aaa3d99cee2302	51652-0.txt
John Dryden	54361	The Works of John Dryden, Now First Collected in Eighteen Volumes; Vol. 12	The-Works-of-John-Dryden-Now-First-Collected-in-Eighteen-Volumes-Vol-12_54361	unavailable				
John Dryden	64337	The Works of John Dryden, now first collected in eighteen volumes. Volume 14	The-Works-of-John-Dryden-now-first-collected-in-eighteen-volumes-Volume-14_64337	fetched		816334	49da7fdb8e98741db76121943d93eda881a433428f548d6a92c817fa4cc81909	64337-0.txt
John Gay	2421	The Beggar's Opera	The-Beggar-s-Opera_2421	unavailable				
John Gay	25063	The Beggar's Opera; to Which is Prefixed the Musick to Each Song	The-Beggar-s-Opera-to-Which-is-Prefixed-the-Musick-to-Each-Song_25063	unavailable				
John Gay	26199	Fables of John Gay (Somewhat Altered)	Fables-of-John-Gay-Somewhat-Altered_26199	unavailable				
John Locke	3828	Simon the Jester	Simon-the-Jester_3828	fetched		587362	4913fcfb085046fec288ce7e1d36427061ada20b2a6b5738bb9349a48950b217	3828-0.txt
John Locke	4287	The Red Planet	The-Red-Planet_4287	fetched		592050	c99c4f6aedcddefad79b0299f992c1f058483e6f1f90d6e83f5de425371619fd	4287.txt
John Locke	4379	The Fortunate Youth	The-Fortunate-Youth_4379	fetched		589278	0765556fe453d88de9794d6a2e174847c6ed8938bc1eb4f93df4a57fc610340d	4379.txt
John Locke	5051	The Morals of Marcus Ordeyne : a Novel	The-Morals-of-Marcus-Ordeyne-a-Novel_5051	unavailable				
John Locke	7370	Second Treatise of Government	Second-Treatise-of-Government_7370	fetched		338612	7d79ca5039cf8da0ba4c36e4a75cb9b24774c2eec063383957fcc30b804ef2db	7370.txt
John Locke	8430	The Mountebank	The-Mountebank_8430	fetched		564413	6db9ebed2c6918fc2220be8ff5b96a1f5080e8a3833f18f68faed12fdabc764e	8430-8.txt
John Locke	9924	Viviette	Viviette_9924	fetched		176818	d97d0f9a227221a147e11ef71466c2f8cb47608fc3fdfa46ef30e2031af839e1	9924-8.txt
John Locke	10615	An Essay Concerning Humane Understanding, Volume 1	An-Essay-Concerning-Humane-Understanding-Volume-1_10615	unavailable				
John Locke	10616	An Essay Concerning Humane Understanding, Volume 2	An-Essay-Concerning-Humane-Understanding-Volume-2_10616	unavailable				
John Locke	10707	A Christmas Mystery: The Story of Three Wise Men	A-Christmas-Mystery-The-Story-of-Three-Wise-Men_10707	unavailable				
John Locke	14395	Septimus	Septimus_14395	fetched		515324	aae742a79ab2d4d2f4637da50d436b7417859400067538fe7059769b0bfb74f8	14395-8.txt
John Locke	14669	Jaffery	Jaffery_14669	fetched		600533	6eb297500b4b46b92f4251004a7d9c1d774b10df3b25a2eedb7de6ef26abb059	14669.txt
John Locke	26154	The Joyous Adventures of Aristide Pujol	The-Joyous-Adventures-of-Aristide-Pujol_26154	fetched		430572	0c13d74722ed5aa6411b68aed655d66008743fe778200f8cb2fa94cfc1bef020	26154-8.txt
John Locke	27786	The Rough Road	The-Rough-Road_27786	fetched		581201	6e1a0ee01d69db074bde5de21755adfd9c4f31562e776838358eb4bdea41f09a	27786.txt
John Locke	28489	The Belovéd Vagabond	The-Beloved-Vagabond_28489	unavailable				
John Locke	50479	Far-away Stories	Far-away-Stories_50479	fetched		365031	b71d9fd4e80874cc115c92f3380dff2295cf60715911086faf488386caf63477	50479-8.txt
John Locke	53993	At the Gate of Samaria	At-the-Gate-of-Samaria_53993	fetched		680615	003d0ec9d2ae17e5b83b7c8c6c3ba5531406c237e1ea1029e4ec097f86533da6	53993-0.txt
John Locke	53994	Stella Maris	Stella-Maris_53994	fetched		614742	6d67b8e56ad4780d77081e21883fe4065783ce81f8cf83f8ae9e252264dd9a2e	53994-0.txt
John Locke	53995	A Study In Shadows	A-Study-In-Shadows_53995	fetched		299911	4537a93510788ef4c065aef9eea1c80e051f10b15d201e5a4036916d1fc5c75e	53995-0.txt
John Locke	53996	Where Love Is	Where-Love-Is_53996	fetched		589421	930ae502dc54a357290253096c62369346790faaec4ad184d5ea8aa346da951f	53996-0.txt
John Locke	55927	Derelicts	Derelicts_55927	fetched		472196	e06f3ecb1d073a0f922df545fc44d378b275b94cbf9a8459169a464b0f5ca99a	55927-0.txt
John Locke	56013	The White Dove	The-White-Dove_56013	fetched		447172	5c4fdada73a884e95b4ddd9598b3219b5c2400ec9ee72a7b1639e704e8830581	56013-0.txt
John Locke	56014	The Demagogue and Lady Phayre	The-Demagogue-and-Lady-Phayre_56014	fetched		226604	5054fb97e1ce344b394d705a71b0ac0f689abfe435976f41beeb3e784a7b8719	56014-0.txt
John Locke	56015	Idols	Idols_56015	fetched		489564	fbd0b3f2dfb12fda6945ffe846a066a496ead60e26c2bfa96da65621b277af7e	56015-0.txt
John Locke	59541	Index of the Project Gutenberg Works of William J. Locke	Index-of-the-Project-Gutenberg-Works-of-William-J-Locke_59541	fetched		30531	3ef5bef98feb08d998f1e357927505f756fde31b356b5100c5f78d9549dff479	59541-0.txt
John Locke	60120	The House of Baltazar	The-House-of-Baltazar_60120	fetched		653139	3d0024ed61468a2715b6cc45249ce1b444732206f2a279b02c217250355e5aa5	60120-0.txt
John Locke	60121	The Glory of Clementina Wing	The-Glory-of-Clementina-Wing_60121	fetched		691422	01004d987108231ea34c5a666086d5969b7926505269967de14a04b94288343c	60121-0.txt
John Locke	60122	The Tale of Triona	The-Tale-of-Triona_60122	fetched		641200	cda5f96723f776cda25b4d047f593dfb32cd9ebb7ee3c2de9fd13f836dbac3e9	60122-0.txt
John Locke	60123	The Wonderful Year	The-Wonderful-Year_60123	fetched		650679	91788eb82f8d684311471173ccf0e4f51dc6ff22b671fdbdb127632999c8739c	60123-0.txt
John Lubbock	7952	The Pleasures of Life	The-Pleasures-of-Life_7952	fetched		417266	d9a3e81d4b8bb6af7327712ef0b81bb6f618d6247fe9934b364f29f0275fcae6	7952-8.txt
John Lubbock	28274	The Beauties of Nature, and the Wonders of the World We Live In	The-Beauties-of-Nature-and-the-Wonders-of-the-World-We-Live-In_28274	fetched		426482	0b355dbce1102e1ac0cc05b41cfa16c5ed7b7d1807addebf24f9a8a96b760ee6	28274.txt
John Lubbock	38207	On the Origin and Metamorphoses of Insects	On-the-Origin-and-Metamorphoses-of-Insects_38207	fetched		201390	7ff2b8f4e5fa7e382017e9d32e63b3a751a2174ed5c991089f4f6011276da94b	38207-0.txt
John Muir	326	Steep Trails	Steep-Trails_326	unavailable				
John Muir	7091	The Yosemite	The-Yosemite_7091	fetched		382007	a2240c52b1b69b1c3272f68bb8c0adc7e21d035acc8fc1d7c472421d671cc8b2	7091.txt
John Muir	7345	Travels in Alaska	Travels-in-Alaska_7345	fetched		503741	f97a192cd5b6f74ad2251c323e998bd85292d40fd75f92acf59574956bf6388b	7345.txt
John Muir	10012	The Mountains of California	The-Mountains-of-California_10012	fetched		561124	17b5f1330ff23285bceea76577a48a806d8a5633a240316443c83073d9a97482	10012.txt
John Muir	11673	Stickeen	Stickeen_11673	fetched		66440	5e430c9ef90a5245f01810f4f2817c99a404ac85d10ecc789bcfb92df08fb675	11673.txt
John Muir	12298	The Grand Cañon of the Colorado	The-Grand-Canon-of-the-Colorado_12298	unavailable				
John Muir	18359	The Story of My Boyhood and Youth	The-Story-of-My-Boyhood-and-Youth_18359	fetched		328737	e374cdc813379a85976fd0a3e39fe239de524b8ec550a22ff3531c5a620aae5e	18359.txt
John Muir	26592	The Yosemite	The-Yosemite_26592	unavailable				
John Muir	32540	My First Summer in the Sierra	My-First-Summer-in-the-Sierra_32540	fetched		373230	247f6f423a4db634132fd10240a395061786bf27d0e26a1d71b126ad7f1eca3d	32540.txt
John Muir	33443	Cruise of the Revenue-Steamer Corwin in Alaska and the N.W. Arctic Ocean in 1881: Botanical Notes	Cruise-of-the-Revenue-Steamer-Corwin-in-Alaska-and-the-N-W-Arctic-Ocean-in-1881-Botanical-Notes_33443	unavailable				
John Muir	56130	Letters to a Friend, Written to Mrs. Ezra S. Carr, 1866-1879	Letters-to-a-Friend-Written-to-Mrs-Ezra-S-Carr-1866-1879_56130	fetched		210580	282d894aad876a4ffb3fd898cd7c911f7ebca1c93ffddd96d0571ec94f713bb8	56130-0.txt
John Muir	60749	A Thousand-Mile Walk to the Gulf	A-Thousand-Mile-Walk-to-the-Gulf_60749	fetched		254191	8bd39b76410deca18b1ac7df4a8502b9b63cb155e8934ab3737ab1e3dfff0a7e	60749-0.txt
John Muir	60929	Our National Parks	Our-National-Parks_60929	fetched		583523	49004dd5157cdc8431814d62a8f79a6c4b265873e05128ba52999e22ac16b703	60929-0.txt
John Nelson Darby	58397	Washington the Model of Character for American Youth	Washington-the-Model-of-Character-for-American-Youth_58397	unavailable				
John Quincy Adams	896	The Jubilee of the Constitution	The-Jubilee-of-the-Constitution_896	unavailable				
John Quincy Adams	5011	State of the Union Addresses	State-of-the-Union-Addresses_5011	fetched		64857	156fa43684bd5364289aa28f44323bf740e8b0835b960bdd2cfc8c98c09f8a18	5011.txt
John Quincy Adams	5015	State of the Union Addresses of John Quincy Adams	State-of-the-Union-Addresses-of-John-Quincy-Adams_5015	fetched		210987	074ea4ab97ad60691b7e1b964f9c14b8e1317ec6e5e60267bfb25dc9192f4e8f	5015.txt
John Quincy Adams	22397	Shakespearean Playhouses	Shakespearean-Playhouses_22397	unavailable				
John Quincy Adams	34123	Familiar Letters of John Adams and His Wife Abigail Adams During the Revolution	Familiar-Letters-of-John-Adams-and-His-Wife-Abigail-Adams-During-the-Revolution_34123	unavailable				
John Quincy Adams	38906	Ex-President John Quincy Adams in Pittsburgh in 1843	Ex-President-John-Quincy-Adams-in-Pittsburgh-in-1843_38906	unavailable				
John Quincy Adams	40106	Loimologia: Or, an Historical Account of the Plague in London in 1665	Loimologia-Or-an-Historical-Account-of-the-Plague-in-London-in-1665_40106	unavailable				
John Quincy Adams	45205	Novanglus, and Massachusettensis	Novanglus-and-Massachusettensis_45205	unavailable				
John Quincy Adams	48399	Kingless Folk, and Other Addresses on Bible Animals	Kingless-Folk-and-Other-Addresses-on-Bible-Animals_48399	fetched		155069	76f017005c699905f1bf487915f0ac64d5dc25da3b751bfbbe306469f3ca1361	48399-0.txt
John Ruskin	701	The King of the Golden River	The-King-of-the-Golden-River_701	fetched		76446	1ce9a05ffcf6e65e325140066320820e615cd2d84cfa01ad72a30e8f3c0163dc	701.txt
John Ruskin	1293	Sesame and Lilies	Sesame-and-Lilies_1293	fetched		285500	55c91bc5873b0d9012ef4af8b7c817157dfafd27da8ddd8f6a0644578ad96672	1293-0.txt
John Ruskin	4701	The Ethics of the Dust	The-Ethics-of-the-Dust_4701	fetched		310110	51a4900b6a4a59688b41d0f905376c7eec62ad5b6f677c1b9360e6ace403b270	4701.txt
John Ruskin	7227	Mornings in Florence	Mornings-in-Florence_7227	fetched		268005	8f9c7ac7bedd72c6a4b328f1e0e9ecf9fbef70a53d66a0319f41f76a0bb3d105	7227.txt
John Ruskin	7291	The Two Paths	The-Two-Paths_7291	fetched		333897	31440da85d11b0b22412765f79727ccca3e381d6d9d201d53fe4406d2ea63162	7291-8.txt
John Ruskin	8523	Val d'Arno	Val-d-Arno_8523	unavailable				
John Ruskin	9804	Stones of Venice [introductions]	Stones-of-Venice-introductions_9804	unavailable				
John Ruskin	12641	The Queen of the Air: Being a Study of the Greek Myths of Cloud and Storm	The-Queen-of-the-Air-Being-a-Study-of-the-Greek-Myths-of-Cloud-and-Storm_12641	unavailable				
John Ruskin	15088	Proserpina, Volume 2	Proserpina-Volume-2_15088	unavailable				
John Ruskin	15200	Selections From the Works of John Ruskin	Selections-From-the-Works-of-John-Ruskin_15200	fetched		647193	77c19666d983fb6988650862c241828f45ddb785a3b17a3cf5f76a56ba9c8db9	15200.txt
John Ruskin	15947	The Pleasures of England	The-Pleasures-of-England_15947	unavailable				
John Ruskin	17774	The Poetry of Architecture	The-Poetry-of-Architecture_17774	unavailable				
John Ruskin	18371	Giotto and his works in Padua	Giotto-and-his-works-in-Padua_18371	unavailable				
John Ruskin	19164	Lectures on Art, Delivered Before the University of Oxford in Hilary Term, 1870	Lectures-on-Art-Delivered-Before-the-University-of-Oxford-in-Hilary-Term-1870_19164	unavailable				
John Ruskin	19980	A Joy For Ever (and Its Price in the Market)	A-Joy-For-Ever-and-Its-Price-in-the-Market_19980	unavailable				
John Ruskin	20019	Lectures on Landscape	Lectures-on-Landscape_20019	unavailable				
John Ruskin	20204	The Storm-Cloud of the Nineteenth Century	The-Storm-Cloud-of-the-Nineteenth-Century_20204	unavailable				
John Ruskin	20421	Proserpina, Volume 1	Proserpina-Volume-1_20421	unavailable				
John Ruskin	21138	Love's Meinie: Three Lectures on Greek and English Birds	Love-s-Meinie-Three-Lectures-on-Greek-and-English-Birds_21138	unavailable				
John Ruskin	21263	On the Old Road, Vol. 2 (of 2)	On-the-Old-Road-Vol-2-of-2_21263	unavailable				
John Ruskin	21591	The Harbours of England	The-Harbours-of-England_21591	fetched		142215	e00006fa8704c1e5687315e0944c2a12dee5efe35ecefe124d5299fe77532b2b	21591-8.txt
John Ruskin	22230	Hortus Inclusus	Hortus-Inclusus_22230	unavailable				
John Ruskin	23593	Lectures on Architecture and Painting, Delivered at Edinburgh in November 1853	Lectures-on-Architecture-and-Painting-Delivered-at-Edinburgh-in-November-1853_23593	unavailable				
John Ruskin	24428	Our Fathers Have Told Us	Our-Fathers-Have-Told-Us_24428	unavailable				
John Ruskin	25678	On the Old Road  Vol. 1  (of 2)	On-the-Old-Road-Vol-1-of-2_25678	unavailable				
John Ruskin	25897	Aratra Pentelici, Seven Lectures on the Elements of Sculpture	Aratra-Pentelici-Seven-Lectures-on-the-Elements-of-Sculpture_25897	unavailable				
John Ruskin	26716	The Crown of Wild Olive	The-Crown-of-Wild-Olive_26716	unavailable				
John Ruskin	27268	Ariadne Florentina: Six Lectures on Wood and Metal Engraving	Ariadne-Florentina-Six-Lectures-on-Wood-and-Metal-Engraving_27268	unavailable				
John Ruskin	29906	Modern Painters, Volume 2 (of 5)	Modern-Painters-Volume-2-of-5_29906	unavailable				
John Ruskin	29907	Modern Painters, Volume 1 (of 5)	Modern-Painters-Volume-1-of-5_29907	unavailable				
John Ruskin	30173	Saint Ursula: I. The Story of St. Ursula. II. The Dream of St. Ursula.	Saint-Ursula-I-The-Story-of-St-Ursula-II-The-Dream-of-St-Ursula_30173	unavailable				
John Ruskin	30325	The Elements of Drawing, in Three Letters to Beginners	The-Elements-of-Drawing-in-Three-Letters-to-Beginners_30325	fetched		437667	7629c725de2c140ffb3f9612fb638790923f64e4cbfdc7721d652a7e74b1d01a	30325.txt
John Ruskin	30754	The Stones of Venice, Volume 1 (of 3)	The-Stones-of-Venice-Volume-1-of-3_30754	unavailable				
John Ruskin	30755	The Stones of Venice, Volume 2 (of 3),	The-Stones-of-Venice-Volume-2-of-3_30755	unavailable				
John Ruskin	30756	The Stones of Venice, Volume 3 (of 3)	The-Stones-of-Venice-Volume-3-of-3_30756	unavailable				
John Ruskin	31045	Frondes Agrestes: Readings in 'Modern Painters'	Frondes-Agrestes-Readings-in-Modern-Painters_31045	unavailable				
John Ruskin	31196	Time and Tide by Weare and Tyne	Time-and-Tide-by-Weare-and-Tyne_31196	unavailable				
John Ruskin	31623	Modern Painters, Volume 4 (of 5)	Modern-Painters-Volume-4-of-5_31623	unavailable				
John Ruskin	33673	The King of the Golden River; or, the Black Brothers: A Legend of Stiria.	The-King-of-the-Golden-River-or-the-Black-Brothers-A-Legend-of-Stiria_33673	unavailable				
John Ruskin	35898	The Seven Lamps of Architecture	The-Seven-Lamps-of-Architecture_35898	fetched		489535	c75548d5c09fa94f9e69e8c62c147dc36dcaab866e93106cbdee38298c04f5d7	35898.txt
John Ruskin	36541	Unto This Last, and Other Essays on Political Economy	Unto-This-Last-and-Other-Essays-on-Political-Economy_36541	fetched		737249	0f3cfb82ef3cabf0c581f879c2ff774b5509c370767520d29d7f6d59c2ce53a3	36541.txt
John Ruskin	38923	Modern Painters, Volume 3 (of 5)	Modern-Painters-Volume-3-of-5_38923	unavailable				
John Ruskin	39283	Letters to the Clergy on the Lord's Prayer and the Church	Letters-to-the-Clergy-on-the-Lord-s-Prayer-and-the-Church_39283	fetched		359900	1542072cb11655b69f4aaa0f92dedc0be2e57e295ea090350b988977369de5ee	39283.txt
John Ruskin	42917	The Eagle's Nest	The-Eagle-s-Nest_42917	unavailable				
John Ruskin	44329	Modern Painters, Volume 5 (of 5)	Modern-Painters-Volume-5-of-5_44329	unavailable				
John Ruskin	45913	Of Vulgarity	Of-Vulgarity_45913	fetched		64437	c0a4daf9347e0ddf753eee9807c356caded16bae6639de646acf5cc59cc4df3c	45913-0.txt
John Ruskin	48015	Arrows of the Chace, vol. 2/2	Arrows-of-the-Chace-vol-2-2_48015	unavailable				
John Ruskin	49508	Arrows of the Chace, vol. 1/2	Arrows-of-the-Chace-vol-1-2_49508	unavailable				
John Ruskin	59392	Index of the Project Gutenberg Works of John Ruskin	Index-of-the-Project-Gutenberg-Works-of-John-Ruskin_59392	fetched		148759	4b56355d15cf5afd5a129afa973974adc6e221a43d1539fac2de569350b47c43	59392-0.txt
John Ruskin	59456	Fors Clavigera (Volume 1 of 8)	Fors-Clavigera-Volume-1-of-8_59456	unavailable				
John Ruskin	60816	The Elements of Perspective	The-Elements-of-Perspective_60816	unavailable				
John Ruskin	61591	Fors Clavigera (Volume 2 of 8)	Fors-Clavigera-Volume-2-of-8_61591	unavailable				
John Ruskin	61634	Fors Clavigera (Volume 3 of 8)	Fors-Clavigera-Volume-3-of-8_61634	unavailable				
John Ruskin	67544	Fors Clavigera (Volume 4 of 8)	Fors-Clavigera-Volume-4-of-8_67544	unavailable				
John Ruskin	68013	Fors Clavigera (Volume 5 of 8)	Fors-Clavigera-Volume-5-of-8_68013	unavailable				
John Vanbrugh	51113	Plays, written by Sir John Vanbrugh, volume the first	Plays-written-by-Sir-John-Vanbrugh-volume-the-first_51113	fetched		683180	c3f97463136c47bd73f1ca07f25d24f4955686612f4cfd2002ccded4e358abf0	51113-0.txt
John Vanbrugh	51114	Plays, written by Sir John Vanbrugh, volume the second	Plays-written-by-Sir-John-Vanbrugh-volume-the-second_51114	fetched		622783	442d54fc684be314f277eb5621a29eb8d49b1994d45a22824dda95d0c947bf23	51114-0.txt
Jonathan Edwards	34632	Selected Sermons of Jonathan Edwards	Selected-Sermons-of-Jonathan-Edwards_34632	fetched		425228	ee2d14bf8326a42f85afc82873601c41b7fdc6875e858a35e1a9c6a833bc817f	34632.txt
Jonathan Swift	623	The Battle of the Books, and other Short Pieces	The-Battle-of-the-Books-and-other-Short-Pieces_623	fetched		252079	f1e723f62a2c361a1f5e8822eaf0e79e393d48a1e7c1290d6a1b40a8c79f35a9	623.txt
Jonathan Swift	829	Gulliver's Travels into Several Remote Nations of the World	Gulliver-s-Travels-into-Several-Remote-Nations-of-the-World_829	unavailable				
Jonathan Swift	1080	A Modest Proposal	A-Modest-Proposal_1080	unavailable				
Jonathan Swift	1090	The Bickerstaff-Partridge Papers	The-Bickerstaff-Partridge-Papers_1090	fetched		95909	352f1aefc0f5acce751a7d3ebdd6bee9921221134cbffeb3715666ca60c08cad	1090.txt
Jonathan Swift	4208	The Journal to Stella	The-Journal-to-Stella_4208	fetched		1339149	4e6b80dc2c6e697056711cf1bff95f7a7534930b0c4b665ee9f23d7b81043bdf	4208-0.txt
Jonathan Swift	4737	A Tale of a Tub	A-Tale-of-a-Tub_4737	fetched		292423	dcd0ac13f0f362d53bea090cd98316ba23065fc0376cbdb1bea3ea1d3390691d	4737-0.txt
Jonathan Swift	4738	Three Prayers and Sermons	Three-Prayers-and-Sermons_4738	fetched		86181	63261af850bd7bf02fde3eb470a5ac38e42089b5ad92a249df1b1effd11ea22b	4738-0.txt
Jonathan Swift	9270	The Battle of the Books	The-Battle-of-the-Books_9270	unavailable				
Jonathan Swift	9271	The Bickerstaff-Partridge Papers	The-Bickerstaff-Partridge-Papers_9271	unavailable				
Jonathan Swift	9272	Gulliver's Travels	Gulliver-s-Travels_9272	unavailable				
Jonathan Swift	9273	A Modest Proposal	A-Modest-Proposal_9273	unavailable				
Jonathan Swift	9274	The Journal to Stella	The-Journal-to-Stella_9274	unavailable				
Jonathan Swift	9275	A Tale of a Tub	A-Tale-of-a-Tub_9275	unavailable				
Jonathan Swift	9276	Three Sermons, Three Prayers	Three-Sermons-Three-Prayers_9276	unavailable				
Jonathan Swift	12252	The Prose Works of Jonathan Swift, D.D. — Volume 03	The-Prose-Works-of-Jonathan-Swift-D-D-Volume-03_12252	unavailable				
Jonathan Swift	12746	The Prose Works of Jonathan Swift, D.D. — Volume 04	The-Prose-Works-of-Jonathan-Swift-D-D-Volume-04_12746	unavailable				
Jonathan Swift	12784	The Prose Works of Jonathan Swift, D.D. — Volume 06	The-Prose-Works-of-Jonathan-Swift-D-D-Volume-06_12784	unavailable				
Jonathan Swift	13040	The Prose Works of Jonathan Swift, D.D. — Volume 10	The-Prose-Works-of-Jonathan-Swift-D-D-Volume-10_13040	unavailable				
Jonathan Swift	13169	The Prose Works of Jonathan Swift, D.D. — Volume 09	The-Prose-Works-of-Jonathan-Swift-D-D-Volume-09_13169	unavailable				
Jonathan Swift	13621	The Poems of Jonathan Swift, D.D., Volume 2	The-Poems-of-Jonathan-Swift-D-D-Volume-2_13621	unavailable				
Jonathan Swift	14353	The Poems of Jonathan Swift, D.D., Volume 1	The-Poems-of-Jonathan-Swift-D-D-Volume-1_14353	unavailable				
Jonathan Swift	17157	Gulliver's Travels into Several Remote Regions of the World	Gulliver-s-Travels-into-Several-Remote-Regions-of-the-World_17157	unavailable				
Jonathan Swift	18250	The Prose Works of Jonathan Swift, D.D. - Volume 07	The-Prose-Works-of-Jonathan-Swift-D-D-Volume-07_18250	unavailable				
Jonathan Swift	19508	A Modest Proposal	A-Modest-Proposal_19508	unavailable				
Jonathan Swift	28946	Gulliver's Travels	Gulliver-s-Travels_28946	unavailable				
Jonathan Swift	37156	Ireland in the Days of Dean Swift (Irish Tracts, 1720 to 1734)	Ireland-in-the-Days-of-Dean-Swift-Irish-Tracts-1720-to-1734_37156	unavailable				
Jonathan Swift	46760	Hints to Servants	Hints-to-Servants_46760	unavailable				
Jonathan Swift	58825	Index of the Project Gutenberg Works of Jonathan Swift	Index-of-the-Project-Gutenberg-Works-of-Jonathan-Swift_58825	fetched		62834	05873999d887712fe5cfeddef0eef20b06e765233abcd08e71cd1f67a2e4adb0	58825-0.txt
Jonathan Swift	59708	Index of the Project Gutenberg Works of Jonathan Swift	Index-of-the-Project-Gutenberg-Works-of-Jonathan-Swift_59708	fetched		42723	cc33754fa7addabeafbf0487fc024814a8e56838a7af03e89b8ef80c492d5506	59708-0.txt
Jonathan Swift	60186	Polite Conversation in Three Dialogues	Polite-Conversation-in-Three-Dialogues_60186	unavailable				
Jonathan Swift	65473	Gulliver's Travels	Gulliver-s-Travels_65473	fetched		593518	ff1c36137e528a6d3285e59d100aa227d390cf5edff6c3bdb61b2a76cac8811c	65473-0.txt
Joseph Addison	2791	Essays and Tales	Essays-and-Tales_2791	fetched		280787	3d1c864fa2206055c586445d5545ec16b8a7aac65e746aee119e3561d20c2d9f	2791.txt
Joseph Addison	3318	Days with Sir Roger De Coverley	Days-with-Sir-Roger-De-Coverley_3318	fetched		81982	fb9a2b52c669e15242061bc1fecf689fbf2bb3f827628e4fa910a406a5241cb8	3318.txt
Joseph Addison	6482	The Coverley Papers, From 'The Spectator'	The-Coverley-Papers-From-The-Spectator_6482	unavailable				
Joseph Addison	9334	The Spectator, Volume 1	The-Spectator-Volume-1_9334	unavailable				
Joseph Addison	10587	The Poetical Works of Addison; Gay's Fables; and Somerville's Chase	The-Poetical-Works-of-Addison-Gay-s-Fables-and-Somerville-s-Chase_10587	unavailable				
Joseph Addison	11010	The Spectator, Volume 2.	The-Spectator-Volume-2_11010	unavailable				
Joseph Addison	12030	The Spectator, Volumes 1, 2 and 3	The-Spectator-Volumes-1-2-and-3_12030	unavailable				
Joseph Addison	13645	The Tatler, Volume 1	The-Tatler-Volume-1_13645	unavailable				
Joseph Addison	20648	The De Coverley Papers, From 'The Spectator'	The-De-Coverley-Papers-From-The-Spectator_20648	unavailable				
Joseph Addison	31592	Cato: A Tragedy, in Five Acts	Cato-A-Tragedy-in-Five-Acts_31592	unavailable				
Joseph Addison	31645	The Tatler, Volume 3	The-Tatler-Volume-3_31645	fetched		783290	0df386308fd09ac44696193830acb18211c686b62bfba0dc55b800b83b97e64e	31645.txt
Joseph Addison	45769	The Tatler, Volume 2	The-Tatler-Volume-2_45769	unavailable				
Joseph Addison	48026	The Sir Roger de Coverley Papers	The-Sir-Roger-de-Coverley-Papers_48026	fetched		463173	4e3053a304cd4af394a20e5e11d17327c9902aacacc2a00f62acdb33dc3812d6	48026-0.txt
Joseph Addison	49009	The Tatler, Volume 4	The-Tatler-Volume-4_49009	unavailable				
Joseph Conrad	219	Heart of Darkness	Heart-of-Darkness_219	fetched		234041	b5aad152564fa9bdd92d71434134a26fbc3146afdeabd6cc7a09e723dfb0a414	219-0.txt
Joseph Conrad	220	The Secret Sharer	The-Secret-Sharer_220	fetched		111928	b6ff35d92e3db513f8db610ab9a8660662a90988cb2941af000bcd70e07ce35a	220-0.txt
Joseph Conrad	451	The Shadow Line: A Confession	The-Shadow-Line-A-Confession_451	unavailable				
Joseph Conrad	493	Falk: A Reminiscence	Falk-A-Reminiscence_493	unavailable				
Joseph Conrad	494	To-morrow	To-morrow_494	fetched		79373	4233554a1be4c181a50c273e1c2879d57d8c0c655b4b7fdbd1c078769a23a994	494-0.txt
Joseph Conrad	495	Amy Foster	Amy-Foster_495	fetched		89051	603940c4bdd079d0a2170251322c349423f8eae27a04306ebbdca25dcacd5b38	495-0.txt
Joseph Conrad	525	Youth, a Narrative	Youth-a-Narrative_525	fetched		92957	2ba94a4f1df80d7612717e5a22a617e39e1c03a808e4e005ea8487437d781b1e	525-0.txt
Joseph Conrad	526	Heart of Darkness	Heart-of-Darkness_526	fetched		233839	a3080e65b4c1679247db285b56e94541c1ed6650bf5529cd7a43409e73ed27ba	526.txt
Joseph Conrad	527	The End of the Tether	The-End-of-the-Tether_527	fetched		317883	df41cfaa252bb5243fc289ea3ef73197c5f55256f55c7ec0fff1ea5bc33fa367	527-0.txt
Joseph Conrad	638	An Outcast of the Islands	An-Outcast-of-the-Islands_638	fetched		628827	27628e390d23e7fc964ba0ac5f2cf559ab04c3362484ceae276752c0c4fda3d9	638-0.txt
Joseph Conrad	687	A Personal Record	A-Personal-Record_687	fetched		278278	1753d94defc9e8363ecee3e57e0ea3650e88da1cc5f960cbc59a8c2eddf4b7c1	687-0.txt
Joseph Conrad	720	Almayer's Folly: A Story of an Eastern River	Almayer-s-Folly-A-Story-of-an-Eastern-River_720	unavailable				
Joseph Conrad	974	The Secret Agent: A Simple Tale	The-Secret-Agent-A-Simple-Tale_974	unavailable				
Joseph Conrad	1053	Within the Tides: Tales	Within-the-Tides-Tales_1053	unavailable				
Joseph Conrad	1055	'Twixt Land & Sea: Tales	Twixt-Land-Sea-Tales_1055	unavailable				
Joseph Conrad	1058	The Mirror of the Sea	The-Mirror-of-the-Sea_1058	fetched		369264	1b98aaa8b2105ecb28ff3b9cae318e261f02101b07b29458b703c6100f203f25	1058-0.txt
Joseph Conrad	1083	The Arrow of Gold: A Story Between Two Notes	The-Arrow-of-Gold-A-Story-Between-Two-Notes_1083	unavailable				
Joseph Conrad	1142	Typhoon	Typhoon_1142	fetched		199291	e95a0023b0282eb5cf27e36e9733c538da10c773e6f229d2c7646fe24decfe13	1142-0.txt
Joseph Conrad	1143	Notes on Life & Letters	Notes-on-Life-Letters_1143	unavailable				
Joseph Conrad	1202	Tales of Unrest	Tales-of-Unrest_1202	fetched		375604	88df3d73393c59a72f18beac22cad40a2cfd6d87b563235195b8ff99f5139aaf	1202-8.txt
Joseph Conrad	1316	Some Reminiscences	Some-Reminiscences_1316	fetched		276566	7a8bdce8b7e421cc204928b8350c6b3adb9533f04fe85b34eb4c505086823ba2	1316-0.txt
Joseph Conrad	1476	Chance: A Tale in Two Parts	Chance-A-Tale-in-Two-Parts_1476	unavailable				
Joseph Conrad	1712	The Rescue: A Romance of the Shallows	The-Rescue-A-Romance-of-the-Shallows_1712	unavailable				
Joseph Conrad	2021	Nostromo: A Tale of the Seaboard	Nostromo-A-Tale-of-the-Seaboard_2021	unavailable				
Joseph Conrad	2305	A Set of Six	A-Set-of-Six_2305	fetched		597430	8a565065f4438992efd0b7786309755d17de8d2b429c905fb7872f21f2ab15c1	2305-0.txt
Joseph Conrad	2480	Under Western Eyes	Under-Western-Eyes_2480	fetched		676965	96fc7b6dac98278d2a1c8d9c1951da4fb4bedb17115f2d90d3e29e1fd02d8ffa	2480-0.txt
Joseph Conrad	5658	Lord Jim	Lord-Jim_5658	fetched		751813	c80d5abd4a84ba429febd0d4f9227083991578453b048c00b6c32114878e32fa	5658-0.txt
Joseph Conrad	6378	Victory: An Island Tale	Victory-An-Island-Tale_6378	unavailable				
Joseph Conrad	7874	Lord Jim	Lord-Jim_7874	unavailable				
Joseph Conrad	8736	Gaspar Ruiz	Gaspar-Ruiz_8736	fetched		136819	b5aee3bb6f8a3c09623b80bdc36c89dc0889e4f510265ee616a57e09eaa2ce0d	8736-0.txt
Joseph Conrad	9336	To-morrow	To-morrow_9336	unavailable				
Joseph Conrad	9337	Amy Foster	Amy-Foster_9337	unavailable				
Joseph Conrad	9338	The Secret Agent	The-Secret-Agent_9338	unavailable				
Joseph Conrad	9339	A Personal Record	A-Personal-Record_9339	unavailable				
Joseph Conrad	9340	The Arrow of Gold	The-Arrow-of-Gold_9340	unavailable				
Joseph Conrad	9341	Chance: A Tale in Two Parts	Chance-A-Tale-in-Two-Parts_9341	unavailable				
Joseph Conrad	9342	Falk	Falk_9342	unavailable				
Joseph Conrad	9343	Heart of Darkness	Heart-of-Darkness_9343	unavailable				
Joseph Conrad	9344	Almayer's Folly	Almayer-s-Folly_9344	unavailable				
Joseph Conrad	9345	Nostromo	Nostromo_9345	unavailable				
Joseph Conrad	9346	Notes on Life and Letters	Notes-on-Life-and-Letters_9346	unavailable				
Joseph Conrad	9347	An Outcast of the Islands	An-Outcast-of-the-Islands_9347	unavailable				
Joseph Conrad	9348	Some Reminiscences	Some-Reminiscences_9348	unavailable				
Joseph Conrad	9349	A Set of Six	A-Set-of-Six_9349	unavailable				
Joseph Conrad	9350	The Shadow Line	The-Shadow-Line_9350	unavailable				
Joseph Conrad	9351	The Secret Sharer	The-Secret-Sharer_9351	unavailable				
Joseph Conrad	9352	The End of the Tether	The-End-of-the-Tether_9352	unavailable				
Joseph Conrad	9353	The Mirror of the Sea	The-Mirror-of-the-Sea_9353	unavailable				
Joseph Conrad	9354	Tales of Unrest	Tales-of-Unrest_9354	unavailable				
Joseph Conrad	9355	The Rescue	The-Rescue_9355	unavailable				
Joseph Conrad	9356	'Twixt Land and Sea	Twixt-Land-and-Sea_9356	unavailable				
Joseph Conrad	9357	Typhoon	Typhoon_9357	unavailable				
Joseph Conrad	9358	Victory: An Island Tale	Victory-An-Island-Tale_9358	unavailable				
Joseph Conrad	9359	Under Western Eyes	Under-Western-Eyes_9359	unavailable				
Joseph Conrad	9360	Within the Tides	Within-the-Tides_9360	unavailable				
Joseph Conrad	9361	Youth	Youth_9361	unavailable				
Joseph Conrad	14888	The Inheritors	The-Inheritors_14888	fetched		367319	2b83c615f1dd6ff2ad63cfe3c06848513746f79ea47a4d8627bbedf8e3363861	14888-8.txt
Joseph Conrad	17620	The Point Of Honor: A Military Tale	The-Point-Of-Honor-A-Military-Tale_17620	unavailable				
Joseph Conrad	17621	One Day More: A Play In One Act	One-Day-More-A-Play-In-One-Act_17621	unavailable				
Joseph Conrad	17642	Romance	Romance_17642	fetched		927002	21ce94ccb3c1bf064aba4abdae9dfd7c1cd0db2b269e1b55765aa0933ccc7964	17642-0.txt
Joseph Conrad	17731	The Nigger Of The "Narcissus": A Tale Of The Forecastle	The-Nigger-Of-The-Narcissus-A-Tale-Of-The-Forecastle_17731	unavailable				
Joseph Conrad	17732	Tales Of Hearsay	Tales-Of-Hearsay_17732	fetched		210164	67e53c26bebec9cb0235106974e18676f022d4970dc15f3386815e5dfaa330cf	17732-0.txt
Joseph Conrad	20150	Notes on My Books	Notes-on-My-Books_20150	fetched		224723	6cf5787c80e5eee25acc603530938357ea00adfa75f04bdd72df40b821f716a1	20150-8.txt
Joseph Conrad	20270	Heart of Darkness	Heart-of-Darkness_20270	unavailable				
Joseph Conrad	21435	Lord Jim	Lord-Jim_21435	unavailable				
Joseph Conrad	23506	Chance: A Tale in Two Parts	Chance-A-Tale-in-Two-Parts_23506	unavailable				
Joseph Conrad	23896	The Secret Agent	The-Secret-Agent_23896	unavailable				
Joseph Conrad	28843	Youth, a Narrative	Youth-a-Narrative_28843	unavailable				
Joseph Conrad	29156	The Project Gutenberg Works of Joseph Conrad: An Index	The-Project-Gutenberg-Works-of-Joseph-Conrad-An-Index_29156	unavailable				
Joseph Conrad	59142	The Rover	The-Rover_59142	fetched		516810	9cfe676cac3bf4f80c61c849c2712b774d0a8770e77680a2206ff4aa94a7225e	59142-0.txt
Joseph Conrad	63893	Gli Idioti = The Idiots	Gli-Idioti-The-Idiots_63893	fetched		180247	56600f2b21b8107f33a450f1527b57576387df3dc457b78c07b315ecf776f0d8	63893-0.txt
Joseph Conrad	66156	Suspense: A Napoleonic Novel	Suspense-A-Napoleonic-Novel_66156	fetched		471875	4ac48e7c0c9cf98c01827b54f9a815141c7dcec2915323ec6ef890b33b7eaf3c	66156-0.txt
Joseph Hall	56978	The Book of the Feet: A History of Boots and Shoes	The-Book-of-the-Feet-A-History-of-Boots-and-Shoes_56978	fetched		284473	ab9528478fb2a75e48fb301e2fc05fcf2ddb9dce0237524177ef5f0328d044e6	56978-0.txt
Josephus Daniels	10230	Remarks from a Visit to Edison Laboratory	Remarks-from-a-Visit-to-Edison-Laboratory_10230	unavailable				
Josephus Daniels	63596	Our Navy at war	Our-Navy-at-war_63596	fetched		874241	c1726f86a70e14ac41821e5d6d928fd64a29951399f2ee409f1198d86616ddc1	63596-0.txt
Josh Billings	36556	The Complete Works of Josh Billings	The-Complete-Works-of-Josh-Billings_36556	fetched		854321	47e032c4fec11a6044dcf2fcd9cc46f42c677854bfe05b70c09a710a9801b41a	36556-0.txt
Josh Billings	40191	Josh Billings' Farmer's Allminax, 1870-1879	Josh-Billings-Farmer-s-Allminax-1870-1879_40191	unavailable				
Josh Billings	41025	Josh Billings on Ice, and Other Things	Josh-Billings-on-Ice-and-Other-Things_41025	unavailable				
Josh Billings	45365	Josh Billings, Hiz Sayings	Josh-Billings-Hiz-Sayings_45365	fetched		224268	c09ee7f620aec1dcd0467a6f39b72543123cf80316769f59f8e7e2a47ffda41f	45365-8.txt
Julia Margaret Cameron	60406	The Seven Purposes: An Experience in Psychic Phenomena	The-Seven-Purposes-An-Experience-in-Psychic-Phenomena_60406	fetched		383359	03b042c2c78045e9a68d13d53aea544c6c539087bb0284e6748a88f287ee0107	60406-0.txt
Kahlil Gibran	5616	The Madman: His Parables and Poems	The-Madman-His-Parables-and-Poems_5616	unavailable				
Kahlil Gibran	54580	The Forerunner, His Parables and Poems	The-Forerunner-His-Parables-and-Poems_54580	fetched		61381	d9d5425c4a180427ac61293c17921e2ff26a94f2fda14c885c7c78a02059a02b	54580-0.txt
Kahlil Gibran	58585	The Prophet	The-Prophet_58585	fetched		91189	7709cdd7d6b6f1f124f97d571495d41f01cb58f1e5302bce4a397970c5cf4815	58585-0.txt
Karel Capek	59112	R.U.R. (Rossum's Universal Robots)	R-U-R-Rossum-s-Universal-Robots_59112	unavailable				
Karel Capek	61420	'And So Ad Infinitum' (The Life of the Insects)	And-So-Ad-Infinitum-The-Life-of-the-Insects_61420	unavailable				
Karl Marx	61	The Communist Manifesto	The-Communist-Manifesto_61	fetched		94275	8c852079cb029e17ca2e3fa5d8c57f0e828ebf0bf544ed55e246fd5d751a4bb1	61.txt
Karl Marx	1346	The Eighteenth Brumaire of Louis Bonaparte	The-Eighteenth-Brumaire-of-Louis-Bonaparte_1346	fetched		272033	c45c7e95f7db0fab7ce7ff151ef19860ee170d26fd6b48da467b4aa044e09dfc	1346.txt
Karl Marx	23905	The Communist Manifesto	The-Communist-Manifesto_23905	unavailable				
Karl Marx	31193	Manifesto of the Communist Party	Manifesto-of-the-Communist-Party_31193	fetched		114430	65c676360a713ed8d39af5c9a4ec252b8625e656b47c331efd98fd40a71e1f55	31193-8.txt
Karl Marx	32370	Secret Diplomatic History of The Eighteenth Century	Secret-Diplomatic-History-of-The-Eighteenth-Century_32370	fetched		220016	91fde15f3bd758b85b02ffb2f808437d831ca5feaf240d9fb2997df1c630c6f3	32370-8.txt
Karl Marx	32966	Revolution and Counter-Revolution; Or, Germany in 1848	Revolution-and-Counter-Revolution-Or-Germany-in-1848_32966	unavailable				
Karl Marx	46423	A Contribution to the Critique of Political Economy	A-Contribution-to-the-Critique-of-Political-Economy_46423	unavailable				
Knut Hamsun	7214	Pan	Pan_7214	fetched		253443	92b6ab9db60aaac293bc46635427b0945e626aa979008d01c2841f1ab260446d	7214-0.txt
Knut Hamsun	7537	Shallow Soil	Shallow-Soil_7537	fetched		428616	673f22cd61dcd4ffa4cbddff2e0e78ad957695432f54aa96d4a364cd6963e8a0	7537-8.txt
Knut Hamsun	7762	Wanderers	Wanderers_7762	fetched		545321	270a4d3added76d426957420cfefbb808fca170497201b106725d22a84188611	7762-0.txt
Knut Hamsun	8387	Hunger	Hunger_8387	fetched		382814	a74675b8f16f48ac0d69bd8d93245495afb0598576c734d922964c9fa2425db4	8387-8.txt
Knut Hamsun	8445	Look Back on Happiness	Look-Back-on-Happiness_8445	fetched		359627	00a61be95d3529ca79612d0fb6aa9b4a5b99497e7146e93e1af6c56defb5319e	8445.txt
Knut Hamsun	10984	Growth of the Soil	Growth-of-the-Soil_10984	fetched		799202	153c3b0b1ce4400743fc0e56f0159a2777660dead522654c5f0850c214bed85f	10984.txt
Knut Hamsun	46220	Mothwise	Mothwise_46220	fetched		226843	64b5ca2d2ca8578c3e19ee6147fdd592b21ae4b9042d10735b05e4e20cb50ed0	46220-0.txt
La Rochefoucauld	9105	Reflections; or Sentences and Moral Maxims	Reflections-or-Sentences-and-Moral-Maxims_9105	unavailable				
Lady Mary Wortley Montagu	5992	Station Amusements in New Zealand	Station-Amusements-in-New-Zealand_5992	fetched		376141	3b57327f2e9b91c541c047e861248e40ad99e55b2b32784096486b974159d70f	5992.txt
Lady Mary Wortley Montagu	6104	Station Life in New Zealand	Station-Life-in-New-Zealand_6104	fetched		363988	9fa152786738fc0b168f391f51b931ee87fb50b0bd74da0d610d21a3c85f5e2e	6104.txt
Lady Mary Wortley Montagu	10590	Lady Mary Wortley Montague, Her Life and Letters (1689-1762)	Lady-Mary-Wortley-Montague-Her-Life-and-Letters-1689-1762_10590	unavailable				
Lady Mary Wortley Montagu	17520	Letters of the Right Honourable Lady M—y W—y M—e	Letters-of-the-Right-Honourable-Lady-My-Wy-Me_17520	unavailable				
Lady Mary Wortley Montagu	38557	"Granny's Chapters" (on scriptural subjects)	Granny-s-Chapters-on-scriptural-subjects_38557	unavailable				
Lady Mary Wortley Montagu	41878	Changing China	Changing-China_41878	fetched		526704	02af26c91caa85ea0a3be98b99f60d8b473c6d6a03e7a55be6c72eaf8aa6ef0d	41878-8.txt
Lady Mary Wortley Montagu	41922	The Bedroom and Boudoir	The-Bedroom-and-Boudoir_41922	fetched		140496	0f5202bddb94df4d49c843ff185b0db4f18634469ce0b809e2d87445752c7b4b	41922-8.txt
Lady Mary Wortley Montagu	43743	Munster Village	Munster-Village_43743	fetched		375617	e36b729c2e2b282927d2e1e57c3c52ae7911a40795fb0c41f0d9cbaa301d2078	43743.txt
Lady Mary Wortley Montagu	45592	Reflections on the Rise and Fall of the Ancient Republicks	Reflections-on-the-Rise-and-Fall-of-the-Ancient-Republicks_45592	unavailable				
Lady Mary Wortley Montagu	53574	Life in South Africa	Life-in-South-Africa_53574	fetched		595008	38f990fba2e0f02316af30208e72b43b39593bf17c664b6a7d7ff3539a8f1b09	53574-0.txt
Lascelles Abercrombie	10716	The Epic	The-Epic_10716	unavailable				
Lascelles Abercrombie	15472	Emblems of Love	Emblems-of-Love_15472	fetched		239587	26d418b8dd7452a007fa6dccf0f80dca5eb583bc623c17e03c93d919d6110ed0	15472-8.txt
Laurence Sterne	804	A Sentimental Journey Through France and Italy	A-Sentimental-Journey-Through-France-and-Italy_804	fetched		244976	b3d0db1a3e965d9dbcf915daf01f30e1774df1d8fd2b169bc852751ab20b5731	804-0.txt
Laurence Sterne	1079	The Life and Opinions of Tristram Shandy, Gentleman	The-Life-and-Opinions-of-Tristram-Shandy-Gentleman_1079	fetched		1070225	63f8e958b607acbface0f2537aa96e6ef5f90e1be855b65cae194422b2048d4b	1079.txt
Laurence Sterne	20257	A Political Romance	A-Political-Romance_20257	fetched		78967	6517890d07fc8e92ba2af9531a10151a295fe8375a7d53b9e751cb13979f855c	20257.txt
Laurence Sterne	39270	The Life and Opinions of Tristram Shandy, Gentleman	The-Life-and-Opinions-of-Tristram-Shandy-Gentleman_39270	fetched		1175199	6d7187d2cc47b94bd38a52f50a4e656a1aedb3a360bc5388c9f0333e9b720eea	39270-0.txt
Laurence Sterne	60563	The Journal to Eliza and Various letters by Laurence Sterne and Elizabeth Draper	The-Journal-to-Eliza-and-Various-letters-by-Laurence-Sterne-and-Elizabeth-Draper_60563	unavailable				
Leo Tolstoy	243	The Forged Coupon, and Other Stories	The-Forged-Coupon-and-Other-Stories_243	fetched		352273	fa70fc73e1f52bf20d6571fd853b53f5f8f6c914990f112bcae246ccebde7679	243-0.txt
Leo Tolstoy	689	The Kreutzer Sonata and Other Stories	The-Kreutzer-Sonata-and-Other-Stories_689	fetched		384147	b1eff6f29bb103b5c3239fdb5c47bea380896eecec48ce4a2dcdff9e7d62544d	689-0.txt
Leo Tolstoy	985	Father Sergius	Father-Sergius_985	fetched		119573	227dd14cdd78964c448df8fe9b8d4276a3b270c0c2910ea143319c71e017f1d9	985-0.txt
Leo Tolstoy	986	Master and Man	Master-and-Man_986	fetched		130043	b08a5a42bb4299366da5cf5196c3df88ec881df600277124a1e659582eebff67	986-0.txt
Leo Tolstoy	1399	Anna Karenina	Anna-Karenina_1399	fetched		2068089	ed44f47853a75d27009a011ae6d243fa89b8e03806b1dfcc66c1a80658d6b0c4	1399-0.txt
Leo Tolstoy	1938	Resurrection	Resurrection_1938	fetched		1027544	e5b3b61b38c0b8144c9d8be2b2021f627710a2f95700a45fb776eb521967c74b	1938-0.txt
Leo Tolstoy	2142	Childhood	Childhood_2142	fetched		238550	d036c0bc6fc5f83b268fd2e4cdd28bfaf2a1a06038963640f5e8d640d0fc1dd0	2142-0.txt
Leo Tolstoy	2450	Boyhood	Boyhood_2450	fetched		184231	e626239177e14e80becf05cb388e98a8a97b25eea85b2e0b024568d97467d39a	2450-0.txt
Leo Tolstoy	2600	War and Peace	War-and-Peace_2600	fetched		3359542	6cbcc5ca5e590fb9ace161a5b93e4ecf280d7118104be0d63b686c004cfa70ae	2600-0.txt
Leo Tolstoy	2637	Youth	Youth_2637	fetched		394630	01358fcfd043d788990993d392c1cfbf8b7220948332928ae0e6bb0a0ebca4ac	2637-0.txt
Leo Tolstoy	3540	The Census in Moscow	The-Census-in-Moscow_3540	fetched		43757	afb6132a66acb81b94396fd3700c4e34008df7e91ac276441c5af90f533733d6	3540.txt
Leo Tolstoy	3541	What to Do? Thoughts Evoked By the Census of Moscow	What-to-Do-Thoughts-Evoked-By-the-Census-of-Moscow_3541	unavailable				
Leo Tolstoy	3630	What to Do? Thoughts Evoked by the Census of Moscow	What-to-Do-Thoughts-Evoked-by-the-Census-of-Moscow_3630	unavailable				
Leo Tolstoy	3631	On the Significance of Science and Art	On-the-Significance-of-Science-and-Art_3631	fetched		158025	bd5b6dfac0c17fc357ee2cb55d8548edc5c658e4f8169b8b800bd90244ae24d0	3631.txt
Leo Tolstoy	4602	"The Kingdom of God Is Within You"	The-Kingdom-of-God-Is-Within-You_4602	unavailable				
Leo Tolstoy	4761	The Cossacks: A Tale of 1852	The-Cossacks-A-Tale-of-1852_4761	unavailable				
Leo Tolstoy	6157	What Men Live By, and Other Tales	What-Men-Live-By-and-Other-Tales_6157	fetched		120557	67c28e2453cbbd62c9e6bc21102dbc376dd56a60f1104f56c1a714714506ffce	6157-0.txt
Leo Tolstoy	7176	A Letter to a Hindu	A-Letter-to-a-Hindu_7176	fetched		54580	17ff97ce832dfe4affd85cc258dfc7e12a13ea962a7bfe5bf98f15ef74e478a7	7176.txt
Leo Tolstoy	9792	Redemption and two other plays	Redemption-and-two-other-plays_9792	fetched		446369	5c455af046c3a2e6513f8abc6486b066ac53beebe94b5774eb6e05ba4590e4bd	9792-8.txt
Leo Tolstoy	17352	The Awakening	The-Awakening_17352	unavailable				
Leo Tolstoy	19680	Childhood	Childhood_19680	unavailable				
Leo Tolstoy	26472	What Men Live By and Other Tales	What-Men-Live-By-and-Other-Tales_26472	unavailable				
Leo Tolstoy	26581	Master and Man	Master-and-Man_26581	unavailable				
Leo Tolstoy	26660	Plays: Complete Edition, Including the Posthumous Plays	Plays-Complete-Edition-Including-the-Posthumous-Plays_26660	unavailable				
Leo Tolstoy	26661	The Power of Darkness	The-Power-of-Darkness_26661	fetched		176309	8ba4eeb3d7a0dd27affe2790c52deb89d95882a0c8e728178e255c3989c1912c	26661-8.txt
Leo Tolstoy	26662	The First Distiller	The-First-Distiller_26662	fetched		52871	9d917f6dc1760d0952e09705b7ff7ea9863421f362a3404888d535c073b86dee	26662-8.txt
Leo Tolstoy	26663	Fruits of Culture	Fruits-of-Culture_26663	fetched		195463	7df65ee778d74d48d0f579fb73c09de1ec003a92ddefe234fc893e515e5617e2	26663-8.txt
Leo Tolstoy	26664	The Live Corpse	The-Live-Corpse_26664	fetched		125836	a4904e3b00dfc1691e83417c10e6de0b820b59e9c23584fe7af1e845e8cfd805	26664-8.txt
Leo Tolstoy	26665	The Cause of it All	The-Cause-of-it-All_26665	fetched		44795	18f45632bcbf1ad31ea1aeccd7b1ca74212b64cb81fe0d6d56bf9b91c54a16ca	26665-8.txt
Leo Tolstoy	26666	The Light Shines in Darkness	The-Light-Shines-in-Darkness_26666	fetched		168108	8407a4ee7fcc6f562b93322ac0344128e4c2a9fa1bf6be91f42a5e893079232b	26666-8.txt
Leo Tolstoy	27189	"Bethink Yourselves!"	Bethink-Yourselves_27189	unavailable				
Leo Tolstoy	27726	Tolstoy on Shakespeare: A Critical Essay on Shakespeare	Tolstoy-on-Shakespeare-A-Critical-Essay-on-Shakespeare_27726	unavailable				
Leo Tolstoy	28920	War and Peace, Book 01: 1805	War-and-Peace-Book-01-1805_28920	unavailable				
Leo Tolstoy	38025	Fables for Children, Stories for Children, Natural Science Stories, Popular Education, Decembrists, Moral Tales	Fables-for-Children-Stories-for-Children-Natural-Science-Stories-Popular-Education-Decembrists-Moral-Tales_38025	unavailable				
Leo Tolstoy	38616	Where Love is There God is Also	Where-Love-is-There-God-is-Also_38616	fetched		48593	d79783ebf1bb946f909b4f38a8305afe95320e4f91a009a85fb0ff80a09a8564	38616-8.txt
Leo Tolstoy	38690	What Shall We Do?	What-Shall-We-Do_38690	unavailable				
Leo Tolstoy	41119	A Russian Proprietor, and Other Stories	A-Russian-Proprietor-and-Other-Stories_41119	fetched		554822	52973ebffdb197f35984f9c010cfd3a95b42fbe943d39f5a70949c10d3e328a4	41119.txt
Leo Tolstoy	43302	"The Kingdom of God Is Within You"	The-Kingdom-of-God-Is-Within-You_43302	unavailable				
Leo Tolstoy	43372	The Kingdom of God is Within You / Christianity and Patriotism / Miscellanies	The-Kingdom-of-God-is-Within-You-Christianity-and-Patriotism-Miscellanies_43372	unavailable				
Leo Tolstoy	43409	The Kingdom of God is Within You; What is Art?	The-Kingdom-of-God-is-Within-You-What-is-Art_43409	fetched		1182649	3fe944184eced1af4fd7c4bc6c896ca5d28a4b69f7d863d28d8f1b8397b28a71	43409-0.txt
Leo Tolstoy	43794	My Religion	My-Religion_43794	fetched		446915	a653056a2021a7e7b937068674166fcd38104e33287d1f03a44ef577b6becc4c	43794-8.txt
Leo Tolstoy	44266	Katia	Katia_44266	fetched		248879	c0227094bc3f8f40f1acf6e0ea799f4e34c76a1457901d0180a8f34838c72b2a	44266-8.txt
Leo Tolstoy	46272	The Journal of Leo Tolstoi (First Volume—1895-1899)	The-Journal-of-Leo-Tolstoi-First-Volume1895-1899_46272	unavailable				
Leo Tolstoy	47197	Sevastopol	Sevastopol_47197	fetched		306040	8dd300e735851c71f2168b564a223079ec483fd46bd26f24a15ba45cbe6b0eef	47197-0.txt
Leo Tolstoy	51018	Three Days in the Village, and Other Sketches.	Three-Days-in-the-Village-and-Other-Sketches_51018	unavailable				
Leo Tolstoy	51708	Tolstoi for the young: Select tales from Tolstoi	Tolstoi-for-the-young-Select-tales-from-Tolstoi_51708	fetched		215921	3305a7d65bfe44b000f808c15cee4d062650c1aa143df0ececdfe2d63c20aa35	51708-0.txt
Leo Tolstoy	56797	The Invaders, and Other Stories	The-Invaders-and-Other-Stories_56797	fetched		523814	135294d43b11abcf72d1abd39a86123373fa941d6d5fbd9ea4e2ab049ca3c077	56797-0.txt
Leo Tolstoy	59195	Index of the Project Gutenberg Works of Leon Tolstoy	Index-of-the-Project-Gutenberg-Works-of-Leon-Tolstoy_59195	fetched		44268	624b39291f4c85ab5036ca52f167e85c9a27596aca981791673f01b11225aa17	59195-0.txt
Leo Tolstoy	61388	Sebastopol	Sebastopol_61388	fetched		270749	01e29e3b5aebdf429d6e1c18ea0d731e3767304f486d973dd139bbef062d5606	61388-0.txt
Leo Tolstoy	64908	What Is Art?	What-Is-Art_64908	fetched		513570	1bfeab47f0357e82c8d85207d46f50224a12953be43e38803d4f364c7a71f753	64908-0.txt
Leo Tolstoy	67224	The Devil	The-Devil_67224	fetched		130677	e1b8eaef559d9245eeb86ba153a3dfb0dbff2571c676f4ef69f187f3635dd5c2	67224-0.txt
Leonard Bacon	20160	A History of American Christianity	A-History-of-American-Christianity_20160	fetched		860161	8d456899a41fa5a55f50edc5317a0780c6673780642a25b65619a5246a10151d	20160.txt
Leonardo da Vinci	4998	The Notebooks of Leonardo Da Vinci — Volume 1	The-Notebooks-of-Leonardo-Da-Vinci-Volume-1_4998	fetched		618156	de9dbdd9bf643edba707dd94bef2f7b24fecc9c18b858f3c1ac73ba59dddc1e9	4998-8.txt
Leonardo da Vinci	4999	The Notebooks of Leonardo Da Vinci — Volume 2	The-Notebooks-of-Leonardo-Da-Vinci-Volume-2_4999	fetched		820695	fa71f5e29fe649cf26bae5ffbfefaa2bb5b24eadd1bda6a9e6249879c0f867ef	4999-8.txt
Leonardo da Vinci	5000	The Notebooks of Leonardo Da Vinci — Complete	The-Notebooks-of-Leonardo-Da-Vinci-Complete_5000	fetched		1428841	e4057f057d4f60d9a890012564f234c6018867e36478e4f27765cbf43b078553	5000-8.txt
Leonardo da Vinci	29904	Thoughts on Art and Life	Thoughts-on-Art-and-Life_29904	fetched		293653	f4bdc130b5a6d702c90746026b5b2fff0f25e628e440e41f7f55216792e29e8e	29904-8.txt
Leonardo da Vinci	46915	A Treatise on Painting	A-Treatise-on-Painting_46915	fetched		449122	a760ee101a93dae93430f0cca9a213ac01dd97f807699ea16611aea65432db9a	46915-8.txt
Lewis Carroll	11	Alice's Adventures in Wonderland	Alice-s-Adventures-in-Wonderland_11	fetched		173595	49a0b2726606e1290ac03a63978fa1dd1bd38a8d805704d98265f393533ea094	11-0.txt
Lewis Carroll	12	Through the Looking-Glass	Through-the-Looking-Glass_12	fetched		193607	24bae70935e7fce7be74357779c53861c0cd04b3687f3005c1a8687f2b909988	12-0.txt
Lewis Carroll	13	The Hunting of the Snark: An Agony in Eight Fits	The-Hunting-of-the-Snark-An-Agony-in-Eight-Fits_13	unavailable				
Lewis Carroll	620	Sylvie and Bruno	Sylvie-and-Bruno_620	fetched		402973	2a56262226fbda7b3f8990c03e405282d7d7ddc1ca6ce9f82417fdc4f05021ee	620-0.txt
Lewis Carroll	651	Phantasmagoria and Other Poems	Phantasmagoria-and-Other-Poems_651	fetched		110312	bd07222f41e907f106734618119003722e486d57fa6142b60b1c2175717e46c8	651-0.txt
Lewis Carroll	928	Alice's Adventures in Wonderland	Alice-s-Adventures-in-Wonderland_928	unavailable				
Lewis Carroll	4763	The Game of Logic	The-Game-of-Logic_4763	fetched		139514	1d7e1409783c5d6f4aaa25d07a2b78cabec25c572b17c5dcaeb28696fbe73d63	4763.txt
Lewis Carroll	19002	Alice's Adventures Under Ground	Alice-s-Adventures-Under-Ground_19002	unavailable				
Lewis Carroll	19033	Alice's Adventures in Wonderland	Alice-s-Adventures-in-Wonderland_19033	fetched		74735	3125fd340a53e10150a581695890f134094788552081b043aefd96bf6fbb046a	19033-8.txt
Lewis Carroll	19551	Alice in Wonderland, Retold in Words of One Syllable	Alice-in-Wonderland-Retold-in-Words-of-One-Syllable_19551	fetched		124552	d3ac675a38f6a2579375a4e644fe2b14f7fb00a8e44afdb1b819ae75bce48d99	19551-8.txt
Lewis Carroll	19573	Alice's Adventures in Wonderland	Alice-s-Adventures-in-Wonderland_19573	unavailable				
Lewis Carroll	21521	The Hunting of the Snark	The-Hunting-of-the-Snark_21521	unavailable				
Lewis Carroll	23716	Alice's Adventures in Wonderland	Alice-s-Adventures-in-Wonderland_23716	unavailable				
Lewis Carroll	23717	Jabberwocky	Jabberwocky_23717	unavailable				
Lewis Carroll	23718	Through the Looking-Glass	Through-the-Looking-Glass_23718	unavailable				
Lewis Carroll	28696	Symbolic Logic	Symbolic-Logic_28696	fetched		471197	d0331eac3a54d811aab8d67c34ad70d49e9e1a60781b90b0da71e8a51d59fb29	28696.txt
Lewis Carroll	28885	Alice's Adventures in Wonderland	Alice-s-Adventures-in-Wonderland_28885	unavailable				
Lewis Carroll	29042	A Tangled Tale	A-Tangled-Tale_29042	fetched		184036	f275109eee71f0d05444c96882bc824598b96ad0e203c5009582f32cac1d92ed	29042.txt
Lewis Carroll	29888	The Hunting of the Snark: An Agony, in Eight Fits	The-Hunting-of-the-Snark-An-Agony-in-Eight-Fits_29888	unavailable				
Lewis Carroll	33582	Rhyme? And Reason?	Rhyme-And-Reason_33582	unavailable				
Lewis Carroll	35497	Three Sunsets and Other Poems	Three-Sunsets-and-Other-Poems_35497	fetched		67444	07f919814c6a4cd599489c2aa2688545192638bc5df75feee23184b5f80e3a7e	35497-8.txt
Lewis Carroll	35535	Feeding the Mind	Feeding-the-Mind_35535	fetched		37238	e21b8c4b30f45ea4c49ec214ef5a7f7cb923d3a9f097b1c6dffcc60557de93a0	35535.txt
Lewis Carroll	35688	Alice in Wonderland	Alice-in-Wonderland_35688	unavailable				
Lewis Carroll	36308	Songs From Alice in Wonderland and Through the Looking-Glass	Songs-From-Alice-in-Wonderland-and-Through-the-Looking-Glass_36308	fetched		43355	1bb690d3c7d20ffaa591c2bcbf2f7ae1aeb32ab148837d29158cbbb36ed7c215	36308-8.txt
Lewis Carroll	37354	Condensation of Determinants	Condensation-of-Determinants_37354	unavailable				
Lewis Carroll	38065	Eight or Nine Wise Words about Letter-Writing	Eight-or-Nine-Wise-Words-about-Letter-Writing_38065	fetched		52924	4c11e02c1689500e099b3a831e0ca8be3247c5362dcb52e7e2d629ce6cbb88da	38065.txt
Lewis Carroll	48630	Sylvie and Bruno (Illustrated)	Sylvie-and-Bruno-Illustrated_48630	fetched		427354	2950fc63e6c2085e09598f551dddb6d0b57764c4065230a204c8d6c57adb2fd5	48630-0.txt
Lewis Carroll	48795	Sylvie and Bruno Concluded (Illustrated)	Sylvie-and-Bruno-Concluded-Illustrated_48795	fetched		490313	1c3047e33e2e1606e5d00f580d433104842c6f7f5f8f40345ddac243b33cb35b	48795-0.txt
Lewis Carroll	55040	The Nursery "Alice"	The-Nursery-Alice_55040	fetched		69884	f78cd5f67973d0aee13e1eb6fe57fb17768228e95cb01d8cb00839dc2675cde4	55040-0.txt
Lewis Carroll	59111	Index of the Project Gutenberg Works of Lewis Carroll	Index-of-the-Project-Gutenberg-Works-of-Lewis-Carroll_59111	fetched		36138	be539066b8cd865648530121a39d6aebdcaa64ed7b6b81c2668f38ec2960f746	59111-0.txt
Liberty Hyde Bailey	9550	Manual of Gardening (Second Edition)	Manual-of-Gardening-Second-Edition_9550	unavailable				
Liberty Hyde Bailey	26132	The Apple-Tree	The-Apple-Tree_26132	unavailable				
Liberty Hyde Bailey	33178	The Holy Earth	The-Holy-Earth_33178	fetched		238656	bc8270da6c22cf488d5f92d58554a1dc15d61c92f24daa5622fc3de2ce436344	33178-8.txt
Liberty Hyde Bailey	34602	The Practical Garden-Book	The-Practical-Garden-Book_34602	unavailable				
Liberty Hyde Bailey	39779	American Grape Training	American-Grape-Training_39779	unavailable				
Liberty Hyde Bailey	40197	The Country-Life Movement in the United States	The-Country-Life-Movement-in-the-United-States_40197	fetched		250439	aca18bdb462c59afbe22140fd2dbf72abd644cffb3604784790d81aff4d500a1	40197.txt
Liberty Hyde Bailey	47955	The Nursery-Book: A Complete Guide to the Multiplication and Pollination of Plants	The-Nursery-Book-A-Complete-Guide-to-the-Multiplication-and-Pollination-of-Plants_47955	fetched		600395	878c2c9d4bf8f55841a1240bc4b3f7fc681d5db60024e9c94d168f67d3fee475	47955-0.txt
Lucius Annaeus Seneca	3794	L. Annaeus Seneca on Benefits	L-Annaeus-Seneca-on-Benefits_3794	unavailable				
Lucius Annaeus Seneca	10001	Apocolocyntosis	Apocolocyntosis_10001	fetched		52510	d3232b041c0511998b179d2f7563a8010e493d231c72c479e6d31d38e48520a1	10001.txt
Lucius Annaeus Seneca	46058	Two Tragedies of Seneca: Medea and The Daughters of Troy	Two-Tragedies-of-Seneca-Medea-and-The-Daughters-of-Troy_46058	unavailable				
Lucius Annaeus Seneca	56075	Seneca's Morals of a Happy Life, Benefits, Anger and Clemency	Seneca-s-Morals-of-a-Happy-Life-Benefits-Anger-and-Clemency_56075	fetched		638324	a7bda32fa4d563fa64aef41726a04b2c4aed5bdfd02d86e09680c9f25a078c2d	56075-0.txt
Lucius Annaeus Seneca	57999	The Tragedies of Seneca	The-Tragedies-of-Seneca_57999	unavailable				
Lucius Annaeus Seneca	59025	Index of the Project Gutenberg Works of Lucius Annaeus Seneca	Index-of-the-Project-Gutenberg-Works-of-Lucius-Annaeus-Seneca_59025	fetched		26116	860e467b41db779b990856f6b333167e0eec07b836a2ce67b3b2d5be13fa8866	59025-0.txt
Lucius Annaeus Seneca	64576	Minor Dialogues, Together With the Dialogue on Clemency	Minor-Dialogues-Together-With-the-Dialogue-on-Clemency_64576	fetched		861150	43230f3f7cce96c85f36930259f713589f3e69812aaad27ac8fedac89201cc99	64576-0.txt
Madame de Staël	467	The Princess of Cleves	The-Princess-of-Cleves_467	fetched		356692	294f13280e66ed0011ec932df40b09ef6cdb1c1efd682c698a0adbd01de68f47	467.txt
Madame de Staël	2365	The Princess De Montpensier	The-Princess-De-Montpensier_2365	fetched		79737	e843f7bb1af1fe91887758f13b79346ff6df3a5d8bbb54cbf7f094fd695b08df	2365-8.txt
Madame de Staël	3847	Memoirs of Madame la Marquise de Montespan — Volume 1	Memoirs-of-Madame-la-Marquise-de-Montespan-Volume-1_3847	unavailable				
Madame de Staël	3848	Memoirs of Madame la Marquise de Montespan — Volume 2	Memoirs-of-Madame-la-Marquise-de-Montespan-Volume-2_3848	unavailable				
Madame de Staël	3849	Memoirs of Madame la Marquise de Montespan — Volume 3	Memoirs-of-Madame-la-Marquise-de-Montespan-Volume-3_3849	unavailable				
Madame de Staël	3850	Memoirs of Madame la Marquise de Montespan — Volume 4	Memoirs-of-Madame-la-Marquise-de-Montespan-Volume-4_3850	unavailable				
Madame de Staël	3851	Memoirs of Madame la Marquise de Montespan — Volume 5	Memoirs-of-Madame-la-Marquise-de-Montespan-Volume-5_3851	unavailable				
Madame de Staël	3852	Memoirs of Madame la Marquise de Montespan — Volume 6	Memoirs-of-Madame-la-Marquise-de-Montespan-Volume-6_3852	unavailable				
Madame de Staël	3853	Memoirs of Madame la Marquise de Montespan — Volume 7	Memoirs-of-Madame-la-Marquise-de-Montespan-Volume-7_3853	unavailable				
Madame de Staël	3854	Memoirs of Madame la Marquise de Montespan — Complete	Memoirs-of-Madame-la-Marquise-de-Montespan-Complete_3854	unavailable				
Madame de Staël	4665	Signora Fantastici (A Dramatic Proverb)	Signora-Fantastici-A-Dramatic-Proverb_4665	unavailable				
Madame de Staël	7054	World's Best Histories — Volume 7: France	World-s-Best-Histories-Volume-7-France_7054	fetched		1116598	23e759925f02d6a58338222f81eb62ee825fcd74ca1d6e95ec75a62a1ab23f4f	7054-8.txt
Madame de Staël	7562	Quotes and Images From Memoirs of Madame De Montespan	Quotes-and-Images-From-Memoirs-of-Madame-De-Montespan_7562	excluded	excerpt digest - names no original work, so it is a source of nothing			
Madame de Staël	9364	Life in Mexico	Life-in-Mexico_9364	fetched		1340092	064afe4f9381f35414cb439e445185e449ff42f672b2e1d94571999ba88c5f69	9364-8.txt
Madame de Staël	16245	Ten Years' Exile	Ten-Years-Exile_16245	unavailable				
Madame de Staël	16896	Corinne; Or, Italy. Volume 1 (of 2)	Corinne-Or-Italy-Volume-1-of-2_16896	unavailable				
Madame de Staël	28761	Life in Mexico	Life-in-Mexico_28761	unavailable				
Madame de Staël	43283	The Correspondence of Madame, Princess Palatine, Mother of the Regent; of Marie-Adélaïde de Savoie, Duchesse de Bourgogne; and of Madame de Maintenon, in Relation to Saint-Cyr	The-Correspondence-of-Madame-Princess-Palatine-Mother-of-the-Regent-of-Marie-Adelaide-de-Savoie-Duchesse-de-Bourgogne-and-of-Madame-de-Maintenon-in-Relation-to-Saint-Cyr_43283	unavailable				
Madame de Staël	49175	Memoirs of the Empress Josephine, Vol. 1 of 2	Memoirs-of-the-Empress-Josephine-Vol-1-of-2_49175	unavailable				
Madame de Staël	49176	Memoirs of the Empress Josephine, Vol. 2 of 2	Memoirs-of-the-Empress-Josephine-Vol-2-of-2_49176	unavailable				
Madame de Staël	52077	Corinne; or, Italy	Corinne-or-Italy_52077	fetched		903989	87d8f3dc6c641296c606fa4b963264bfbeac14f025234e409162399318965fef	52077-0.txt
Madame de Staël	68481	Young Grandison, volume I (of 2): A series of letters from young persons to their friends	Young-Grandison-volume-I-of-2-A-series-of-letters-from-young-persons-to-their-friends_68481	fetched		254368	687d4b47245d57edaa17ba422689aa6a9533dec95237b557cb62bdbb9ecb5c2a	68481-0.txt
Marcel Proust	7178	Swann's Way	Swann-s-Way_7178	fetched		1121769	079019dfc68060dfe708d55a847e1b8518762c6ffc1443ada417371f96fd3b2a	7178.txt
Marcel Proust	63532	Within a Budding Grove	Within-a-Budding-Grove_63532	fetched		1345998	9271b7380f281f44ef0f4c632a2883c95647b11d2097eddcd9e874532526a0dd	63532-0.txt
Marcus Tullius Cicero	2808	Treatises on Friendship and Old Age	Treatises-on-Friendship-and-Old-Age_2808	fetched		186995	52468aab54e017e4533d40ad6a16024620934829a5ac7b40b69ade25c28ceee2	2808.txt
Marcus Tullius Cicero	2812	Letters of Marcus Tullius Cicero	Letters-of-Marcus-Tullius-Cicero_2812	fetched		245684	982764f21c4ecddcea4ab041c8921079e17c85b417de140162143ddf5f69ed92	2812.txt
Marcus Tullius Cicero	7491	De Amicitia, Scipio's Dream	De-Amicitia-Scipio-s-Dream_7491	fetched		178367	42a16220f612c1cd51be9dfae06ca94d92d395d93e7ef2bdb7fd238fa221e191	7491-8.txt
Marcus Tullius Cicero	9776	Cicero's Brutus or History of Famous Orators; also His Orator, or Accomplished Speaker.	Cicero-s-Brutus-or-History-of-Famous-Orators-also-His-Orator-or-Accomplished-Speaker_9776	unavailable				
Marcus Tullius Cicero	11080	The Orations of Marcus Tullius Cicero, Volume 4	The-Orations-of-Marcus-Tullius-Cicero-Volume-4_11080	fetched		1285670	287f7c0bcc4b40f84fd342206696638a7aafaba4c8e4344624b0744a8b534dba	11080-8.txt
Marcus Tullius Cicero	14945	Cato Maior de Senectute with Introduction and Notes	Cato-Maior-de-Senectute-with-Introduction-and-Notes_14945	fetched		353510	db328bb3abd6571fa172f3297fcbc2bb65edf2c0cbde639802f35dd77ca4f8fd	14945-0.txt
Marcus Tullius Cicero	14970	Academica	Academica_14970	fetched		641489	c309bd4cab7d12511a8ac4c432ffdf4312512985f23d97685e00ffad6e454a70	14970-0.txt
Marcus Tullius Cicero	14988	Cicero's Tusculan Disputations	Cicero-s-Tusculan-Disputations_14988	unavailable				
Marcus Tullius Cicero	21200	The Letters of Cicero, Volume 1	The-Letters-of-Cicero-Volume-1_21200	unavailable				
Marcus Tullius Cicero	29247	The Academic Questions, Treatise De Finibus, and Tusculan Disputations, of M.T. Cicero, With a Sketch of the Greek Philosophers Mentioned by Cicero	The-Academic-Questions-Treatise-De-Finibus-and-Tusculan-Disputations-of-M-T-Cicero-With-a-Sketch-of-the-Greek-Philosophers-Mentioned-by-Cicero_29247	unavailable				
Marcus Tullius Cicero	39355	Speeches against Catilina	Speeches-against-Catilina_39355	unavailable				
Marcus Tullius Cicero	47001	De Officiis	De-Officiis_47001	fetched		759404	865713b00e739532daa40c041c748ec794ce7a6889a818e7ca62f503b82c0fc8	47001.txt
Marcus Tullius Cicero	50692	Cicero: Letters to Atticus, Vol. 2 of 3	Cicero-Letters-to-Atticus-Vol-2-of-3_50692	fetched		723010	1a153008d50c9f8491a2fc6a1af28035fd01ed3863c008728ca35b15f5cc193a	50692-0.txt
Marcus Tullius Cicero	51403	Cicero: Letters to Atticus, Vol. 3 of 3	Cicero-Letters-to-Atticus-Vol-3-of-3_51403	fetched		778976	1bc0177c43810eee9b92d4c24260eea4299d5588359f0c09b1ebd4de93c74728	51403-0.txt
Marcus Tullius Cicero	54161	The republic of Cicero	The-republic-of-Cicero_54161	unavailable				
Marcus Tullius Cicero	58418	Cicero: Letters to Atticus, Vol. 1 of 3	Cicero-Letters-to-Atticus-Vol-1-of-3_58418	unavailable				
Marguerite Blessington	13044	The Idler in France	The-Idler-in-France_13044	fetched		599508	cf3e892292c3f8f9045dd942cb927397ca11aa18dcde9f6cadb1191365b5872e	13044.txt
Maria Edgeworth	1424	Castle Rackrent	Castle-Rackrent_1424	fetched		272765	5e736345ffa21a151c2005554b758fed462b5c57a6659e565362f67bafba379f	1424-0.txt
Maria Edgeworth	1473	The Absentee	The-Absentee_1473	fetched		602641	a951335cff0fdacd95a1dfb1e4f4937250a7c8e98854a3748832889a27533097	1473.txt
Maria Edgeworth	2129	Murad the Unlucky, and Other Tales	Murad-the-Unlucky-and-Other-Tales_2129	fetched		292007	d841699e176a6ccec5b024b73c47ca903a0d5c812c626cd864b04d108e7f9bb5	2129.txt
Maria Edgeworth	3655	The Parent's Assistant; Or, Stories for Children	The-Parent-s-Assistant-Or-Stories-for-Children_3655	fetched		994318	afcee412a23389279b88e948f5ad4f095066c10fa1b5fcd61423ffda2022c01f	3655-0.txt
Maria Edgeworth	8531	Tales and Novels — Volume 10	Tales-and-Novels-Volume-10_8531	unavailable				
Maria Edgeworth	8720	Tales and Novels — Volume 02	Tales-and-Novels-Volume-02_8720	unavailable				
Maria Edgeworth	8825	The Life and Letters of Maria Edgeworth, Volume 1	The-Life-and-Letters-of-Maria-Edgeworth-Volume-1_8825	fetched		563739	49465ec9d5192d9cf97d66f6461a84da1f57fe7eb955ce7f4c85bb6a3f6c86b6	8825-8.txt
Maria Edgeworth	8826	Tales and Novels — Volume 01	Tales-and-Novels-Volume-01_8826	unavailable				
Maria Edgeworth	8937	Tales and Novels — Volume 07	Tales-and-Novels-Volume-07_8937	unavailable				
Maria Edgeworth	9095	The Life and Letters of Maria Edgeworth, Volume 2	The-Life-and-Letters-of-Maria-Edgeworth-Volume-2_9095	fetched		588709	750726bfd4efaaff5d4261ab934b1227e55b7fe4ab4f3c15a0e685dabf1729d8	9095-8.txt
Maria Edgeworth	9107	Tales and Novels — Volume 09	Tales-and-Novels-Volume-09_9107	unavailable				
Maria Edgeworth	9321	Tales and Novels — Volume 08	Tales-and-Novels-Volume-08_9321	unavailable				
Maria Edgeworth	9414	Tales and Novels — Volume 05	Tales-and-Novels-Volume-05_9414	unavailable				
Maria Edgeworth	9439	Tales and Novels — Volume 04	Tales-and-Novels-Volume-04_9439	unavailable				
Maria Edgeworth	9455	Tales and Novels — Volume 03	Tales-and-Novels-Volume-03_9455	unavailable				
Maria Edgeworth	9620	Tales and Novels — Volume 06	Tales-and-Novels-Volume-06_9620	unavailable				
Maria Edgeworth	11121	The Bracelets	The-Bracelets_11121	unavailable				
Maria Edgeworth	16951	Richard Lovell Edgeworth: A Selection From His Memoirs	Richard-Lovell-Edgeworth-A-Selection-From-His-Memoirs_16951	unavailable				
Maria Edgeworth	28708	Practical Education, Volume I	Practical-Education-Volume-I_28708	fetched		684017	8628edcea332dfc619d1931d3265eaf573bbc94e78071b1a20dc66363f7bb4cb	28708.txt
Maria Edgeworth	28709	Practical Education, Volume II	Practical-Education-Volume-II_28709	fetched		630673	5468eb925d9ab0d5c4d198ad5183571461b1f94f62c8fc3ce4e8a17d912e018d	28709.txt
Maria Edgeworth	34470	The Blue Jar Story Book	The-Blue-Jar-Story-Book_34470	fetched		159967	6f738d50400c72c77ab1f45fab19da0c0db1f2a2e37a2cb7fe2f7d186b7b4e1b	34470-8.txt
Maria Edgeworth	35638	Leonora	Leonora_35638	fetched		400551	baa0db47bbd15cda4509ae5a5c093647290597874eb0fcede28dcbf2f7bed917	35638-8.txt
Maria Edgeworth	36132	The Parent's Assistant; Or, Stories for Children	The-Parent-s-Assistant-Or-Stories-for-Children_36132	unavailable				
Maria Edgeworth	36178	The Little Dog Trusty; The Orange Man; and the Cherry Orchard; Being the Tenth Part of Early Lessons (1801)	The-Little-Dog-Trusty-The-Orange-Man-and-the-Cherry-Orchard-Being-the-Tenth-Part-of-Early-Lessons-1801_36178	unavailable				
Marie de Sévigné	3876	Memoirs of the Courts of Louis XV and XVI. — Volume 1	Memoirs-of-the-Courts-of-Louis-XV-and-XVI-Volume-1_3876	unavailable				
Marie de Sévigné	3877	Memoirs of the Courts of Louis XV and XVI. — Volume 2	Memoirs-of-the-Courts-of-Louis-XV-and-XVI-Volume-2_3877	unavailable				
Marie de Sévigné	3878	Memoirs of the Courts of Louis XV and XVI. — Volume 3	Memoirs-of-the-Courts-of-Louis-XV-and-XVI-Volume-3_3878	unavailable				
Marie de Sévigné	3879	Memoirs of the Courts of Louis XV and XVI. — Volume 4	Memoirs-of-the-Courts-of-Louis-XV-and-XVI-Volume-4_3879	unavailable				
Marie de Sévigné	3880	Memoirs of the Courts of Louis XV and XVI. — Volume 5	Memoirs-of-the-Courts-of-Louis-XV-and-XVI-Volume-5_3880	unavailable				
Marie de Sévigné	3881	Memoirs of the Courts of Louis XV and XVI. — Volume 6	Memoirs-of-the-Courts-of-Louis-XV-and-XVI-Volume-6_3881	unavailable				
Marie de Sévigné	3882	Memoirs of the Courts of Louis XV and XVI. — Volume 7	Memoirs-of-the-Courts-of-Louis-XV-and-XVI-Volume-7_3882	unavailable				
Marie de Sévigné	3883	Memoirs of the Courts of Louis XV and XVI. — Complete	Memoirs-of-the-Courts-of-Louis-XV-and-XVI-Complete_3883	unavailable				
Marie de Sévigné	5716	Memoirs (Vieux Souvenirs) of the Prince de Joinville	Memoirs-Vieux-Souvenirs-of-the-Prince-de-Joinville_5716	unavailable				
Marie de Sévigné	7074	Beauty and the Beast	Beauty-and-the-Beast_7074	fetched		49571	d95d2056df62528e7a4f9428316d02446ff644143bab0c8c8383fbc3ea5e9e1e	7074.txt
Marie de Sévigné	7561	Quotes and Images From Memoirs of Louis XV. and XVI.	Quotes-and-Images-From-Memoirs-of-Louis-XV-and-XVI_7561	excluded	excerpt digest - names no original work, so it is a source of nothing			
Marie de Sévigné	8376	Memoirs, Correspondence and Manuscripts of General Lafayette	Memoirs-Correspondence-and-Manuscripts-of-General-Lafayette_8376	fetched		1003370	5c46559b18cda7e9935f20c3375ce98a2d04e3fe0faec39995bed385191eca27	8376-8.txt
Marie de Sévigné	11417	French Mediaeval Romances from the Lays of Marie de France	French-Mediaeval-Romances-from-the-Lays-of-Marie-de-France_11417	fetched		418831	6906dbe347904ce4445e3601cc205cf8ba28441cd63ec50e55f5fe5bac939816	11417-8.txt
Marie de Sévigné	22269	The Autobiography of Madame Guyon	The-Autobiography-of-Madame-Guyon_22269	fetched		557705	109bd27d6a54ad76030ff2b24f106d99f62ef2bc44fc2953a0108b9da1d5b1c9	22269.txt
Marie de Sévigné	24989	A Short Method of Prayer	A-Short-Method-of-Prayer_24989	fetched		113605	e66c7b6be9082880517b8336b5bd8f52cdd7fa2c3da138196c0e3784fb6d4a4c	24989.txt
Marie de Sévigné	25133	Spiritual Torrents	Spiritual-Torrents_25133	fetched		197429	9883e4d2c927072ee15ee1b2ced7e792414038689ca25e986a24f2d77bc09614	25133.txt
Marie de Sévigné	25698	Think Before You Speak; Or, The Three Wishes	Think-Before-You-Speak-Or-The-Three-Wishes_25698	unavailable				
Marie de Sévigné	30083	Letters of Madam Guyon	Letters-of-Madam-Guyon_30083	fetched		135658	ed4116f875fc6e59c38a9b6ea31bd2b2e9a6346c49361bec4e10d91e54ff5a30	30083-8.txt
Marie de Sévigné	45471	The History of the Revolutions of Portugal	The-History-of-the-Revolutions-of-Portugal_45471	fetched		453133	4dba2c103fe0a029131fea1e1ca023c49bbdd4b0903db89786a8d6658e669c11	45471.txt
Marie de Sévigné	46234	Guingamor, Lanval, Tyolet, Bisclaveret: Four lais rendered into English prose	Guingamor-Lanval-Tyolet-Bisclaveret-Four-lais-rendered-into-English-prose_46234	unavailable				
Marie von Ebner-Eschenbach	47297	Parzival: A Knightly Epic (vol. 1 of 2)	Parzival-A-Knightly-Epic-vol-1-of-2_47297	unavailable				
Marie von Ebner-Eschenbach	47298	Parzival: A Knightly Epic (vol. 2 of 2)	Parzival-A-Knightly-Epic-vol-2-of-2_47298	unavailable				
Mark Twain	70	What Is Man? and Other Essays	What-Is-Man-and-Other-Essays_70	unavailable				
Mark Twain	74	The Adventures of Tom Sawyer, Complete	The-Adventures-of-Tom-Sawyer-Complete_74	unavailable				
Mark Twain	76	Adventures of Huckleberry Finn	Adventures-of-Huckleberry-Finn_76	fetched		616320	cd9931183257a850178225bd5e25e4f2df0cbac544dfe9a49cd0ea5a210c24d9	76-0.txt
Mark Twain	86	A Connecticut Yankee in King Arthur's Court	A-Connecticut-Yankee-in-King-Arthur-s-Court_86	fetched		681550	63521eb6381e7fcbcaca584aa0b9c6fa4e5c6b37cb4af75f742715791a0aa35e	86-0.txt
Mark Twain	91	Tom Sawyer Abroad	Tom-Sawyer-Abroad_91	fetched		198079	cdbaa1783e1b9737730652e82d8ce20ef78d6312751c2b237bee4e3f0aaacf08	91-0.txt
Mark Twain	93	Tom Sawyer, Detective	Tom-Sawyer-Detective_93	fetched		144793	3e922ce8b43227e0665717e746324cd0782a07a245472ff679b81880eface244	93-0.txt
Mark Twain	102	The Tragedy of Pudd'nhead Wilson	The-Tragedy-of-Pudd-nhead-Wilson_102	fetched		320243	0e7fdcb7d6f4afe022f8eb257e8ce196f6650550eb33cfa29213f09b6b72cf93	102-0.txt
Mark Twain	119	A Tramp Abroad	A-Tramp-Abroad_119	fetched		922147	b463edc35d0f8907c92181a57c36bb1ef98a46511af2ece6c147b365f53f2835	119-0.txt
Mark Twain	142	The $30,000 Bequest, and Other Stories	The-30-000-Bequest-and-Other-Stories_142	unavailable				
Mark Twain	245	Life on the Mississippi	Life-on-the-Mississippi_245	fetched		843281	19d1a2416d894ef992687528f285e8b955cdaf94897018ff23dd18732387980d	245-0.txt
Mark Twain	1044	Extract from Captain Stormfield's Visit to Heaven	Extract-from-Captain-Stormfield-s-Visit-to-Heaven_1044	fetched		105577	e75607045a9f50111cd63ad1f00eab22b590898523bc3cce16e2bbd5f84ad51e	1044-0.txt
Mark Twain	1086	A Horse's Tale	A-Horse-s-Tale_1086	fetched		121946	c31717afdcf5aab966c05c6cf4fa61262ae7e1d27023089318bf11a488a3ed33	1086-0.txt
Mark Twain	1213	The Man That Corrupted Hadleyburg	The-Man-That-Corrupted-Hadleyburg_1213	fetched		122756	203ec527381558feaddd7f2b3941d3bf77bbdc7bce5afa2af5c81d1c29d46874	1213.txt
Mark Twain	1837	The Prince and the Pauper	The-Prince-and-the-Pauper_1837	fetched		431692	cc8b70736946e043166e8f6e00704c42fe3c1fc404f6eebc14f5e1a3f6237799	1837-0.txt
Mark Twain	1892	Extracts from Adam's Diary, translated from the original ms.	Extracts-from-Adam-s-Diary-translated-from-the-original-ms_1892	unavailable				
Mark Twain	2431	Is Shakespeare Dead?	Is-Shakespeare-Dead_2431	unavailable				
Mark Twain	2572	On the Decay of the Art of Lying	On-the-Decay-of-the-Art-of-Lying_2572	fetched		32608	00f7bae55a88182a77c910a55158407c6db65d9658336ebbd4f08c2c03e76fd3	2572.txt
Mark Twain	2874	Personal Recollections of Joan of Arc — Volume 1	Personal-Recollections-of-Joan-of-Arc-Volume-1_2874	unavailable				
Mark Twain	2875	Personal Recollections of Joan of Arc — Volume 2	Personal-Recollections-of-Joan-of-Arc-Volume-2_2875	unavailable				
Mark Twain	2895	Following the Equator: A Journey Around the World	Following-the-Equator-A-Journey-Around-the-World_2895	unavailable				
Mark Twain	3171	In Defence of Harriet Shelley	In-Defence-of-Harriet-Shelley_3171	fetched		113421	31fec4ed463a883db5e6e3fa26d8e10b70a700444277fcef702ff724cd41daa8	3171-0.txt
Mark Twain	3172	Fenimore Cooper's Literary Offences	Fenimore-Cooper-s-Literary-Offences_3172	fetched		49077	67c93cc137c16908472a7903d542e961b263c1fed9ec4d2e04d5d9de16ad8f3b	3172-0.txt
Mark Twain	3173	Essays on Paul Bourget	Essays-on-Paul-Bourget_3173	fetched		82697	029302bbe0b47dd852a85cce8c4bb536ebaf90e796a475849d93f87d13dc0b8e	3173-0.txt
Mark Twain	3174	A Dog's Tale	A-Dog-s-Tale_3174	fetched		42983	89acabfe7cac69dbd90ae6f85ea4971e90ce71001889d77081a12c1e85142313	3174-0.txt
Mark Twain	3175	Mark Twain's Burlesque Autobiography	Mark-Twain-s-Burlesque-Autobiography_3175	fetched		48064	e719e9c84c4b50ff6ee9c9746d61dafcda75b9e5bb158380f66200d2f6139bf9	3175-0.txt
Mark Twain	3176	The Innocents Abroad	The-Innocents-Abroad_3176	fetched		1149349	4c57ac3434eb59a86ff1817251b9166398dc6a1f1abfbf119024c52cd14e799c	3176-0.txt
Mark Twain	3177	Roughing It	Roughing-It_3177	fetched		987635	5c8276ec85bd7316956dd9cb6d8e114b30f81345598f202fb7265b27a38e7f94	3177-0.txt
Mark Twain	3178	The Gilded Age: A Tale of Today	The-Gilded-Age-A-Tale-of-Today_3178	unavailable				
Mark Twain	3179	The American Claimant	The-American-Claimant_3179	fetched		396203	7861de592f7e292e9208606e4ca1c8ae13e57e6001783861fa8e16bcae53d9b0	3179-0.txt
Mark Twain	3180	A Double Barrelled Detective Story	A-Double-Barrelled-Detective-Story_3180	fetched		128814	011c6f828c418e579cb3076d62f694510ef5ddc0ecc46608ae6c0ae783ef6ce4	3180-0.txt
Mark Twain	3181	The Stolen White Elephant	The-Stolen-White-Elephant_3181	fetched		61819	ccb4ad5a9c74b87a2799b7e7c31fa74dae52faa6d0ff66a5f3dcde7022b41405	3181-0.txt
Mark Twain	3182	Some Rambling Notes of an Idle Excursion	Some-Rambling-Notes-of-an-Idle-Excursion_3182	fetched		112910	2ce1b37be3ce838a6a1279e659e6c37c914ed45bf2e2ec2c79d9233823f6f48e	3182-0.txt
Mark Twain	3183	The Facts Concerning the Recent Carnival of Crime in Connecticut	The-Facts-Concerning-the-Recent-Carnival-of-Crime-in-Connecticut_3183	fetched		56266	2961009742e7c3936f92248562212f2fec3fe192dd9070e0e3cbf043798d46d5	3183-0.txt
Mark Twain	3184	Alonzo Fitz, and Other Stories	Alonzo-Fitz-and-Other-Stories_3184	fetched		193143	1d4c360254bc64106c13a77d6d94e35f1264dbbac94b02b4d530d245f843f7d1	3184-0.txt
Mark Twain	3185	Those Extraordinary Twins	Those-Extraordinary-Twins_3185	fetched		142016	f551cef0ced969c473209d9c2bddd5641d683ff4cab6210908054e71ca02fd87	3185-0.txt
Mark Twain	3186	The Mysterious Stranger, and Other Stories	The-Mysterious-Stranger-and-Other-Stories_3186	fetched		248991	75ac1d47faea828b693cbe9602db4143c48edd32faf9456f35e9f4c346575cd8	3186-0.txt
Mark Twain	3187	Christian Science	Christian-Science_3187	fetched		375537	fd2bcc105a163b3c86079a09e2575418e72edc4b5784202cabb8ec91bde3048c	3187-0.txt
Mark Twain	3188	Mark Twain's Speeches	Mark-Twain-s-Speeches_3188	fetched		540735	771bc4caecdc54643887e34c69a9af392dbacb6350df072acadbfd8844a969f0	3188-0.txt
Mark Twain	3189	Sketches New and Old	Sketches-New-and-Old_3189	fetched		587807	59107ed8dc46783765e742f83b0f953a6e8c7190ee75da625285c67f32a3b2f0	3189-0.txt
Mark Twain	3190	1601: Conversation as it was by the Social Fireside in the Time of the Tudors	1601-Conversation-as-it-was-by-the-Social-Fireside-in-the-Time-of-the-Tudors_3190	unavailable				
Mark Twain	3191	Goldsmith's Friend Abroad Again	Goldsmith-s-Friend-Abroad-Again_3191	fetched		54557	213a54b8d4d5aed1644c87ef790de9fde338c6b2a57e55356e3bb8423dea82e6	3191-0.txt
Mark Twain	3192	The Curious Republic of Gondour, and Other Whimsical Sketches	The-Curious-Republic-of-Gondour-and-Other-Whimsical-Sketches_3192	fetched		119129	fc2672df9e571bfa8a91b6b38efbbdbeb4a2086569607a9e42c0bda53eeb04e7	3192-0.txt
Mark Twain	3193	Mark Twain's Letters — Volume 1 (1853-1866)	Mark-Twain-s-Letters-Volume-1-1853-1866_3193	unavailable				
Mark Twain	3194	Mark Twain's Letters — Volume 2 (1867-1875)	Mark-Twain-s-Letters-Volume-2-1867-1875_3194	unavailable				
Mark Twain	3195	Mark Twain's Letters — Volume 3 (1876-1885)	Mark-Twain-s-Letters-Volume-3-1876-1885_3195	unavailable				
Mark Twain	3196	Mark Twain's Letters — Volume 4 (1886-1900)	Mark-Twain-s-Letters-Volume-4-1886-1900_3196	unavailable				
Mark Twain	3197	Mark Twain's Letters — Volume 5 (1901-1906)	Mark-Twain-s-Letters-Volume-5-1901-1906_3197	unavailable				
Mark Twain	3198	Mark Twain's Letters — Volume 6 (1907-1910)	Mark-Twain-s-Letters-Volume-6-1907-1910_3198	unavailable				
Mark Twain	3199	Mark Twain's Letters — Complete (1853-1910)	Mark-Twain-s-Letters-Complete-1853-1910_3199	unavailable				
Mark Twain	3200	The Entire Project Gutenberg Works of Mark Twain	The-Entire-Project-Gutenberg-Works-of-Mark-Twain_3200	fetched		16013958	d991833967ed2500692057383b710573f44faa510b94547373eb7af6335eee4e	3200.txt
Mark Twain	3250	How to Tell a Story, and Other Essays	How-to-Tell-a-Story-and-Other-Essays_3250	fetched		60281	eb563c9a65e665ddc435a53492ddd27bc7c15c9bb7cf328afa87945886e1bf57	3250-0.txt
Mark Twain	3251	The Man That Corrupted Hadleyburg, and Other Stories	The-Man-That-Corrupted-Hadleyburg-and-Other-Stories_3251	fetched		722242	e1e55f4a66cb4020af51860ae5200b1f02196f860e64491db2dff558ff8d2ad3	3251-0.txt
Mark Twain	3432	Quotations from the Project Gutenberg Editions of the Works of Mark Twain	Quotations-from-the-Project-Gutenberg-Editions-of-the-Works-of-Mark-Twain_3432	excluded	excerpt digest - names no original work, so it is a source of nothing			
Mark Twain	5688	The Innocents Abroad — Volume 01	The-Innocents-Abroad-Volume-01_5688	unavailable				
Mark Twain	5689	The Innocents Abroad — Volume 02	The-Innocents-Abroad-Volume-02_5689	unavailable				
Mark Twain	5690	The Innocents Abroad — Volume 03	The-Innocents-Abroad-Volume-03_5690	unavailable				
Mark Twain	5691	The Innocents Abroad — Volume 04	The-Innocents-Abroad-Volume-04_5691	unavailable				
Mark Twain	5692	The Innocents Abroad — Volume 05	The-Innocents-Abroad-Volume-05_5692	unavailable				
Mark Twain	5693	The Innocents Abroad — Volume 06	The-Innocents-Abroad-Volume-06_5693	unavailable				
Mark Twain	5782	A Tramp Abroad — Volume 01	A-Tramp-Abroad-Volume-01_5782	unavailable				
Mark Twain	5783	A Tramp Abroad — Volume 02	A-Tramp-Abroad-Volume-02_5783	unavailable				
Mark Twain	5784	A Tramp Abroad — Volume 03	A-Tramp-Abroad-Volume-03_5784	unavailable				
Mark Twain	5785	A Tramp Abroad — Volume 04	A-Tramp-Abroad-Volume-04_5785	unavailable				
Mark Twain	5786	A Tramp Abroad — Volume 05	A-Tramp-Abroad-Volume-05_5786	unavailable				
Mark Twain	5787	A Tramp Abroad — Volume 06	A-Tramp-Abroad-Volume-06_5787	unavailable				
Mark Twain	5788	A Tramp Abroad — Volume 07	A-Tramp-Abroad-Volume-07_5788	unavailable				
Mark Twain	5808	Following the Equator: A Journey Around the World. Part 1	Following-the-Equator-A-Journey-Around-the-World-Part-1_5808	unavailable				
Mark Twain	5809	Following the Equator: A Journey Around the World. Part 2	Following-the-Equator-A-Journey-Around-the-World-Part-2_5809	unavailable				
Mark Twain	5810	Following the Equator: A Journey Around the World. Part 3	Following-the-Equator-A-Journey-Around-the-World-Part-3_5810	unavailable				
Mark Twain	5811	Following the Equator: A Journey Around the World. Part 4	Following-the-Equator-A-Journey-Around-the-World-Part-4_5811	unavailable				
Mark Twain	5812	Following the Equator: A Journey Around the World. Part 5	Following-the-Equator-A-Journey-Around-the-World-Part-5_5812	unavailable				
Mark Twain	5813	Following the Equator: A Journey Around the World. Part 6	Following-the-Equator-A-Journey-Around-the-World-Part-6_5813	unavailable				
Mark Twain	5814	Following the Equator: A Journey Around the World. Part 7	Following-the-Equator-A-Journey-Around-the-World-Part-7_5814	unavailable				
Mark Twain	5818	The Gilded Age, Part 1.	The-Gilded-Age-Part-1_5818	unavailable				
Mark Twain	5819	The Gilded Age, Part 2.	The-Gilded-Age-Part-2_5819	unavailable				
Mark Twain	5820	The Gilded Age, Part 3.	The-Gilded-Age-Part-3_5820	unavailable				
Mark Twain	5821	The Gilded Age, Part 4.	The-Gilded-Age-Part-4_5821	unavailable				
Mark Twain	5822	The Gilded Age, Part 5.	The-Gilded-Age-Part-5_5822	unavailable				
Mark Twain	5823	The Gilded Age, Part 6.	The-Gilded-Age-Part-6_5823	unavailable				
Mark Twain	5824	The Gilded Age, Part 7.	The-Gilded-Age-Part-7_5824	unavailable				
Mark Twain	5836	Sketches New and Old, Part 1.	Sketches-New-and-Old-Part-1_5836	unavailable				
Mark Twain	5837	Sketches New and Old, Part 2.	Sketches-New-and-Old-Part-2_5837	unavailable				
Mark Twain	5838	Sketches New and Old, Part 3.	Sketches-New-and-Old-Part-3_5838	unavailable				
Mark Twain	5839	Sketches New and Old, Part 4.	Sketches-New-and-Old-Part-4_5839	unavailable				
Mark Twain	5840	Sketches New and Old, Part 5.	Sketches-New-and-Old-Part-5_5840	unavailable				
Mark Twain	5841	Sketches New and Old, Part 6.	Sketches-New-and-Old-Part-6_5841	unavailable				
Mark Twain	5842	Sketches New and Old, Part 7.	Sketches-New-and-Old-Part-7_5842	unavailable				
Mark Twain	6533	A Connecticut Yankee in King Arthur's Court	A-Connecticut-Yankee-in-King-Arthur-s-Court_6533	unavailable				
Mark Twain	7100	Adventures of Huckleberry Finn, Chapters 01 to 05	Adventures-of-Huckleberry-Finn-Chapters-01-to-05_7100	fetched		64686	59d7fead9cb63cd6fa5c31792f8d6930ae6dc60e7499e9f1bb13ba25efa72112	7100.txt
Mark Twain	7101	Adventures of Huckleberry Finn, Chapters 06 to 10	Adventures-of-Huckleberry-Finn-Chapters-06-to-10_7101	fetched		86884	35df7edf64eee6fa529a35ac852a70374d711a79c7533942ae2f2bc1be38c8c4	7101.txt
Mark Twain	7102	Adventures of Huckleberry Finn, Chapters 11 to 15	Adventures-of-Huckleberry-Finn-Chapters-11-to-15_7102	fetched		80834	6f1410e1cda0bdb7e50c7a488c1cef51addbe1e9547b37295353a8f21302dbca	7102.txt
Mark Twain	7103	Adventures of Huckleberry Finn, Chapters 16 to 20	Adventures-of-Huckleberry-Finn-Chapters-16-to-20_7103	fetched		116444	d474200562c3c8f4daa43d8ba7ae16a3628fd142fe2c587bc0b5fcc1b03afdd1	7103.txt
Mark Twain	7104	Adventures of Huckleberry Finn, Chapters 21 to 25	Adventures-of-Huckleberry-Finn-Chapters-21-to-25_7104	fetched		90096	2e4abdee03020b8a440b6fe2208a89fdd768abac1779a064c6200f3ddcc04f9e	7104.txt
Mark Twain	7105	Adventures of Huckleberry Finn, Chapters 26 to 30	Adventures-of-Huckleberry-Finn-Chapters-26-to-30_7105	fetched		93815	a243dd49a62f0494a2570ed01a8d95b4d73a19c9807219617e76bbc013639c59	7105.txt
Mark Twain	7106	Adventures of Huckleberry Finn, Chapters 31 to 35	Adventures-of-Huckleberry-Finn-Chapters-31-to-35_7106	fetched		90314	6cf8bd6bd9597f2063383383045c1ff2c28a500b5f40040db75cc642ed293bde	7106.txt
Mark Twain	7107	Adventures of Huckleberry Finn, Chapters 36 to the Last	Adventures-of-Huckleberry-Finn-Chapters-36-to-the-Last_7107	fetched		113634	313835717be04b274fb74b53ced45bb0903095860a0a614f0b1e542c77df0088	7107.txt
Mark Twain	7154	The Prince and the Pauper, Part 1.	The-Prince-and-the-Pauper-Part-1_7154	unavailable				
Mark Twain	7155	The Prince and the Pauper, Part 2.	The-Prince-and-the-Pauper-Part-2_7155	unavailable				
Mark Twain	7156	The Prince and the Pauper, Part 3.	The-Prince-and-the-Pauper-Part-3_7156	unavailable				
Mark Twain	7157	The Prince and the Pauper, Part 4.	The-Prince-and-the-Pauper-Part-4_7157	unavailable				
Mark Twain	7158	The Prince and the Pauper, Part 5.	The-Prince-and-the-Pauper-Part-5_7158	unavailable				
Mark Twain	7159	The Prince and the Pauper, Part 6.	The-Prince-and-the-Pauper-Part-6_7159	unavailable				
Mark Twain	7160	The Prince and the Pauper, Part 7.	The-Prince-and-the-Pauper-Part-7_7160	unavailable				
Mark Twain	7161	The Prince and the Pauper, Part 8.	The-Prince-and-the-Pauper-Part-8_7161	unavailable				
Mark Twain	7162	The Prince and the Pauper, Part 9.	The-Prince-and-the-Pauper-Part-9_7162	unavailable				
Mark Twain	7193	The Adventures of Tom Sawyer, Part 1.	The-Adventures-of-Tom-Sawyer-Part-1_7193	unavailable				
Mark Twain	7194	The Adventures of Tom Sawyer, Part 2.	The-Adventures-of-Tom-Sawyer-Part-2_7194	unavailable				
Mark Twain	7195	The Adventures of Tom Sawyer, Part 3.	The-Adventures-of-Tom-Sawyer-Part-3_7195	unavailable				
Mark Twain	7196	The Adventures of Tom Sawyer, Part 4.	The-Adventures-of-Tom-Sawyer-Part-4_7196	unavailable				
Mark Twain	7197	The Adventures of Tom Sawyer, Part 5.	The-Adventures-of-Tom-Sawyer-Part-5_7197	unavailable				
Mark Twain	7198	The Adventures of Tom Sawyer, Part 6.	The-Adventures-of-Tom-Sawyer-Part-6_7198	unavailable				
Mark Twain	7199	The Adventures of Tom Sawyer, Part 7.	The-Adventures-of-Tom-Sawyer-Part-7_7199	unavailable				
Mark Twain	7200	The Adventures of Tom Sawyer, Part 8.	The-Adventures-of-Tom-Sawyer-Part-8_7200	unavailable				
Mark Twain	7242	A Connecticut Yankee in King Arthur's Court, Part 1.	A-Connecticut-Yankee-in-King-Arthur-s-Court-Part-1_7242	unavailable				
Mark Twain	7243	A Connecticut Yankee in King Arthur's Court, Part 2.	A-Connecticut-Yankee-in-King-Arthur-s-Court-Part-2_7243	unavailable				
Mark Twain	7244	A Connecticut Yankee in King Arthur's Court, Part 3.	A-Connecticut-Yankee-in-King-Arthur-s-Court-Part-3_7244	unavailable				
Mark Twain	7245	A Connecticut Yankee in King Arthur's Court, Part 4.	A-Connecticut-Yankee-in-King-Arthur-s-Court-Part-4_7245	unavailable				
Mark Twain	7246	A Connecticut Yankee in King Arthur's Court, Part 5.	A-Connecticut-Yankee-in-King-Arthur-s-Court-Part-5_7246	unavailable				
Mark Twain	7247	A Connecticut Yankee in King Arthur's Court, Part 6.	A-Connecticut-Yankee-in-King-Arthur-s-Court-Part-6_7247	unavailable				
Mark Twain	7248	A Connecticut Yankee in King Arthur's Court, Part 7.	A-Connecticut-Yankee-in-King-Arthur-s-Court-Part-7_7248	unavailable				
Mark Twain	7249	A Connecticut Yankee in King Arthur's Court, Part 8.	A-Connecticut-Yankee-in-King-Arthur-s-Court-Part-8_7249	unavailable				
Mark Twain	7250	A Connecticut Yankee in King Arthur's Court, Part 9.	A-Connecticut-Yankee-in-King-Arthur-s-Court-Part-9_7250	unavailable				
Mark Twain	7556	Quotes and Images From The Works of Mark Twain	Quotes-and-Images-From-The-Works-of-Mark-Twain_7556	excluded	excerpt digest - names no original work, so it is a source of nothing			
Mark Twain	8471	Life on the Mississippi, Part 1.	Life-on-the-Mississippi-Part-1_8471	unavailable				
Mark Twain	8472	Life on the Mississippi, Part 2.	Life-on-the-Mississippi-Part-2_8472	unavailable				
Mark Twain	8473	Life on the Mississippi, Part 3.	Life-on-the-Mississippi-Part-3_8473	unavailable				
Mark Twain	8474	Life on the Mississippi, Part 4.	Life-on-the-Mississippi-Part-4_8474	unavailable				
Mark Twain	8475	Life on the Mississippi, Part 5.	Life-on-the-Mississippi-Part-5_8475	unavailable				
Mark Twain	8476	Life on the Mississippi, Part 6.	Life-on-the-Mississippi-Part-6_8476	unavailable				
Mark Twain	8477	Life on the Mississippi, Part 7.	Life-on-the-Mississippi-Part-7_8477	unavailable				
Mark Twain	8478	Life on the Mississippi, Part 8.	Life-on-the-Mississippi-Part-8_8478	unavailable				
Mark Twain	8479	Life on the Mississippi, Part 9.	Life-on-the-Mississippi-Part-9_8479	unavailable				
Mark Twain	8480	Life on the Mississippi, Part 10.	Life-on-the-Mississippi-Part-10_8480	unavailable				
Mark Twain	8481	Life on the Mississippi, Part 11.	Life-on-the-Mississippi-Part-11_8481	unavailable				
Mark Twain	8482	Life on the Mississippi, Part 12.	Life-on-the-Mississippi-Part-12_8482	unavailable				
Mark Twain	8525	Eve's Diary, Complete	Eve-s-Diary-Complete_8525	fetched		55000	0567a59049b6836d954d1866488a815fa51b87d359bd7ba01ee7640d3db62811	8525-0.txt
Mark Twain	8526	Eve's Diary, Part 1	Eve-s-Diary-Part-1_8526	fetched		31466	b874612fb42ffb7e21862a0a8e254019a586148c2bcf782762b57f9febea7537	8526.txt
Mark Twain	8527	Eve's Diary, Part 2	Eve-s-Diary-Part-2_8527	fetched		29631	6f6c844e4502f25a3fc5e0461b8c7c6781e10f501ca14584b4e6983e1dc3faa1	8527.txt
Mark Twain	8528	Eve's Diary, Part 3	Eve-s-Diary-Part-3_8528	fetched		33625	3a5b397ced14f091766ad91fc90298eba6e469af468b886bc7403b0c60834297	8528.txt
Mark Twain	8582	Roughing It, Part 1.	Roughing-It-Part-1_8582	unavailable				
Mark Twain	8583	Roughing It, Part 2.	Roughing-It-Part-2_8583	unavailable				
Mark Twain	8584	Roughing It, Part 3.	Roughing-It-Part-3_8584	unavailable				
Mark Twain	8585	Roughing It, Part 4.	Roughing-It-Part-4_8585	unavailable				
Mark Twain	8586	Roughing It, Part 5.	Roughing-It-Part-5_8586	unavailable				
Mark Twain	8587	Roughing It, Part 6.	Roughing-It-Part-6_8587	unavailable				
Mark Twain	8588	Roughing It, Part 7.	Roughing-It-Part-7_8588	unavailable				
Mark Twain	8589	Roughing It, Part 8.	Roughing-It-Part-8_8589	unavailable				
Mark Twain	8611	The Prince and the Pauper	The-Prince-and-the-Pauper_8611	unavailable				
Mark Twain	9001	Personal Recollections of Joan of Arc — Volume 01	Personal-Recollections-of-Joan-of-Arc-Volume-01_9001	unavailable				
Mark Twain	9002	Personal Recollections of Joan of Arc — Volume 02	Personal-Recollections-of-Joan-of-Arc-Volume-02_9002	unavailable				
Mark Twain	9003	The $30,000 Bequest, and Other Stories	The-30-000-Bequest-and-Other-Stories_9003	unavailable				
Mark Twain	9004	Extract from Captain Stormfield's Visit to Heaven	Extract-from-Captain-Stormfield-s-Visit-to-Heaven_9004	unavailable				
Mark Twain	9005	Following the Equator	Following-the-Equator_9005	unavailable				
Mark Twain	9006	The Man That Corrupted Hadleyburg	The-Man-That-Corrupted-Hadleyburg_9006	unavailable				
Mark Twain	9007	Adventures of Huckleberry Finn	Adventures-of-Huckleberry-Finn_9007	unavailable				
Mark Twain	9008	A Horse's Tale	A-Horse-s-Tale_9008	unavailable				
Mark Twain	9009	Life on the Mississippi	Life-on-the-Mississippi_9009	unavailable				
Mark Twain	9010	On the Decay of the Art of Lying	On-the-Decay-of-the-Art-of-Lying_9010	unavailable				
Mark Twain	9011	The American Claimant	The-American-Claimant_9011	unavailable				
Mark Twain	9012	A Burlesque Autobiography	A-Burlesque-Autobiography_9012	unavailable				
Mark Twain	9013	The Facts Concerning the Recent Carnival of Crime in Connecticut	The-Facts-Concerning-the-Recent-Carnival-of-Crime-in-Connecticut_9013	unavailable				
Mark Twain	9014	The Letters of Mark Twain	The-Letters-of-Mark-Twain_9014	unavailable				
Mark Twain	9015	The Curious Republic of Gondour, and Other Whimsical Sketches	The-Curious-Republic-of-Gondour-and-Other-Whimsical-Sketches_9015	unavailable				
Mark Twain	9016	Christian Science	Christian-Science_9016	unavailable				
Mark Twain	9017	A Double Barrelled Detective Story	A-Double-Barrelled-Detective-Story_9017	unavailable				
Mark Twain	9018	In Defense of Harriet Shelley	In-Defense-of-Harriet-Shelley_9018	unavailable				
Mark Twain	9019	A Dog's Tale	A-Dog-s-Tale_9019	unavailable				
Mark Twain	9020	Those Extraordinary Twins	Those-Extraordinary-Twins_9020	unavailable				
Mark Twain	9021	Fenimore Cooper's Literary Offences	Fenimore-Cooper-s-Literary-Offences_9021	unavailable				
Mark Twain	9022	Goldsmith's Friend Abroad Again	Goldsmith-s-Friend-Abroad-Again_9022	unavailable				
Mark Twain	9023	The Gilded Age	The-Gilded-Age_9023	unavailable				
Mark Twain	9024	The Man That Corrupted Hadleyburg and Other Stories	The-Man-That-Corrupted-Hadleyburg-and-Other-Stories_9024	unavailable				
Mark Twain	9025	How to Tell a Story and Other Essays	How-to-Tell-a-Story-and-Other-Essays_9025	unavailable				
Mark Twain	9026	The Innocents Abroad	The-Innocents-Abroad_9026	unavailable				
Mark Twain	9027	Alonzo Fitz and Other Stories	Alonzo-Fitz-and-Other-Stories_9027	unavailable				
Mark Twain	9028	The Mysterious Stranger	The-Mysterious-Stranger_9028	unavailable				
Mark Twain	9029	Mark Twain's Speeches	Mark-Twain-s-Speeches_9029	unavailable				
Mark Twain	9030	Essays on Paul Bourget	Essays-on-Paul-Bourget_9030	unavailable				
Mark Twain	9031	Some Rambling Notes of an Idle Excursion	Some-Rambling-Notes-of-an-Idle-Excursion_9031	unavailable				
Mark Twain	9032	Roughing It	Roughing-It_9032	unavailable				
Mark Twain	9033	Sketches New and Old	Sketches-New-and-Old_9033	unavailable				
Mark Twain	9034	The Stolen White Elephant	The-Stolen-White-Elephant_9034	unavailable				
Mark Twain	9035	The Tragedy of Pudd'nhead Wilson	The-Tragedy-of-Pudd-nhead-Wilson_9035	unavailable				
Mark Twain	9036	Tom Sawyer Abroad	Tom-Sawyer-Abroad_9036	unavailable				
Mark Twain	9037	Tom Sawyer, Detective	Tom-Sawyer-Detective_9037	unavailable				
Mark Twain	9038	The Adventures of Tom Sawyer	The-Adventures-of-Tom-Sawyer_9038	unavailable				
Mark Twain	9039	Is Shakespeare Dead?	Is-Shakespeare-Dead_9039	unavailable				
Mark Twain	9040	A Tramp Abroad	A-Tramp-Abroad_9040	unavailable				
Mark Twain	9041	What Is Man? and Other Essays	What-Is-Man-and-Other-Essays_9041	unavailable				
Mark Twain	9042	Extracts from Adam's Diary	Extracts-from-Adam-s-Diary_9042	unavailable				
Mark Twain	12711	On the Decay of the Art of Lying	On-the-Decay-of-the-Art-of-Lying_12711	unavailable				
Mark Twain	19484	Editorial Wild Oats	Editorial-Wild-Oats_19484	fetched		77708	1691a42ba9a7dd870d9c10fcd9c0643d534a0d62d79e08b8da4dd61049603561	19484.txt
Mark Twain	19506	A Connecticut Yankee in King Arthur's Court	A-Connecticut-Yankee-in-King-Arthur-s-Court_19506	unavailable				
Mark Twain	19640	Adventures of Huckleberry Finn	Adventures-of-Huckleberry-Finn_19640	unavailable				
Mark Twain	19682	Chapters from My Autobiography	Chapters-from-My-Autobiography_19682	unavailable				
Mark Twain	19841	Eve's Diary	Eve-s-Diary_19841	unavailable				
Mark Twain	19987	Chapters from My Autobiography	Chapters-from-My-Autobiography_19987	fetched		638987	ea2be24791bbf3f6f0ac8659f9b0e72c600b567d3f7bccb96ccb289229b59140	19987-8.txt
Mark Twain	20595	The Awful German Language	The-Awful-German-Language_20595	unavailable				
Mark Twain	26203	The Adventures of Tom Sawyer	The-Adventures-of-Tom-Sawyer_26203	unavailable				
Mark Twain	26213	Fenimore Cooper's Literary Offenses	Fenimore-Cooper-s-Literary-Offenses_26213	unavailable				
Mark Twain	26252	The Prince and the Pauper	The-Prince-and-the-Pauper_26252	unavailable				
Mark Twain	26304	The Stolen White Elephant	The-Stolen-White-Elephant_26304	unavailable				
Mark Twain	28781	Extracts from Adam's Diary	Extracts-from-Adam-s-Diary_28781	unavailable				
Mark Twain	28803	The Works of Mark Twain: An Index of all Project Gutenberg Editions	The-Works-of-Mark-Twain-An-Index-of-all-Project-Gutenberg-Editions_28803	unavailable				
Mark Twain	32325	The Adventures of Huckleberry Finn (Tom Sawyer's Comrade)	The-Adventures-of-Huckleberry-Finn-Tom-Sawyer-s-Comrade_32325	unavailable				
Mark Twain	33077	The Treaty With China, its Provisions Explained	The-Treaty-With-China-its-Provisions-Explained_33077	unavailable				
Mark Twain	50109	The Mysterious Stranger: A Romance	The-Mysterious-Stranger-A-Romance_50109	fetched		227203	f6115659220c6b9f2a50127c8694ecae4856cbc051bf4aa34bcbd65ccca7756f	50109-0.txt
Mark Twain	60900	Merry Tales	Merry-Tales_60900	fetched		241260	54aebcd5cc6c715cba2377e6eef53ba16c0fe9c2615016176dcea65cce6006dd	60900-0.txt
Mark Twain	61338	Moments with Mark Twain	Moments-with-Mark-Twain_61338	fetched		375974	019d38b948c7e757b736c63f11f6047c723e8e20c67e8eaad2f094a1c2d19a0a	61338-0.txt
Mark Twain	61522	The £1,000,000 bank-note, and other new stories	The-1-000-000-bank-note-and-other-new-stories_61522	fetched		394923	bac0f5d0259cced96089310f87aac98f8d8831f2732b130849811eb2fa599539	61522-0.txt
Mark Twain	62636	To the Person Sitting in Darkness	To-the-Person-Sitting-in-Darkness_62636	fetched		48974	fbe05f32525188b9dd50910690b037bb0967e64cb8cab333919a80335c07f643	62636-0.txt
Mark Twain	62739	King Leopold's Soliloquy: A Defense of His Congo Rule	King-Leopold-s-Soliloquy-A-Defense-of-His-Congo-Rule_62739	fetched		100255	62f1df1109f2fd78f3a6767d3dc59c2be31ee40944919f3ecfc9e749010340bb	62739-0.txt
Martin Luther	272	An Open Letter on Translating	An-Open-Letter-on-Translating_272	fetched		57002	ffa6221561100a8f97d2748029725d4d6f71d6dba28a005e53689d1657afff34	272.txt
Martin Luther	273	The Smalcald Articles	The-Smalcald-Articles_273	fetched		97700	20164d7150850d6cc8ba7118473dd0f0ea19698581b1177501584cf1b55ab585	273.txt
Martin Luther	274	Disputation of Doctor Martin Luther on the Power and Efficacy of Indulgences	Disputation-of-Doctor-Martin-Luther-on-the-Power-and-Efficacy-of-Indulgences_274	fetched		49727	fd978ba581c9701484d69d4414ea9c94675c564afe77df5951811b3a5c670eb9	274.txt
Martin Luther	417	Dr. Martin Luther's Deutsche Geistliche Lieder	Dr-Martin-Luther-s-Deutsche-Geistliche-Lieder_417	unavailable				
Martin Luther	418	A Treatise on Good Works	A-Treatise-on-Good-Works_418	fetched		242634	c2bebf32ca9688416801b10d8ba6970f42df670dacf6f69fabf5bdfe6e9391ff	418.txt
Martin Luther	1549	Commentary on the Epistle to the Galatians	Commentary-on-the-Epistle-to-the-Galatians_1549	fetched		500649	4e03c1c228f4f840bcc0e3483e845e76500b6f15655857a9055705c45dc5563a	1549.txt
Martin Luther	1670	Luther's Little Instruction Book: The Small Catechism of Martin Luther	Luther-s-Little-Instruction-Book-The-Small-Catechism-of-Martin-Luther_1670	unavailable				
Martin Luther	1722	Martin Luther's Large Catechism, translated by Bente and Dau	Martin-Luther-s-Large-Catechism-translated-by-Bente-and-Dau_1722	fetched		280693	124b3f83720b4ac03f457fdfde648a798869947d2fd85cab90c10d04e5d78812	1722.txt
Martin Luther	1911	Concerning Christian Liberty; with Letter of Martin Luther to Pope Leo X.	Concerning-Christian-Liberty-with-Letter-of-Martin-Luther-to-Pope-Leo-X_1911	unavailable				
Martin Luther	9841	Selections from the Table Talk of Martin Luther	Selections-from-the-Table-Talk-of-Martin-Luther_9841	fetched		214200	8a0d57ca9c50730bfb9105f0025e1c22db75764747fe1f5e99ec9784f96485e7	9841-0.txt
Martin Luther	9912	An Explanation of Luther's Small Catechism	An-Explanation-of-Luther-s-Small-Catechism_9912	fetched		314373	0de50dfba74ecc4f2f13437438883fe3af854dab1a1a710c528903e39c503182	9912.txt
Martin Luther	27978	Commentary on Genesis, Vol. 2: Luther on Sin and the Flood	Commentary-on-Genesis-Vol-2-Luther-on-Sin-and-the-Flood_27978	unavailable				
Martin Luther	28464	Epistle Sermons, Vol. 2: Epiphany, Easter and Pentecost	Epistle-Sermons-Vol-2-Epiphany-Easter-and-Pentecost_28464	unavailable				
Martin Luther	29678	The Epistles of St. Peter and St. Jude Preached and Explained	The-Epistles-of-St-Peter-and-St-Jude-Preached-and-Explained_29678	unavailable				
Martin Luther	30619	Epistle Sermons, Vol. 3: Trinity Sunday to Advent	Epistle-Sermons-Vol-3-Trinity-Sunday-to-Advent_30619	unavailable				
Martin Luther	31604	Works of Martin Luther, with Introductions and Notes (Volume I)	Works-of-Martin-Luther-with-Introductions-and-Notes-Volume-I_31604	unavailable				
Martin Luther	34299	Homo-Culture; Or, The Improvement of Offspring Through Wiser Generation	Homo-Culture-Or-The-Improvement-of-Offspring-Through-Wiser-Generation_34299	unavailable				
Martin Luther	34904	Works of Martin Luther, with Introductions and Notes (Volume II)	Works-of-Martin-Luther-with-Introductions-and-Notes-Volume-II_34904	unavailable				
Martin Luther	48193	Commentary on Genesis, Vol. 1: Luther on the Creation	Commentary-on-Genesis-Vol-1-Luther-on-the-Creation_48193	unavailable				
Martin Luther	53465	Lessons in the Small Catechism of Dr. Martin Luther	Lessons-in-the-Small-Catechism-of-Dr-Martin-Luther_53465	unavailable				
Mary Baker Eddy	3458	Science and Health, with Key to the Scriptures	Science-and-Health-with-Key-to-the-Scriptures_3458	fetched		1371272	b17bbab3ae8fdc3323f5576b8c835786da9975f4bba97f2efe0ea48dbecc8cdf	3458.txt
Mary Baker Eddy	10437	Pulpit and Press (6th Edition)	Pulpit-and-Press-6th-Edition_10437	unavailable				
Mary Baker Eddy	12321	Rudimental Divine Science	Rudimental-Divine-Science_12321	fetched		45781	2031e38f8edf7f4b73fa6fdb3d0c195edb2aaae7f525f0d510f9ad7327dac67f	12321.txt
Mary Baker Eddy	16591	Unity of Good	Unity-of-Good_16591	fetched		102858	91cddc729c276d00d4846225ac38d41afa8e77af3a236c801eb5c3a67edc7b53	16591.txt
Mary Baker Eddy	16624	No and Yes	No-and-Yes_16624	fetched		88639	71f90860122502b5d54fb0cfd377974b342e8bfe8f5be8b4c0cd58a6fba677ec	16624.txt
Mary Baker Eddy	16734	Retrospection and Introspection	Retrospection-and-Introspection_16734	fetched		140092	f677cd62215374b3f3ee0f7625ca198f9d6030838953c09f92fb55af3ed53cb2	16734-8.txt
Mary Baker Eddy	16778	Pulpit and Press	Pulpit-and-Press_16778	fetched		152295	680884fd1416665a9d44049a36dde63e353095f44e16d073de61f50509140b84	16778-8.txt
Mary Baker Eddy	18039	Manual of the Mother Church	Manual-of-the-Mother-Church_18039	unavailable				
Mary Baker Eddy	19666	Rudimental Divine Science	Rudimental-Divine-Science_19666	fetched		60149	509ee96f3dc1aaa3d62d675dc6a2f3f8d6212885888792178e7bd231b6955cc6	19666.txt
Mary Baker Eddy	27370	Poems	Poems_27370	fetched		76575	6f538368d2bd65020475537099fbfd045cdede5564c28e70f1d9b620fc1d32d2	27370.txt
Mary Baker Eddy	31427	Miscellaneous Writings, 1883-1896	Miscellaneous-Writings-1883-1896_31427	fetched		797566	a1c1f53f50ecc1a76a9aaced07849f2df80d8918c3523974f5f199aaabb59953	31427-0.txt
Mary Baker Eddy	35081	The People's Idea of God: Its Effect On Health And Christianity	The-People-s-Idea-of-God-Its-Effect-On-Health-And-Christianity_35081	fetched		41729	020c6ae3054b370db5f0a4f567d511616b96bce0fa5441fa58c9d48cc02761c9	35081.txt
Matthew Henry	41174	The Wave of Scepticism and the Rock of Truth	The-Wave-of-Scepticism-and-the-Rock-of-Truth_41174	fetched		250972	90aa5e63a405aedd0d7c5333fe0485f3df2879673e468300636f870411ead93f	41174.txt
Max Beerbohm	759	James Pethel	James-Pethel_759	fetched		62605	77d8001ea0e4bec075932a1bedb45312c0860c12e3b6ad7ac71d0d7a3bb081b7	759.txt
Max Beerbohm	760	Enoch Soames: A Memory of the Eighteen-Nineties	Enoch-Soames-A-Memory-of-the-Eighteen-Nineties_760	unavailable				
Max Beerbohm	761	A. V. Laider	A-V-Laider_761	unavailable				
Max Beerbohm	1306	Seven Men [Excerpts]	Seven-Men-Excerpts_1306	unavailable				
Max Beerbohm	1845	Zuleika Dobson; Or, An Oxford Love Story	Zuleika-Dobson-Or-An-Oxford-Love-Story_1845	unavailable				
Max Beerbohm	1859	The Works of Max Beerbohm	The-Works-of-Max-Beerbohm_1859	fetched		210389	f39036535141cdeaf789550d8150cce8ac81c9ff61c96b780bfbd61033745efe	1859-8.txt
Max Beerbohm	1956	And Even Now	And-Even-Now_1956	fetched		384423	eea87f84408d8630eefdfd9763fda7d0804ec64759c4f71e5b2f6bbef6c20461	1956-0.txt
Max Beerbohm	2292	Yet Again	Yet-Again_2292	fetched		375382	c95b2156b55b239f20cedbf7dda5aeb576cb5fcc062e21bb4c93b2087776f93c	2292.txt
Max Beerbohm	14667	A Christmas Garland	A-Christmas-Garland_14667	fetched		189973	82777f5db1793a52cd66443d9c6f7f10412d45e997acc205260148ac40bcbdaa	14667.txt
Max Beerbohm	36497	The Happy Hypocrite: A Fairy Tale for Tired Men	The-Happy-Hypocrite-A-Fairy-Tale-for-Tired-Men_36497	unavailable				
Max Beerbohm	67604	A Peep Into the Past	A-Peep-Into-the-Past_67604	fetched		32884	530936c2c0682c68ed39c9a9c1f5caafd7d88d4ccb1bed3f6fb79cbc226cc3e9	67604-0.txt
Max Muller	14521	Memories: A Story of German Love	Memories-A-Story-of-German-Love_14521	unavailable				
Max Muller	20847	India: What can it teach us?	India-What-can-it-teach-us_20847	unavailable				
Max Muller	24315	The Silesian Horseherd - Questions of the Hour	The-Silesian-Horseherd-Questions-of-the-Hour_24315	unavailable				
Max Muller	24686	Chips from a German Workshop, Volume 1	Chips-from-a-German-Workshop-Volume-1_24686	unavailable				
Max Muller	26572	Chips from a German Workshop, Volume 3	Chips-from-a-German-Workshop-Volume-3_26572	unavailable				
Max Muller	27810	Chips from a German Workshop, Volume 5	Chips-from-a-German-Workshop-Volume-5_27810	unavailable				
Max Muller	30192	Chips from a German Workshop, Volume 4	Chips-from-a-German-Workshop-Volume-4_30192	unavailable				
Max Muller	30269	My Autobiography: A Fragment	My-Autobiography-A-Fragment_30269	unavailable				
Max Muller	32856	Lectures on the Science of Language	Lectures-on-the-Science-of-Language_32856	fetched		837454	6ab91b46f436d0ebe7a6f01843566d67f72fc6663c7cdf49b9109d5486b8bc79	32856.txt
Max Muller	45122	Thoughts on Life and Religion	Thoughts-on-Life-and-Religion_45122	unavailable				
Michael Faraday	14474	The Chemical History of a Candle	The-Chemical-History-of-a-Candle_14474	fetched		246409	dc2f26bd91e4ce39700722fb1f3f6f91cf585d8e5ffebb23572f889da790d200	14474.txt
Michael Faraday	14986	Experimental Researches in Electricity, Volume 1	Experimental-Researches-in-Electricity-Volume-1_14986	fetched		1428828	05f778fe9113897ff016812cb8fb9cbf64ede3c8ede3bb195b3170f7939f1967	14986.txt
Michael Faraday	52293	On the various forces of nature and their relations to each other	On-the-various-forces-of-nature-and-their-relations-to-each-other_52293	fetched		373700	1986ec7eddad56f6effc44674c0d70a1f21af70ccb6d6e753008b5e6c5922653	52293-0.txt
Michel de Montaigne	3581	Essays of Michel de Montaigne — Volume 01	Essays-of-Michel-de-Montaigne-Volume-01_3581	unavailable				
Michel de Montaigne	3582	Essays of Michel de Montaigne — Volume 02	Essays-of-Michel-de-Montaigne-Volume-02_3582	unavailable				
Michel de Montaigne	3583	Essays of Michel de Montaigne — Volume 03	Essays-of-Michel-de-Montaigne-Volume-03_3583	unavailable				
Michel de Montaigne	3584	Essays of Michel de Montaigne — Volume 04	Essays-of-Michel-de-Montaigne-Volume-04_3584	unavailable				
Michel de Montaigne	3585	Essays of Michel de Montaigne — Volume 05	Essays-of-Michel-de-Montaigne-Volume-05_3585	unavailable				
Michel de Montaigne	3586	Essays of Michel de Montaigne — Volume 06	Essays-of-Michel-de-Montaigne-Volume-06_3586	unavailable				
Michel de Montaigne	3587	Essays of Michel de Montaigne — Volume 07	Essays-of-Michel-de-Montaigne-Volume-07_3587	unavailable				
Michel de Montaigne	3588	Essays of Michel de Montaigne — Volume 08	Essays-of-Michel-de-Montaigne-Volume-08_3588	unavailable				
Michel de Montaigne	3589	Essays of Michel de Montaigne — Volume 09	Essays-of-Michel-de-Montaigne-Volume-09_3589	unavailable				
Michel de Montaigne	3590	Essays of Michel de Montaigne — Volume 10	Essays-of-Michel-de-Montaigne-Volume-10_3590	unavailable				
Michel de Montaigne	3591	Essays of Michel de Montaigne — Volume 11	Essays-of-Michel-de-Montaigne-Volume-11_3591	unavailable				
Michel de Montaigne	3592	Essays of Michel de Montaigne — Volume 12	Essays-of-Michel-de-Montaigne-Volume-12_3592	unavailable				
Michel de Montaigne	3593	Essays of Michel de Montaigne — Volume 13	Essays-of-Michel-de-Montaigne-Volume-13_3593	unavailable				
Michel de Montaigne	3594	Essays of Michel de Montaigne — Volume 14	Essays-of-Michel-de-Montaigne-Volume-14_3594	unavailable				
Michel de Montaigne	3595	Essays of Michel de Montaigne — Volume 15	Essays-of-Michel-de-Montaigne-Volume-15_3595	unavailable				
Michel de Montaigne	3596	Essays of Michel de Montaigne — Volume 16	Essays-of-Michel-de-Montaigne-Volume-16_3596	unavailable				
Michel de Montaigne	3597	Essays of Michel de Montaigne — Volume 17	Essays-of-Michel-de-Montaigne-Volume-17_3597	unavailable				
Michel de Montaigne	3598	Essays of Michel de Montaigne — Volume 18	Essays-of-Michel-de-Montaigne-Volume-18_3598	unavailable				
Michel de Montaigne	3599	Essays of Michel de Montaigne — Volume 19	Essays-of-Michel-de-Montaigne-Volume-19_3599	unavailable				
Michel de Montaigne	3600	Essays of Michel de Montaigne — Complete	Essays-of-Michel-de-Montaigne-Complete_3600	unavailable				
Michel de Montaigne	3661	Widger's Quotations from the Project Gutenberg Editions of the Works of Montaigne	Widger-s-Quotations-from-the-Project-Gutenberg-Editions-of-the-Works-of-Montaigne_3661	excluded	excerpt digest - names no original work, so it is a source of nothing			
Michel de Montaigne	5637	Literary and Philosophical Essays: French, German and Italian	Literary-and-Philosophical-Essays-French-German-and-Italian_5637	fetched		907827	8e9e67b1b5c6977aa97bae34105da9e9b5fa2b04ec3f7baf46c453518943272c	5637.txt
Michel de Montaigne	7551	Quotes and Images From The Works of Michel De Montaigne	Quotes-and-Images-From-The-Works-of-Michel-De-Montaigne_7551	excluded	excerpt digest - names no original work, so it is a source of nothing			
Michel de Montaigne	60014	Index of the Project Gutenberg Works of Michel De Montaigne	Index-of-the-Project-Gutenberg-Works-of-Michel-De-Montaigne_60014	fetched		95715	b20e71afb54f1511ae6cb2de8be7c4a8bbc0599cd881bb30c6cd6f015d0f2dc3	60014-0.txt
Michelangelo	10314	The Sonnets of Michael Angelo Buonarroti and Tommaso Campanella; Now for the First Time Translated into Rhymed English	The-Sonnets-of-Michael-Angelo-Buonarroti-and-Tommaso-Campanella-Now-for-the-First-Time-Translated-into-Rhymed-English_10314	unavailable				
Miguel de Cervantes	996	Don Quixote	Don-Quixote_996	fetched		2347853	69ef241e632ef4fba882bde06ad31ecb395d865b11028cc046c4d253f4cf118e	996.txt
Miguel de Cervantes	5903	The History of Don Quixote, Volume 1, Part 01	The-History-of-Don-Quixote-Volume-1-Part-01_5903	fetched		182687	9eb5368b14d0a6533508398fe0a7120c8b05b6e2e5e76e3a8169b773d901bf92	5903.txt
Miguel de Cervantes	5904	The History of Don Quixote, Volume 1, Part 02	The-History-of-Don-Quixote-Volume-1-Part-02_5904	fetched		43306	c43bd8807631ae65bd68beb5f4f4f6b11e32fcbf9879bd1fca57b6a15625f722	5904.txt
Miguel de Cervantes	5905	The History of Don Quixote, Volume 1, Part 03	The-History-of-Don-Quixote-Volume-1-Part-03_5905	fetched		63649	6aa32280a7fa0772f635662a92de841270754edb91668c5b73a3a395dcb48f8d	5905.txt
Miguel de Cervantes	5906	The History of Don Quixote, Volume 1, Part 04	The-History-of-Don-Quixote-Volume-1-Part-04_5906	fetched		88979	d2a4dba6a8e8e0334d1d2b33c3b5b065502393e218b33f98a9aa333e45a1b5f0	5906.txt
Miguel de Cervantes	5907	The History of Don Quixote, Volume 1, Part 05	The-History-of-Don-Quixote-Volume-1-Part-05_5907	fetched		52996	4879fffdddff0911d4fbbba2b41541c39d84375b323b493dc3ed8eed59692b54	5907.txt
Miguel de Cervantes	5908	The History of Don Quixote, Volume 1, Part 06	The-History-of-Don-Quixote-Volume-1-Part-06_5908	fetched		55243	a6e55f0c9d4d64af8879bf58ba4d056f2553b229cd4b253d80786ec0a1e91f54	5908.txt
Miguel de Cervantes	5909	The History of Don Quixote, Volume 1, Part 07	The-History-of-Don-Quixote-Volume-1-Part-07_5909	fetched		137261	af7850cc038e77977335e9286f6e20e4ccd56393099fe8a62180fca216d7e347	5909.txt
Miguel de Cervantes	5910	The History of Don Quixote, Volume 1, Part 08	The-History-of-Don-Quixote-Volume-1-Part-08_5910	fetched		45739	4ae4811cbd78afdf2655a04258a24e8c3e1cc8ec6dea6804106b7e42ab5ce2c3	5910.txt
Miguel de Cervantes	5911	The History of Don Quixote, Volume 1, Part 09	The-History-of-Don-Quixote-Volume-1-Part-09_5911	fetched		129697	f0483ff721617d2e99043ab7ee7145ccb3230ea4c4be5335f274c17acca3c2b0	5911.txt
Miguel de Cervantes	5912	The History of Don Quixote, Volume 1, Part 10	The-History-of-Don-Quixote-Volume-1-Part-10_5912	fetched		52581	0e91689c96d43fb008e6451cf020ba6ccf589342347ec0a0c88887822c0a5e16	5912.txt
Miguel de Cervantes	5913	The History of Don Quixote, Volume 1, Part 11	The-History-of-Don-Quixote-Volume-1-Part-11_5913	fetched		46210	1f6cb73d00fa67dcd0ec2b2399903a0e9cac09db07fec5848f1fb02dfda2dcea	5913.txt
Miguel de Cervantes	5914	The History of Don Quixote, Volume 1, Part 12	The-History-of-Don-Quixote-Volume-1-Part-12_5914	fetched		77719	0acfdffdce7edcaf19b5c4cc498875e72d9b032f69a81db4e5dd2d2dc1989652	5914.txt
Miguel de Cervantes	5915	The History of Don Quixote, Volume 1, Part 13	The-History-of-Don-Quixote-Volume-1-Part-13_5915	fetched		223988	f2228269ccbff629c75148e07c3dbbcdb6c28ec4a5f2b1b966591831b019539b	5915.txt
Miguel de Cervantes	5916	The History of Don Quixote, Volume 1, Part 14	The-History-of-Don-Quixote-Volume-1-Part-14_5916	fetched		262047	60de182f2e7eafc891c3e5fb3c86c0e89f11854cea79faac1411fd8abf92e671	5916.txt
Miguel de Cervantes	5917	The History of Don Quixote, Volume 1, Part 15	The-History-of-Don-Quixote-Volume-1-Part-15_5917	fetched		112404	f9709e1fc7553f448588a1172925ce608891396e50e249555d915d246f1e7287	5917.txt
Miguel de Cervantes	5918	The History of Don Quixote, Volume 1, Part 16	The-History-of-Don-Quixote-Volume-1-Part-16_5918	fetched		74689	e937d7523bc890eaf28c2d0e3bf435917edaac33fcbe4cb4fe0d1cd74f6f789d	5918.txt
Miguel de Cervantes	5919	The History of Don Quixote, Volume 1, Part 17	The-History-of-Don-Quixote-Volume-1-Part-17_5919	fetched		34357	4558b2a945e4cdcafaf234e17dc09a2fd77a5bf40b12ebc2d3999d213242403c	5919.txt
Miguel de Cervantes	5920	The History of Don Quixote, Volume 1, Part 18	The-History-of-Don-Quixote-Volume-1-Part-18_5920	fetched		55747	71134c80024119ee7486d5f800451428f81d3c8e76f95284b764bd629e81ca0c	5920.txt
Miguel de Cervantes	5921	The History of Don Quixote, Volume 1, Complete	The-History-of-Don-Quixote-Volume-1-Complete_5921	fetched		1211692	ee8ae324af42a990d61ccaf36af00654fb0c2d814dcc19971bf37c53f7353c5c	5921-0.txt
Miguel de Cervantes	5922	The History of Don Quixote, Volume 2, Part 19	The-History-of-Don-Quixote-Volume-2-Part-19_5922	fetched		116427	4a00f102b8a92e3d5a14cb0f9719a010f70573a446b340ae7554f792aca1b633	5922.txt
Miguel de Cervantes	5923	The History of Don Quixote, Volume 2, Part 20	The-History-of-Don-Quixote-Volume-2-Part-20_5923	fetched		91312	7517deea28b58c736134f546baccaefb48486c83e559398bb9634e765d4c0a0b	5923.txt
Miguel de Cervantes	5924	The History of Don Quixote, Volume 2, Part 21	The-History-of-Don-Quixote-Volume-2-Part-21_5924	fetched		84476	13985abe3058cbe79525a284f943e47e13bef0bbda597a33f1deee50d1709267	5924.txt
Miguel de Cervantes	5925	The History of Don Quixote, Volume 2, Part 22	The-History-of-Don-Quixote-Volume-2-Part-22_5925	fetched		85958	728d57c92a02b374b6feefb76a0db334fd3ecdbab9b95b20339978148498be0b	5925.txt
Miguel de Cervantes	5926	The History of Don Quixote, Volume 2, Part 23	The-History-of-Don-Quixote-Volume-2-Part-23_5926	fetched		54767	df4220f9c1f799000414f5854299efb1946c0d6fec0dfbfcccaf9eb5f04cd23c	5926.txt
Miguel de Cervantes	5927	The History of Don Quixote, Volume 2, Part 24	The-History-of-Don-Quixote-Volume-2-Part-24_5927	fetched		34107	08788d5d82bc14770b5766a6c4680f04e2b7a81148953e0563709ec409fb023b	5927.txt
Miguel de Cervantes	5928	The History of Don Quixote, Volume 2, Part 25	The-History-of-Don-Quixote-Volume-2-Part-25_5928	fetched		37035	23741a68f8e5560dafb70792aff63ba60faa66cc3cbc2c0c5eac1e54acb882c0	5928.txt
Miguel de Cervantes	5929	The History of Don Quixote, Volume 2, Part 26	The-History-of-Don-Quixote-Volume-2-Part-26_5929	fetched		76883	01d7f86e4cbe8ffe77df7c36250286bd3a0821c3bde29d56caf9f32f1d82c420	5929.txt
Miguel de Cervantes	5930	The History of Don Quixote, Volume 2, Part 27	The-History-of-Don-Quixote-Volume-2-Part-27_5930	fetched		63590	fba1976ee8e092403b1f780647e90e9993e87efded2bd91dda91d39e94b84a4a	5930.txt
Miguel de Cervantes	5931	The History of Don Quixote, Volume 2, Part 28	The-History-of-Don-Quixote-Volume-2-Part-28_5931	fetched		62158	96e0fd9c6189d2924b358dd99b4e5f0985b798a556a7b7b62230ad68d8bb81cd	5931.txt
Miguel de Cervantes	5932	The History of Don Quixote, Volume 2, Part 29	The-History-of-Don-Quixote-Volume-2-Part-29_5932	fetched		96962	20086fb31beedd6bee3fa2c1cf41be44c7f08c63727e3eaf29a154628283a2e2	5932.txt
Miguel de Cervantes	5933	The History of Don Quixote, Volume 2, Part 30	The-History-of-Don-Quixote-Volume-2-Part-30_5933	fetched		114599	8690afe79cf2c93a60a8c12ef0b802cd073ad126a6849299e4dda0da490b099b	5933.txt
Miguel de Cervantes	5934	The History of Don Quixote, Volume 2, Part 31	The-History-of-Don-Quixote-Volume-2-Part-31_5934	fetched		54528	6cf97c031f30d00c885450f57f8b5c902cdf11c051ad31f4bb5adffa6bc8b446	5934.txt
Miguel de Cervantes	5935	The History of Don Quixote, Volume 2, Part 32	The-History-of-Don-Quixote-Volume-2-Part-32_5935	fetched		64548	f7af0a7a27bff43eaa3edefa11640fa5c464312061690a317754097fcd5b5796	5935.txt
Miguel de Cervantes	5936	The History of Don Quixote, Volume 2, Part 33	The-History-of-Don-Quixote-Volume-2-Part-33_5936	fetched		109014	3ba3095fa750fc22bf1d71bec1e06290a67d15640937926cce0f1b75cf9c69a1	5936.txt
Miguel de Cervantes	5937	The History of Don Quixote, Volume 2, Part 34	The-History-of-Don-Quixote-Volume-2-Part-34_5937	fetched		71491	2cf1928b4c9c1b20826539556ccbefdcdd6e10adfe7ea1d753f5a42a56ad7580	5937.txt
Miguel de Cervantes	5938	The History of Don Quixote, Volume 2, Part 35	The-History-of-Don-Quixote-Volume-2-Part-35_5938	fetched		62384	8f488748a273ff275fa318126a5537cb30900323f31f8c3afa1dc0201b386c61	5938.txt
Miguel de Cervantes	5939	The History of Don Quixote, Volume 2, Part 36	The-History-of-Don-Quixote-Volume-2-Part-36_5939	fetched		47742	0bc78227dc2d49f5486a0f016d0c4c84d47513fc1a5c9f0c3fc8f1f1b7b51283	5939.txt
Miguel de Cervantes	5940	The History of Don Quixote, Volume 2, Part 37	The-History-of-Don-Quixote-Volume-2-Part-37_5940	fetched		26159	b43ed6ff904e27d1520dc570125ed523f2fe7c80040c068b89cc724e5a721e87	5940.txt
Miguel de Cervantes	5941	The History of Don Quixote, Volume 2, Part 38	The-History-of-Don-Quixote-Volume-2-Part-38_5941	fetched		46085	49fddb34144ff1f9819915b6b6d58f37a43f9c34f824470f31a23393b0957bcd	5941.txt
Miguel de Cervantes	5942	The History of Don Quixote, Volume 2, Part 39	The-History-of-Don-Quixote-Volume-2-Part-39_5942	fetched		73391	caa0a5dc83868a747ececa2d0fa3b3d7e923437444cb93170bc7e27b07468577	5942.txt
Miguel de Cervantes	5943	The History of Don Quixote, Volume 2, Part 40	The-History-of-Don-Quixote-Volume-2-Part-40_5943	fetched		68267	40ff099d6f4938f4f697ed58c8c94acb740d249a502ae0c134cccc7b090e11f0	5943.txt
Miguel de Cervantes	5944	The History of Don Quixote, Volume 2, Part 41	The-History-of-Don-Quixote-Volume-2-Part-41_5944	fetched		43221	1f5f4e191e46d1b10925700787d3109d3ca6f5ff504db429e85fa384b0e80030	5944.txt
Miguel de Cervantes	5945	The History of Don Quixote, Volume 2, Part 42	The-History-of-Don-Quixote-Volume-2-Part-42_5945	fetched		45126	bf2238479e2e219023aa77545faa134c229fd0fcedf3e424677d0f1ae9aa29a5	5945.txt
Miguel de Cervantes	5946	The History of Don Quixote, Volume 2, Complete	The-History-of-Don-Quixote-Volume-2-Complete_5946	fetched		1185280	05faa51d554d42094480f63dca9c03de848c0ed6e8fec1c3815c4bb4d6e86a2c	5946-0.txt
Miguel de Cervantes	7094	Don Quixote	Don-Quixote_7094	unavailable				
Miguel de Cervantes	14420	The Exemplary Novels of Cervantes	The-Exemplary-Novels-of-Cervantes_14420	fetched		1051942	d3d2f7d6ba22391ccc29c04fd1d6a29e72876796a42e65b70a01b0144225fbd0	14420.txt
Miguel de Cervantes	14636	Tragic Sense Of Life	Tragic-Sense-Of-Life_14636	fetched		721375	ee31ed39607d678161e55fb96fe808993da952841514f70faef19d28f532965c	14636.txt
Miguel de Cervantes	24754	Wit and Wisdom of Don Quixote	Wit-and-Wisdom-of-Don-Quixote_24754	fetched		478120	6ebbcc879a62a813f61675e5481663475bf9cfcf18053e4d32d8b90c4dbefbda	24754.txt
Miguel de Cervantes	28842	Don Quixote, Volume 1	Don-Quixote-Volume-1_28842	unavailable				
Miguel de Cervantes	29468	The Story of Don Quixote	The-Story-of-Don-Quixote_29468	fetched		558994	118849169ef8f21f390727598765cdfca888f27873dc947f83b314fe331b82c9	29468.txt
Miguel de Cervantes	35993	The History of Don Quixote de la Mancha	The-History-of-Don-Quixote-de-la-Mancha_35993	fetched		1321149	f46bebbb23933b0ebb22d57f1488b492a9126fcc276a0d0e89f2c68f02763dad	35993.txt
Miguel de Cervantes	53041	Numantia	Numantia_53041	fetched		184417	4d4a30f31b7ef29bbde4f47ea01ca8b457a00b2ea53cb7e2714778827f27b737	53041-0.txt
Miguel de Cervantes	55106	Don Quixote of the Mancha, Retold by Judge Parry	Don-Quixote-of-the-Mancha-Retold-by-Judge-Parry_55106	unavailable				
Miguel de Cervantes	58328	Index of the Project Gutenberg Works of Miguel de Cervantes Saavedra	Index-of-the-Project-Gutenberg-Works-of-Miguel-de-Cervantes-Saavedra_58328	unavailable				
Miguel de Cervantes	61561	The Wanderings of Persiles and Sigismunda: A Northern Story	The-Wanderings-of-Persiles-and-Sigismunda-A-Northern-Story_61561	fetched		768023	ee220bb22e8a3ccd3dcb9814c2a908b225ecbe5e1a138c845bfe76aa555f607a	61561-0.txt
Miguel de Cervantes	63404	Galatea	Galatea_63404	fetched		1073281	4e96e9b2c61f56554cbe08edb5b623603c84638ddcb3e89f8dbae6f3c2b6d817	63404-0.txt
Mikhail Bakunin	20677	God and the State	God-and-the-State_20677	unavailable				
Mikhail Bakunin	36568	God and the State	God-and-the-State_36568	fetched		211801	9f8aca8864ac783f89ebf19d99740779ea52433dee7e20532dcbdc739f0ea85d	36568.txt
Millicent Fawcett	48614	Women's Suffrage: A Short History of a Great Movement	Women-s-Suffrage-A-Short-History-of-a-Great-Movement_48614	fetched		210866	7ecea8d68f8584552bf5312b936afb76bca946942a6f49261b6120d41c86fe5c	48614-8.txt
Millicent Fawcett	48833	The Women's Victory—and After: Personal Reminiscences, 1911-1918	The-Women-s-Victoryand-After-Personal-Reminiscences-1911-1918_48833	fetched		273560	d8575deacb868fcd18362d2b86e01c2ba37fa7ac207d9ccda067255fbe72bc82	48833-0.txt
Millicent Fawcett	49765	Some Eminent Women of Our Times: Short Biographical Sketches	Some-Eminent-Women-of-Our-Times-Short-Biographical-Sketches_49765	fetched		483241	62095f088d27f229b834d1939a6fd77f641de6df5accc0952ffde44cd9411e0b	49765-0.txt
Millicent Fawcett	67277	Life of Her Majesty Queen Victoria	Life-of-Her-Majesty-Queen-Victoria_67277	fetched		524825	b6758306c70c632a89c2a9599b49aaeb39d19af7bdda952af065db3a5fdcd28c	67277-0.txt
Moliere	2027	Tartuffe; Or, The Hypocrite	Tartuffe-Or-The-Hypocrite_2027	unavailable				
Moliere	2536	Amphitryon	Amphitryon_2536	fetched		104637	e0f38c282e41aaa98a09deba1542af27294820277488b65e735c6be09360352f	2536.txt
Moliere	2992	The Middle-Class Gentleman	The-Middle-Class-Gentleman_2992	fetched		128168	9cf9b40e344fea1569f246977f0db3a8a8ebd1ebb0f3eed0f47247e9abaf8b21	2992.txt
Moliere	6562	The Pretentious Young Ladies	The-Pretentious-Young-Ladies_6562	fetched		89813	f1cd8a3b47b78fc41324d921e55913e3bdb2147b745c9489ba092cd9c29cbb78	6562-8.txt
Moliere	6563	The Blunderer	The-Blunderer_6563	fetched		154050	b03a01c403bc615fab3d96a23e1938f77faafd9c4b9aadc3d0239952ab5fdd30	6563-8.txt
Moliere	6564	The Love-Tiff	The-Love-Tiff_6564	fetched		129323	093cf0c2796bf0911138162ea30d5ef0793a4ca3b75b5d29d348bf8f9d167d3c	6564-8.txt
Moliere	6680	The Bores: A Comedy in Three Acts	The-Bores-A-Comedy-in-Three-Acts_6680	unavailable				
Moliere	6681	Sganarelle, or, the Self-Deceived Husband	Sganarelle-or-the-Self-Deceived-Husband_6681	fetched		78315	2e0b4ae3776ede1107bc443ef7b54094de08128e943116f149e52515add1d9c9	6681-8.txt
Moliere	6740	Don Garcia of Navarre; Or, the Jealous Prince. A Heroic Comedy in Five Acts.	Don-Garcia-of-Navarre-Or-the-Jealous-Prince-A-Heroic-Comedy-in-Five-Acts_6740	unavailable				
Moliere	6742	The School for Husbands	The-School-for-Husbands_6742	fetched		99471	2cdd2ae6e9d7b100d947ebfa07c637130464e73e988e6cafda6cf6be00efbe5c	6742-8.txt
Moliere	6923	The Miser	The-Miser_6923	fetched		141196	59d7aee3d45d2174a1903c42f9699e79443bdad9144beb67824e1e68ae09c6de	6923.txt
Moliere	7009	Monsieur De Pourceaugnac	Monsieur-De-Pourceaugnac_7009	fetched		92907	202b3825bbae40595a28954ca4415ce099838fe113ecd6e801480432d3507dd4	7009.txt
Moliere	7067	The Magnificent Lovers (Les Amants magnifiques)	The-Magnificent-Lovers-Les-Amants-magnifiques_7067	unavailable				
Moliere	7279	The Shopkeeper Turned Gentleman	The-Shopkeeper-Turned-Gentleman_7279	fetched		137048	4e79c66ebd3614cc844805527551f70c449e79ce8992bf0b3bed35bbe86ee51c	7279-8.txt
Moliere	7444	Psyche	Psyche_7444	fetched		110513	983ad3c624f7276d400ec4d0c934b4e68978f881af2aa31a6ed57c835b8469f3	7444.txt
Moliere	7451	The Countess of Escarbagnas	The-Countess-of-Escarbagnas_7451	fetched		53933	42789476f7adf5726a825d07efb02b11ea0335400bead8b729acf07891d5c0b7	7451.txt
Moliere	8772	The Learned Women	The-Learned-Women_8772	fetched		119354	c648048382713d9a9a5bd02a1627496737cdad54a90cf929999dbd0d73e444a2	8772-8.txt
Moliere	8776	The Impostures of Scapin	The-Impostures-of-Scapin_8776	fetched		102670	fbbeed975621e462b9af75d0bd4b58db3901c1cb6554942b25f057fdcbd009f0	8776-8.txt
Moliere	9070	The Imaginary Invalid	The-Imaginary-Invalid_9070	fetched		133314	589b9577ffca6fbe1c0deba5fd7c210a2aa6d6a59ed21c03c5b42d41d34df8dc	9070.txt
Moliere	27072	The Flying Doctor	The-Flying-Doctor_27072	unavailable				
Moliere	27074	The Jealousy of le Barbouillé	The-Jealousy-of-le-Barbouille_27074	unavailable				
Moliere	28488	Tartuffe; Or, The Hypocrite	Tartuffe-Or-The-Hypocrite_28488	unavailable				
Napoleon I	37499	Napoleon's Letters to Josephine, 1796-1812	Napoleon-s-Letters-to-Josephine-1796-1812_37499	unavailable				
Napoleon I	50118	Napoleon's Appeal to the British Nation, on His Treatment at Saint Helena	Napoleon-s-Appeal-to-the-British-Nation-on-His-Treatment-at-Saint-Helena_50118	fetched		45263	93d3ac87dec9c6968b95340ece05113c081c6d732583de14dd14a1ea32894ee0	50118-0.txt
Napoleon I	50750	The Officer's Manual: Napoleon's Maxims of War	The-Officer-s-Manual-Napoleon-s-Maxims-of-War_50750	fetched		178260	8a54014673a5c2c642b4a0f27f8535154e56459d0e69e5907d2ce55db5f09efd	50750-0.txt
Nathaniel Hawthorne	33	The Scarlet Letter	The-Scarlet-Letter_33	fetched		516453	2341afcae7b06db1c80549fd700ddf10e8af12ca8e774c4747840a9ab8e81a14	33.txt
Nathaniel Hawthorne	77	The House of the Seven Gables	The-House-of-the-Seven-Gables_77	fetched		646239	bf23e00c3d6f2f13b46e8f07fd766d435f9bcb933b7848a934ab7e471484af15	77.txt
Nathaniel Hawthorne	508	Twice-Told Tales	Twice-Told-Tales_508	fetched		517410	1fe72ee9ae0c52049565341b0ceb91e9b089907f08a08e37bb17bbd27bfb566f	508.txt
Nathaniel Hawthorne	512	Mosses from an Old Manse, and Other Stories	Mosses-from-an-Old-Manse-and-Other-Stories_512	fetched		448386	06df59133252419a623c3de7de759ac616ef9769e9911d5d6e2e614d7a14fa2b	512.txt
Nathaniel Hawthorne	513	The snow-image, and other twice-told tales	The-snow-image-and-other-twice-told-tales_513	unavailable				
Nathaniel Hawthorne	976	Tanglewood Tales	Tanglewood-Tales_976	fetched		386196	477b6cc6e306e15e7eed532df7793c270925ecb8a0b2f370d0ecde08bf34a755	976.txt
Nathaniel Hawthorne	1916	The Great Stone Face, and Other Tales of the White Mountains	The-Great-Stone-Face-and-Other-Tales-of-the-White-Mountains_1916	fetched		132575	ca892c67c809d65a9e2b7f1a2b4e4ae2168e3b2f21ec5ae7cda82473e637bf02	1916-0.txt
Nathaniel Hawthorne	1926	The Whole History of Grandfather's Chair	The-Whole-History-of-Grandfather-s-Chair_1926	unavailable				
Nathaniel Hawthorne	2081	The Blithedale Romance	The-Blithedale-Romance_2081	fetched		464054	d9353cb274a38c1740cf14bb35d8a3c759989936dd3e1d90d97eb81e8388f8ed	2081.txt
Nathaniel Hawthorne	2181	The Marble Faun; Or, The Romance of Monte Beni - Volume 1	The-Marble-Faun-Or-The-Romance-of-Monte-Beni-Volume-1_2181	unavailable				
Nathaniel Hawthorne	2182	The Marble Faun; Or, The Romance of Monte Beni - Volume 2	The-Marble-Faun-Or-The-Romance-of-Monte-Beni-Volume-2_2182	unavailable				
Nathaniel Hawthorne	7085	Fanshawe	Fanshawe_7085	fetched		259641	03e83e034904044dea93388b1046e753e8f857c72be754da02a186380a288444	7085-8.txt
Nathaniel Hawthorne	7119	The Dolliver Romance	The-Dolliver-Romance_7119	fetched		118578	eec536fdfc26cc16dfcc8175c25b59d2d74c6a5ae904f85e079b7e93a2d1a07d	7119-8.txt
Nathaniel Hawthorne	7183	Doctor Grimshawe's Secret — a Romance	Doctor-Grimshawe-s-Secret-a-Romance_7183	unavailable				
Nathaniel Hawthorne	7372	Septimius Felton, or, the Elixir of Life	Septimius-Felton-or-the-Elixir-of-Life_7372	fetched		379005	5bdbe96ced41feb90f8369d03f1065adeae44b98523671fbf38cd0492edbc39a	7372-8.txt
Nathaniel Hawthorne	7876	Passages from the English Notebooks, Volume 1.	Passages-from-the-English-Notebooks-Volume-1_7876	unavailable				
Nathaniel Hawthorne	7877	Passages from the English Notebooks, Volume 2.	Passages-from-the-English-Notebooks-Volume-2_7877	unavailable				
Nathaniel Hawthorne	7878	Passages from the English Notebooks, Complete	Passages-from-the-English-Notebooks-Complete_7878	fetched		1361958	157f8288ab57814df5b231860aa03e2cdc8271d6b1523c5f3e4d3594cc9b9bc3	7878.txt
Nathaniel Hawthorne	7879	Passages from the French and Italian Notebooks, Volume 1.	Passages-from-the-French-and-Italian-Notebooks-Volume-1_7879	unavailable				
Nathaniel Hawthorne	7880	Passages from the French and Italian Notebooks, Volume 2.	Passages-from-the-French-and-Italian-Notebooks-Volume-2_7880	unavailable				
Nathaniel Hawthorne	7881	Passages from the French and Italian Notebooks, Complete	Passages-from-the-French-and-Italian-Notebooks-Complete_7881	fetched		991012	34715efdbc3b6f861855bff12009949da3f9d846c5b4c6f80c951503a20da63e	7881.txt
Nathaniel Hawthorne	8088	Passages from the American Notebooks, Volume 1	Passages-from-the-American-Notebooks-Volume-1_8088	fetched		377458	fe889e03eb952a0761614a73ee72675da5aa5a4d9aa149bfcc3513d1361dcbf9	8088.txt
Nathaniel Hawthorne	8089	Passages from the American Notebooks, Volume 2.	Passages-from-the-American-Notebooks-Volume-2_8089	unavailable				
Nathaniel Hawthorne	8090	Our Old Home: A Series of English Sketches	Our-Old-Home-A-Series-of-English-Sketches_8090	unavailable				
Nathaniel Hawthorne	8091	Sketches and Studies	Sketches-and-Studies_8091	fetched		467491	ac9ff8736d8e937087a78b9420f75092eaf5b288a39d4237e72b63802ed7336b	8091-0.txt
Nathaniel Hawthorne	8429	The Ancestral Footstep (fragment)	The-Ancestral-Footstep-fragment_8429	unavailable				
Nathaniel Hawthorne	9201	Sunday at Home (From "Twice Told Tales")	Sunday-at-Home-From-Twice-Told-Tales_9201	unavailable				
Nathaniel Hawthorne	9202	Little Annie's Ramble (From "Twice Told Tales")	Little-Annie-s-Ramble-From-Twice-Told-Tales_9202	unavailable				
Nathaniel Hawthorne	9203	A Rill from the Town Pump	A-Rill-from-the-Town-Pump_9203	fetched		34078	3b9262118abd3fbf26370a2d66e935197857b31ff4f47dde6a7c26abeeb27721	9203.txt
Nathaniel Hawthorne	9204	The Prophetic Pictures (From "Twice Told Tales")	The-Prophetic-Pictures-From-Twice-Told-Tales_9204	unavailable				
Nathaniel Hawthorne	9205	Sights from a Steeple (From "Twice Told Tales")	Sights-from-a-Steeple-From-Twice-Told-Tales_9205	unavailable				
Nathaniel Hawthorne	9206	The Toll Gatherer's Day (From "Twice Told Tales")	The-Toll-Gatherer-s-Day-From-Twice-Told-Tales_9206	unavailable				
Nathaniel Hawthorne	9207	The Vision of the Fountain (From "Twice Told Tales")	The-Vision-of-the-Fountain-From-Twice-Told-Tales_9207	unavailable				
Nathaniel Hawthorne	9208	Fancy's Show-Box (From "Twice Told Tales")	Fancy-s-Show-Box-From-Twice-Told-Tales_9208	unavailable				
Nathaniel Hawthorne	9209	The Haunted Mind (From "Twice Told Tales")	The-Haunted-Mind-From-Twice-Told-Tales_9209	unavailable				
Nathaniel Hawthorne	9210	The Village Uncle (From "Twice Told Tales")	The-Village-Uncle-From-Twice-Told-Tales_9210	unavailable				
Nathaniel Hawthorne	9211	The Sister Years (From "Twice Told Tales")	The-Sister-Years-From-Twice-Told-Tales_9211	unavailable				
Nathaniel Hawthorne	9212	Snow Flakes (From "Twice Told Tales")	Snow-Flakes-From-Twice-Told-Tales_9212	unavailable				
Nathaniel Hawthorne	9213	The Seven Vagabonds (From "Twice Told Tales")	The-Seven-Vagabonds-From-Twice-Told-Tales_9213	unavailable				
Nathaniel Hawthorne	9214	The White Old Maid (From "Twice Told Tales")	The-White-Old-Maid-From-Twice-Told-Tales_9214	unavailable				
Nathaniel Hawthorne	9215	Chippings with a Chisel (From "Twice Told Tales")	Chippings-with-a-Chisel-From-Twice-Told-Tales_9215	unavailable				
Nathaniel Hawthorne	9216	Beneath an Umbrella (From "Twice Told Tales")	Beneath-an-Umbrella-From-Twice-Told-Tales_9216	unavailable				
Nathaniel Hawthorne	9217	The Lily's Quest (From "Twice Told Tales")	The-Lily-s-Quest-From-Twice-Told-Tales_9217	unavailable				
Nathaniel Hawthorne	9218	Footprints on the Sea-Shore (From "Twice Told Tales")	Footprints-on-the-Sea-Shore-From-Twice-Told-Tales_9218	unavailable				
Nathaniel Hawthorne	9219	Edward Fane's Rosebud (From "Twice Told Tales")	Edward-Fane-s-Rosebud-From-Twice-Told-Tales_9219	unavailable				
Nathaniel Hawthorne	9220	The Threefold Destiny (From "Twice Told Tales")	The-Threefold-Destiny-From-Twice-Told-Tales_9220	unavailable				
Nathaniel Hawthorne	9221	The Old Manse (From "Mosses from an Old Manse")	The-Old-Manse-From-Mosses-from-an-Old-Manse_9221	unavailable				
Nathaniel Hawthorne	9222	A Select Party	A-Select-Party_9222	fetched		52131	ee9fa8764d33d5e0859c67a58a0ad36d779481f8df4fe3f86905c4c165abb145	9222-0.txt
Nathaniel Hawthorne	9223	Fire Worship (From "Mosses from an Old Manse")	Fire-Worship-From-Mosses-from-an-Old-Manse_9223	unavailable				
Nathaniel Hawthorne	9224	Buds and Bird Voices (From "Mosses from an Old Manse")	Buds-and-Bird-Voices-From-Mosses-from-an-Old-Manse_9224	unavailable				
Nathaniel Hawthorne	9225	Monsieur du Miroir (From "Mosses from an Old Manse")	Monsieur-du-Miroir-From-Mosses-from-an-Old-Manse_9225	unavailable				
Nathaniel Hawthorne	9226	The Hall of Fantasy (From "Mosses from an Old Manse")	The-Hall-of-Fantasy-From-Mosses-from-an-Old-Manse_9226	unavailable				
Nathaniel Hawthorne	9227	The New Adam and Eve (From "Mosses from an Old Manse")	The-New-Adam-and-Eve-From-Mosses-from-an-Old-Manse_9227	unavailable				
Nathaniel Hawthorne	9228	The Christmas Banquet (From "Mosses from an Old Manse")	The-Christmas-Banquet-From-Mosses-from-an-Old-Manse_9228	unavailable				
Nathaniel Hawthorne	9229	The Intelligence Office (From "Mosses from an Old Manse")	The-Intelligence-Office-From-Mosses-from-an-Old-Manse_9229	unavailable				
Nathaniel Hawthorne	9230	P.'s Correspondence (From "Mosses from an Old Manse")	P-s-Correspondence-From-Mosses-from-an-Old-Manse_9230	unavailable				
Nathaniel Hawthorne	9231	Earth's Holocaust (From "Mosses from an Old Manse")	Earth-s-Holocaust-From-Mosses-from-an-Old-Manse_9231	unavailable				
Nathaniel Hawthorne	9232	Passages from a Relinquished Work (From "Mosses from an Old Manse")	Passages-from-a-Relinquished-Work-From-Mosses-from-an-Old-Manse_9232	unavailable				
Nathaniel Hawthorne	9233	Sketches from Memory (From "Mosses from an Old Manse")	Sketches-from-Memory-From-Mosses-from-an-Old-Manse_9233	unavailable				
Nathaniel Hawthorne	9234	The Old Apple Dealer (From "Mosses from an Old Manse")	The-Old-Apple-Dealer-From-Mosses-from-an-Old-Manse_9234	unavailable				
Nathaniel Hawthorne	9235	A Virtuoso's Collection (From "Mosses from an Old Manse")	A-Virtuoso-s-Collection-From-Mosses-from-an-Old-Manse_9235	unavailable				
Nathaniel Hawthorne	9236	Main Street	Main-Street_9236	unavailable				
Nathaniel Hawthorne	9237	A Bell's Biography	A-Bell-s-Biography_9237	fetched		35163	e00b7636b3bf11b0e9e7a375079bb45f2dd739935be90e182f529a28c4dd890d	9237.txt
Nathaniel Hawthorne	9238	Sylph Etherege	Sylph-Etherege_9238	unavailable				
Nathaniel Hawthorne	9239	Old News	Old-News_9239	unavailable				
Nathaniel Hawthorne	9240	The Man of Adamant	The-Man-of-Adamant_9240	unavailable				
Nathaniel Hawthorne	9241	John Inglefield's Thanksgiving	John-Inglefield-s-Thanksgiving_9241	unavailable				
Nathaniel Hawthorne	9242	Old Ticonderoga, a Picture of the Past	Old-Ticonderoga-a-Picture-of-the-Past_9242	unavailable				
Nathaniel Hawthorne	9243	The Wives of the Dead	The-Wives-of-the-Dead_9243	unavailable				
Nathaniel Hawthorne	9244	Little Daffydowndilly	Little-Daffydowndilly_9244	unavailable				
Nathaniel Hawthorne	9245	Biographical Sketches	Biographical-Sketches_9245	unavailable				
Nathaniel Hawthorne	9246	Sketches from Memory	Sketches-from-Memory_9246	unavailable				
Nathaniel Hawthorne	9247	Fragments from the Journal of a Solitary Man	Fragments-from-the-Journal-of-a-Solitary-Man_9247	unavailable				
Nathaniel Hawthorne	9248	Other Tales and Sketches	Other-Tales-and-Sketches_9248	unavailable				
Nathaniel Hawthorne	9249	Dr. Bullivant	Dr-Bullivant_9249	unavailable				
Nathaniel Hawthorne	9250	A Book of Autographs	A-Book-of-Autographs_9250	fetched		55744	8e167d5ae0d48dc66960d3dffee9c3e081b0270bc050915353b0706d34d362ba	9250.txt
Nathaniel Hawthorne	9251	An Old Woman's Tale	An-Old-Woman-s-Tale_9251	unavailable				
Nathaniel Hawthorne	9252	Time's Portraiture	Time-s-Portraiture_9252	unavailable				
Nathaniel Hawthorne	9253	"Browne's Folly"	Browne-s-Folly_9253	unavailable				
Nathaniel Hawthorne	9254	Biographical Stories	Biographical-Stories_9254	unavailable				
Nathaniel Hawthorne	9255	The Gorgon's Head	The-Gorgon-s-Head_9255	unavailable				
Nathaniel Hawthorne	9256	The Paradise of Children	The-Paradise-of-Children_9256	unavailable				
Nathaniel Hawthorne	9257	The Three Golden Apples	The-Three-Golden-Apples_9257	unavailable				
Nathaniel Hawthorne	9258	The Miraculous Pitcher	The-Miraculous-Pitcher_9258	unavailable				
Nathaniel Hawthorne	13707	Twice-told tales	Twice-told-tales_13707	fetched		879421	96ad85cf3610dbed94501bac0c09b36db62383c470ee4d2133fa3fb20098e506	13707-8.txt
Nathaniel Hawthorne	15697	True Stories of History and Biography	True-Stories-of-History-and-Biography_15697	fetched		469410	0678dafc30d88a16747cf7e6f0ea2496fe348bdc86051daf606e44368062f9db	15697-0.txt
Nathaniel Hawthorne	25344	The Scarlet Letter	The-Scarlet-Letter_25344	fetched		525464	ad643a9f3f71c6191f88b7dcf4fa4953db7931dd58362531bbf76ffec1f7aa54	25344-0.txt
Nathaniel Hawthorne	30376	The snow-image: a childish miracle	The-snow-image-a-childish-miracle_30376	unavailable				
Nathaniel Hawthorne	31112	The Scarlet Stigma: A Drama in Four Acts	The-Scarlet-Stigma-A-Drama-in-Four-Acts_31112	unavailable				
Nathaniel Hawthorne	32242	A Wonder Book for Girls & Boys	A-Wonder-Book-for-Girls-Boys_32242	unavailable				
Nathaniel Hawthorne	35377	A Wonder Book and Tanglewood Tales, for Girls and Boys	A-Wonder-Book-and-Tanglewood-Tales-for-Girls-and-Boys_35377	unavailable				
Nathaniel Hawthorne	37625	Our Old Home, Vol. 2	Our-Old-Home-Vol-2_37625	unavailable				
Nathaniel Hawthorne	39716	Nathaniel Hawthorne	Nathaniel-Hawthorne_39716	unavailable				
Nathaniel Hawthorne	41309	Love Letters of Nathaniel Hawthorne, Volume 1 (of 2)	Love-Letters-of-Nathaniel-Hawthorne-Volume-1-of-2_41309	unavailable				
Nathaniel Hawthorne	41368	Love Letters of Nathaniel Hawthorne, Volume 2 (of 2)	Love-Letters-of-Nathaniel-Hawthorne-Volume-2-of-2_41368	fetched		284018	1abd3ff918d241c430fa242ddbd748d04650918a35ba61d32cf4746d578564b2	41368.txt
Nathaniel Hawthorne	51995	Tanglewood Tales	Tanglewood-Tales_51995	fetched		376963	8a45a41232256ee9f96ba43cfb14fee80f29d062035c48749a670caf80022e68	51995-0.txt
Nathaniel Hawthorne	59280	Index of the Project Gutenberg Works of Nathaniel Hawthorne	Index-of-the-Project-Gutenberg-Works-of-Nathaniel-Hawthorne_59280	fetched		41409	650add24eb60728f5a2cd23988946d71341fcb4e9a023beb562e60e6efd3d7d5	59280-8.txt
Nathaniel Hawthorne	64944	In colonial days	In-colonial-days_64944	fetched		144221	c400a7e89525559fbb33e66217baea033e447a5ab6ff1be3236d51c6398aee0c	64944-0.txt
Niccolo Machiavelli	1232	The Prince	The-Prince_1232	fetched		305881	77e227946c6cf3e040a6eb0d87714a8355da450498ebe5454dc02861a2bcd5fe	1232.txt
Niccolo Machiavelli	2464	History of Florence and of the Affairs of Italy	History-of-Florence-and-of-the-Affairs-of-Italy_2464	unavailable				
Niccolo Machiavelli	10827	Discourses on the First Decade of Titus Livius	Discourses-on-the-First-Decade-of-Titus-Livius_10827	fetched		834382	7173b286d39fb46b4b1383263f7d8b2c23715175b5ce3c14fdcabc7d48969701	10827.txt
Niccolo Machiavelli	15772	Machiavelli, Volume I	Machiavelli-Volume-I_15772	fetched		779374	39bf97414a266a3149d3fbd5e3158d4867e60c767f6f77f28c14b7ef91044d56	15772.txt
Niccolo Machiavelli	26253	The Prince	The-Prince_26253	unavailable				
Niccolo Machiavelli	57037	The Prince	The-Prince_57037	fetched		196033	45339f988eb01df92027139e39fd041275e0352a452c98d5e865a273a3c7e196	57037-0.txt
Norman Douglas	4508	South Wind	South-Wind_4508	fetched		817504	32443c1ad342a226ca209dd397a77e633a42361c5ed3ebec8e0fc9a46d7bd20e	4508.txt
Norman Douglas	7380	Alone	Alone_7380	fetched		472118	9e505ca45888415cf74d4e01e8b3b787e399d08ba547c08a946e0c183d5e0577	7380-8.txt
Norman Douglas	7385	Old Calabria	Old-Calabria_7385	fetched		802088	667af682c6b531dce47a1f6422c14c137d80f6261492366b955193f8dd102827	7385-8.txt
Norman Douglas	8185	Fountains in the Sand: Rambles Among the Oases of Tunisia	Fountains-in-the-Sand-Rambles-Among-the-Oases-of-Tunisia_8185	unavailable				
O. Henry	1444	The Voice of the City: Further Stories of the Four Million	The-Voice-of-the-City-Further-Stories-of-the-Four-Million_1444	unavailable				
O. Henry	1583	Options	Options_1583	fetched		380762	c738d66766a7c083d871eb56871c9def5060a859b849f2fd22a39df58b8a2e73	1583.txt
O. Henry	1595	Whirligigs	Whirligigs_1595	fetched		457245	0b8261f5d86f24b676a0fbfc57ea0e414731a764712244f1011567dfef9bf5aa	1595.txt
O. Henry	1646	Roads of Destiny	Roads-of-Destiny_1646	fetched		577195	f70f41a21748928e6d50d12586e3ff90e0c0ee0e3550ce93d32171a3a3e11381	1646.txt
O. Henry	1725	Heart of the West	Heart-of-the-West_1725	fetched		462137	e72ce8a4bc0d909e5f95bc1af11ca9a5b88b0dcfc481c22226a5d67dc8410e5e	1725.txt
O. Henry	1805	The Gentle Grafter	The-Gentle-Grafter_1805	fetched		265565	c54d82f898c166797488d4ffcceb2165a2ff2dfa6ad85790d0088370d9609fa8	1805.txt
O. Henry	2141	Strictly Business: More Stories of the Four Million	Strictly-Business-More-Stories-of-the-Four-Million_2141	unavailable				
O. Henry	2295	Waifs and Strays	Waifs-and-Strays_2295	unavailable				
O. Henry	2776	The Four Million	The-Four-Million_2776	fetched		316468	88545c6e1578e50dafdd9b93465c5100be2446c52fbf040ada28d4a577dc38d0	2776.txt
O. Henry	2777	Cabbages and Kings	Cabbages-and-Kings_2777	fetched		386634	0f02f71c7f75140be9e5e3ec2f77e496b01551cb8472875a7fb23d55cb4e6f56	2777.txt
O. Henry	2851	Sixes and Sevens	Sixes-and-Sevens_2851	fetched		377205	f9140284993b54f9bd8ff35ce7016c8f93964b373f6fdc0fade945036a275416	2851.txt
O. Henry	3707	The Trimmed Lamp, and Other Stories of the Four Million	The-Trimmed-Lamp-and-Other-Stories-of-the-Four-Million_3707	fetched		343820	1248dace99cbe1cff49c4b2b348a306219fa01aecc84e71ceb14a11fbe7c6b27	3707.txt
O. Henry	3815	Rolling Stones	Rolling-Stones_3815	fetched		432458	d90e68c92ff4b859aed1d11a0920635d7a0cf1a0a3df921795d40fc9914709dd	3815.txt
O. Henry	7256	The Gift of the Magi	The-Gift-of-the-Magi_7256	fetched		31340	b55d318a1b3cbfaba6c4fe376376c366e61d796e2ea54f8dab1dfc4dc14bde26	7256.txt
O. Henry	8962	The Four Million	The-Four-Million_8962	unavailable				
O. Henry	13094	Heart of the West [Annotated]	Heart-of-the-West-Annotated_13094	unavailable				
O. Henry	19822	With the British Army in The Holy Land	With-the-British-Army-in-The-Holy-Land_19822	fetched		304793	3cb22ded595f813891be2849ea0ce124e3ca0222dd377cdb07cc9a875a5a7ce9	19822.txt
O. Henry	22440	The Gift of the Magi	The-Gift-of-the-Magi_22440	unavailable				
O. Henry	22442	The Four Million	The-Four-Million_22442	unavailable				
O. Henry	42538	The Round Towers of Ireland; or, The History of the Tuath-De-Danaans	The-Round-Towers-of-Ireland-or-The-History-of-the-Tuath-De-Danaans_42538	unavailable				
O. Henry	43991	A Hand-book to the Primates,  Volume 1 (of 2)	A-Hand-book-to-the-Primates-Volume-1-of-2_43991	unavailable				
O. Henry	43992	A Hand-book to the Primates,  Volume 2 (of 2)	A-Hand-book-to-the-Primates-Volume-2-of-2_43992	unavailable				
O. Henry	59637	Index of the Project Gutenberg Works of O. Henry	Index-of-the-Project-Gutenberg-Works-of-O-Henry_59637	fetched		30984	7fd703b9d914132193c4a4d36d6c32022084580c341f75f90ddd2d9edbc7a4d2	59637-0.txt
O. Henry	61701	O. Henry Encore	O-Henry-Encore_61701	fetched		367827	fb2afc8a516f8a0557733d626ab24634d8c5219db83844155da5a0f13ea41af7	61701.txt
O. Henry	61734	Postscripts	Postscripts_61734	fetched		253796	144027e201b8702c3e26d59267ad51549a18a6b3e82f85bdf61253ebc080fbd0	61734.txt
O. Henry	61755	O. Henryana: Seven Odds and Ends, Poetry and Short Stories	O-Henryana-Seven-Odds-and-Ends-Poetry-and-Short-Stories_61755	fetched		84056	4fbe7636da2e2105b007006863946271559feedcbb7c86909fcf22b3ec357297	61755.txt
Oliver Herford	21676	Confessions of a Caricaturist	Confessions-of-a-Caricaturist_21676	fetched		31178	ea37bf842a4896a2341cbeba88e8496713da6c2933510fc4ab0302b3f89f997c	21676-8.txt
Oliver Herford	22818	An Alphabet of Celebrities	An-Alphabet-of-Celebrities_22818	fetched		25033	ccf6b85213d29f559b5ab43c7886ddafc078e730a69af7a09cb3df7c85b0b4d3	22818.txt
Oliver Herford	22825	The Smoker's Year Book	The-Smoker-s-Year-Book_22825	fetched		26222	197cf02ca61f541feb022e99daa2e31443298b1f2bb0bdcd442f653bb3c4de2b	22825.txt
Oliver Herford	23433	The Kitten's Garden of Verses	The-Kitten-s-Garden-of-Verses_23433	fetched		34928	5f11b38a2caf92558153b19fdd7046c1838f2ca71ecb44ccc8369c442be09750	23433.txt
Oliver Herford	23614	Happy Days	Happy-Days_23614	fetched		27027	0f4265cc778d2b114276c90caaeafc94007799c2de9fca26588bd5304d172bd7	23614-8.txt
Oliver Herford	23681	Cupid's Almanac and Guide to Hearticulture for This Year and Next	Cupid-s-Almanac-and-Guide-to-Hearticulture-for-This-Year-and-Next_23681	fetched		46022	0a1eeac60e76ad27eb0c92780ce57ffdbe4b5052a4ab899a2442d587aff47542	23681-8.txt
Oliver Herford	23749	The Mythological Zoo	The-Mythological-Zoo_23749	fetched		32694	8721df1abee2dbdb8fe4148e851c64ae16ad03b94a204f75ebbf59c19d64cdb0	23749-8.txt
Oliver Herford	24012	The Peter Pan Alphabet	The-Peter-Pan-Alphabet_24012	fetched		27979	7eb7e3fd490bb3b8142a81a1b57b456db5e262622457b5e179c15d38dea9343f	24012.txt
Oliver Herford	24258	The Rubáiyát of a Persian Kitten	The-Rubaiyat-of-a-Persian-Kitten_24258	unavailable				
Oliver Herford	26053	This Giddy Globe	This-Giddy-Globe_26053	fetched		89836	6f867d62fc41a6307911f3238e53acfe3016d16a9d377247d67dd03d013fa299	26053-0.txt
Oliver Herford	26331	A Child's Primer of Natural History	A-Child-s-Primer-of-Natural-History_26331	fetched		31563	93420909a908d5aee44f429125b5a6f9cf603d3172a165d25db5097b1712b50d	26331-8.txt
Oliver Herford	44989	The Complete Cynic	The-Complete-Cynic_44989	unavailable				
Oliver Herford	46159	Two in a Zoo	Two-in-a-Zoo_46159	fetched		122534	994da36266f8804a23b459d109508b016e29db9b67651bbdb23c611576c9d99a	46159.txt
Oliver Herford	56165	Neither Here Nor There	Neither-Here-Nor-There_56165	fetched		152496	224837cf0853ec253715689241a344151fd893f7eabad704b0052d1e9926e517	56165-0.txt
Oliver Herford	56197	Cupid's Fair-Weather Booke	Cupid-s-Fair-Weather-Booke_56197	unavailable				
Oliver Herford	56269	Cupid's Cyclopedia	Cupid-s-Cyclopedia_56269	fetched		76622	49359fc901e871a2700219603f81bd120902b8bfa00d9502aa9e86c8a186c610	56269-0.txt
Oliver Herford	56357	The Laughing Willow	The-Laughing-Willow_56357	unavailable				
Oliver Herford	56697	A Little Book of Bores	A-Little-Book-of-Bores_56697	fetched		28862	dde20d77118d0e8b9d4ce5f6d1650c802fea729615d20f6a72d70af6cb66c204	56697-0.txt
Oliver Herford	56765	The Bashful Earthquake, & Other Fables and Verses	The-Bashful-Earthquake-Other-Fables-and-Verses_56765	unavailable				
Oliver Herford	57325	Artful Anticks	Artful-Anticks_57325	fetched		77756	098281a0962e778e3c66a513cf8e02a17c360272022d45805b819b25328865f5	57325-0.txt
Oliver Herford	59858	The Fairy Godmother-in-law	The-Fairy-Godmother-in-law_59858	fetched		65588	1d4aa75c788fbb3469c18570826cd24f3072a61dced2ecae1d7d7da0a5480822	59858-0.txt
Oliver Wendell Holmes	751	The Autocrat of the Breakfast-Table	The-Autocrat-of-the-Breakfast-Table_751	fetched		549357	c3b3c39aa2a315916b096d98fb9cf621284a5f48d2c1a92b6b7843eb77ae626a	751-0.txt
Oliver Wendell Holmes	2373	The Path of the Law	The-Path-of-the-Law_2373	fetched		74901	ca3fe866cc9ad9592226ea924e559b7b00427dab0b4877897efd49f45d6cdbb0	2373.txt
Oliver Wendell Holmes	2449	The Common Law	The-Common-Law_2449	fetched		764854	0e7701fa451e5ebf99587628b90f10fe09fd7d9c6f4f532d006990d4b525ae78	2449.txt
Oliver Wendell Holmes	2665	The Professor at the Breakfast-Table	The-Professor-at-the-Breakfast-Table_2665	fetched		571637	7f5664714c734289f56c92e6726e84481c59c0ab4c3e6c4655ef0deef43c2590	2665-0.txt
Oliver Wendell Holmes	2666	The Poet at the Breakfast-Table	The-Poet-at-the-Breakfast-Table_2666	fetched		628517	ae01b5cbb7d10f9b21e9b3093cf9ccea0c54f13f468bb528ee3a3c1cacaa4598	2666-0.txt
Oliver Wendell Holmes	2689	Over the Teacups	Over-the-Teacups_2689	fetched		538401	8755f7b8c0461eaa628a60327339f3a9606fc14cb7a2ad356f3a4b3b03c4d534	2689-0.txt
Oliver Wendell Holmes	2696	Elsie Venner	Elsie-Venner_2696	fetched		828427	5fb16d786433df89ed045c6a3cbf8ca7144b314217586dff4d71c36ca9a860dd	2696-0.txt
Oliver Wendell Holmes	2697	The Guardian Angel	The-Guardian-Angel_2697	fetched		726960	1449c3a8172288f86fa0bb5de94c66dfbc8aa4b18cd786dc3511cb5b582406c1	2697-0.txt
Oliver Wendell Holmes	2698	A Mortal Antipathy	A-Mortal-Antipathy_2698	fetched		523040	f848ea7dcccbc689f5d21fbdc376c820ad718450965fcba6f475aa3ed5397697	2698-0.txt
Oliver Wendell Holmes	2699	Pages from an Old Volume of Life; A Collection of Essays, 1857-1881	Pages-from-an-Old-Volume-of-Life-A-Collection-of-Essays-1857-1881_2699	unavailable				
Oliver Wendell Holmes	2700	Medical Essays, 1842-1882	Medical-Essays-1842-1882_2700	fetched		800690	a93ddd9cce08d0272ad4817c673fc961ad2d27e218c0e358215679779b8da514	2700-0.txt
Oliver Wendell Holmes	3252	Complete Project Gutenberg Oliver Wendell Holmes, Sr. Works	Complete-Project-Gutenberg-Oliver-Wendell-Holmes-Sr-Works_3252	unavailable				
Oliver Wendell Holmes	3493	Widger's Quotations from the Project Gutenberg Editions of the Works of Oliver W. Holmes, Sr.	Widger-s-Quotations-from-the-Project-Gutenberg-Editions-of-the-Works-of-Oliver-W-Holmes-Sr_3493	excluded	excerpt digest - names no original work, so it is a source of nothing			
Oliver Wendell Holmes	4725	John Lothrop Motley. a memoir — Volume 1	John-Lothrop-Motley-a-memoir-Volume-1_4725	fetched		147114	e68e7ca8fc85f9a9c656c1a87c50c41bbef50d10632de768cab2f60c0a6aab7f	4725.txt
Oliver Wendell Holmes	4726	John Lothrop Motley. a memoir — Volume 2	John-Lothrop-Motley-a-memoir-Volume-2_4726	fetched		139728	dc37ed57c08606de3aca6e6ab4053614f5705a62f12b83eb901e1760729ff815	4726.txt
Oliver Wendell Holmes	4727	John Lothrop Motley. a memoir — Volume 3	John-Lothrop-Motley-a-memoir-Volume-3_4727	fetched		94659	b29d6567618896578820d67927dadea2301c7b2e3fbcfca1ecc3c1ef8b22b57d	4727.txt
Oliver Wendell Holmes	4728	John Lothrop Motley, A Memoir — Complete	John-Lothrop-Motley-A-Memoir-Complete_4728	unavailable				
Oliver Wendell Holmes	7322	Our Hundred Days in Europe	Our-Hundred-Days-in-Europe_7322	fetched		376677	ea144fcbbf37b95d8ced49c84c52fd1c4d815fc301d877b34f2cf06887dced27	7322-8.txt
Oliver Wendell Holmes	7388	The Poetical Works of Oliver Wendell Holmes — Volume 01: Earlier Poems (1830-1836)	The-Poetical-Works-of-Oliver-Wendell-Holmes-Volume-01-Earlier-Poems-1830-1836_7388	unavailable				
Oliver Wendell Holmes	7389	The Poetical Works of Oliver Wendell Holmes — Volume 02	The-Poetical-Works-of-Oliver-Wendell-Holmes-Volume-02_7389	unavailable				
Oliver Wendell Holmes	7390	The Poetical Works of Oliver Wendell Holmes — Volume 03: Medical Poems	The-Poetical-Works-of-Oliver-Wendell-Holmes-Volume-03-Medical-Poems_7390	unavailable				
Oliver Wendell Holmes	7391	The Poetical Works of Oliver Wendell Holmes — Volume 04: Songs in Many Keys	The-Poetical-Works-of-Oliver-Wendell-Holmes-Volume-04-Songs-in-Many-Keys_7391	unavailable				
Oliver Wendell Holmes	7392	The Poetical Works of Oliver Wendell Holmes — Volume 05	The-Poetical-Works-of-Oliver-Wendell-Holmes-Volume-05_7392	unavailable				
Oliver Wendell Holmes	7393	The Poetical Works of Oliver Wendell Holmes — Volume 06	The-Poetical-Works-of-Oliver-Wendell-Holmes-Volume-06_7393	unavailable				
Oliver Wendell Holmes	7394	The Poetical Works of Oliver Wendell Holmes — Volume 07: Songs of Many Seasons	The-Poetical-Works-of-Oliver-Wendell-Holmes-Volume-07-Songs-of-Many-Seasons_7394	unavailable				
Oliver Wendell Holmes	7395	The Poetical Works of Oliver Wendell Holmes — Volume 08	The-Poetical-Works-of-Oliver-Wendell-Holmes-Volume-08_7395	unavailable				
Oliver Wendell Holmes	7396	The Poetical Works of Oliver Wendell Holmes — Volume 09	The-Poetical-Works-of-Oliver-Wendell-Holmes-Volume-09_7396	unavailable				
Oliver Wendell Holmes	7397	The Poetical Works of Oliver Wendell Holmes — Volume 10: Before the Curfew	The-Poetical-Works-of-Oliver-Wendell-Holmes-Volume-10-Before-the-Curfew_7397	unavailable				
Oliver Wendell Holmes	7398	The Poetical Works of Oliver Wendell Holmes — Volume 11	The-Poetical-Works-of-Oliver-Wendell-Holmes-Volume-11_7398	unavailable				
Oliver Wendell Holmes	7399	The Poetical Works of Oliver Wendell Holmes — Volume 12	The-Poetical-Works-of-Oliver-Wendell-Holmes-Volume-12_7399	unavailable				
Oliver Wendell Holmes	7400	The Poetical Works of Oliver Wendell Holmes — Complete	The-Poetical-Works-of-Oliver-Wendell-Holmes-Complete_7400	unavailable				
Oliver Wendell Holmes	7545	Quotes and Images From the Works of Oliver Wendell Holmes, Sr.	Quotes-and-Images-From-the-Works-of-Oliver-Wendell-Holmes-Sr_7545	excluded	excerpt digest - names no original work, so it is a source of nothing			
Oliver Wendell Holmes	12700	Ralph Waldo Emerson	Ralph-Waldo-Emerson_12700	fetched		659371	4aab515d862beee607a125232f0226fbbcfc323b4b7730e65b3fe605f5df5f85	12700-8.txt
Oliver Wendell Holmes	21941	Grandmother's Story of Bunker Hill Battle, as She Saw it from the Belfry	Grandmother-s-Story-of-Bunker-Hill-Battle-as-She-Saw-it-from-the-Belfry_21941	unavailable				
Oliver Wendell Holmes	28747	The Works of Oliver Wendell Holmes: An Index of the Project Gutenberg Editions	The-Works-of-Oliver-Wendell-Holmes-An-Index-of-the-Project-Gutenberg-Editions_28747	unavailable				
Oliver Wendell Holmes	30279	The One Hoss Shay	The-One-Hoss-Shay_30279	unavailable				
Oliver Wendell Holmes	45280	The Wonderful "One-Hoss-Shay", and Other Poems	The-Wonderful-One-Hoss-Shay-and-Other-Poems_45280	unavailable				
Oliver Wendell Holmes	61422	Stories of Romance	Stories-of-Romance_61422	fetched		381067	321c0599d09ba3af65b8d0b2182634c4aefcf20c3748879279b9e36281edd680	61422-0.txt
Omar Khayyam	246	The Rubaiyat of Omar Khayyam	The-Rubaiyat-of-Omar-Khayyam_246	fetched		90326	1a02748f02f1b2d1d4e819b2d0ed5eedb5b11cc6f3e4c8d67f8db70f8810a7cf	246.txt
Omar Khayyam	10315	The Persian Literature, Comprising The Shah Nameh, The Rubaiyat, The Divan, and The Gulistan, Volume 1	The-Persian-Literature-Comprising-The-Shah-Nameh-The-Rubaiyat-The-Divan-and-The-Gulistan-Volume-1_10315	unavailable				
Omar Khayyam	35260	Rubáiyát of Omar Khayyam, Rendered into English Verse	Rubaiyat-of-Omar-Khayyam-Rendered-into-English-Verse_35260	unavailable				
Omar Khayyam	38511	The Sufistic Quatrains of Omar Khayyam	The-Sufistic-Quatrains-of-Omar-Khayyam_38511	fetched		545677	91e7ab33c92e95737fc6cb1e7d39ea52841f716a11a13e7813abdb8e3d5edbdf	38511-0.txt
Omar Khayyam	50619	The Sufism of the Rubáiyát, or, the Secret of the Great Paradox	The-Sufism-of-the-Rubaiyat-or-the-Secret-of-the-Great-Paradox_50619	fetched		83395	69be595590dd420020562416656abe013b5f5bf37d59a853148cec41a6b110f5	50619-0.txt
Orison Swett Marden	4597	Eclectic School Readings: Stories from Life	Eclectic-School-Readings-Stories-from-Life_4597	unavailable				
Orison Swett Marden	13160	An Iron Will	An-Iron-Will_13160	fetched		107357	1ad22ffdcceafe6ed5a3e27f828c44489dc273451aec743f0af225e3634503c7	13160-8.txt
Orison Swett Marden	18394	Cheerfulness as a Life Power	Cheerfulness-as-a-Life-Power_18394	fetched		139621	503c41c15eba5922f339ee42fc224d6c8dbca6ab9d1646e206f7c801972e84bd	18394-8.txt
Orison Swett Marden	20513	How to Succeed; Or, Stepping-Stones to Fame and Fortune	How-to-Succeed-Or-Stepping-Stones-to-Fame-and-Fortune_20513	unavailable				
Orison Swett Marden	21291	Pushing to the Front	Pushing-to-the-Front_21291	fetched		1496594	c485a8c86e6fac93c07c51326725f1a017e63daa09c3a7975a255ac94005923a	21291-8.txt
Orison Swett Marden	21622	Architects of Fate; Or, Steps to Success and Power	Architects-of-Fate-Or-Steps-to-Success-and-Power_21622	unavailable				
Orison Swett Marden	41901	The Victorious Attitude	The-Victorious-Attitude_41901	fetched		427961	b12ccbaa1013fd4ff0cf327433110ba8607eccb1b17785da954fcb68d70e31b0	41901-8.txt
Orison Swett Marden	57651	Ambition and Success	Ambition-and-Success_57651	fetched		101028	418d756890fa88794ec3062f2bd10c4bf1e396d3d9255924111ba96ec79c09c2	57651-0.txt
Orison Swett Marden	59176	Selling Things	Selling-Things_59176	fetched		319071	dc49212d9a30d55373a3d8c9d90986d8a7618fa3fedfda2d4bf7fbb6d40d58d8	59176-0.txt
Orison Swett Marden	64059	How They Succeeded: Life Stories of Successful Men Told by Themselves	How-They-Succeeded-Life-Stories-of-Successful-Men-Told-by-Themselves_64059	fetched		432774	0150f7b562dd4f79ecff5969133518f251a1f91f935f7a07ef95c4053ac17f59	64059-0.txt
Oscar Wilde	174	The Picture of Dorian Gray	The-Picture-of-Dorian-Gray_174	fetched		462103	0c9a2cbf188ca6534c60381b764ac37bf4594b16971aea5cc8263e83b9ce9a05	174.txt
Oscar Wilde	301	The Ballad of Reading Gaol	The-Ballad-of-Reading-Gaol_301	fetched		84928	cfe3da509d43da1074f795c901aa7997c242c2aa158fa5bf27d740e87a38e15f	301.txt
Oscar Wilde	773	Lord Arthur Savile's Crime; The Portrait of Mr. W.H., and Other Stories	Lord-Arthur-Savile-s-Crime-The-Portrait-of-Mr-W-H-and-Other-Stories_773	unavailable				
Oscar Wilde	774	Essays and Lectures	Essays-and-Lectures_774	fetched		325394	09f868474b8df6f756544ea61c06969ca236944fedb84b37aedd21eff3f6b42c	774-0.txt
Oscar Wilde	790	Lady Windermere's Fan	Lady-Windermere-s-Fan_790	fetched		141508	4bfaa2ba89426d0aa6a8a601526f635c1007b650547591247b18abd897debe2e	790-0.txt
Oscar Wilde	844	The Importance of Being Earnest: A Trivial Comedy for Serious People	The-Importance-of-Being-Earnest-A-Trivial-Comedy-for-Serious-People_844	unavailable				
Oscar Wilde	854	A Woman of No Importance	A-Woman-of-No-Importance_854	fetched		153614	42e4d61cffa60ca0b9bfd00d012f77064f7f1f5133bd8069a033830e2b69d82a	854-0.txt
Oscar Wilde	873	A House of Pomegranates	A-House-of-Pomegranates_873	fetched		202207	73ec01f1a9355608adf753f4e0e9edc9d43d7140120e2dee79867d1e56af4af5	873-0.txt
Oscar Wilde	875	The Duchess of Padua	The-Duchess-of-Padua_875	fetched		159753	1045e49b3e34e3211eed74d4e79672728583c365dc81881b833e3f32815a5c2b	875-0.txt
Oscar Wilde	885	An Ideal Husband	An-Ideal-Husband_885	fetched		203814	e4fd25f6a450ecf96d6122db98d0156d5ea557d7bf4bc236da04c58a28e4ec52	885-0.txt
Oscar Wilde	887	Intentions	Intentions_887	fetched		361294	616be6357e2fbcf4ba02c1163c4328a94629bf93c8a2f2a3a022c514c95f13b3	887-0.txt
Oscar Wilde	902	The Happy Prince, and Other Tales	The-Happy-Prince-and-Other-Tales_902	fetched		112914	610dd0f6cc2731f07406ee1acfd62d1255be5008576e6c9fdc22032e4305b54e	902-0.txt
Oscar Wilde	921	De Profundis	De-Profundis_921	fetched		115434	1e4b75460c01f79449588926e0f948b0545fe9fb743e965021ca504d1719b16b	921.txt
Oscar Wilde	1017	The Soul of Man under Socialism	The-Soul-of-Man-under-Socialism_1017	fetched		103586	8a1c03830644431bec903957cfb1b7b26dc881623e8b4f5f3090947787baf4bb	1017-0.txt
Oscar Wilde	1031	Charmides, and Other Poems	Charmides-and-Other-Poems_1031	fetched		99347	e510246f32e4b336a7709672cc1a4822f825e914720eca90ea4cdb0e3c42b3e9	1031-0.txt
Oscar Wilde	1057	Poems, with The Ballad of Reading Gaol	Poems-with-The-Ballad-of-Reading-Gaol_1057	fetched		263209	a89049fd66a5954107ee50c734feb6b33655f9d1826761042f76ceea158de077	1057-0.txt
Oscar Wilde	1141	Selected Poems of Oscar Wilde	Selected-Poems-of-Oscar-Wilde_1141	fetched		96070	e1500255d513909a334c20fa3cc1b09124845aa22b6560f24adca5332438f053	1141-0.txt
Oscar Wilde	1308	A Florentine Tragedy; La Sainte Courtisane	A-Florentine-Tragedy-La-Sainte-Courtisane_1308	unavailable				
Oscar Wilde	1338	Selected Prose of Oscar Wilde	Selected-Prose-of-Oscar-Wilde_1338	fetched		201395	f248feaf15fbb89e2ff9008a6b1d3fde1b4ba001c8dc17000e8a37821682d9ca	1338.txt
Oscar Wilde	2061	Shorter Prose Pieces	Shorter-Prose-Pieces_2061	fetched		82921	9441c1ffe82fe5fcae968f6deededfa94d9c0bf55bb4a58baf2b44815356854f	2061-0.txt
Oscar Wilde	4078	The Picture of Dorian Gray	The-Picture-of-Dorian-Gray_4078	fetched		324902	270081d94d765860ceec5e4b726abdf6cc8e5f41fa7a593603691a51906ef50c	4078-8.txt
Oscar Wilde	6555	De Profundis	De-Profundis_6555	unavailable				
Oscar Wilde	14062	Miscellanies	Miscellanies_14062	fetched		542367	94447d62c6ae562d8be9033cafff01ffb5792533e9a0892a95448ef7e8448f98	14062.txt
Oscar Wilde	14240	Reviews	Reviews_14240	fetched		993624	e8f3b1c29f0c594379720fdb9aa3c7603c7eefb463f56f7e8d4ce827ba268c86	14240.txt
Oscar Wilde	14522	The Canterville Ghost	The-Canterville-Ghost_14522	fetched		86719	7d3a895aff79b0b3aed8d32ac1d672bf87c3e4f60c68b55f9f2e656546db5e68	14522.txt
Oscar Wilde	20596	The Ballad of Reading Gaol	The-Ballad-of-Reading-Gaol_20596	unavailable				
Oscar Wilde	20597	The Ballad of Reading Gaol	The-Ballad-of-Reading-Gaol_20597	unavailable				
Oscar Wilde	20599	The Canterville Ghost	The-Canterville-Ghost_20599	unavailable				
Oscar Wilde	23229	For Love of the King: A Burmese Masque	For-Love-of-the-King-A-Burmese-Masque_23229	unavailable				
Oscar Wilde	23937	The Happy Prince, and Other Tales	The-Happy-Prince-and-Other-Tales_23937	unavailable				
Oscar Wilde	26226	The Importance of Being Earnest	The-Importance-of-Being-Earnest_26226	unavailable				
Oscar Wilde	26230	The Picture of Dorian Gray	The-Picture-of-Dorian-Gray_26230	unavailable				
Oscar Wilde	26494	Vera; Or, The Nihilists	Vera-Or-The-Nihilists_26494	unavailable				
Oscar Wilde	26740	The Picture of Dorian Gray	The-Picture-of-Dorian-Gray_26740	fetched		465981	06c1954e4a5c22e7925a95bb4872c69c2b745bb8d31c90f4738e1f41e845a875	26740.txt
Oscar Wilde	30120	The Happy Prince, and Other Tales	The-Happy-Prince-and-Other-Tales_30120	fetched		111140	e15c1bc0ba06d91d5a949face5ed6dd7fd1d50d21fd9ad2017397a2e900daaf1	30120.txt
Oscar Wilde	30191	A Critic in Pall Mall: Being Extracts from Reviews and Miscellanies	A-Critic-in-Pall-Mall-Being-Extracts-from-Reviews-and-Miscellanies_30191	unavailable				
Oscar Wilde	33979	Miscellaneous Aphorisms; The Soul of Man	Miscellaneous-Aphorisms-The-Soul-of-Man_33979	unavailable				
Oscar Wilde	41806	Impressions of America	Impressions-of-America_41806	fetched		49347	7dad8d85b2b62ceda1715854dddcdb8ac3a711f8973b1b84a95901cf55b4fd3d	41806-0.txt
Oscar Wilde	42104	Children in Prison and Other Cruelties of Prison Life	Children-in-Prison-and-Other-Cruelties-of-Prison-Life_42104	fetched		44159	efd8ad46259325ad5d8d4a0be39d693daee87d9388cbad35783f7277a07bb605	42104-8.txt
Oscar Wilde	42704	Salomé: A Tragedy in One Act	Salome-A-Tragedy-in-One-Act_42704	unavailable				
Oscar Wilde	51563	A Woman of No Importance	A-Woman-of-No-Importance_51563	fetched		24135	ff21f3fc3a2cec2c7d39decb6d5e161f8f9d432b8b2e52653ac570a831f8cefd	51563.txt
Oscar Wilde	58329	Index of the Project Gutenberg Works of Oscar Wilde	Index-of-the-Project-Gutenberg-Works-of-Oscar-Wilde_58329	fetched		31363	578b3d60c93fc85ccfe944625eacc93c080607f61c92e61f3ac16c133141aa7d	58329-0.txt
P.G. Wodehouse	2005	Piccadilly Jim	Piccadilly-Jim_2005	fetched		480742	7027a4c873da3ebd203aa248f4ba8db50f990156c2bccc607f144612e3a85510	2005.txt
P.G. Wodehouse	2042	Something New	Something-New_2042	fetched		448881	c80e1a29e80e84ba39b10d662c3b62d2817c39e4fc75c95da4ac45ee9c398d61	2042.txt
P.G. Wodehouse	2233	A Damsel in Distress	A-Damsel-in-Distress_2233	fetched		459065	abbca92de05ca316f0bda004089a64973c08438d2c82fd3e021af30abeb32612	2233-8.txt
P.G. Wodehouse	2607	Psmith, Journalist	Psmith-Journalist_2607	fetched		349529	4fa53387018bef1be99428d4b40c4643121e8f542808cd1cfd8d82194cc2ed99	2607-8.txt
P.G. Wodehouse	3756	Indiscretions of Archie	Indiscretions-of-Archie_3756	fetched		454347	5772e2fcfb5f38ed28061f5d167666fc904eac428ea1fe12bc9e8266ca8a424e	3756-0.txt
P.G. Wodehouse	3780	The King's Highway	The-King-s-Highway_3780	fetched		998763	e74a9866eaa91c52fd961c1b1c0f89616ddffda1d1b4a7caa428e4ad7af07f20	3780.txt
P.G. Wodehouse	3829	Love Among the Chickens	Love-Among-the-Chickens_3829	fetched		304518	1871fa132e3e6f6449fc16a54ac9d9dc9b01423cd659c1f76b3de0bcd87dcc48	3829.txt
P.G. Wodehouse	4075	The Intrusion of Jimmy	The-Intrusion-of-Jimmy_4075	fetched		410865	979ca970b42920d6ae07ab8ab55f056016fcd05114fbbb69abee914b9cd400d2	4075.txt
P.G. Wodehouse	6683	The Little Nugget	The-Little-Nugget_6683	fetched		418395	57195de26ed2f64d71e169087e7f7c7f314d188acb4c295dbb695600d6fc1c82	6683.txt
P.G. Wodehouse	6684	Uneasy Money	Uneasy-Money_6684	fetched		393409	9e863c7e3d8f83cac11eacc0d81572e052b5aaa75dbf3f2662fffb92cdf214bd	6684.txt
P.G. Wodehouse	6753	Psmith in the City	Psmith-in-the-City_6753	fetched		321776	2b83adbeae198f01471f4cc0c2eff15bb6a8f3ff4eb8b2cf587524f97372a8f1	6753.txt
P.G. Wodehouse	6768	The Man Upstairs and Other Stories	The-Man-Upstairs-and-Other-Stories_6768	fetched		595321	38a107d8ffd0734d497bb5a49974124fb434b19b2339314d4bfe4b3324c8d5e6	6768.txt
P.G. Wodehouse	6836	Three Men and a Maid	Three-Men-and-a-Maid_6836	fetched		334678	c71259cdd6f21b0513326d717aec40a44839d1b604df0b8cd080a163bd3edc93	6836.txt
P.G. Wodehouse	6837	The Little Warrior	The-Little-Warrior_6837	fetched		687917	220ecd75ec3b2a459c92d09b95a3fd5e19809a699c8fbf80c2c8b446f08a60ea	6837-8.txt
P.G. Wodehouse	6877	The Head of Kay's	The-Head-of-Kay-s_6877	fetched		270917	0309009e710d39714eaa1d599748b6c700df8af0888db8bd9eb8e5a8285b48ca	6877.txt
P.G. Wodehouse	6879	The Gold Bat	The-Gold-Bat_6879	fetched		266236	fdaee0094b06f9e652961b867a00a3b30166a88af439b2e577c18147accb8ac3	6879.txt
P.G. Wodehouse	6880	The Coming of Bill	The-Coming-of-Bill_6880	fetched		498790	9e55f40043b54af85b764760dd2659e60546173d393eb02f6430970ea8413954	6880.txt
P.G. Wodehouse	6927	The White Feather	The-White-Feather_6927	fetched		274857	144154962290c7f6adbbc6313bda2284e8f692503e73e65a62aa0313a2f0dfea	6927.txt
P.G. Wodehouse	6955	The Prince and Betty	The-Prince-and-Betty_6955	fetched		408334	6bb614f909838db88a6d6718a2b66fa49dcd54720c2635b0d60e55a2963a3463	6955.txt
P.G. Wodehouse	6980	Tales of St. Austin's	Tales-of-St-Austin-s_6980	unavailable				
P.G. Wodehouse	6984	The Pothunters	The-Pothunters_6984	fetched		253598	46b82b29e1c3249a5e6d0bbf21119362f243f3befab35b14b883a18781cf79e0	6984.txt
P.G. Wodehouse	6985	A Prefect's Uncle	A-Prefect-s-Uncle_6985	fetched		261446	bea50b8f121233e1998664176c9d32d389b4ffb2d96fd358cd61450373e8a02b	6985.txt
P.G. Wodehouse	7028	The Clicking of Cuthbert	The-Clicking-of-Cuthbert_7028	fetched		369479	9c24f6bffb383321886b6d203e3584fd5f0af09cb0a2a707d3e7490fd13f2da2	7028.txt
P.G. Wodehouse	7050	The Swoop! or, How Clarence Saved England: A Tale of the Great Invasion	The-Swoop-or-How-Clarence-Saved-England-A-Tale-of-the-Great-Invasion_7050	unavailable				
P.G. Wodehouse	7230	Not George Washington — an Autobiographical Novel	Not-George-Washington-an-Autobiographical-Novel_7230	unavailable				
P.G. Wodehouse	7298	William Tell Told Again	William-Tell-Told-Again_7298	fetched		105253	84d3cda1f481ec0fdc11903af8a38e2c5d6a316c08c1d8bd5043956712dce3ec	7298.txt
P.G. Wodehouse	7423	Mike	Mike_7423	fetched		631891	ee0f2e334831973b4269f0bba568ab5991a8b6b8d123c60bb389a032ee43e5b5	7423-8.txt
P.G. Wodehouse	7464	The Adventures of Sally	The-Adventures-of-Sally_7464	fetched		472348	4ea59b9bd0d882bd807d02e7f870a02d6336017f09eee990c2cb01634dad92b1	7464-0.txt
P.G. Wodehouse	7471	The Man with Two Left Feet, and Other Stories	The-Man-with-Two-Left-Feet-and-Other-Stories_7471	fetched		412592	4c6c9516ae58c47b05852e50f6acabcee93793f48bf442a9e70e780e8e9bb540	7471.txt
P.G. Wodehouse	8164	My Man Jeeves	My-Man-Jeeves_8164	fetched		300540	7d97fd939576f9f0b996c356d4604a2a9cc4e57b69b88e8f425d7f135ab79973	8164-8.txt
P.G. Wodehouse	8176	Death at the Excelsior, and Other Stories	Death-at-the-Excelsior-and-Other-Stories_8176	fetched		232858	5b9fe2d7a70664e0be64b82b05f9e70e50695f9db1c0d5b9fa9d7ce23472a1a5	8176-8.txt
P.G. Wodehouse	8178	The Politeness of Princes, and Other School Stories	The-Politeness-of-Princes-and-Other-School-Stories_8178	fetched		154854	f4f1ef80c655f7a6aca8cc0c9e72f0278a47b6be45fda2c5c1672065a726abb3	8178-8.txt
P.G. Wodehouse	8190	A Wodehouse Miscellany: Articles & Stories	A-Wodehouse-Miscellany-Articles-Stories_8190	unavailable				
P.G. Wodehouse	8713	A Man of Means	A-Man-of-Means_8713	fetched		179563	4a256b5b70efc9c4a505915a3bdb5cd9b849ca8a23d6ffcc832852e3b4980f51	8713-0.txt
P.G. Wodehouse	8931	The Gem Collector	The-Gem-Collector_8931	fetched		204374	23ba0de67a1125cba7521c5b3c0652f1faff5b227fbe02cf50cc5467eea33637	8931-8.txt
P.G. Wodehouse	10554	Right Ho, Jeeves	Right-Ho-Jeeves_10554	fetched		435663	4d2a686ad1b2536e4c5456d8714199d8dfebb4c98e68757d996941fa197cc62a	10554-8.txt
P.G. Wodehouse	10586	Mike and Psmith	Mike-and-Psmith_10586	fetched		330600	aa28a3c004f00924f59f0b740d6b6f56aff023fbd5fb5b66fad13320a1a78ed8	10586-8.txt
P.G. Wodehouse	16588	Over the Top With the Third Australian Division	Over-the-Top-With-the-Third-Australian-Division_16588	fetched		132145	c89fcf964bf490362522c03f4b0c9b4daf9b4eb9d76d954b850de77e0b745261	16588-8.txt
P.G. Wodehouse	20532	Love Among the Chickens	Love-Among-the-Chickens_20532	unavailable				
P.G. Wodehouse	20533	Jill the Reckless	Jill-the-Reckless_20533	fetched		668804	98f90b8534d083b90aaa8e771baca9ea9387a65bdf5ad6ec02e52346aa7bfb22	20533-8.txt
P.G. Wodehouse	20717	The Girl on the Boat	The-Girl-on-the-Boat_20717	fetched		409870	5135f57c1c0dd72dc86c892ab840700183ee9ff648ff3e28906a3bb02beb6179	20717.txt
P.G. Wodehouse	23899	Psmith in the City	Psmith-in-the-City_23899	unavailable				
P.G. Wodehouse	26303	Right Ho, Jeeves	Right-Ho-Jeeves_26303	unavailable				
P.G. Wodehouse	26579	Love Among the Chickens	Love-Among-the-Chickens_26579	unavailable				
P.G. Wodehouse	31582	St. Gregory and the Gregorian Music	St-Gregory-and-the-Gregorian-Music_31582	unavailable				
P.G. Wodehouse	36041	Corse de Leon; or, The Brigand: A Romance. Volume 1 (of 2)	Corse-de-Leon-or-The-Brigand-A-Romance-Volume-1-of-2_36041	unavailable				
P.G. Wodehouse	36167	Mirror of the Months	Mirror-of-the-Months_36167	fetched		341510	0505a7b0199279ed7726ac35f53419fccd5d422a48714d79d64fb402c4ab5260	36167-0.txt
P.G. Wodehouse	39376	The Gipsy: A Tale (Vols I & II)	The-Gipsy-A-Tale-Vols-I-II_39376	unavailable				
P.G. Wodehouse	39411	Henry of Guise; or, The States of Blois (Vol. 1 of 3)	Henry-of-Guise-or-The-States-of-Blois-Vol-1-of-3_39411	unavailable				
P.G. Wodehouse	39412	Henry of Guise; or, The States of Blois (Vol. 2 of 3)	Henry-of-Guise-or-The-States-of-Blois-Vol-2-of-3_39412	unavailable				
P.G. Wodehouse	39413	Henry of Guise; or, The States of Blois (Vol. 3 of 3)	Henry-of-Guise-or-The-States-of-Blois-Vol-3-of-3_39413	unavailable				
P.G. Wodehouse	39519	Agincourt: A Romance	Agincourt-A-Romance_39519	unavailable				
P.G. Wodehouse	39520	The Huguenot: A Tale of the French Protestants. Volumes I-III	The-Huguenot-A-Tale-of-the-French-Protestants-Volumes-I-III_39520	unavailable				
P.G. Wodehouse	39531	The Smuggler: A Tale. Volumes I-III	The-Smuggler-A-Tale-Volumes-I-III_39531	unavailable				
P.G. Wodehouse	40295	Lord Montagu's Page: An Historical Romance	Lord-Montagu-s-Page-An-Historical-Romance_40295	unavailable				
P.G. Wodehouse	40537	The History of Chivalry	The-History-of-Chivalry_40537	fetched		716103	2152cb4dceb781c20e8403e10daceb1525db873741d82f86cbf6607c48825f3f	40537.txt
P.G. Wodehouse	44252	Richelieu: A Tale of France, v. 1/3	Richelieu-A-Tale-of-France-v-1-3_44252	unavailable				
P.G. Wodehouse	44253	Richelieu: A Tale of France, v. 2/3	Richelieu-A-Tale-of-France-v-2-3_44253	unavailable				
P.G. Wodehouse	44254	Richelieu: A Tale of France, v. 3/3	Richelieu-A-Tale-of-France-v-3-3_44254	unavailable				
P.G. Wodehouse	49468	Arabella Stuart: A Romance from English History	Arabella-Stuart-A-Romance-from-English-History_49468	fetched		944570	205f9c9f547366d42846f3b048ebec1788ee7126341728b21bc0e749b17b9fb7	49468-8.txt
P.G. Wodehouse	49472	The Old Dominion	The-Old-Dominion_49472	fetched		875417	12f451e76e1bd95091738180c6b0b79b70facb4b517943b3f36ba8989b65314f	49472-8.txt
P.G. Wodehouse	49473	The Little Ball O' Fire; or, the Life and Adventures of John Marston Hall	The-Little-Ball-O-Fire-or-the-Life-and-Adventures-of-John-Marston-Hall_49473	unavailable				
P.G. Wodehouse	49634	Attila: A Romance. Vol. I.	Attila-A-Romance-Vol-I_49634	fetched		518064	83ac005dc3b92bd562771c2becd1b5713e3494c224b11de383e9517135cdd67c	49634.txt
P.G. Wodehouse	49635	Attila: A Romance. Vol. II.	Attila-A-Romance-Vol-II_49635	fetched		516071	ff136fe2c7c3b529d97c2fa319350d6e57f501318b8a414ca02996967daef0be	49635-8.txt
P.G. Wodehouse	49650	Arrah Neil; or, Times of Old	Arrah-Neil-or-Times-of-Old_49650	fetched		921148	169b8028f527de5171bd888cd8718799cbdc8894a4d2df68274b9bf43fb0bfc3	49650-8.txt
P.G. Wodehouse	49718	The Desultory Man	The-Desultory-Man_49718	unavailable				
P.G. Wodehouse	49859	The Robber, A Tale.	The-Robber-A-Tale_49859	fetched		993900	325b0193272a0f7cd7a75eea37a10edc3319dfa57c57bff56fc4c794fa5e3e11	49859-8.txt
P.G. Wodehouse	49987	Forest Days: A Romance of Old Times	Forest-Days-A-Romance-of-Old-Times_49987	fetched		971367	314ca99ced3bcb15fb85ee41e63c6cd1d197816233aa97c00d2b54210ad8f939	49987-8.txt
P.G. Wodehouse	50042	The Forgery; or, Best Intentions.	The-Forgery-or-Best-Intentions_50042	fetched		924403	23d141ab95e939994589888d0e77bb0d20af33c8514d65d731d09dac96e8984f	50042-8.txt
P.G. Wodehouse	50325	The Castle of Ehrenstein	The-Castle-of-Ehrenstein_50325	unavailable				
P.G. Wodehouse	50329	The Woodman: A Romance of the Times of Richard III	The-Woodman-A-Romance-of-the-Times-of-Richard-III_50329	fetched		1012294	081f3ed1e45ac1d40521b4fa7381959120c88c7e8834d82a67c83cd9a9421986	50329-8.txt
P.G. Wodehouse	50462	Philip Augustus; or, The Brothers in Arms	Philip-Augustus-or-The-Brothers-in-Arms_50462	fetched		1003585	de57c2c56a19041fc642f227485b9f0da711cdd3e64a2ff6a85ab702feaeea58	50462-8.txt
P.G. Wodehouse	50491	Darnley; or, The Field of the Cloth of Gold	Darnley-or-The-Field-of-the-Cloth-of-Gold_50491	fetched		1071837	340585442886b9457c563c540e5e9bbb4dd7d0ec06c054a71120a8021284371f	50491-8.txt
P.G. Wodehouse	50493	The Black Eagle; or, Ticonderoga	The-Black-Eagle-or-Ticonderoga_50493	fetched		860913	90bcbc3469ffb713c4662e14d87c9496bf5e3bfcd08ab5dedbbff97f1880d905	50493-8.txt
P.G. Wodehouse	50518	Gowrie; or, the King's Plot.	Gowrie-or-the-King-s-Plot_50518	fetched		904546	fd9c0f21498caba3d12d65fbc0080c79834b1df59522ed20e3916467f94e7a50	50518-8.txt
P.G. Wodehouse	50688	De L'Orme.	De-L-Orme_50688	unavailable				
P.G. Wodehouse	50689	One in a Thousand; or, The Days of Henri Quatre	One-in-a-Thousand-or-The-Days-of-Henri-Quatre_50689	fetched		982726	226e222408ef8182d67cfab0a0044ff829ae4c13469846a7147b53470e572ed9	50689-8.txt
P.G. Wodehouse	50853	Ticonderoga: A Story of Early Frontier Life in the Mohawk Valley	Ticonderoga-A-Story-of-Early-Frontier-Life-in-the-Mohawk-Valley_50853	fetched		736838	9b3b0062c1779f56303f0524762e65a69be94aae3cbb47429932be9e38052d62	50853-8.txt
P.G. Wodehouse	50854	Mary of Burgundy; or, The Revolt of Ghent	Mary-of-Burgundy-or-The-Revolt-of-Ghent_50854	fetched		1058206	b06dc728b3878553d9fdf8c7d6a327e44ef37c16ab170036bbb4ab1eb9e8379c	50854-8.txt
P.G. Wodehouse	50855	The Man-at-Arms; or, Henry De Cerons. Volumes I and II	The-Man-at-Arms-or-Henry-De-Cerons-Volumes-I-and-II_50855	unavailable				
P.G. Wodehouse	50856	Charles Tyrrell; or, The Bitter Blood. Volumes I and II	Charles-Tyrrell-or-The-Bitter-Blood-Volumes-I-and-II_50856	unavailable				
P.G. Wodehouse	50858	Heidelberg: A Romance. Volumes I, II & III	Heidelberg-A-Romance-Volumes-I-II-III_50858	unavailable				
P.G. Wodehouse	50943	Rose D'Albret; or, Troublous Times.	Rose-D-Albret-or-Troublous-Times_50943	fetched		958417	2b04a59f3c2e762ade000b38a1628665e2cb630bfb22f8e716767718bf7f690f	50943-8.txt
P.G. Wodehouse	50964	Leonora D'Orco: A Historical Romance	Leonora-D-Orco-A-Historical-Romance_50964	fetched		810015	df49d833f6da0a3098cf83f2f5d1b3e007fcb5dbea139680ccf8aeae13926985	50964-8.txt
P.G. Wodehouse	51164	The Convict: A Tale	The-Convict-A-Tale_51164	fetched		876276	aff9889c81058233c14f55ec0ac5ddc5799b3d0d62281ffb566e7b0b64547a76	51164-8.txt
P.G. Wodehouse	51174	The Man in Black: An Historical Novel of the Days of Queen Anne	The-Man-in-Black-An-Historical-Novel-of-the-Days-of-Queen-Anne_51174	fetched		873448	ed577b95a7eccd6dd586450a26e1a7baf7b68744ec813d1b233eb63dc9087deb	51174-8.txt
P.G. Wodehouse	51251	Morley Ernstein; or, the Tenants of the Heart	Morley-Ernstein-or-the-Tenants-of-the-Heart_51251	fetched		1247082	aec09c8d9ab00fec535777949690f97fb99571841b00f2c413feee59794d2e7a	51251-8.txt
P.G. Wodehouse	51352	Agnes Sorel: A Novel	Agnes-Sorel-A-Novel_51352	fetched		964227	125a372725009006b1a75e81152aab19027a3e893d82639d6551ee672f155a9a	51352-8.txt
P.G. Wodehouse	51455	The Fate: A Tale of Stirring Times	The-Fate-A-Tale-of-Stirring-Times_51455	fetched		850865	df051e949fb827b5d2d7ceb334904fa8f56777225e53217b56f8f8b8095c2138	51455-8.txt
P.G. Wodehouse	51628	Delaware; or, The Ruined Family. Vol. 1	Delaware-or-The-Ruined-Family-Vol-1_51628	fetched		363825	d0b6111a226f24602b4e199727ea2ee4b03cfa17bb99210eb2b236e3706e0e8b	51628-8.txt
P.G. Wodehouse	51629	Delaware; or, The Ruined Family. Vol. 2	Delaware-or-The-Ruined-Family-Vol-2_51629	fetched		350299	7025b1145486ac79a0603539c709443f44e6bd91b56404f1a582c4da327872c8	51629-8.txt
P.G. Wodehouse	51630	Delaware; or, The Ruined Family. Vol. 3	Delaware-or-The-Ruined-Family-Vol-3_51630	fetched		365184	a4a7bbe8c7800e303842ed527a6a788d162fe6244f29bc8464f38737d4f1f9c9	51630-8.txt
P.G. Wodehouse	51715	A Whim, and Its Consequences	A-Whim-and-Its-Consequences_51715	unavailable				
P.G. Wodehouse	51815	Henry Smeaton: A Jacobite Story of the Reign of George the First.	Henry-Smeaton-A-Jacobite-Story-of-the-Reign-of-George-the-First_51815	fetched		990834	172c589906aba7114b56a20425f99d6bfbfb74efe7748604dce75ebc75005d4f	51815-8.txt
P.G. Wodehouse	51898	Beauchamp; or, The Error.	Beauchamp-or-The-Error_51898	fetched		1023288	10aef399ae336c42bedbf0f9ae8eed39816c39a70492b04d1b4dd3e3793e0e94	51898-8.txt
P.G. Wodehouse	53580	The Princess Tarakanova: A Dark Chapter of Russian History	The-Princess-Tarakanova-A-Dark-Chapter-of-Russian-History_53580	fetched		326598	4abd823ddd39167be81050ec047124612cadff3625e193814cb301f72358fd4b	53580-0.txt
P.G. Wodehouse	58508	Index of the Project Gutenberg Works of Pelham Grenville Wodehouse	Index-of-the-Project-Gutenberg-Works-of-Pelham-Grenville-Wodehouse_58508	fetched		44881	0107dc40e06afc1dff4d3d8a7e7869b2d46c8f47901399e55eac836114e10c68	58508-0.txt
P.G. Wodehouse	59254	The Inimitable Jeeves	The-Inimitable-Jeeves_59254	fetched		404731	492ccd590cff2de864259146ec3839bccfb25c04449cc8c08ba96f1f82a71438	59254.txt
P.G. Wodehouse	60067	Leave it to Psmith	Leave-it-to-Psmith_60067	fetched		547823	82a9c2053d58a589ab3d0992fb7d03ca69ce58db5eaab32ecfef8a07bc3df569	60067-0.txt
P.G. Wodehouse	61507	Ukridge	Ukridge_61507	fetched		466983	9750435716ac86624f7b9c9cb99ea4601ef7f947ac761c01cb4c108274780d11	61507-0.txt
P.G. Wodehouse	65172	A Gentleman of Leisure	A-Gentleman-of-Leisure_65172	fetched		427176	580cfed64f5000ec2d4496c84d150ef42e4f37b77c1c75f9971b20e381aee5e0	65172-0.txt
P.G. Wodehouse	65974	Carry On, Jeeves	Carry-On-Jeeves_65974	fetched		436356	a298138623dae866dd390bcc8f5633ad46d29b62cd9a0b75c37899affdf1826a	65974-0.txt
P.G. Wodehouse	67368	Sam in the Suburbs	Sam-in-the-Suburbs_67368	fetched		495905	f866f8c0860920f2e427feac9117b09a2172750cc09f741097517ec99b85b1bd	67368-0.txt
P.G. Wodehouse	67633	History of the 1/4th Battalion Duke of Wellington's (West Riding) Regiment, 1914-1919.	History-of-the-1-4th-Battalion-Duke-of-Wellington-s-West-Riding-Regiment-1914-1919_67633	unavailable				
Patrick Henry	6	Give Me Liberty or Give Me Death	Give-Me-Liberty-or-Give-Me-Death_6	fetched		15306	f0853ac27b21a862cace871e02d07f77964ac1edb83a427414a064cd3343156c	6-0.txt
Patrick Henry	20046	Give Me Liberty or Give Me Death	Give-Me-Liberty-or-Give-Me-Death_20046	unavailable				
Peter Abelard	14268	Historia Calamitatum	Historia-Calamitatum_14268	fetched		184299	62738a3d8b8263b0ce3ca08fa980be90c9f7bfb72212a2df53116c703020536d	14268-8.txt
Peter Abelard	35977	Letters of Abelard and Heloise	Letters-of-Abelard-and-Heloise_35977	unavailable				
Peter Abelard	40227	The love letters of Abelard and Heloise	The-love-letters-of-Abelard-and-Heloise_40227	fetched		143512	cdd25d797df047ec08d641e7db9e261f0f2cc44cd82d5439d81a0fea839d3a96	40227.txt
Philip James Bailey	32614	The Diary of a Resurrectionist, 1811-1812	The-Diary-of-a-Resurrectionist-1811-1812_32614	unavailable				
Philip James Bailey	58363	Sketches of Indian Character	Sketches-of-Indian-Character_58363	unavailable				
Philip James Bailey	67795	The Lhota Nagas	The-Lhota-Nagas_67795	fetched		592278	0165454a70872d464499b710dcf3e875c4b2760505fcb5856ddaecc148fe6c8c	67795-0.txt
Pierre de Fermat	2127	Paul and Virginia	Paul-and-Virginia_2127	fetched		290089	64d158ab4bb1fefa91c2ec763083c134d46be5b09d7979a810a2d59096c96115	2127.txt
Pierre de Fermat	10859	Paul and Virginia from the French of J.B.H. de Saint Pierre	Paul-and-Virginia-from-the-French-of-J-B-H-de-Saint-Pierre_10859	unavailable				
Pierre de Fermat	12504	A Selection from the Comedies of Marivaux	A-Selection-from-the-Comedies-of-Marivaux_12504	fetched		541108	95f36e779ebfc52949d4d898d0aa19a8ef90a7e18657226c9699fdc4bd25d482	12504.txt
Pierre de Fermat	12967	Memoirs and Historical Chronicles of the Courts of Europe	Memoirs-and-Historical-Chronicles-of-the-Courts-of-Europe_12967	unavailable				
Pierre de Fermat	22792	Perils and Captivity	Perils-and-Captivity_22792	unavailable				
Pierre de Fermat	42090	Flagg's The Far West, 1836-1837, part 2; and De Smet's Letters and Sketches, 1841-1842	Flagg-s-The-Far-West-1836-1837-part-2-and-De-Smet-s-Letters-and-Sketches-1841-1842_42090	unavailable				
Pierre de Fermat	42515	The book of the ladies	The-book-of-the-ladies_42515	unavailable				
Pierre de Fermat	50524	The Letter of Petrus Peregrinus on the Magnet, A.D. 1269	The-Letter-of-Petrus-Peregrinus-on-the-Magnet-A-D-1269_50524	unavailable				
Pierre de Fermat	52057	Abandonment; or, Absolute Surrender to Divine Providence	Abandonment-or-Absolute-Surrender-to-Divine-Providence_52057	fetched		222723	a791fcb1829b7d776ae5b5265a6953ae417db8fae7ad2a3a1300ec7e48d64118	52057-0.txt
Pierre de Fermat	58881	A Philosophical Essay on Probabilities	A-Philosophical-Essay-on-Probabilities_58881	fetched		332631	fe478b0d705fa1e745635ee2c547f0c93db2bc0323a4170337705f6d5757b74a	58881-0.txt
Pierre de Fermat	61894	The World-Struggle for Oil	The-World-Struggle-for-Oil_61894	fetched		339337	0397d97629b2d97cd5e008969686601fe6bb18d299a657c97ddaa3b7094c9091	61894-8.txt
Pierre de Fermat	64953	The Follies of a Day; or, The Marriage of Figaro	The-Follies-of-a-Day-or-The-Marriage-of-Figaro_64953	unavailable				
Pierre de Fermat	67025	Lives of Fair and Gallant Ladies. Vol 1	Lives-of-Fair-and-Gallant-Ladies-Vol-1_67025	fetched		736350	17aa80eadc7368d7a1f34463cf164106fd0aeb4e4fffb3a81756a4b07ab0e9d9	67025-0.txt
Pierre de Fermat	67026	Lives of Fair and Gallant Ladies. Vol 2.	Lives-of-Fair-and-Gallant-Ladies-Vol-2_67026	fetched		681999	abc658eca9f4da0a6b874e3a270aa827ec62d581e43a98eebc1f943ddb973a32	67026-0.txt
Plutarch	674	Plutarch: Lives of the noble Grecians and Romans	Plutarch-Lives-of-the-noble-Grecians-and-Romans_674	fetched		4314977	11a1bb9a5d5a8436f2d4d7adf3ad91ec05bb8aef850e564ce255cf9ba2fabdd1	674.txt
Plutarch	2484	The Boys' and Girls' Plutarch	The-Boys-and-Girls-Plutarch_2484	unavailable				
Plutarch	3052	Complete Works of Plutarch — Volume 3: Essays and Miscellanies	Complete-Works-of-Plutarch-Volume-3-Essays-and-Miscellanies_3052	unavailable				
Plutarch	14033	Plutarch's Lives, Volume 1 (of 4)	Plutarch-s-Lives-Volume-1-of-4_14033	unavailable				
Plutarch	14114	Plutarch's Lives, Volume 2 (of 4)	Plutarch-s-Lives-Volume-2-of-4_14114	unavailable				
Plutarch	14140	Plutarch's Lives, Volume 3 (of 4)	Plutarch-s-Lives-Volume-3-of-4_14140	unavailable				
Plutarch	23639	Plutarch's Morals	Plutarch-s-Morals_23639	fetched		956557	743e7825b31f8a10ad289b8540190cedc763e0388fdfe7388f45ce7d42d3098e	23639.txt
Plutarch	44315	Plutarch's Lives, Volume 4 (of 4)	Plutarch-s-Lives-Volume-4-of-4_44315	unavailable				
Plutarch	57513	Plutarch's Romane Questions	Plutarch-s-Romane-Questions_57513	unavailable				
Plutarch	58567	Plutarch on the Delay of the Divine Justice	Plutarch-on-the-Delay-of-the-Divine-Justice_58567	fetched		187583	98cb3678666475a3606fb2f875dc29971af2df6debb21a05e3449775d3eaf71e	58567-0.txt
Plutarch	60831	Between Heathenism and Christianity	Between-Heathenism-and-Christianity_60831	unavailable				
Plutarch	62618	Selected Essays of Plutarch, Vol. I.	Selected-Essays-of-Plutarch-Vol-I_62618	fetched		609682	49f54f872f272bf660100f06453352372b6b0766f6bf6ee5c06352006a286a58	62618-0.txt
Plutarch	62858	Selected Essays of Plutarch, Vol. II.	Selected-Essays-of-Plutarch-Vol-II_62858	fetched		761033	c6ca6b51bc16cf1be9a1b8799a048bffd944a32216a224fbe81844588bd012b9	62858-0.txt
Rabindranath Tagore	2502	Chitra, a Play in One Act	Chitra-a-Play-in-One-Act_2502	fetched		62102	ed3b0356d2bd8e3bf4836579cd1247123968abf8e6ceda4cd1175962b896b97e	2502.txt
Rabindranath Tagore	2518	The Hungry Stones, and Other Stories	The-Hungry-Stones-and-Other-Stories_2518	fetched		288251	1f8184469f35ad404afdfb52751ea4e78db5bb9a9f0dc4e4708be4d0198b71bb	2518.txt
Rabindranath Tagore	6521	The King of the Dark Chamber	The-King-of-the-Dark-Chamber_6521	fetched		121541	8f1615c199538b194e0651c0a6ac9c1baa7e1445b88f7ee905d045439972374d	6521.txt
Rabindranath Tagore	6522	Fruit-Gathering	Fruit-Gathering_6522	fetched		76620	b8dbbaabc686ac6ffb32d6b83b0ef3b40430b4fa37bf6837bf8f9f5f6c12f765	6522-8.txt
Rabindranath Tagore	6523	The Post Office	The-Post-Office_6523	fetched		60289	60b97192c6f3235035be833b74341b2f10e081c4fb4ff4cb8577595adb8fbb85	6523-8.txt
Rabindranath Tagore	6524	Stray Birds	Stray-Birds_6524	fetched		51602	ba82091b8f20ef5bc3ed618c2eedd7454dc808f293cbcc2b0f98ab0e13c10ef1	6524-8.txt
Rabindranath Tagore	6686	The Gardener	The-Gardener_6686	fetched		98407	c0347258fb5ab44a8dd9c793be0243e2c8913af04900c18f6cf939a10349660b	6686.txt
Rabindranath Tagore	6842	Sadhana : the realisation of life	Sadhana-the-realisation-of-life_6842	unavailable				
Rabindranath Tagore	7164	Gitanjali	Gitanjali_7164	fetched		97680	e609c946892e4edb301faf832f8ea0872190d9b443193ef5869740d16e821ac3	7164.txt
Rabindranath Tagore	7166	The Home and the World	The-Home-and-the-World_7166	fetched		391503	db19441401545f01757069b3d1134d393854a2e7b4bfce2e83b1ccbc038c9613	7166-8.txt
Rabindranath Tagore	7951	Glimpses of Bengal	Glimpses-of-Bengal_7951	unavailable				
Rabindranath Tagore	7971	The Fugitive	The-Fugitive_7971	fetched		131537	03f2e6f557039ea9ad1edf110e297c673c8a1067f55c053d57520b34dcda9e36	7971.txt
Rabindranath Tagore	22217	My Reminiscences	My-Reminiscences_22217	fetched		371775	3c9fa062f5d94cce7699f87f5bcb3552356270214a91b448387c3e312008ca83	22217-8.txt
Rabindranath Tagore	23136	Creative Unity	Creative-Unity_23136	fetched		243629	e7692d6e87b8fdc68442c2104f78421b7ec0e3611251a2594ff9a7dbb03f4354	23136-0.txt
Rabindranath Tagore	24607	The Cycle of Spring	The-Cycle-of-Spring_24607	fetched		97918	a50bb0bbe3c123100f90b65fc7ea0842ee90c9a6b82f0af2ce35b27a9984a4e2	24607.txt
Rabindranath Tagore	26202	Sadhana, the Realisation of Life	Sadhana-the-Realisation-of-Life_26202	unavailable				
Rabindranath Tagore	33131	The Spirit of Japan	The-Spirit-of-Japan_33131	fetched		60395	ae6a08bb00437f3298bbc2b1a401fd078a330b1ea0d4959a212d321e36b77a57	33131.txt
Rabindranath Tagore	33525	Stories from Tagore	Stories-from-Tagore_33525	fetched		298304	c6df44ba46b0afa87d7ad5b7c746953a9bf8a8c45ae8f79bf87fd35e108f5bef	33525.txt
Rabindranath Tagore	34757	Mashi, and Other Stories	Mashi-and-Other-Stories_34757	fetched		227800	fe08076ed782a43a06751fae991c381cc0b94c5357b820b27d253daa02fa1f31	34757-8.txt
Rabindranath Tagore	40766	Nationalism	Nationalism_40766	fetched		176328	c9af0dbaa7133c6c34ff3d44c85093032efd236308baa5acf7499b53c7b8c9aa	40766-8.txt
Rainer Maria Rilke	38594	Poems	Poems_38594	fetched		83643	ab50f9f59b198739489a640659b2bd39c54867e9afa443440ff8ed10ba078cc8	38594-0.txt
Rainer Maria Rilke	45605	Auguste Rodin	Auguste-Rodin_45605	fetched		110385	3da24210cd87cb022feede6deb66771e856caa5b14176ba689562915bfba3524	45605-8.txt
Ralph Waldo Emerson	2944	Essays — First Series	Essays-First-Series_2944	unavailable				
Ralph Waldo Emerson	2945	Essays — Second Series	Essays-Second-Series_2945	unavailable				
Ralph Waldo Emerson	6312	Representative Men: Seven Lectures	Representative-Men-Seven-Lectures_6312	fetched		353195	0be55d4d7a3c4dd98338c915c40c8800fc9e586392594805fdbfe055fc0186ca	6312.txt
Ralph Waldo Emerson	12843	Poems	Poems_12843	unavailable				
Ralph Waldo Emerson	13583	The Correspondence of Thomas Carlyle and Ralph Waldo Emerson, 1834-1872, Vol. I	The-Correspondence-of-Thomas-Carlyle-and-Ralph-Waldo-Emerson-1834-1872-Vol-I_13583	unavailable				
Ralph Waldo Emerson	13660	The Correspondence of Thomas Carlyle and Ralph Waldo Emerson, 1834-1872, Vol II.	The-Correspondence-of-Thomas-Carlyle-and-Ralph-Waldo-Emerson-1834-1872-Vol-II_13660	unavailable				
Ralph Waldo Emerson	14312	What All The World's A-Seeking	What-All-The-World-s-A-Seeking_14312	unavailable				
Ralph Waldo Emerson	15963	May-Day, and Other Pieces	May-Day-and-Other-Pieces_15963	unavailable				
Ralph Waldo Emerson	16643	Essays by Ralph Waldo Emerson	Essays-by-Ralph-Waldo-Emerson_16643	fetched		567488	fd23dcacc8d72aa98cf13c02cdcbe3d15742d510f3d4b6d66de8d8e5e86d2791	16643.txt
Ralph Waldo Emerson	18392	Thoughts I Met on the Highway: Words of Friendly Cheer From "The Life Books"	Thoughts-I-Met-on-the-Highway-Words-of-Friendly-Cheer-From-The-Life-Books_18392	unavailable				
Ralph Waldo Emerson	22535	Rubáiyát of Omar Khayyám, and Salámán and Absál	Rubaiyat-of-Omar-Khayyam-and-Salaman-and-Absal_22535	unavailable				
Ralph Waldo Emerson	23559	In Tune with the Infinite; or, Fullness of Peace, Power, and Plenty	In-Tune-with-the-Infinite-or-Fullness-of-Peace-Power-and-Plenty_23559	unavailable				
Ralph Waldo Emerson	28163	The Higher Powers of Mind and Spirit	The-Higher-Powers-of-Mind-and-Spirit_28163	fetched		357528	2dc2d12da1f7808b102ee570624e88a4d6e13f777a680045b2b0ed5771028c07	28163-8.txt
Ralph Waldo Emerson	29433	Nature	Nature_29433	fetched		108744	07ae7f4d7b9672eb296d6cecebb4640ff285f42ba04186a54378dab033fa3525	29433-8.txt
Ralph Waldo Emerson	39827	The Conduct of Life	The-Conduct-of-Life_39827	fetched		410220	fc8ffb2ed4a775ff301108777dd20413a510a496fa5618aaff85af69f2866dee	39827-0.txt
Ralph Waldo Emerson	39862	English Traits	English-Traits_39862	fetched		404604	6b62026986e926913ba9b06fab7f40fe29c88e668867b64fe433a72fa8d972a3	39862-0.txt
Ralph Waldo Emerson	58994	Index of the Project Gutenberg Works of Ralph Waldo Emerson	Index-of-the-Project-Gutenberg-Works-of-Ralph-Waldo-Emerson_58994	fetched		146507	673354659d4516b7ce84d63f0fd3b4f4e69692a999064b7cb30bdb053526596c	58994-0.txt
Ray Stannard Baker	44188	Boys' Second Book of Inventions	Boys-Second-Book-of-Inventions_44188	fetched		269237	583d04de4c7b99b2ea8bc737fab6984c9224c4ed8a35b9759552cd563722e87b	44188.txt
Rene Descartes	59	Discourse on the Method of Rightly Conducting One's Reason and of Seeking Truth in the Sciences	Discourse-on-the-Method-of-Rightly-Conducting-One-s-Reason-and-of-Seeking-Truth-in-the-Sciences_59	fetched		150543	0dde3687bda0a3c2d0e64f938483d2144d6db2194395d37d245c0dfc12c54495	59.txt
Rene Descartes	4391	Selections from the Principles of Philosophy	Selections-from-the-Principles-of-Philosophy_4391	fetched		195080	be132739f8ca66897dbe1c19a5d6e5db1c15ae1fd447b84613b43ab541150475	4391.txt
Rene Descartes	19796	Discourse on the Method of Rightly Conducting One's Reason and of Seeking Truth in the Sciences	Discourse-on-the-Method-of-Rightly-Conducting-One-s-Reason-and-of-Seeking-Truth-in-the-Sciences_19796	unavailable				
Rene Descartes	25830	A Discourse of a Method for the Well Guiding of Reason	A-Discourse-of-a-Method-for-the-Well-Guiding-of-Reason_25830	unavailable				
Richard Brinsley Sheridan	1929	The School for Scandal	The-School-for-Scandal_1929	fetched		196893	907c771cea7d75ec2ab5b91db7659868dc0bbe2acef9c1a6af0dbd126bb0621b	1929.txt
Richard Brinsley Sheridan	6707	St. Patrick's Day; Or, The Scheming Lieutenant: A Farce in One Act	St-Patrick-s-Day-Or-The-Scheming-Lieutenant-A-Farce-in-One-Act_6707	fetched		56904	46f90777f9703bcbddec47f2054b17d474a948fc5fe1ee1f303e67b07300e1f3	6707.txt
Richard Brinsley Sheridan	6731	The Duenna: A Comic Opera	The-Duenna-A-Comic-Opera_6731	fetched		110922	0accff1cb8cf7d82a64b59dac7cf1ff08fd5a683475ba587137f5507b6f2f7b7	6731.txt
Richard Brinsley Sheridan	7108	A Trip to Scarborough; and, The Critic	A-Trip-to-Scarborough-and-The-Critic_7108	fetched		208560	8a099be2d91bd5cd2f8c0b881c017a1482dffbc6fc2d8681721fc384d70211ce	7108-8.txt
Richard Brinsley Sheridan	24761	The Rivals: A Comedy	The-Rivals-A-Comedy_24761	unavailable				
Richard Brinsley Sheridan	61157	The Hoplite	The-Hoplite_61157	fetched		42109	e22d229bc6febc979a2dd5286888f7659717cf95fe7c0e6fd8ad8ad6f122552c	61157.txt
Richard Le Gallienne	461	The Quest of the Golden Girl: A Romance	The-Quest-of-the-Golden-Girl-A-Romance_461	unavailable				
Richard Le Gallienne	3267	Old Love Stories Retold	Old-Love-Stories-Retold_3267	fetched		34820	912bf3870e2787c0874cfb97fa21eced27f1acef328b6b7ea57713e629c26754	3267.txt
Richard Le Gallienne	10447	October Vagabonds	October-Vagabonds_10447	fetched		166260	0447eb81510981d97af96d75c9d7d037b68531e69e5e818b3294c7d00c4d596b	10447-8.txt
Richard Le Gallienne	10457	The Lonely Dancer and Other Poems	The-Lonely-Dancer-and-Other-Poems_10457	fetched		86474	057dde6f1e78a3d444e0aea8bf1d5e5b71e423b9728a54e0c51e6b82a28d56a1	10457.txt
Richard Le Gallienne	10812	The Worshipper of the Image	The-Worshipper-of-the-Image_10812	fetched		126759	b885dcf1ec65492f17623d6c4184652f621ee3ab08e0de1805ae80fbd8bca28c	10812-8.txt
Richard Le Gallienne	10826	The Book-Bills of Narcissus	The-Book-Bills-of-Narcissus_10826	unavailable				
Richard Le Gallienne	10910	Robert Louis Stevenson, an Elegy; and Other Poems	Robert-Louis-Stevenson-an-Elegy-and-Other-Poems_10910	unavailable				
Richard Le Gallienne	10913	English Poems	English-Poems_10913	fetched		100216	b01b7fcc3cfde6052ffa7c877b80d14bead43b11d7382eaf71c05633ddc186d9	10913-8.txt
Richard Le Gallienne	10922	Young Lives	Young-Lives_10922	fetched		431290	b8ddfabd8cc9b2d62b0b77904b95890f2493931a70742d990d000bc5e63b9414	10922-8.txt
Richard Le Gallienne	10949	The Romance of Zion Chapel [3d ed.]	The-Romance-of-Zion-Chapel-3d-ed_10949	unavailable				
Richard Le Gallienne	11675	Vanishing Roads and Other Essays	Vanishing-Roads-and-Other-Essays_11675	fetched		551855	5b81582697f91701893373ae89f64ca06d1945f37c698fa8596a6408bfa5646e	11675-8.txt
Richard Le Gallienne	14103	Prose Fancies (Second Series)	Prose-Fancies-Second-Series_14103	unavailable				
Richard Le Gallienne	15025	Prose Fancies	Prose-Fancies_15025	fetched		227909	ed2b0de1c86e0a1bc9d73c002c888d1dc94c9b8a9056a8a36ab37caccee940d3	15025-8.txt
Richard Le Gallienne	17619	A Jongleur Strayed	A-Jongleur-Strayed_17619	unavailable				
Richard Le Gallienne	17741	Pieces of Eight	Pieces-of-Eight_17741	unavailable				
Richard Le Gallienne	19313	The Silk-Hat Soldier, and Other Poems in War Time	The-Silk-Hat-Soldier-and-Other-Poems-in-War-Time_19313	fetched		32833	ca5fe7ce122d2cbbe28ec455196a5db3d9e5e6ead9897846f89db1a3da337a36	19313.txt
Richard Le Gallienne	41921	The Maker of Rainbows, and Other Fairy-tales and Fables	The-Maker-of-Rainbows-and-Other-Fairy-tales-and-Fables_41921	unavailable				
Richard Le Gallienne	64854	Little Dinners With the Sphinx, and Other Prose Fancies	Little-Dinners-With-the-Sphinx-and-Other-Prose-Fancies_64854	fetched		250348	21536fcb6e875e22871e1919b971279e15609ee69cb1fb68124c2bf4678aa4a0	64854-0.txt
Robert Baden-Powell	6673	Young Knights of the Empire : Their Code, and Further Scout Yarns	Young-Knights-of-the-Empire-Their-Code-and-Further-Scout-Yarns_6673	unavailable				
Robert Baden-Powell	12852	Creation and Its Records	Creation-and-Its-Records_12852	unavailable				
Robert Baden-Powell	15715	My Adventures as a Spy	My-Adventures-as-a-Spy_15715	fetched		155426	024989b8a5980cd464b957e4001c1569391c082c2e9da77252434386feb86b34	15715-8.txt
Robert Baden-Powell	28983	How Girls Can Help Their Country	How-Girls-Can-Help-Their-Country_28983	fetched		246850	b205b54ceded7f7dfb006ab55f6e25aa019846a8341a1f97f251f5bb6297dbf7	28983-8.txt
Robert Baden-Powell	47158	The Matabele Campaign	The-Matabele-Campaign_47158	unavailable				
Robert Baden-Powell	52506	Scouting for Girls	Scouting-for-Girls_52506	unavailable				
Robert Baden-Powell	65993	Scouting for Boys	Scouting-for-Boys_65993	fetched		686433	69701d4c9310959732ef32f3337f0c45708510a6893f5b109f86975eed1fed08	65993-0.txt
Robert Browning	260	An Introduction to the Study of Robert Browning's Poetry	An-Introduction-to-the-Study-of-Robert-Browning-s-Poetry_260	fetched		715552	e530d2d57838762866e468fa5ae3b6e2767ecb15a248895266ce201f2048da6d	260-0.txt
Robert Browning	655	Life and Letters of Robert Browning	Life-and-Letters-of-Robert-Browning_655	fetched		701976	cd0f6e42d984c09c47e0141ab1ff2cba69f92245e27a1b42a5c1353a60e73f92	655.txt
Robert Browning	2880	A Blot in the 'Scutcheon	A-Blot-in-the-Scutcheon_2880	fetched		103053	70efb2ca8c73ee17538416c5b1c0d3bc8f3256fbbe459cfa890b8a038e260a9c	2880.txt
Robert Browning	4253	Dramatic Romances	Dramatic-Romances_4253	fetched		255871	d93758c182e6d9fa40b2001d4928b00d0cf04567874c13982d45549f26288665	4253-8.txt
Robert Browning	6670	Christmas Eve	Christmas-Eve_6670	fetched		77195	5b6bfa5301613a330ad7b998f2a986afa3982b9c288771f209cbd1200bbdb5cd	6670.txt
Robert Browning	16376	Browning's Shorter Poems	Browning-s-Shorter-Poems_16376	fetched		327023	da5e46326747348cd7afb54b728d5cc8234f7041dd75a381563d2c945f68663e	16376.txt
Robert Browning	17393	Men and Women	Men-and-Women_17393	fetched		232442	017976fb5f7bc2dfeea4c671e99064d93e468fb67a718d094006c8a39b815dc9	17393.txt
Robert Browning	18343	The Pied Piper of Hamelin	The-Pied-Piper-of-Hamelin_18343	fetched		33637	de5665a5d7d7e0a2d8c6a52e90483391147378a3846ba89549414ea8cbbb63e0	18343-8.txt
Robert Browning	28041	Selections from the Poems and Plays of Robert Browning	Selections-from-the-Poems-and-Plays-of-Robert-Browning_28041	fetched		704451	4ef81d97b9dedee166887c11998517b4898aa290de95296aadb673a11bcde688	28041.txt
Robert Browning	42850	The Pied Piper of Hamelin, and Other Poems	The-Pied-Piper-of-Hamelin-and-Other-Poems_42850	unavailable				
Robert Browning	50954	The Complete Poetic and Dramatic Works of Robert Browning	The-Complete-Poetic-and-Dramatic-Works-of-Robert-Browning_50954	unavailable				
Robert Browning	53335	Pomegranates from an English Garden	Pomegranates-from-an-English-Garden_53335	unavailable				
Robert Browning	59123	Index of the Project Gutenberg Works of Robert Browning	Index-of-the-Project-Gutenberg-Works-of-Robert-Browning_59123	fetched		36998	1877e3cf25cf9ebf8f87e4231da4bf103fafd6e44a399d7aa1d7a8919e413ab9	59123-0.txt
Robert E. Lee	2323	Recollections and Letters of General Robert E. Lee	Recollections-and-Letters-of-General-Robert-E-Lee_2323	unavailable				
Robert E. Lee	7016	Adventures in the Land of Canaan	Adventures-in-the-Land-of-Canaan_7016	fetched		167998	6e69ff49eae2b17e76098bb9631655629e3cde3df67d511e598e5926d05b2809	7016.txt
Robert E. Lee	12616	Around Old Bethany: A Story of the Adventures of Robert and Mary Davis	Around-Old-Bethany-A-Story-of-the-Adventures-of-Robert-and-Mary-Davis_12616	unavailable				
Robert E. Lee	18975	The North Pole: Its Discovery in 1909 under the auspices of the Peary Arctic Club	The-North-Pole-Its-Discovery-in-1909-under-the-auspices-of-the-Peary-Arctic-Club_18975	unavailable				
Robert E. Lee	21881	The Life of the Waiting Soul in the Intermediate State	The-Life-of-the-Waiting-Soul-in-the-Intermediate-State_21881	unavailable				
Robert E. Lee	22008	St. Cuthbert's	St-Cuthbert-s_22008	unavailable				
Robert E. Lee	30015	Stopover Planet	Stopover-Planet_30015	fetched		35475	0a4494a429da210868d43de05905b2d62dba9cdcdd34b82dc3fe05caf602eac0	30015.txt
Robert E. Lee	31075	In The Ranks: From the Wilderness to Appomattox Court House	In-The-Ranks-From-the-Wilderness-to-Appomattox-Court-House_31075	unavailable				
Robert E. Lee	31413	The Story of Extinct Civilizations of the West	The-Story-of-Extinct-Civilizations-of-the-West_31413	fetched		313611	d30be2066ae34234a5464e43fc517a5cc3e12454dc130ec7b170e7166fada98e	31413.txt
Robert E. Lee	32238	A Thought For Tomorrow	A-Thought-For-Tomorrow_32238	fetched		45962	f60628bb72835d0df6066e28ebc1c03031741590d1ecdb28caba4e4ff19017f3	32238.txt
Robert E. Lee	32759	Red Nails	Red-Nails_32759	fetched		201757	2084b6a47eeefdf9f3228660cf803665cd827c3be51cf3dcd2b915fd9e639e01	32759-8.txt
Robert E. Lee	32878	Thy Rocks and Rills	Thy-Rocks-and-Rills_32878	fetched		81094	9a5638e3a2124054b94a26681f354adb3b7f346f6f1b969922720fc5a1c52755	32878.txt
Robert E. Lee	37636	Charles Lewis Cocke, Founder of Hollins College	Charles-Lewis-Cocke-Founder-of-Hollins-College_37636	unavailable				
Robert E. Lee	42182	The Hyborian Age	The-Hyborian-Age_42182	fetched		74747	7ac2d39ea94e592c2c5b52df423360a94e851eba5a4f7acac13b3c3cacbda895	42182.txt
Robert E. Lee	42183	Queen of the Black Coast	Queen-of-the-Black-Coast_42183	fetched		86161	a6097c1ee04e85e398b16a41174fb7d21dee47930fc8e6bdf76ed6caf02ab57c	42183-8.txt
Robert E. Lee	42188	Shadows in the Moonlight	Shadows-in-the-Moonlight_42188	fetched		90192	af37392824399e9ac63e7c90b0ce8c3e796e06cd28e6e26a2fb34a1cade16383	42188.txt
Robert E. Lee	42196	Shadows in Zamboula	Shadows-in-Zamboula_42196	fetched		89976	0367d2841c95a919e8f03c40c5efe63f0f359b942841d409c3f06abc1dd5f46b	42196.txt
Robert E. Lee	42209	The Devil in Iron	The-Devil-in-Iron_42209	fetched		90385	da7464e9c07938ed08b78378a3a105f7258d83f9a2f0bd999f9366cd25bd6635	42209.txt
Robert E. Lee	42227	A Witch Shall Be Born	A-Witch-Shall-Be-Born_42227	fetched		116041	0a51f991957f5b8868d35e76d82bbc6c56c7e61c642ca3fb3b9f1df20066e126	42227-8.txt
Robert E. Lee	42236	Jewels of Gwahlur	Jewels-of-Gwahlur_42236	fetched		119380	1b0a5b64ceaae24d75fa2142be73cf62e50cde25c1f011a0d7a8cf7e39b4dd0d	42236-8.txt
Robert E. Lee	42243	The Hour of the Dragon	The-Hour-of-the-Dragon_42243	fetched		439265	dd6d03fd4d5525cdde433e037a8954ae7a93a33ce797b7e5f793d9a37d96e3c9	42243-8.txt
Robert E. Lee	42254	Beyond the Black River	Beyond-the-Black-River_42254	fetched		145468	63400ec69b02b09943194821788da339516f91a0d2a888e2081851577bfe3f37	42254.txt
Robert E. Lee	42259	The People of the Black Circle	The-People-of-the-Black-Circle_42259	fetched		197404	f70936efb2c18f96030695025dc8c99aef68946334bda3919a924371f97688c1	42259-8.txt
Robert E. Lee	42664	Gods of the North	Gods-of-the-North_42664	fetched		38759	fdabf8bc9942bc1023bf3146878c656b766ac27ef21bd1932e2a584971081359	42664.txt
Robert E. Lee	43177	The Protection of Fresh-Water Mussels	The-Protection-of-Fresh-Water-Mussels_43177	fetched		81829	ef9466fcdef388c963ec67a735e1090bbd34c896e61c8a1896ac86bbe9d48f65	43177.txt
Robert E. Lee	45206	The Call of the South	The-Call-of-the-South_45206	fetched		721680	f0c001a369e611328d71300fed2b79d661549ae3548780a888111e2ab39b0201	45206-0.txt
Robert E. Lee	45416	Gods and Heroes; or, The Kingdom of Jupiter	Gods-and-Heroes-or-The-Kingdom-of-Jupiter_45416	unavailable				
Robert E. Lee	49811	The Mentor: The Conquest of the Poles, Serial No. 37	The-Mentor-The-Conquest-of-the-Poles-Serial-No-37_49811	fetched		64278	6e01e2e4c5807ffbd2b832e118f48efaba8be5a23e00d04c0751b3ed3d36c6ab	49811-0.txt
Robert E. Lee	51198	The Web of Time	The-Web-of-Time_51198	fetched		613001	7557c735449ba1e9df4fe7b4726a15d5c14d495fbfcbf407ca4ce9eea471548f	51198-0.txt
Robert E. Lee	56675	The Attic Guest: A Novel	The-Attic-Guest-A-Novel_56675	fetched		503852	a1958dad51405d4749e9b7a77fbf2a12d9eecd151339d44adf442a047ccb4d17	56675-8.txt
Robert E. Lee	56694	Five Little Bush Girls	Five-Little-Bush-Girls_56694	fetched		333585	3e3f030a358748bbf37442a17fe4aa21040981b2d28b5dbfbd00502d25bb9d22	56694-0.txt
Robert E. Lee	62844	The Fair Dominion: A Record of Canadian Impressions	The-Fair-Dominion-A-Record-of-Canadian-Impressions_62844	fetched		373048	346831b77f1f76574c664296cf43d7e14d56f5188ab979888686ce2808420023	62844.txt
Robert E. Lee	63613	The Space Between	The-Space-Between_63613	fetched		44348	2c877d3881a5560f03c06ec056ac094c5d0d29e856b6c400b730eb3889a6d68f	63613-0.txt
Robert E. Lee	67403	The Stuff of Manhood: Some Needed Notes in American Character	The-Stuff-of-Manhood-Some-Needed-Notes-in-American-Character_67403	fetched		288455	5948e6f87d01bb4dafe7fd5a80151fc01582f25175d609fac2e8dbac4f867c85	67403-0.txt
Robert E. Lee	67973	Secrets of Polar Travel	Secrets-of-Polar-Travel_67973	fetched		364513	88aaaeda3ba2f68530ff8f27b32ecba4417cb885525b1e9bfe0292e8b371ee6f	67973-0.txt
Robert E. Lee	68173	Progressive Chile	Progressive-Chile_68173	fetched		407235	96dc98837ecaa5b3d2a593389960bf3a3e671e53d2cb0675d27e7869e1c15c86	68173-0.txt
Robert E. Lee	68433	Hunt the Hog of Joe	Hunt-the-Hog-of-Joe_68433	fetched		109880	3b9a603007f959f1251980c647a58a7c453ea1a3b7c34d1557d9eacd9072d1a1	68433-0.txt
Robert Frost	3021	A Boy's Will	A-Boy-s-Will_3021	fetched		54692	7d9cf04cefa29e5bbe2bda74a795a8c9a271360ae740ed34050af9626a2e7e6a	3021-8.txt
Robert Frost	3026	North of Boston	North-of-Boston_3026	fetched		118839	e279af8cf93eeb522276c75ce9f3e333d58b9d2bf07cc63407f1b0406b69ed6e	3026-8.txt
Robert Frost	20030	Fire and Ice	Fire-and-Ice_20030	unavailable				
Robert Frost	21184	Selected Poems by Robert Frost	Selected-Poems-by-Robert-Frost_21184	unavailable				
Robert Frost	21437	North of Boston	North-of-Boston_21437	unavailable				
Robert Frost	29345	Mountain Interval	Mountain-Interval_29345	fetched		92295	33074c7a9c0d4e8d90b36542c31224e3d8489899be44fcf4c066ace0b98de20c	29345-8.txt
Robert Frost	58611	New Hampshire, A Poem; with Notes and Grace Notes	New-Hampshire-A-Poem-with-Notes-and-Grace-Notes_58611	fetched		138821	23b0f7e44f4202cfed67ef41ce12b9b188ed09dab1745c4162fd152f996a214d	58611-0.txt
Robert Frost	59824	Selected Poems	Selected-Poems_59824	fetched		138049	9464fef58e701ddba51095c0263794833e30d7825053a5e238770b80afed18fd	59824-0.txt
Robert G. Ingersoll	12233	Stonewall Jackson and the American Civil War	Stonewall-Jackson-and-the-American-Civil-War_12233	fetched		2125618	01e9ab482225a50f3f2b42a38a7412f53fbf5143999c6fd09298e721ffca8dc5	12233-8.txt
Robert G. Ingersoll	12892	Simon Magus	Simon-Magus_12892	unavailable				
Robert G. Ingersoll	18479	The Campaigns of the British Army at Washington and New Orleans 1814-1815	The-Campaigns-of-the-British-Army-at-Washington-and-New-Orleans-1814-1815_18479	fetched		521675	8c4e5d7027b8a6371bd169650e6dbc86f77c3ffcdef78de5e8c36afd2e785710	18479.txt
Robert G. Ingersoll	24419	Germany, Bohemia, and Hungary, Visited in 1837. Vol. II	Germany-Bohemia-and-Hungary-Visited-in-1837-Vol-II_24419	unavailable				
Robert G. Ingersoll	28436	A Handbook of the English Language	A-Handbook-of-the-English-Language_28436	fetched		665872	1347c3d6425ceb77931f68bff1d25641f78ea2863a8c64b1acfed70fea7f9219	28436.txt
Robert G. Ingersoll	30931	The Ethnology of the British Islands	The-Ethnology-of-the-British-Islands_30931	fetched		386594	d465d977a93ac696d454ff85897569b4d4e6a339a72f16e0b11ae560ea1da47c	30931.txt
Robert G. Ingersoll	31175	A New Species of Frog (Genus Tomodactylus) from Western México	A-New-Species-of-Frog-Genus-Tomodactylus-from-Western-Mexico_31175	unavailable				
Robert G. Ingersoll	31296	The Ethnology of the British Colonies and Dependencies	The-Ethnology-of-the-British-Colonies-and-Dependencies_31296	fetched		383121	ec60187153e70b6628d3df4d684e6e62c7deaf01313c1cae395170cf3f216284	31296-0.txt
Robert G. Ingersoll	31621	Description of a New Softshell Turtle from the Southeastern United States	Description-of-a-New-Softshell-Turtle-from-the-Southeastern-United-States_31621	fetched		42899	6200417c1e9540eeb2ece2d5b3fc8a7ce7e1acb39a8c1a004d6cc18c749014d0	31621-8.txt
Robert G. Ingersoll	34595	The English Language	The-English-Language_34595	fetched		1291226	791f8a5439b1776aeb8fe09ef64d576e95ea2acab7ff0e01848dc365fc7bb334	34595.txt
Robert G. Ingersoll	34949	Some Reptiles and Amphibians from Korea	Some-Reptiles-and-Amphibians-from-Korea_34949	fetched		83742	9d7ae1713a54c227fcab0c549bf5b5b9175292a1882b06ab55578a36ea16bb06	34949.txt
Robert G. Ingersoll	35460	Apollonius of Tyana, the Philosopher-Reformer of the First Century A.D.	Apollonius-of-Tyana-the-Philosopher-Reformer-of-the-First-Century-A-D_35460	unavailable				
Robert G. Ingersoll	35735	The Gnostic Crucifixion	The-Gnostic-Crucifixion_35735	fetched		90605	e4b87eec458f4cfb8f808b7d1e05e171b027ccca03e475384d3471066266eb67	35735.txt
Robert G. Ingersoll	38455	ASCE 1193: The Water-Works and Sewerage of Monterrey, N. L., Mexico	ASCE-1193-The-Water-Works-and-Sewerage-of-Monterrey-N-L-Mexico_38455	unavailable				
Robert G. Ingersoll	40005	North American Recent Soft-Shelled Turtles (Family  Trionychidae)	North-American-Recent-Soft-Shelled-Turtles-Family-Trionychidae_40005	unavailable				
Robert G. Ingersoll	43510	The Ethnology of Europe	The-Ethnology-of-Europe_43510	fetched		420865	d137a67ba6042bcaa7205618433d1cacece2c4577e96f093faa4b252852c3d06	43510-0.txt
Robert G. Ingersoll	44605	Man and His Migrations	Man-and-His-Migrations_44605	fetched		404249	e5b4959c4d860f81cf41e7d16bae536a187311c5b59fab21d1f21105498937fa	44605-0.txt
Robert G. Ingersoll	47390	The Natural History of the Varieties of Man	The-Natural-History-of-the-Varieties-of-Man_47390	fetched		1107975	70c09311d92c9fa529179b1124968bfc1f31f244ce4d9e60318ca534f5f6479f	47390-0.txt
Robert G. Ingersoll	47670	A Sketch of the Life and Times of Judge Haliburton	A-Sketch-of-the-Life-and-Times-of-Judge-Haliburton_47670	unavailable				
Robert G. Ingersoll	48079	Opuscula: Essays chiefly Philological and Ethnographical	Opuscula-Essays-chiefly-Philological-and-Ethnographical_48079	fetched		998537	bf527c677be4e9f3c2240baf043fb4c21ba6352c23c286dd748c100d00d7e93e	48079-0.txt
Robert G. Ingersoll	59843	The Palace and Park	The-Palace-and-Park_59843	unavailable				
Robert G. Ingersoll	60214	Ernesto Garcia Cabral: A Mexican Cartoonist	Ernesto-Garcia-Cabral-A-Mexican-Cartoonist_60214	fetched		48928	111a5cc187eed88ab89c33af5558c589d1d057ee55b48799518eeb4f937a5230	60214-0.txt
Robert G. Ingersoll	65893	Atoms at the Science Fair: Exhibiting Nuclear Projects	Atoms-at-the-Science-Fair-Exhibiting-Nuclear-Projects_65893	fetched		112351	d6d20ba54ab1205739c2d9c4db5c2ac5b2a84d9bc7041162f215227e15100f86	65893-0.txt
Robert Green Ingersoll	8140	Lectures of Col. R. G. Ingersoll, Volume I	Lectures-of-Col-R-G-Ingersoll-Volume-I_8140	unavailable				
Robert Green Ingersoll	8389	Lectures of Col. R. G. Ingersoll - Latest	Lectures-of-Col-R-G-Ingersoll-Latest_8389	unavailable				
Robert Green Ingersoll	20447	The Works of Robert G. Ingersoll, Volume VIII.	The-Works-of-Robert-G-Ingersoll-Volume-VIII_20447	unavailable				
Robert Green Ingersoll	30208	The Ghosts, and Other Lectures	The-Ghosts-and-Other-Lectures_30208	fetched		285306	2ea69816eb688a2c3ee4e4693ad0baf6a89ec43e8060cbd9a230c3da9d5015c4	30208.txt
Robert Green Ingersoll	34417	Walt Whitman: An Address	Walt-Whitman-An-Address_34417	unavailable				
Robert Green Ingersoll	37699	Hell: Warm Words on the Cheerful and Comforting Doctrine of Eternal Damnation	Hell-Warm-Words-on-the-Cheerful-and-Comforting-Doctrine-of-Eternal-Damnation_37699	unavailable				
Robert Green Ingersoll	37703	About The Holy Bible: A Lecture	About-The-Holy-Bible-A-Lecture_37703	unavailable				
Robert Green Ingersoll	37704	An Oration on the Life and Services of Thomas Paine	An-Oration-on-the-Life-and-Services-of-Thomas-Paine_37704	fetched		71196	f0c251a985d126399eece2e09c0daa0d6fd58a2af3b7044f1d4cfce0df56e75e	37704-8.txt
Robert Green Ingersoll	38093	The Christian Religion: An Enquiry	The-Christian-Religion-An-Enquiry_38093	unavailable				
Robert Green Ingersoll	38095	Heretics And Heresies	Heretics-And-Heresies_38095	unavailable				
Robert Green Ingersoll	38096	Humboldt	Humboldt_38096	unavailable				
Robert Green Ingersoll	38098	Individuality	Individuality_38098	unavailable				
Robert Green Ingersoll	38099	Mistakes of Moses	Mistakes-of-Moses_38099	fetched		317079	0c2917d91eb63fbc8db1869c6388ab9d042db6354470a3b4f7425022a84eaa6c	38099-8.txt
Robert Green Ingersoll	38101	Thomas Paine	Thomas-Paine_38101	unavailable				
Robert Green Ingersoll	38103	Trial of C. B. Reynolds For Blasphemy, at Morristown, N. J., May 1887: Defence	Trial-of-C-B-Reynolds-For-Blasphemy-at-Morristown-N-J-May-1887-Defence_38103	unavailable				
Robert Green Ingersoll	38105	Shakespeare: A Lecture	Shakespeare-A-Lecture_38105	unavailable				
Robert Green Ingersoll	38106	Ingersollia	Ingersollia_38106	unavailable				
Robert Green Ingersoll	38107	The Gods	The-Gods_38107	unavailable				
Robert Green Ingersoll	38801	The Works of Robert G. Ingersoll, Vol. 01 (of 12)	The-Works-of-Robert-G-Ingersoll-Vol-01-of-12_38801	unavailable				
Robert Green Ingersoll	38802	The Works of Robert G. Ingersoll, Vol. 02 (of 12)	The-Works-of-Robert-G-Ingersoll-Vol-02-of-12_38802	unavailable				
Robert Green Ingersoll	38803	The Works of Robert G. Ingersoll, Vol. 03 (of 12)	The-Works-of-Robert-G-Ingersoll-Vol-03-of-12_38803	unavailable				
Robert Green Ingersoll	38804	The Works of Robert G. Ingersoll, Vol. 04 (of 12)	The-Works-of-Robert-G-Ingersoll-Vol-04-of-12_38804	unavailable				
Robert Green Ingersoll	38805	The Works of Robert G. Ingersoll, Vol. 05 (of 12)	The-Works-of-Robert-G-Ingersoll-Vol-05-of-12_38805	unavailable				
Robert Green Ingersoll	38806	The Works of Robert G. Ingersoll, Vol. 06 (of 12)	The-Works-of-Robert-G-Ingersoll-Vol-06-of-12_38806	unavailable				
Robert Green Ingersoll	38807	The Works of Robert G. Ingersoll, Vol. 07 (of 12)	The-Works-of-Robert-G-Ingersoll-Vol-07-of-12_38807	unavailable				
Robert Green Ingersoll	38808	The Works of Robert G. Ingersoll, Vol. 08 (of 12)	The-Works-of-Robert-G-Ingersoll-Vol-08-of-12_38808	unavailable				
Robert Green Ingersoll	38809	The Works of Robert G. Ingersoll, Vol. 09 (of 12)	The-Works-of-Robert-G-Ingersoll-Vol-09-of-12_38809	unavailable				
Robert Green Ingersoll	38810	The Works of Robert G. Ingersoll, Vol. 10 (of 12)	The-Works-of-Robert-G-Ingersoll-Vol-10-of-12_38810	unavailable				
Robert Green Ingersoll	38811	The Works of Robert G. Ingersoll, Vol. 11 (of 12)	The-Works-of-Robert-G-Ingersoll-Vol-11-of-12_38811	unavailable				
Robert Green Ingersoll	38812	The Works of Robert G. Ingersoll, Vol. 12 (of 12)	The-Works-of-Robert-G-Ingersoll-Vol-12-of-12_38812	unavailable				
Robert Green Ingersoll	38813	The Works of Robert G. Ingersoll, Complete Contents	The-Works-of-Robert-G-Ingersoll-Complete-Contents_38813	unavailable				
Robert Green Ingersoll	45959	Open That Door!	Open-That-Door_45959	unavailable				
Robert Green Ingersoll	58696	Index of the Project Gutenberg Works of Robert G. Ingersoll	Index-of-the-Project-Gutenberg-Works-of-Robert-G-Ingersoll_58696	fetched		168039	cc85b3efcf979c6df6ca44263c1eb507cd73accf3300bb605d2a7007217b3f18	58696-0.txt
Robert Louis Stevenson	42	The Strange Case of Dr. Jekyll and Mr. Hyde	The-Strange-Case-of-Dr-Jekyll-and-Mr-Hyde_42	unavailable				
Robert Louis Stevenson	43	The Strange Case of Dr. Jekyll and Mr. Hyde	The-Strange-Case-of-Dr-Jekyll-and-Mr-Hyde_43	unavailable				
Robert Louis Stevenson	120	Treasure Island	Treasure-Island_120	fetched		396596	0fee2fef1b2ffde22e2c962bd8bc2b75ea1ae9b02b3fe85ef08d44f4cc1bb2de	120-0.txt
Robert Louis Stevenson	136	A Child's Garden of Verses	A-Child-s-Garden-of-Verses_136	fetched		73886	e5e6fdf062bac700cb7b99017cb754c4b2470499ae149b3c8f22f0f07a5511ed	136.txt
Robert Louis Stevenson	280	Records of a Family of Engineers	Records-of-a-Family-of-Engineers_280	fetched		410101	43f39f173b19dea5ced776062ad731d04884f50c0ecd4692296cf987ff601ad4	280-0.txt
Robert Louis Stevenson	281	Father Damien: An Open Letter to the Reverend Dr. Hyde of Honolulu	Father-Damien-An-Open-Letter-to-the-Reverend-Dr-Hyde-of-Honolulu_281	unavailable				
Robert Louis Stevenson	322	St. Ives: Being the Adventures of a French Prisoner in England	St-Ives-Being-the-Adventures-of-a-French-Prisoner-in-England_322	unavailable				
Robert Louis Stevenson	329	Island Nights' Entertainments	Island-Nights-Entertainments_329	fetched		281613	047984aa065ad23dde8ca78928f22e95b3dd7a4d05b67c7ea474e0ccc33ca92d	329-0.txt
Robert Louis Stevenson	343	Fables	Fables_343	fetched		96616	a10ff277264e629adf8b3eecf81010a816f35c78410468844e6024dc15c27c3e	343.txt
Robert Louis Stevenson	344	The Merry Men, and Other Tales and Fables	The-Merry-Men-and-Other-Tales-and-Fables_344	fetched		463831	658e690b7a11595c768cdbd82f5af0784d582ec56c9a71cd28e020c1cd373d37	344.txt
Robert Louis Stevenson	372	Prince Otto, a Romance	Prince-Otto-a-Romance_372	fetched		384109	0973fa399694aaf38d2e210ed3c587ce65119d1934ec15737a34e283aad4b047	372-0.txt
Robert Louis Stevenson	373	Lay Morals, and Other Papers	Lay-Morals-and-Other-Papers_373	fetched		502322	eb51cab7c831a1e9e1f7c12eb7a75e7a1b3552e5289271e25e88b9abc45c625e	373-0.txt
Robert Louis Stevenson	380	Weir of Hermiston: An Unfinished Romance	Weir-of-Hermiston-An-Unfinished-Romance_380	unavailable				
Robert Louis Stevenson	381	Memories and Portraits	Memories-and-Portraits_381	fetched		321447	ea60e13082f56b021ba004e256a936a371802d3587bd321adbf9cb6cfdd35692	381-0.txt
Robert Louis Stevenson	382	Edinburgh: Picturesque Notes	Edinburgh-Picturesque-Notes_382	unavailable				
Robert Louis Stevenson	386	Virginibus Puerisque, and Other Papers	Virginibus-Puerisque-and-Other-Papers_386	fetched		300797	efd643a8c579304a9f134c7726acdc73d25be50338fae1d0bd522facc425b3dd	386-0.txt
Robert Louis Stevenson	387	Vailima Letters	Vailima-Letters_387	unavailable				
Robert Louis Stevenson	413	Ballads	Ballads_413	fetched		113725	19d4118435e57c66dee6d6cb8fddba861ae1a6fb13a42cf598ec4dfda407f86a	413-0.txt
Robert Louis Stevenson	421	Kidnapped	Kidnapped_421	fetched		459459	f2ea387ba7cae60ada941bb1b6b4cc1ee960582503eca48b9b602c9cd07dd237	421-0.txt
Robert Louis Stevenson	425	Familiar Studies of Men and Books	Familiar-Studies-of-Men-and-Books_425	fetched		577189	1be129d585bb27bb86bca5f53f4cd6392c85725d2729b2f17a4ef8405956f8d3	425-0.txt
Robert Louis Stevenson	426	Tales and Fantasies	Tales-and-Fantasies_426	fetched		310238	4541d2558f0a893dd74767d58b40d7d90c36d6fe775cd3e86cd7e4e92d57e5f4	426-0.txt
Robert Louis Stevenson	438	Underwoods	Underwoods_438	fetched		108388	1b9b1b7156266a111d099d1d14532fb50ab7e7bd1e7d5710d73d01e9f16ee97d	438-0.txt
Robert Louis Stevenson	441	New Poems, and Variant Readings	New-Poems-and-Variant-Readings_441	fetched		153933	a04888128a4c4f6d233553a4a9b93be3020b6df93f462e6a5c1fd2d82fa49f8a	441-0.txt
Robert Louis Stevenson	464	In the South Seas	In-the-South-Seas_464	unavailable				
Robert Louis Stevenson	487	Songs of Travel, and Other Verses	Songs-of-Travel-and-Other-Verses_487	fetched		71067	80525ff7e547addb1208dbe73dce3a4cb18388bd7c8797d0444e64eda7173e8b	487-0.txt
Robert Louis Stevenson	492	Essays in the Art of Writing	Essays-in-the-Art-of-Writing_492	fetched		144682	35dd7d243219dba55d26a53695e95269b5c080c1039d6eef819194a35103de1c	492-0.txt
Robert Louis Stevenson	516	The Silverado Squatters	The-Silverado-Squatters_516	fetched		199348	59e6442ad257c12f00550884566f48c2a99831cca624ec4b9a1438f89d9be900	516-0.txt
Robert Louis Stevenson	534	An Inland Voyage	An-Inland-Voyage_534	fetched		229834	9b30a2b95afe2b18e864e429922c3143b5ce351354af285ef277bed28f92a47b	534-0.txt
Robert Louis Stevenson	535	Travels with a Donkey in the Cevennes	Travels-with-a-Donkey-in-the-Cevennes_535	fetched		213078	72d1e3131fb09c45ba25b95a7ba654103abd4c3d441e7d436722f764b7c8d042	535.txt
Robert Louis Stevenson	536	A Footnote to History: Eight Years of Trouble in Samoa	A-Footnote-to-History-Eight-Years-of-Trouble-in-Samoa_536	fetched		381433	c62a5cd2cad6c86e5b4faebc248dc3d5fde919542803c219eaee5518280ce4cf	536.txt
Robert Louis Stevenson	589	Catriona	Catriona_589	fetched		570523	e57f51da10a0e1bf626711511ad8e349ba3a878143565f2261e3e48032fac612	589-0.txt
Robert Louis Stevenson	614	Across the Plains, with Other Memories and Essays	Across-the-Plains-with-Other-Memories-and-Essays_614	fetched		370738	77bdfb9f4a18a7c11c33baa3c00af91851e62332214457ac83035d81538a05be	614-0.txt
Robert Louis Stevenson	616	Prayers Written At Vailima, and A Lowden Sabbath Morn	Prayers-Written-At-Vailima-and-A-Lowden-Sabbath-Morn_616	unavailable				
Robert Louis Stevenson	622	The Letters of Robert Louis Stevenson — Volume 1	The-Letters-of-Robert-Louis-Stevenson-Volume-1_622	unavailable				
Robert Louis Stevenson	627	Essays of Travel	Essays-of-Travel_627	fetched		416972	1c5bab1ea20247bc9fdfca744484843c0106ab25093abfe7274014e2b710f10e	627-0.txt
Robert Louis Stevenson	637	The Letters of Robert Louis Stevenson — Volume 2	The-Letters-of-Robert-Louis-Stevenson-Volume-2_637	unavailable				
Robert Louis Stevenson	647	The Dynamiter	The-Dynamiter_647	fetched		457566	b70d71d7f6c7e60a38b5963507a6ee477d9b022776ab6b86dc1c468d43db9849	647-0.txt
Robert Louis Stevenson	698	Memoir of Fleeming Jenkin	Memoir-of-Fleeming-Jenkin_698	fetched		381904	ab87581267a59cb6d6683512e43eed56c30c48f6851507cc77c53a641b5413b1	698-0.txt
Robert Louis Stevenson	719	The Plays of W. E. Henley and R. L. Stevenson	The-Plays-of-W-E-Henley-and-R-L-Stevenson_719	unavailable				
Robert Louis Stevenson	772	Moral Emblems	Moral-Emblems_772	unavailable				
Robert Louis Stevenson	839	New Arabian Nights	New-Arabian-Nights_839	fetched		611625	2d4df4e92bd9c181264e9ea12415467c18ee5b37823f856f2dd43d838c1be280	839-0.txt
Robert Louis Stevenson	848	The Black Arrow: A Tale of the Two Roses	The-Black-Arrow-A-Tale-of-the-Two-Roses_848	unavailable				
Robert Louis Stevenson	864	The Master of Ballantrae: A Winter's Tale	The-Master-of-Ballantrae-A-Winter-s-Tale_864	unavailable				
Robert Louis Stevenson	1024	The Wrecker	The-Wrecker_1024	fetched		810981	84d8b343bf821b63b22786a47248e7b2ac90fd9125cd83a3ccd59a0abf84ab4b	1024-0.txt
Robert Louis Stevenson	1585	The Wrong Box	The-Wrong-Box_1585	fetched		361967	a6ab51dd1258d801853b75253bc2f12b1a6ea51a93eaa8ae3bbdc6aa9ac93bbe	1585-0.txt
Robert Louis Stevenson	1604	The Ebb-Tide: A Trio And Quartette	The-Ebb-Tide-A-Trio-And-Quartette_1604	unavailable				
Robert Louis Stevenson	2537	The Pocket R.L.S.: Being Favourite Passages from the Works of Stevenson	The-Pocket-R-L-S-Being-Favourite-Passages-from-the-Works-of-Stevenson_2537	unavailable				
Robert Louis Stevenson	5272	The Sea Fogs	The-Sea-Fogs_5272	fetched		39934	bde718e70da57853747cf71ca2c81cd5259d5d97bfa02a455ce004f68b14de6b	5272.txt
Robert Louis Stevenson	10559	Ballads	Ballads_10559	unavailable				
Robert Louis Stevenson	10761	Essays of Robert Louis Stevenson	Essays-of-Robert-Louis-Stevenson_10761	unavailable				
Robert Louis Stevenson	14133	David Balfour	David-Balfour_14133	unavailable				
Robert Louis Stevenson	14535	A Christmas Sermon	A-Christmas-Sermon_14535	fetched		36374	14d4d6fca74506b942aa87c71a6c830e93cbe68a0dc0749ed645ff460f7a2c44	14535.txt
Robert Louis Stevenson	19722	A Child's Garden of Verses	A-Child-s-Garden-of-Verses_19722	fetched		60897	51eabb6314ea4d046a2fa1ebc71aab8e61d72a0782ec0f04fb3c030a03a86bb6	19722.txt
Robert Louis Stevenson	19750	The Waif Woman	The-Waif-Woman_19750	fetched		56747	5a23831403386df9e20c72b3df306b57e20ac5c1e0a0fd5f96a02fc39bfa219e	19750.txt
Robert Louis Stevenson	21686	The Works of Robert Louis Stevenson - Swanston Edition, Vol. 01	The-Works-of-Robert-Louis-Stevenson-Swanston-Edition-Vol-01_21686	unavailable				
Robert Louis Stevenson	23902	The Cow	The-Cow_23902	unavailable				
Robert Louis Stevenson	23936	Treasure Island	Treasure-Island_23936	unavailable				
Robert Louis Stevenson	25608	A Child's Garden of Verses	A-Child-s-Garden-of-Verses_25608	fetched		75811	ccbb6b9e57b3ff7f73d0b0bedcae27be710636e45f729e21df8118962b63971a	25608.txt
Robert Louis Stevenson	25609	A Child's Garden of Verses	A-Child-s-Garden-of-Verses_25609	fetched		82326	39e56e2ef63b4c1cba31c0bfad059ade0464ad7e4d352980655e8ddc84e83ffe	25609.txt
Robert Louis Stevenson	25610	A Child's Garden of Verses	A-Child-s-Garden-of-Verses_25610	fetched		78109	fc2e366b1846310826a421439a14b6f72d0cf4242ef15350d3d555780c6f143d	25610.txt
Robert Louis Stevenson	25611	A Child's Garden of Verses	A-Child-s-Garden-of-Verses_25611	fetched		77685	a6c36b8c214210ede46e3d5f6f3b4f064ef9035ace83c6924e6adc40ede04128	25611.txt
Robert Louis Stevenson	25617	A Child's Garden of Verses	A-Child-s-Garden-of-Verses_25617	fetched		64589	e60f7571ad0836e7bd0165bd6d78dca4baa19c60aa281802e50f6f8642d7cb5d	25617-8.txt
Robert Louis Stevenson	26247	The Strange Case of Dr Jekyll & Mr Hyde	The-Strange-Case-of-Dr-Jekyll-Mr-Hyde_26247	unavailable				
Robert Louis Stevenson	26459	A Child's Garden of Verses	A-Child-s-Garden-of-Verses_26459	unavailable				
Robert Louis Stevenson	27780	Treasure Island	Treasure-Island_27780	fetched		397448	422d0ba81fd41039518f10a2fded0fb52be3132f0aeaf92b750889061f2c93df	27780.txt
Robert Louis Stevenson	28722	A Child's Garden of Verses	A-Child-s-Garden-of-Verses_28722	fetched		84087	bd4df6899525a4844d5818d117297fdf1b5984c245bd1f9846423eb132668ac1	28722-8.txt
Robert Louis Stevenson	30393	The Works of Robert Louis Stevenson - Swanston Edition, Vol. 06	The-Works-of-Robert-Louis-Stevenson-Swanston-Edition-Vol-06_30393	unavailable				
Robert Louis Stevenson	30527	The Works of Robert Louis Stevenson - Swanston Edition, Vol. 02	The-Works-of-Robert-Louis-Stevenson-Swanston-Edition-Vol-02_30527	unavailable				
Robert Louis Stevenson	30598	The Works of Robert Louis Stevenson - Swanston Edition, Vol. 09	The-Works-of-Robert-Louis-Stevenson-Swanston-Edition-Vol-09_30598	unavailable				
Robert Louis Stevenson	30643	The Works of Robert Louis Stevenson - Swanston Edition, Vol. 15	The-Works-of-Robert-Louis-Stevenson-Swanston-Edition-Vol-15_30643	unavailable				
Robert Louis Stevenson	30650	The Works of Robert Louis Stevenson - Swanston Edition, Vol. 21	The-Works-of-Robert-Louis-Stevenson-Swanston-Edition-Vol-21_30650	unavailable				
Robert Louis Stevenson	30659	The Works of Robert Louis Stevenson - Swanston Edition, Vol. 14	The-Works-of-Robert-Louis-Stevenson-Swanston-Edition-Vol-14_30659	unavailable				
Robert Louis Stevenson	30700	The Works of Robert Louis Stevenson - Swanston Edition, Vol. 04	The-Works-of-Robert-Louis-Stevenson-Swanston-Edition-Vol-04_30700	unavailable				
Robert Louis Stevenson	30714	The Works of Robert Louis Stevenson - Swanston Edition, Vol. 25	The-Works-of-Robert-Louis-Stevenson-Swanston-Edition-Vol-25_30714	unavailable				
Robert Louis Stevenson	30729	The Works of Robert Louis Stevenson - Swanston Edition, Vol. 03	The-Works-of-Robert-Louis-Stevenson-Swanston-Edition-Vol-03_30729	unavailable				
Robert Louis Stevenson	30744	The Works of Robert Louis Stevenson - Swanston Edition, Vol. 05	The-Works-of-Robert-Louis-Stevenson-Swanston-Edition-Vol-05_30744	unavailable				
Robert Louis Stevenson	30807	The Works of Robert Louis Stevenson - Swanston Edition, Vol. 07	The-Works-of-Robert-Louis-Stevenson-Swanston-Edition-Vol-07_30807	unavailable				
Robert Louis Stevenson	30849	The Works of Robert Louis Stevenson - Swanston Edition, Vol. 20	The-Works-of-Robert-Louis-Stevenson-Swanston-Edition-Vol-20_30849	unavailable				
Robert Louis Stevenson	30870	The Works of Robert Louis Stevenson - Swanston Edition, Vol. 11	The-Works-of-Robert-Louis-Stevenson-Swanston-Edition-Vol-11_30870	unavailable				
Robert Louis Stevenson	30894	The Works of Robert Louis Stevenson - Swanston Edition, Vol. 23	The-Works-of-Robert-Louis-Stevenson-Swanston-Edition-Vol-23_30894	unavailable				
Robert Louis Stevenson	30939	The Works of Robert Louis Stevenson - Swanston Edition, Vol. 12	The-Works-of-Robert-Louis-Stevenson-Swanston-Edition-Vol-12_30939	unavailable				
Robert Louis Stevenson	30954	The Works of Robert Louis Stevenson - Swanston Edition, Vol. 13	The-Works-of-Robert-Louis-Stevenson-Swanston-Edition-Vol-13_30954	unavailable				
Robert Louis Stevenson	30990	The Works of Robert Louis Stevenson - Swanston Edition, Vol. 16	The-Works-of-Robert-Louis-Stevenson-Swanston-Edition-Vol-16_30990	unavailable				
Robert Louis Stevenson	31012	The Works of Robert Louis Stevenson - Swanston Edition, Vol. 17	The-Works-of-Robert-Louis-Stevenson-Swanston-Edition-Vol-17_31012	unavailable				
Robert Louis Stevenson	31037	The Works of Robert Louis Stevenson - Swanston Edition, Vol. 19	The-Works-of-Robert-Louis-Stevenson-Swanston-Edition-Vol-19_31037	unavailable				
Robert Louis Stevenson	31291	The Works of Robert Louis Stevenson - Swanston Edition, Vol. 22	The-Works-of-Robert-Louis-Stevenson-Swanston-Edition-Vol-22_31291	unavailable				
Robert Louis Stevenson	31484	The Works of Robert Louis Stevenson - Swanston Edition, Vol. 08	The-Works-of-Robert-Louis-Stevenson-Swanston-Edition-Vol-08_31484	unavailable				
Robert Louis Stevenson	31557	The Works of Robert Louis Stevenson - Swanston Edition, Vol. 18	The-Works-of-Robert-Louis-Stevenson-Swanston-Edition-Vol-18_31557	unavailable				
Robert Louis Stevenson	31809	The Works of Robert Louis Stevenson - Swanston Edition, Vol. 24	The-Works-of-Robert-Louis-Stevenson-Swanston-Edition-Vol-24_31809	unavailable				
Robert Louis Stevenson	31916	The Works of Robert Louis Stevenson - Swanston Edition, Vol. 10	The-Works-of-Robert-Louis-Stevenson-Swanston-Edition-Vol-10_31916	unavailable				
Robert Louis Stevenson	32954	The Black Arrow: A Tale of the Two Roses	The-Black-Arrow-A-Tale-of-the-Two-Roses_32954	unavailable				
Robert Louis Stevenson	35546	A Lowden Sabbath Morn	A-Lowden-Sabbath-Morn_35546	fetched		34177	07dc2bb2e746fbe3dd26f1a2f8fee5ce6c2658523973e490adcbc82dcb729c2e	35546.txt
Robert Louis Stevenson	48414	An Account of the Bell Rock Light-House	An-Account-of-the-Bell-Rock-Light-House_48414	unavailable				
Robert Louis Stevenson	56562	Kidnapped (Illustrated)	Kidnapped-Illustrated_56562	unavailable				
Robert Louis Stevenson	58181	Index of the Project Gutenberg works of Robert Louis Stevenson	Index-of-the-Project-Gutenberg-works-of-Robert-Louis-Stevenson_58181	fetched		63912	16cb473def5c0df767162683450bc56a3569f5ca56fe92d2c8bff39c62969096	58181-0.txt
Robert W. Service	207	The Spell of the Yukon and Other Verses	The-Spell-of-the-Yukon-and-Other-Verses_207	fetched		97720	f1eb5d5056d2dea5c58b91232d98da7066b1a3dc9abef48eecbaa2adf78085a3	207.txt
Robert W. Service	259	Ballads of a Cheechako	Ballads-of-a-Cheechako_259	fetched		132711	206918c3e59f4bbcf7258201209762b39a116b6f6bc09b3f6df8f1a3ed730e0d	259.txt
Robert W. Service	309	Rhymes of a Rolling Stone	Rhymes-of-a-Rolling-Stone_309	fetched		160620	36d0c28bdde0aa96db3d67a724480aa44d84bd0be71f4971ce11bedd4683ffaf	309.txt
Robert W. Service	315	Rhymes of a Red Cross Man	Rhymes-of-a-Red-Cross-Man_315	fetched		160908	129ae28037674d9df742a5b4f3393aca324612ed9ce3380923c01e009226b6e0	315-8.txt
Robert W. Service	995	Ballads of a Bohemian	Ballads-of-a-Bohemian_995	fetched		254693	22f3f591dc12a02faa1824fca2ef4f675fdeedcdbe90b30a4271623b62eb3047	995-8.txt
Robert W. Service	4984	The Hidden Children	The-Hidden-Children_4984	fetched		939487	2a45d578f3e26d0b246a84edbea62b6bcc93f218fe71f93c592a8b19958b639a	4984-8.txt
Robert W. Service	5748	In Secret	In-Secret_5748	fetched		456002	dd99eda5039e3ad4fcb063e87782df5db17258c3bc12cecbe08b69a9a6d02b5f	5748.txt
Robert W. Service	6893	In the Quarter	In-the-Quarter_6893	fetched		322210	6324582139f6c81ab39dba9378996893789c4ca5998374833a52e0deebf1a0b0	6893-8.txt
Robert W. Service	7492	The Fighting Chance	The-Fighting-Chance_7492	fetched		830205	9bbea95cbf375b5c80240d0e84041f4c6939d418472bee2fd1e11f36928eae30	7492-0.txt
Robert W. Service	8441	Between Friends	Between-Friends_8441	fetched		108710	af87d058c7ebfecb8caaf8b188e5d8b92578d495fd543876da90e6d9852da956	8441-0.txt
Robert W. Service	8492	The King in Yellow	The-King-in-Yellow_8492	fetched		427448	32b5dc8c2e2f3a28e30b6bf0a7b78c7f83a6521ce59ff0bda4fda836325409d1	8492-8.txt
Robert W. Service	10441	The Green Mouse	The-Green-Mouse_10441	fetched		308599	9ba1a4f6123a5bd9bdceeb578aac17497f3ed91c1e8596e716316d14135a2ab3	10441-8.txt
Robert W. Service	10668	The War and Democracy	The-War-and-Democracy_10668	fetched		753245	791b6c231b1cbd97de0a2d3f066a2b2a8e7105a61d234e182462c782ae8d7de2	10668.txt
Robert W. Service	11904	Ailsa Paige: A Novel	Ailsa-Paige-A-Novel_11904	unavailable				
Robert W. Service	12279	The Maid-At-Arms: A Novel	The-Maid-At-Arms-A-Novel_12279	unavailable				
Robert W. Service	13180	The Tracer of Lost Persons	The-Tracer-of-Lost-Persons_13180	fetched		334430	f84b3684f826905bcc4e7686cdf1200924013350836275ddb0e9dd469aa6f437	13180-0.txt
Robert W. Service	13813	The Common Law	The-Common-Law_13813	fetched		732283	cb3aa269c03be0ac880f50a5e940daf54b425765baa961a77b59b5d99bfd35d4	13813-8.txt
Robert W. Service	14852	The Younger Set	The-Younger-Set_14852	fetched		833650	5110de16f39d7f80cce20299c5a3208f8cf4f9df497fc255f66e95d8a7eeedb3	14852-8.txt
Robert W. Service	15654	The Firing Line	The-Firing-Line_15654	fetched		771734	7a702c8a70c38a8fdead88d0c6469b6725fa7ccb872daec7e411737decdad7a1	15654-8.txt
Robert W. Service	18185	The Danger Mark	The-Danger-Mark_18185	fetched		777791	80f63397bc1089dad3b4ebbae6369556dcb4f09c17b1d5997d9eb4b519ba6517	18185-8.txt
Robert W. Service	18515	Police!!!	Police_18515	unavailable				
Robert W. Service	18668	In Search of the Unknown	In-Search-of-the-Unknown_18668	fetched		437674	5bbc56b57b31d4dc95bb55165bf6c6ee43e7086b185bdd583f39aedf0930be4b	18668.txt
Robert W. Service	21523	The King in Yellow, Part 1	The-King-in-Yellow-Part-1_21523	unavailable				
Robert W. Service	22063	The Trail of '98: A Northland Romance	The-Trail-of-98-A-Northland-Romance_22063	unavailable				
Robert W. Service	22177	Morality as a Religion	Morality-as-a-Religion_22177	unavailable				
Robert W. Service	22439	The King in Yellow, Part 2	The-King-in-Yellow-Part-2_22439	unavailable				
Robert W. Service	23091	The Troubadour	The-Troubadour_23091	fetched		28271	9fb6b4763d94fb4ae8ab45e88ab7acd65941c42ef53665dcd35700d0af7768d2	23091.txt
Robert W. Service	23099	The Fourth Invasion	The-Fourth-Invasion_23099	fetched		28477	697fe2573bfec8b3394afebc9f10b8e4b946ad82ae911e8c709e527c2d898857	23099.txt
Robert W. Service	24071	Special Messenger	Special-Messenger_24071	fetched		295457	a97a0de181e6ca0c3439ef806bf2136a59166f3fb860b3261c7d96069d24a2cb	24071.txt
Robert W. Service	24181	Lorraine: A Romance	Lorraine-A-Romance_24181	unavailable				
Robert W. Service	24306	The Flaming Jewel	The-Flaming-Jewel_24306	fetched		406145	03d52034ba3bcc889fd43ff802b77c335e6f0e0a031b61c7aab4bc80892b5570	24306.txt
Robert W. Service	24389	Blue-Bird Weather	Blue-Bird-Weather_24389	fetched		101381	344fdce910bef2fb580969cf0666a915777b0d79ca6e11c0251ddd38df46cedf	24389.txt
Robert W. Service	24426	Iole	Iole_24426	fetched		161619	649a207307065b52b76c542ed32f2c521d160a0451fd922b4e4a91a77cfd9562	24426-8.txt
Robert W. Service	25441	The Reckoning	The-Reckoning_25441	fetched		601479	27e18a4626a1a5e5d6fa8b23835389386a67be2a47bad4ebaf0a11d3961fc47f	25441-8.txt
Robert W. Service	25546	Songs of a Sourdough	Songs-of-a-Sourdough_25546	fetched		101159	d7fa8f84869569f41c420073b44135a23584b1bcd9c916fe645e8f5be898c315	25546-8.txt
Robert W. Service	25623	Barbarians	Barbarians_25623	fetched		369020	bac6a170cc404046135af6304504584c70b0076d5bab60ed938af63306f22c13	25623-0.txt
Robert W. Service	26651	The Flaming Jewel	The-Flaming-Jewel_26651	fetched		408618	a9ba571f43783d25bbce87f4921257c6f2b0673358a8f0eb1a2a416f54282d96	26651-8.txt
Robert W. Service	27342	Athalie	Athalie_27342	fetched		569823	cb7624f068ebd9276034900bc4fd93a7dae0a7bb2bd65fee06a074a870727c8d	27342-8.txt
Robert W. Service	27374	A Young Man in a Hurry, and Other Short Stories	A-Young-Man-in-a-Hurry-and-Other-Short-Stories_27374	fetched		398780	a9ea849a14db6de30890e2989fbe03c9ea94afb81b72e1fbc67d3db0cc2dfd70	27374-8.txt
Robert W. Service	28244	The Gay Rebellion	The-Gay-Rebellion_28244	fetched		296947	4e07d6f4995b2e39876b44d969dad243f90218cfcbceaf3c2e9e8b012cb44ab7	28244-8.txt
Robert W. Service	28295	The Maids of Paradise	The-Maids-of-Paradise_28295	fetched		631790	a0eedbca82eed325c062205e2a5fc6c6807868b96db8eb77e5332e8ecc810efa	28295.txt
Robert W. Service	28440	The Dark Star	The-Dark-Star_28440	fetched		675298	23ca2e2e19c236fbdc8b1edee9c11a38b04d48606b497ccb99383e6f320b8466	28440-8.txt
Robert W. Service	28836	Ballads of a Bohemian	Ballads-of-a-Bohemian_28836	unavailable				
Robert W. Service	29841	Anecdotes & Incidents of the Deaf and Dumb	Anecdotes-Incidents-of-the-Deaf-and-Dumb_29841	unavailable				
Robert W. Service	29880	The Crimson Tide: A Novel	The-Crimson-Tide-A-Novel_29880	unavailable				
Robert W. Service	30381	Prelude to Space	Prelude-to-Space_30381	fetched		27766	76aec528ad80939f903222bebb975788bce7bcb34e9ca63cf2441fbc27f5156a	30381.txt
Robert W. Service	32175	Preliminary Survey of a Paleocene Faunule from the Angels Peak Area, New Mexico	Preliminary-Survey-of-a-Paleocene-Faunule-from-the-Angels-Peak-Area-New-Mexico_32175	fetched		42397	233b5291a993093c79d2fff3816b67e04c7ed8f6cb7cb68ec43f68d3a6223c0b	32175-8.txt
Robert W. Service	32473	The Buttoned Sky	The-Buttoned-Sky_32473	fetched		216024	4e2259aecaddcbea02048f24a2affb755509025b8746f9ccfef2a190ad33e1b9	32473.txt
Robert W. Service	32485	The Giants From Outer Space	The-Giants-From-Outer-Space_32485	fetched		164367	15a931d401dee996f1d3f06d0e7de607eda719b31045020e3fc55f314e507bf0	32485.txt
Robert W. Service	33557	The Moonlit Way: A Novel	The-Moonlit-Way-A-Novel_33557	unavailable				
Robert W. Service	35233	The Streets of Ascalon: Episodes in the Unfinished Career of Richard Quarren, Esqre.	The-Streets-of-Ascalon-Episodes-in-the-Unfinished-Career-of-Richard-Quarren-Esqre_35233	unavailable				
Robert W. Service	36232	The Shooting of Dan McGrew, A Novel. Based on the Famous Poem of Robert Service	The-Shooting-of-Dan-McGrew-A-Novel-Based-on-the-Famous-Poem-of-Robert-Service_36232	unavailable				
Robert W. Service	36281	The Slayer of Souls	The-Slayer-of-Souls_36281	fetched		385614	fa76f13343652a66b05ac990d3c510789a6597fca4698863b91dcafa16373e65	36281-8.txt
Robert W. Service	36432	The Coming of Coal	The-Coming-of-Coal_36432	fetched		232743	da95c8cca46f56b4f78f41782466e751de64549e50cadf5085f77c308c86f03c	36432-8.txt
Robert W. Service	37333	The Little Red Foot	The-Little-Red-Foot_37333	fetched		762766	985b868b286f66f60f03a7b718bf7a0882f18884ce0eb8dd55acc79a5c8ee82c	37333-8.txt
Robert W. Service	37528	Quick Action	Quick-Action_37528	fetched		351521	a9b6b8be1c2f69b0d1d43f2de4c232612f6704e8511efef0dffea32a1a9e26c6	37528-8.txt
Robert W. Service	38958	Cardigan	Cardigan_38958	fetched		1068910	b3cd7bad62585aa11f797811299b1cfa31e64ca2b5336c8c36081523f137c9fd	38958-8.txt
Robert W. Service	40696	Who Goes There!	Who-Goes-There_40696	unavailable				
Robert W. Service	41987	"The United Seas"	The-United-Seas_41987	fetched		131318	eb41f6486aaf8a5a1922c985391ae0fa2a11c4f9db19ce3d9918c0c5b0071bf4	41987.txt
Robert W. Service	43702	The Adventures of a Modest Man	The-Adventures-of-a-Modest-Man_43702	fetched		390276	72bd762bb21e083bf01a411adf51660dd8ad8353b72b4ce58e8d2f735b787bc1	43702-8.txt
Robert W. Service	43703	The Business of Life	The-Business-of-Life_43703	fetched		709077	257086af6868525c20daeec5dbd55f48cfdc5484b0d697bb21ccbf4e44de2916	43703-8.txt
Robert W. Service	46449	The Manufacture of Paper	The-Manufacture-of-Paper_46449	unavailable				
Robert W. Service	46581	The Mystery of Choice	The-Mystery-of-Choice_46581	fetched		353053	5a0d191a346eb7469eb0e5ed9f29787cd4fc2b490451ab217afdd3cf08fea194	46581-0.txt
Robert W. Service	51496	Maximilian I, Holy Roman Emperor	Maximilian-I-Holy-Roman-Emperor_51496	unavailable				
Robert W. Service	52404	The Girl Philippa	The-Girl-Philippa_52404	fetched		795935	aba52b2217efe3254aadf269f48f0f78de72ec50d1ecc437ab4dca3512e0e047	52404-0.txt
Robert W. Service	52842	Japonette	Japonette_52842	fetched		381568	8d469f4163b3dfbf89d6f29d79341bb6cc5492f7ba559bef10905a523a92d14c	52842-0.txt
Robert W. Service	53249	The Laughing Girl	The-Laughing-Girl_53249	fetched		451882	34266046c45c91ae26bcda3174af364bf6b6b342d70aa5be73e8b00494b1460e	53249-0.txt
Robert W. Service	53289	The Restless Sex	The-Restless-Sex_53289	fetched		650847	968e1b1ee9bdd91ba1d6da3ba2a5750979d20072a3ba5a9fe9412173e4451797	53289-0.txt
Robert W. Service	59455	A History of Roman Classical Literature.	A-History-of-Roman-Classical-Literature_59455	fetched		1127438	8163c3aabd699d2a96fe917be9146bb002a7656c098bf6c3d6d5c0df3d46ce54	59455-0.txt
Robert W. Service	62189	Louisiana Prehistory	Louisiana-Prehistory_62189	fetched		86954	201ab88e3af4fe72474569e8c3583d927e736421e4b3c416155c347820db3324	62189-0.txt
Robert W. Service	64816	A Green Cloud Came	A-Green-Cloud-Came_64816	fetched		27954	a9aa6648524c97a0778eef1ad6401fdee0fd5b354126d1705f2d4c230abae538	64816-0.txt
Robert W. Service	65186	Beyond the Fearful Forest	Beyond-the-Fearful-Forest_65186	fetched		149688	66cfc518b9554479e13d8299b6f03204e12fb614f4aadcab34a611f9fb0d0950	65186-0.txt
Robert W. Service	65437	Beware, the Usurpers!	Beware-the-Usurpers_65437	fetched		213815	e0f2b72108d9d00717f769a166cfd9bebbed5ac2ad9ed2907a3b91b6c575dda9	65437-0.txt
Robert W. Service	65902	Tomorrow the World!	Tomorrow-the-World_65902	fetched		75797	60eaee700522a468d5e6d9e38646cc6783fcd618c00d2aa82f601a64aa751d98	65902-0.txt
Robert W. Service	66021	Armageddon, 1970	Armageddon-1970_66021	fetched		241108	0aec6891760c57fa44673190bbda23239f7f7606c15b48528e1045f728a260e2	66021-0.txt
Robert W. Service	66196	The Enchanted Crusade	The-Enchanted-Crusade_66196	fetched		166541	45c940f411fc01bc44d5f68b270b4f203c103b802a9e461b7b96709014c916dd	66196-0.txt
Robert W. Service	66438	Vengeance From the Past	Vengeance-From-the-Past_66438	fetched		113895	69fc7c841b8f063d5ff8f8ebf3fdb582478720f99f11b9e569f69eaea908c025	66438-0.txt
Robert W. Service	66463	Don't Panic!	Don-t-Panic_66463	fetched		138090	5ea00248682b858bb74dc72f65d24362364323ed36e7792da629421b8074e0d1	66463-0.txt
Robert W. Service	67856	Eris	Eris_67856	fetched		547416	b5b71770cad9f502781cbd062624d1f7311f7e29ea7609dca4ca5258b31b37dc	67856-0.txt
Rudyard Kipling	236	The Jungle Book	The-Jungle-Book_236	fetched		304376	2f9486eb4776d23baf1064eebb73bb0093b808b13e10516e81e20d1dbe4909c9	236-0.txt
Rudyard Kipling	323	Verses 1889-1896	Verses-1889-1896_323	fetched		348891	78398ace7ebed5383157c679c8871111eb01310ea1abb330e221cb384b9b414e	323-0.txt
Rudyard Kipling	556	Rewards and Fairies	Rewards-and-Fairies_556	fetched		444831	b9d2d2333dec8015d0ae27b63da20bcff6d421fc8a6f58ecfd096a5050b7712b	556-0.txt
Rudyard Kipling	557	Puck of Pook's Hill	Puck-of-Pook-s-Hill_557	fetched		342682	8786594f4b3f3680967fa5b4bb97fcf60986174011e3b1f66e9abe10566713db	557.txt
Rudyard Kipling	977	American Notes	American-Notes_977	fetched		171155	cf38a7b7864af3edd3c57a0db0a7051a65db56c08a405ce5632959cb96aaaf7e	977-0.txt
Rudyard Kipling	1858	Plain Tales from the Hills	Plain-Tales-from-the-Hills_1858	fetched		432155	36cf6dc475a629740e5033bb319db8e0748beb860b947212b1cdb063303f2973	1858-0.txt
Rudyard Kipling	1937	The Second Jungle Book	The-Second-Jungle-Book_1937	fetched		379769	b8021147d9ce72b2e0660ab702b786c65ce451a3bd851ead8474953d3c312387	1937-0.txt
Rudyard Kipling	2138	The Day's Work - Part 1	The-Day-s-Work-Part-1_2138	unavailable				
Rudyard Kipling	2163	The Bridge-Builders	The-Bridge-Builders_2163	fetched		91015	2e5103e597db12290b460bb398ef83939064e720a1e9c12e52fda7eb4ceaa4a9	2163-0.txt
Rudyard Kipling	2186	"Captains Courageous": A Story of the Grand Banks	Captains-Courageous-A-Story-of-the-Grand-Banks_2186	unavailable				
Rudyard Kipling	2225	"Captains Courageous": A Story of the Grand Banks	Captains-Courageous-A-Story-of-the-Grand-Banks_2225	unavailable				
Rudyard Kipling	2226	Kim	Kim_2226	fetched		615567	85a20ed2f9b6dc6161a2c0757f0bf34a9728f7e7e2962e890837089d16c26617	2226.txt
Rudyard Kipling	2227	Soldiers Three - Part 2	Soldiers-Three-Part-2_2227	unavailable				
Rudyard Kipling	2334	The Works of Rudyard Kipling: One Volume Edition	The-Works-of-Rudyard-Kipling-One-Volume-Edition_2334	unavailable				
Rudyard Kipling	2381	Actions and Reactions	Actions-and-Reactions_2381	fetched		415095	74880d8cb9b0a4cbfba082215b7e74ec07ac6e06f88484285c9959eab4df464a	2381-0.txt
Rudyard Kipling	2569	The Day's Work	The-Day-s-Work_2569	unavailable				
Rudyard Kipling	2781	Just So Stories	Just-So-Stories_2781	fetched		186086	18f8327c5d85c370333bb9b0ba989517821560012db858d1e52df54c9130ea6c	2781-0.txt
Rudyard Kipling	2806	The Phantom 'Rickshaw, and Other Ghost Stories	The-Phantom-Rickshaw-and-Other-Ghost-Stories_2806	fetched		278959	4be9d4e982e7a80eab13928e43cd18d5d4f63797f043a0edb62c7982736ca2db	2806-0.txt
Rudyard Kipling	2819	Barrack Room Ballads	Barrack-Room-Ballads_2819	fetched		118042	9e61cd696580d16f3198c9d59b5407d9bcea7b07375c1f4bb5f16c6500f20152	2819-0.txt
Rudyard Kipling	2821	The Story of the Gadsbys	The-Story-of-the-Gadsbys_2821	fetched		160816	c08adf5eeb4e2a08bba984171ed35091a62ff3b0abcb0dc40b6536331a2a9f2d	2821-0.txt
Rudyard Kipling	2828	Under the Deodars	Under-the-Deodars_2828	fetched		267770	695040349bfc2b185071c05ce210f3239af3ed00ed1631ebbf93f519ff6c2b26	2828-0.txt
Rudyard Kipling	2876	The Light That Failed	The-Light-That-Failed_2876	fetched		435619	3f0ef470760376424839c063ebd26510a6b1cff3f92669b5a950829752e76480	2876-0.txt
Rudyard Kipling	3006	Stalky & Co.	Stalky-Co_3006	unavailable				
Rudyard Kipling	5777	Life's Handicap: Being Stories of Mine Own People	Life-s-Handicap-Being-Stories-of-Mine-Own-People_5777	unavailable				
Rudyard Kipling	6120	Soldiers Three	Soldiers-Three_6120	fetched		514916	4858c4d4222b8a4d858178bb8ed5bbc1cc7207cd94c81c1192e156ecf9ec7de4	6120-0.txt
Rudyard Kipling	7846	Departmental Ditties and Barrack Room Ballads	Departmental-Ditties-and-Barrack-Room-Ballads_7846	fetched		195351	966f6c9b5f32a3baf51e4628ecd95cbafbe2c581a5a23be243b2b7098030230f	7846-0.txt
Rudyard Kipling	8147	The Man Who Would Be King	The-Man-Who-Would-Be-King_8147	fetched		100685	c3d6bc6b002e75ea4964fd982716ff7265879b5125664ef3dd6ccd71ade8ea2f	8147-0.txt
Rudyard Kipling	8649	Indian Tales	Indian-Tales_8649	fetched		954107	60616dd88f4e50490965e36652f62b857b4a3118b48d9ba1481b60c36de47d9d	8649-8.txt
Rudyard Kipling	9790	Traffics and Discoveries	Traffics-and-Discoveries_9790	fetched		558186	211e4fd006bb919f31dc067526762deed1f270d6e0ec4ee8f1a47f0eefcee0bf	9790-8.txt
Rudyard Kipling	12089	Letters of Travel (1892-1913)	Letters-of-Travel-1892-1913_12089	unavailable				
Rudyard Kipling	12454	France at War: On the Frontier of Civilization	France-at-War-On-the-Frontier-of-Civilization_12454	unavailable				
Rudyard Kipling	12715	Danny Deever	Danny-Deever_12715	unavailable				
Rudyard Kipling	12716	Dedication	Dedication_12716	unavailable				
Rudyard Kipling	13085	A Diversity of Creatures	A-Diversity-of-Creatures_13085	fetched		621106	0417d220ce64aadecbe35f837a539edc98099e5c43a9307c2a87b4032d77fcec	13085.txt
Rudyard Kipling	15529	Songs from Books	Songs-from-Books_15529	fetched		219343	70aaeed997bd5ea613970c0a6c118d63d24366bed9c45cd18fba6be7dcba1194	15529-8.txt
Rudyard Kipling	15976	Puck of Pook's Hill	Puck-of-Pook-s-Hill_15976	fetched		340286	1e80b0f36398374e9e66d75ea01524f0457baa67a64aa1e6632145bd90b639b4	15976.txt
Rudyard Kipling	16578	The Kipling Reader	The-Kipling-Reader_16578	unavailable				
Rudyard Kipling	17689	Sea Warfare	Sea-Warfare_17689	fetched		208858	d4f9a5532e2a4be9d53498015c6b543f0e577b1378d58a10c21b3d7a46e4b7af	17689.txt
Rudyard Kipling	21777	The Years Between	The-Years-Between_21777	fetched		113904	5f755181696db603fa13548294dd42f9c8b7b5cc5d7715ec13d37593c7780e5b	21777.txt
Rudyard Kipling	23163	The Eyes of Asia	The-Eyes-of-Asia_23163	fetched		99882	fe6f8edebfb5d22f87354a8c5110b835e91c08c8a63a4ac3464a612f586dc399	23163-8.txt
Rudyard Kipling	23967	If	If_23967	unavailable				
Rudyard Kipling	26027	Puck of Pook's Hill	Puck-of-Pook-s-Hill_26027	fetched		361566	d7901dd641e9148c63fb1cefad640f2f19c26560d16da1f19c6707c9b9538908	26027-0.txt
Rudyard Kipling	26223	Just So Stories	Just-So-Stories_26223	unavailable				
Rudyard Kipling	27870	The Seven Seas	The-Seven-Seas_27870	fetched		184654	addc329068790b727733536b6da7898a0ae80ac6a8b8b1b5a458084a0b0a4d1e	27870.txt
Rudyard Kipling	28537	Soldier Stories	Soldier-Stories_28537	fetched		290644	d57f2a2af5c30c1134a035519bcfb75c98721703c25b59064159f084bbc9e1d6	28537-8.txt
Rudyard Kipling	28940	Stalky & Co.	Stalky-Co_28940	unavailable				
Rudyard Kipling	29135	With the Night Mail: A Story of 2000 A.D.	With-the-Night-Mail-A-Story-of-2000-A-D_29135	unavailable				
Rudyard Kipling	30568	Kipling Stories and Poems Every Child Should Know, Book II	Kipling-Stories-and-Poems-Every-Child-Should-Know-Book-II_30568	fetched		300763	6b8491eb70530ef2a3ed8175544ff8187230ebcfaf8b3edf1c74dc1f816f3575	30568-8.txt
Rudyard Kipling	32488	Just So Stories	Just-So-Stories_32488	fetched		213966	176183f16480ff5a37c47b60177b0e03c1deda16ff7d64b8ee7ceebb3206bd1c	32488-8.txt
Rudyard Kipling	32772	Rewards and Fairies	Rewards-and-Fairies_32772	fetched		434308	3b70ffdbfa0c112eecb349a376c6f7ede80fa81bfc11fe4329e7808b855e7c62	32772-8.txt
Rudyard Kipling	32977	From Sea to Sea; Letters of Travel	From-Sea-to-Sea-Letters-of-Travel_32977	unavailable				
Rudyard Kipling	32991	How Shakspere Came to Write the Tempest	How-Shakspere-Came-to-Write-the-Tempest_32991	fetched		58864	bd7a8003f8bb7f003b3728102a551db4536013147e58792277454d4f7235ba59	32991-8.txt
Rudyard Kipling	34113	An Almanac of Twelve Sports	An-Almanac-of-Twelve-Sports_34113	fetched		27403	b9381b0af57f9c3b6a92071d0b8ca7a64d976d6d3185f9b13effba9a878c3ae8	34113.txt
Rudyard Kipling	35555	Kim	Kim_35555	fetched		615797	79f84ed64154590fca3948773e1ab71a09ae340181ce49c06d75c1ee42adfcd7	35555-8.txt
Rudyard Kipling	35997	The Jungle Book	The-Jungle-Book_35997	fetched		311998	d713f4029ddbad76c7c830d44a37f6883ad611bbcf07004302935d30e7b691d6	35997-8.txt
Rudyard Kipling	37091	A Song of the English	A-Song-of-the-English_37091	fetched		36003	18f5e99c5a37c234b6da5fa16874732591a853896cab1a702118427d08fea8b2	37091-8.txt
Rudyard Kipling	37364	The Second Jungle Book	The-Second-Jungle-Book_37364	fetched		377396	0a9fb2159addc09cc030306af5d8977fa4aeacaa009b11747c045694efaa25e8	37364-8.txt
Rudyard Kipling	45871	A Fleet in Being: Notes of Two Trips With The Channel Squadron	A-Fleet-in-Being-Notes-of-Two-Trips-With-The-Channel-Squadron_45871	unavailable				
Rudyard Kipling	53507	The New Army in Training	The-New-Army-in-Training_53507	fetched		103900	827d64a229cf44b54fe5d4f30e10ef045dc78a091da245ca82f5e8e8c2a0faaf	53507-0.txt
Rudyard Kipling	54830	The Graves of the Fallen	The-Graves-of-the-Fallen_54830	fetched		35066	948b0d9b55b96f56d763bcb70d2983cc0fc44dd7cf84c41f2b6718a4970769c1	54830-0.txt
Rudyard Kipling	57538	Index for Works of Rudyard Kipling	Index-for-Works-of-Rudyard-Kipling_57538	unavailable				
Rudyard Kipling	59332	Abaft the Funnel	Abaft-the-Funnel_59332	fetched		367911	8125ba1ab658eab8cf78414bd6f478182b1f0171827419d209ae45dcf31f4430	59332.txt
Rudyard Kipling	60260	The Five Nations, Volume I	The-Five-Nations-Volume-I_60260	fetched		100703	fc20b185ee255a4c32a8c7977487be24b70644a8201fcce2c545d6faaf1984da	60260-0.txt
Rudyard Kipling	60261	The Five Nations, Volume II	The-Five-Nations-Volume-II_60261	fetched		99733	755af67b1ec1973034420f0ef7750068ea1d32178cc433f8ae9b836918d6b092	60261-0.txt
Rudyard Kipling	61834	The City of Dreadful Night	The-City-of-Dreadful-Night_61834	fetched		129614	9d5344037d405b3951a63d01c316f9c71aa25ab9c90269b7fc81dbdff8e704ac	61834-0.txt
Rudyard Kipling	62346	In Black and White	In-Black-and-White_62346	fetched		542469	1a6844a3eda68c7f946a3c728c7990fb6bb455c793d4271fb835fff97ae4a604	62346-0.txt
Rudyard Kipling	62561	Letters of Marque	Letters-of-Marque_62561	fetched		329072	9cf0b8b58ff1c2418973ffd9c92dbd1c810271c21bfdd3da0f663d74458291f3	62561-0.txt
Rudyard Kipling	63487	Wee Willie Winkie, and Other Stories. Volume 2 (of 2)	Wee-Willie-Winkie-and-Other-Stories-Volume-2-of-2_63487	fetched		282955	aafcf03414777dfcc513d0ed040eb7e3f8baf00135fd132c086f1d80ab5eee54	63487-0.txt
Rudyard Kipling	63619	Land and Sea Tales for Boys and Girls	Land-and-Sea-Tales-for-Boys-and-Girls_63619	fetched		354097	a9fd4b1d9f20adb666c25f7abd28d52b0d729efbdd75d7ac211b4426d10f0911	63619-0.txt
Rudyard Kipling	64638	The Irish Guards in the Great War, Volume 1 (of 2). The First Battalion	The-Irish-Guards-in-the-Great-War-Volume-1-of-2-The-First-Battalion_64638	unavailable				
Rudyard Kipling	67704	Doctors	Doctors_67704	unavailable				
Rudyard Kipling	68189	Independence: Rectorial address delivered at St. Andrews October 10, 1923	Independence-Rectorial-address-delivered-at-St-Andrews-October-10-1923_68189	fetched		47836	bac48a447d37ca54b53f8a3a9df8f078d171259b2da59147dfabe063138a671f	68189-0.txt
Saint Ignatius	24534	The Autobiography of St. Ignatius	The-Autobiography-of-St-Ignatius_24534	unavailable				
Saint Teresa of Avila	749	Barlaam and Ioasaph	Barlaam-and-Ioasaph_749	fetched		487358	2b2ac701814b41dc86971aa4f6af5647d9a3dda92385dc9d0dba96c4eae87008	749.txt
Saint Teresa of Avila	3296	The Confessions of St. Augustine	The-Confessions-of-St-Augustine_3296	unavailable				
Saint Teresa of Avila	7403	Letters of Catherine Benincasa	Letters-of-Catherine-Benincasa_7403	fetched		631700	63f460678e6c49977117cd7a7f62f50202b70eeda5898705739407f63dc53a10	7403-8.txt
Saint Teresa of Avila	8120	The Life of St. Teresa of Jesus, of the Order of Our Lady of Carmel	The-Life-of-St-Teresa-of-Jesus-of-the-Order-of-Our-Lady-of-Carmel_8120	unavailable				
Saint Teresa of Avila	19185	Santa Teresa: An Appreciation	Santa-Teresa-An-Appreciation_19185	unavailable				
Saint Teresa of Avila	21152	On Loving God	On-Loving-God_21152	unavailable				
Saint Teresa of Avila	22789	On the Duties of the Clergy	On-the-Duties-of-the-Clergy_22789	unavailable				
Saint Teresa of Avila	25761	St. Bernard of Clairvaux's Life of St. Malachy of Armagh	St-Bernard-of-Clairvaux-s-Life-of-St-Malachy-of-Armagh_25761	unavailable				
Saint Teresa of Avila	36539	St. Dionysius of Alexandria: Letters and Treatises	St-Dionysius-of-Alexandria-Letters-and-Treatises_36539	unavailable				
Saint Teresa of Avila	39428	A Hymn on the Life, Virtues and Miracles of St. Patrick	A-Hymn-on-the-Life-Virtues-and-Miracles-of-St-Patrick_39428	unavailable				
Saint Teresa of Avila	40341	King Alfred's Old English Version of St. Augustine's Soliloquies	King-Alfred-s-Old-English-Version-of-St-Augustine-s-Soliloquies_40341	unavailable				
Saint Teresa of Avila	45304	The City of God, Volume I	The-City-of-God-Volume-I_45304	fetched		1357642	836b894a4fb42921ef12d8e124e9c5b5ae77d3dc3d7140df142ba9073945e1c0	45304.txt
Saint Teresa of Avila	45305	The City of God, Volume II	The-City-of-God-Volume-II_45305	fetched		1435881	5e96ab931ff01a6cb5b6d1ea9384ab912d20a25b0309455df6c737169244d9ed	45305.txt
Saint Teresa of Avila	45843	Writings in Connection with the Donatist Controversy	Writings-in-Connection-with-the-Donatist-Controversy_45843	fetched		1284248	2afd3baf0c7ddd766408197798b7e32b4f302d5f764e306dea71d485690caa3a	45843.txt
Saint Teresa of Avila	49917	St John Damascene on Holy Images (πρὸς τοὺς διαβάλλοντας τᾶς ἁγίας εἰκόνας). Followed by Three Sermons on the Assumption (κοίμησις)	St-John-Damascene-on-Holy-Images-Followed-by-Three-Sermons-on-the-Assumption_49917	unavailable				
Saint Teresa of Avila	50040	St. Benedict’s Rule for Monasteries	St-Benedicts-Rule-for-Monasteries_50040	fetched		152215	a4d782f901d480b5f688ded8ac02e203f8a993d1ace20ca987b8174f14c64d7e	50040-0.txt
Saint Teresa of Avila	58783	The Letters of S. Ambrose, Bishop of Milan	The-Letters-of-S-Ambrose-Bishop-of-Milan_58783	fetched		1355695	b3a229b70266469b5bc2b72ccf7c85a81d961cf440b646464f295d630d899e0c	58783-0.txt
Samuel Adams	2092	The Writings of Samuel Adams - Volume 2	The-Writings-of-Samuel-Adams-Volume-2_2092	fetched		762737	588b774c40761b32ca766a8f1d3d4a6c1b5ee162dfaa032755c866607af35bbe	2092.txt
Samuel Adams	2093	The Writings of Samuel Adams - Volume 3	The-Writings-of-Samuel-Adams-Volume-3_2093	fetched		660469	4b3549ad35d6908eabde4e6ed181baa243958d510bf6695aa7465ed275cc3578	2093.txt
Samuel Adams	2094	The Writings of Samuel Adams - Volume 4	The-Writings-of-Samuel-Adams-Volume-4_2094	fetched		655522	6bd2d0d8ff12b67638113dcda687d703879ee82949103415f86ba6219495afc1	2094.txt
Samuel Adams	5009	The Unspeakable Perk	The-Unspeakable-Perk_5009	fetched		308347	0369572f2179efb846f51dcc57ed0e298648238e9c1351c65003b4560d1bb8b2	5009-0.txt
Samuel Adams	6864	Average Jones	Average-Jones_6864	fetched		444163	c62245844aceed1eb4a55d9f6b41239a8fdb99f3659e3ace06c62e82a657cdcd	6864-0.txt
Samuel Adams	10008	The Mystery	The-Mystery_10008	fetched		407280	0bc938e7f17580cee1edc5ae72ff4e1ce1795c4411749ea33a53726e65938884	10008-8.txt
Samuel Adams	10944	From a Bench in Our Square	From-a-Bench-in-Our-Square_10944	fetched		352575	263f249f8831f4318e282acd994c60701998ec19b67905eedfe0d5f4aca12e45	10944-8.txt
Samuel Adams	15431	Success: A Novel	Success-A-Novel_15431	unavailable				
Samuel Adams	16447	The Clarion	The-Clarion_16447	fetched		720100	2fb868737cebe962c0e4bf67e0f873adbd32f2bf2e043a06c2494186fa4671fa	16447.txt
Samuel Adams	22196	Little Miss Grouch	Little-Miss-Grouch_22196	unavailable				
Samuel Adams	24741	The Campaign of Trenton 1776-77	The-Campaign-of-Trenton-1776-77_24741	fetched		137776	776eb4ee96e3922bc4b698c0c52234b8806574b3c3fc096825dc052a0fd5df5b	24741-8.txt
Samuel Adams	31206	Burgoyne's Invasion of 1777	Burgoyne-s-Invasion-of-1777_31206	unavailable				
Samuel Adams	36335	The Secret of Lonesome Cove	The-Secret-of-Lonesome-Cove_36335	fetched		372319	c06ad2adbf2bc6a78c8739cab0bc549ad6667bccb536ed02158b6a6e2eed9831	36335-0.txt
Samuel Adams	38941	Nooks and Corners of the New England Coast	Nooks-and-Corners-of-the-New-England-Coast_38941	fetched		1107794	7e0633daa584f647eb15e6ac043d2dad378e29459a39238fc8952c8b1bba6761	38941.txt
Samuel Adams	42447	The Heart of the White Mountains, Their Legend and Scenery	The-Heart-of-the-White-Mountains-Their-Legend-and-Scenery_42447	unavailable				
Samuel Adams	42999	Old Boston Taverns and Tavern Clubs	Old-Boston-Taverns-and-Tavern-Clubs_42999	fetched		190132	e1dd6cb2fd81d008f9f54244a96af39fb2b19e24ecccfa1d8053f2a0e8ed0dfa	42999-8.txt
Samuel Adams	44177	The Myths and Fables of To-Day	The-Myths-and-Fables-of-To-Day_44177	fetched		285764	629e7856704e8758de7f8f1cc284be81f218b2e3d85dca8557350c8cf7faeb3f	44177-0.txt
Samuel Adams	44324	The Flying Death	The-Flying-Death_44324	fetched		289812	fca122b4d875b53c57d9605d7b7f4e21d1b4e01152944d33191780153bb7723b	44324-0.txt
Samuel Adams	44325	The Great American Fraud	The-Great-American-Fraud_44325	unavailable				
Samuel Adams	44326	Wanted: A Husband. A Novel	Wanted-A-Husband-A-Novel_44326	unavailable				
Samuel Adams	44327	The Beggar's Purse: A Fairy Tale of Familiar Finance	The-Beggar-s-Purse-A-Fairy-Tale-of-Familiar-Finance_44327	unavailable				
Samuel Adams	44328	Our Square and the People in It	Our-Square-and-the-People-in-It_44328	fetched		390223	b03e2be0b0fd5cbe0d4f0f944de8fcb3c896390ca4d0e40e163e69a0f9b6e603	44328-0.txt
Samuel Adams	48868	Georgia: Its History, Condition and Resources	Georgia-Its-History-Condition-and-Resources_48868	fetched		65269	5d8367e9cae82b69a8b39b9190996ca70245787c3fc515b55079a12918aa1af5	48868-0.txt
Samuel Adams	49530	The Battle of Gettysburg, 1863	The-Battle-of-Gettysburg-1863_49530	fetched		219253	7c8a190d39d707c8ace754925e17e51c661d87d900d68564bc740a67b611914d	49530-0.txt
Samuel Adams	50583	The Taking of Louisburg, 1745	The-Taking-of-Louisburg-1745_50583	fetched		163830	60b467eb70352b06c2cb3680a763189acd934c20ac5b495849c106546d259c3a	50583-0.txt
Samuel Adams	50651	The Young Vigilantes: A Story of California Life in the Fifties	The-Young-Vigilantes-A-Story-of-California-Life-in-the-Fifties_50651	fetched		271824	b623e5d0a4d9b6a494ea4ed98af1f1c57e4dfca8a0b126f0d0ed0521c555d921	50651-8.txt
Samuel Adams	55400	Common Cause: A Novel of the War in America	Common-Cause-A-Novel-of-the-War-in-America_55400	fetched		715808	bca3d2b67c778afcba16ab17e5a0fb67f8603747261eeb0aa64eb6efce06fc65	55400-0.txt
Samuel Adams	57528	The Making of the Great West, 1512-1883	The-Making-of-the-Great-West-1512-1883_57528	fetched		554765	7b102b65f1e9f16b65c9c1e904c773ebdc1030fbc4dd2a4a29e88f0808190a37	57528-0.txt
Samuel Adams	57543	The Health Master	The-Health-Master_57543	fetched		446081	10cd8c5538a9b7cece76886a4e776437da458e4c7b2b96758b34cffa585f6e68	57543-0.txt
Samuel Adams	57676	Index of the Project Gutenberg Works of Samuel Hopkins Adams	Index-of-the-Project-Gutenberg-Works-of-Samuel-Hopkins-Adams_57676	fetched		31570	8a7b0811768097e1bbbf5cea560c850e6c5ad04fc412acec3df10fccab0b923e	57676-0.txt
Samuel Adams	61582	Flaming Youth	Flaming-Youth_61582	unavailable				
Samuel Butler	1906	Erewhon; Or, Over the Range	Erewhon-Or-Over-the-Range_1906	unavailable				
Samuel Butler	1971	Erewhon Revisited Twenty Years Later, Both by the Original Discoverer of the Country and by His Son	Erewhon-Revisited-Twenty-Years-Later-Both-by-the-Original-Discoverer-of-the-Country-and-by-His-Son_1971	unavailable				
Samuel Butler	2084	The Way of All Flesh	The-Way-of-All-Flesh_2084	fetched		915623	a883f8848b9e72c110e1ce9b2420a023e3bfb892bd54817f08375b82c8266c0f	2084.txt
Samuel Butler	2513	God the Known and God the Unknown	God-the-Known-and-God-the-Unknown_2513	fetched		111836	bd81de7a37e5adc191657fd3c8c3924004958a873f2673813f200323c2f2217c	2513.txt
Samuel Butler	2576	Alps and Sanctuaries of Piedmont and the Canton Ticino	Alps-and-Sanctuaries-of-Piedmont-and-the-Canton-Ticino_2576	unavailable				
Samuel Butler	3235	A First Year in Canterbury Settlement	A-First-Year-in-Canterbury-Settlement_3235	fetched		264769	1754a18242dcac91a2609c1acced13d7822c88e7c869aa9ed69594ee70cf3eb5	3235.txt
Samuel Butler	3278	Cambridge Pieces	Cambridge-Pieces_3278	unavailable				
Samuel Butler	3279	Canterbury Pieces	Canterbury-Pieces_3279	unavailable				
Samuel Butler	3461	Essays on Life, Art and Science	Essays-on-Life-Art-and-Science_3461	fetched		398027	0bcc6e4b1ee9a9cb15d67e5399e871f0ca3875b96bd64f2501474a7a1dbe27b7	3461.txt
Samuel Butler	4073	Ex Voto: An Account of the Sacro Monte or New Jerusalem at Varallo-Sesia	Ex-Voto-An-Account-of-the-Sacro-Monte-or-New-Jerusalem-at-Varallo-Sesia_4073	unavailable				
Samuel Butler	4937	Hudibras, in Three Parts, Written in the Time of the Late Wars	Hudibras-in-Three-Parts-Written-in-the-Time-of-the-Late-Wars_4937	fetched		589119	acbe21cf5032a1013a389e1b24fa330d21e7e7615c083a2e4e4688be398a5a90	4937.txt
Samuel Butler	4967	Luck, or Cunning, as the Main Means of Organic Modification	Luck-or-Cunning-as-the-Main-Means-of-Organic-Modification_4967	fetched		521918	f3050f266bf6acc52a48121456bd4cb0b1d51de31ee7b0edb64568fcdd28f2a6	4967-0.txt
Samuel Butler	6092	The Fair Haven	The-Fair-Haven_6092	fetched		508726	5d6faffb8d79bfef83742e3962393e668bee351020f9ad9c81200db336f25cf8	6092-0.txt
Samuel Butler	6138	Life and Habit	Life-and-Habit_6138	fetched		519826	888dfb490e70d867d3d3c188704deba87b4d93b6a7f6100c15a42d0c0172d6da	6138-0.txt
Samuel Butler	6173	The Note-Books of Samuel Butler	The-Note-Books-of-Samuel-Butler_6173	fetched		835641	7660c4ff6b5c024c2299769f3644f9a5cb81acf39fd72b08500eec5ab14c5d19	6173-0.txt
Samuel Butler	6605	Unconscious Memory	Unconscious-Memory_6605	fetched		461411	db2f3a2871a8c08e452d4a08d9ffd4b2e7da54a910e8c7c378a22df04e3ea80b	6605-0.txt
Samuel Butler	12651	The Humour of Homer and Other Essays	The-Humour-of-Homer-and-Other-Essays_12651	fetched		542083	6550c93b9d6bbfa97b9bc78f8e288e79f52a6a6a1e227ad5e7664fc6c8785c60	12651.txt
Samuel Butler	17124	The Atlas of Ancient and Classical Geography	The-Atlas-of-Ancient-and-Classical-Geography_17124	fetched		31798	a423ecfcd045b22516bcd3239ac76ac098b06db15414c4ee5320d02c422736bb	17124.txt
Samuel Butler	19610	Selections from Previous Works	Selections-from-Previous-Works_19610	unavailable				
Samuel Butler	23427	Evolution, Old & New	Evolution-Old-New_23427	unavailable				
Samuel Butler	49324	The Authoress of the Odyssey	The-Authoress-of-the-Odyssey_49324	unavailable				
Samuel Daniel	18842	Elizabethan Sonnet-Cycles: Delia - Diana	Elizabethan-Sonnet-Cycles-Delia-Diana_18842	unavailable				
Samuel Johnson	577	The Works of Samuel Johnson, in Sixteen Volumes. Volume 04	The-Works-of-Samuel-Johnson-in-Sixteen-Volumes-Volume-04_577	unavailable				
Samuel Johnson	652	Rasselas, Prince of Abyssinia	Rasselas-Prince-of-Abyssinia_652	fetched		245949	e4abf83c12c0f0cdb1aa83607c45eee94c6112122d40d8ca2d5ed934cf994917	652-0.txt
Samuel Johnson	2064	A Journey to the Western Islands of Scotland	A-Journey-to-the-Western-Islands-of-Scotland_2064	fetched		349509	7082a0c2d63c7e84b86c9cbede8b8251ab20c35fe4a08b9a6d5791a46ae150a2	2064.txt
Samuel Johnson	4678	Lives of the English Poets	Lives-of-the-English-Poets_4678	unavailable				
Samuel Johnson	4679	Johnson's Lives of the Poets — Volume 1	Johnson-s-Lives-of-the-Poets-Volume-1_4679	unavailable				
Samuel Johnson	5098	Lives of the English Poets : Waller, Milton, Cowley	Lives-of-the-English-Poets-Waller-Milton-Cowley_5098	fetched		366204	60d3b0c18c800df50d13f5997c039f87d30db7662beebab208758b27fa9ff9a5	5098-0.txt
Samuel Johnson	5101	Lives of the English Poets : Prior, Congreve, Blackmore, Pope	Lives-of-the-English-Poets-Prior-Congreve-Blackmore-Pope_5101	fetched		383343	2821a4e953364eaf5df817228a68f44e3549c4bc10ece23ff6e76a8a2bb46d57	5101-0.txt
Samuel Johnson	5429	Preface to Shakespeare	Preface-to-Shakespeare_5429	fetched		149518	488f58f769fea424e79de7027623ece30087f5af5f03047511b1ca3386396074	5429.txt
Samuel Johnson	5430	Preface to a Dictionary of the English Language	Preface-to-a-Dictionary-of-the-English-Language_5430	fetched		74454	5a80b4306ead340c5a9c9d3708b42094d2d21ba7af23ebdac9f8deab72bd6903	5430.txt
Samuel Johnson	7780	Notes to Shakespeare — Volume 01: Comedies	Notes-to-Shakespeare-Volume-01-Comedies_7780	fetched		396472	c8d6d29f7ac49db2a5dd6330b13d671befaea51a5400129cb2b025226586a96f	7780.txt
Samuel Johnson	9823	Lives of the Poets, Volume 1	Lives-of-the-Poets-Volume-1_9823	fetched		993732	3c9f09a7123b2ddd866f11518259e05f62c07af97f88c9ee042faddbbe326746	9823-8.txt
Samuel Johnson	10350	The Works of Samuel Johnson, LL.D. in Eleven Volumes, Volume 06	The-Works-of-Samuel-Johnson-LL-D-in-Eleven-Volumes-Volume-06_10350	unavailable				
Samuel Johnson	10351	The Works of Samuel Johnson, LL.D. Volume 10	The-Works-of-Samuel-Johnson-LL-D-Volume-10_10351	unavailable				
Samuel Johnson	10352	The Works of Samuel Johnson, LL.D. Volume 11.	The-Works-of-Samuel-Johnson-LL-D-Volume-11_10352	unavailable				
Samuel Johnson	10835	Dr. Johnson's Works: Life, Poems, and Tales, Volume 1	Dr-Johnson-s-Works-Life-Poems-and-Tales-Volume-1_10835	unavailable				
Samuel Johnson	11254	Poetical Works of Johnson, Parnell, Gray, and Smollett	Poetical-Works-of-Johnson-Parnell-Gray-and-Smollett_11254	unavailable				
Samuel Johnson	11397	The Works of Samuel Johnson, LL.D. in Nine Volumes, Volume 03	The-Works-of-Samuel-Johnson-LL-D-in-Nine-Volumes-Volume-03_11397	unavailable				
Samuel Johnson	11768	The Works of Samuel Johnson, LL.D. in Nine Volumes, Volume 05	The-Works-of-Samuel-Johnson-LL-D-in-Nine-Volumes-Volume-05_11768	unavailable				
Samuel Johnson	12050	The Works of Samuel Johnson, LL.D. in Nine Volumes, Volume 04	The-Works-of-Samuel-Johnson-LL-D-in-Nine-Volumes-Volume-04_12050	unavailable				
Samuel Johnson	13350	The Vanity of Human Wishes (1749) and Two Rambler papers (1750)	The-Vanity-of-Human-Wishes-1749-and-Two-Rambler-papers-1750_13350	unavailable				
Samuel Johnson	15097	A Grammar of the English Tongue	A-Grammar-of-the-English-Tongue_15097	fetched		126428	11bd681a2accef4ab01ffcb38641cfee9f85de4f59c1276787aac141fcf11038	15097.txt
Samuel Johnson	15566	Notes to Shakespeare, Volume III: The Tragedies	Notes-to-Shakespeare-Volume-III-The-Tragedies_15566	unavailable				
Samuel Johnson	24218	The Works of Samuel Johnson, LL.D. in Nine Volumes, Volume 08	The-Works-of-Samuel-Johnson-LL-D-in-Nine-Volumes-Volume-08_24218	unavailable				
Samuel Johnson	26142	Peat and its Uses as Fertilizer and Fuel	Peat-and-its-Uses-as-Fertilizer-and-Fuel_26142	fetched		337228	9d282034c2dfd3c7bc1eede77ebae087714dd56c198546702982ab47b09904c9	26142.txt
Samuel Johnson	34766	Shorter Novels, Eighteenth Century	Shorter-Novels-Eighteenth-Century_34766	unavailable				
Samuel Johnson	43656	The Works of Samuel Johnson, LL.D. in Nine Volumes, Volume 02	The-Works-of-Samuel-Johnson-LL-D-in-Nine-Volumes-Volume-02_43656	unavailable				
Samuel Taylor Coleridge	151	The Rime of the Ancient Mariner	The-Rime-of-the-Ancient-Mariner_151	fetched		44188	bd49c8f0363e058d795de635c22870be208a76fca5ba99edffc40e258e0a9554	151.txt
Samuel Taylor Coleridge	2575	Confessions of an Inquiring Spirit and Some Miscellaneous Pieces	Confessions-of-an-Inquiring-Spirit-and-Some-Miscellaneous-Pieces_2575	fetched		284635	efbc6d4b8adc0f42ea89a98e651f2a4e8022a4aaf5474306ced2d5e5b6b0b0c4	2575-0.txt
Samuel Taylor Coleridge	6081	Biographia Literaria	Biographia-Literaria_6081	fetched		856298	342f2f024e30ecaa3095691eb4555be49c27a5dfaf779a9c63321b7984109445	6081.txt
Samuel Taylor Coleridge	8208	Poems of Coleridge	Poems-of-Coleridge_8208	fetched		296565	0d3c6ae68f4b66a5e739b30b2f3e71f864fe4761283da4f06ca6a7c0d68d479d	8208-8.txt
Samuel Taylor Coleridge	8210	Biographia Epistolaris, Volume 1	Biographia-Epistolaris-Volume-1_8210	fetched		584222	366c012afc955ccda5df7546b965281a95fec90d66a1588c9e9b82300f6a06d6	8210-8.txt
Samuel Taylor Coleridge	8488	The Literary Remains of Samuel Taylor Coleridge, Volume 1	The-Literary-Remains-of-Samuel-Taylor-Coleridge-Volume-1_8488	fetched		567907	3898be26156a07142b113c43bdd856425a4c098651720026edb2d41b614d0b1a	8488-8.txt
Samuel Taylor Coleridge	8489	Specimens of the Table Talk of Samuel Taylor Coleridge	Specimens-of-the-Table-Talk-of-Samuel-Taylor-Coleridge_8489	fetched		677653	2ca04056d14304d3cc3b2c4c43da145bddb291a67e3027fbd385d735dc1027c9	8489-8.txt
Samuel Taylor Coleridge	8533	The Literary Remains of Samuel Taylor Coleridge, Volume 2	The-Literary-Remains-of-Samuel-Taylor-Coleridge-Volume-2_8533	fetched		585874	03af1d09425e881ed7a6a268b238a3aa1f255d8c7efb552d811bf2051d0d3ea4	8533.txt
Samuel Taylor Coleridge	8956	The Literary Remains of Samuel Taylor Coleridge, Volume 3	The-Literary-Remains-of-Samuel-Taylor-Coleridge-Volume-3_8956	fetched		637495	001e364edeb37d2ccb867b538503626ef3fd233b976384527f241273c4bec278	8956.txt
Samuel Taylor Coleridge	10801	The Literary Remains of Samuel Taylor Coleridge, Volume 4	The-Literary-Remains-of-Samuel-Taylor-Coleridge-Volume-4_10801	fetched		680973	71c6f47f7253fb3425ba7a84a3751fd1a5abb0f9d255fdc75dc38d666e878bce	10801.txt
Samuel Taylor Coleridge	11101	Coleridge's Ancient Mariner and Select Poems	Coleridge-s-Ancient-Mariner-and-Select-Poems_11101	fetched		231785	e6cd796f29ec410de87ec0a7569762d43b97405a38f133deefdfd43b05a5162c	11101-8.txt
Samuel Taylor Coleridge	12713	The Rhyme of the Ancient Mariner	The-Rhyme-of-the-Ancient-Mariner_12713	unavailable				
Samuel Taylor Coleridge	21589	The Rime of the Ancient Mariner	The-Rime-of-the-Ancient-Mariner_21589	unavailable				
Samuel Taylor Coleridge	24346	Hints towards the formation of a more comprehensive theory of life.	Hints-towards-the-formation-of-a-more-comprehensive-theory-of-life_24346	unavailable				
Samuel Taylor Coleridge	25585	Shakespeare, Ben Jonson, Beaumont and Fletcher	Shakespeare-Ben-Jonson-Beaumont-and-Fletcher_25585	fetched		456140	162ec3160b77acefaf8801a62554e5d4303724c87464b2fbd03e8ff646621f98	25585.txt
Samuel Taylor Coleridge	29090	The Complete Poetical Works of Samuel Taylor Coleridge. Vol 1 and 2	The-Complete-Poetical-Works-of-Samuel-Taylor-Coleridge-Vol-1-and-2_29090	unavailable				
Samuel Taylor Coleridge	29091	The Complete Poetical Works of Samuel Taylor Coleridge. Vol 1 (of 2)	The-Complete-Poetical-Works-of-Samuel-Taylor-Coleridge-Vol-1-of-2_29091	unavailable				
Samuel Taylor Coleridge	29092	The Complete Poetical Works of Samuel Taylor Coleridge. Vol 2 (of 2)	The-Complete-Poetical-Works-of-Samuel-Taylor-Coleridge-Vol-2-of-2_29092	unavailable				
Samuel Taylor Coleridge	41705	Anima Poetæ	Anima-Poet_41705	unavailable				
Samuel Taylor Coleridge	43099	Biographia Epistolaris, Volume 2	Biographia-Epistolaris-Volume-2_43099	unavailable				
Samuel Taylor Coleridge	44553	Letters of Samuel Taylor Coleridge, Vol. 1 (of 2)	Letters-of-Samuel-Taylor-Coleridge-Vol-1-of-2_44553	unavailable				
Samuel Taylor Coleridge	44554	Letters of Samuel Taylor Coleridge, Vol. 2 (of 2)	Letters-of-Samuel-Taylor-Coleridge-Vol-2-of-2_44554	unavailable				
Samuel Taylor Coleridge	44795	Aids to Reflection; and, The Confessions of an Inquiring Spirit	Aids-to-Reflection-and-The-Confessions-of-an-Inquiring-Spirit_44795	unavailable				
Samuel Taylor Coleridge	59226	Index of the Project Gutenberg Works of Samuel Taylor Coleridge	Index-of-the-Project-Gutenberg-Works-of-Samuel-Taylor-Coleridge_59226	fetched		95730	cb529ee631696f71d3557ac8ba0c472acc068b0855b985c28fe953be3bb11145	59226-0.txt
Sigmund Freud	14969	Three Contributions to the Theory of Sex	Three-Contributions-to-the-Theory-of-Sex_14969	fetched		291865	9e80b29341334bc0975e081b43451087161229115c045c1b2bf8cc2937c90719	14969.txt
Sigmund Freud	15489	Dream Psychology: Psychoanalysis for Beginners	Dream-Psychology-Psychoanalysis-for-Beginners_15489	unavailable				
Sigmund Freud	34300	Leonardo da Vinci: A Psychosexual Study of an Infantile Reminiscence	Leonardo-da-Vinci-A-Psychosexual-Study-of-an-Infantile-Reminiscence_34300	unavailable				
Sigmund Freud	35875	Reflections on War and Death	Reflections-on-War-and-Death_35875	fetched		77559	d1cb9832b66b4b002f96ae33fcb37724c98b9c6fa43d954baa13a3c06682b24f	35875-8.txt
Sigmund Freud	35877	Group Psychology and The Analysis of The Ego	Group-Psychology-and-The-Analysis-of-The-Ego_35877	fetched		206322	72301cf76c48f49a818e67608140bde1cb83e3fb9c4dadb69a7d10893935b595	35877-0.txt
Sigmund Freud	38219	A General Introduction to Psychoanalysis	A-General-Introduction-to-Psychoanalysis_38219	fetched		974124	db0c50a168d7252499ad4e8197eedf3afeaac4e1af6cec04b759ad501a1f6726	38219-0.txt
Sigmund Freud	41214	Totem and Taboo	Totem-and-Taboo_41214	unavailable				
Sigmund Freud	44917	Delusion and Dream : an Interpretation in the Light of Psychoanalysis of Gradiva	Delusion-and-Dream-an-Interpretation-in-the-Light-of-Psychoanalysis-of-Gradiva_44917	unavailable				
Sigmund Freud	55443	Psycho-Analysis and the War Neuroses	Psycho-Analysis-and-the-War-Neuroses_55443	fetched		180458	e093bc9f8d74fe2f713aaa2e9597c51dd55b9d6dde4c2d18384cee166835a584	55443-0.txt
Sigmund Freud	66048	The Interpretation of Dreams	The-Interpretation-of-Dreams_66048	fetched		1273047	ca071a72aac7db0868b7880a9fa1c3bb3f777370ecfa4d5e992788cfa0c83cff	66048-0.txt
Sigmund Freud	67332	Psychopathology of Everyday Life	Psychopathology-of-Everyday-Life_67332	fetched		455570	936f4e3c2e4eb5f4023c18ff0a7eade1e0e8ec9faa94d189dc8f69480ed8bf3a	67332-0.txt
Simeon Strunsky	19359	The Patient Observer and His Friends	The-Patient-Observer-and-His-Friends_19359	unavailable				
Simeon Strunsky	39657	Through the Outlooking Glass	Through-the-Outlooking-Glass_39657	fetched		71316	6dfcee811bfedb306ff859fe2e62b79000e24e9dcc05319b0eeb8eb191cd13e2	39657-8.txt
Simeon Strunsky	40232	Post-Impressions: An Irresponsible Chronicle	Post-Impressions-An-Irresponsible-Chronicle_40232	unavailable				
Sinclair Lewis	543	Main Street	Main-Street_543	fetched		997935	4443dbb7dd7f4d4ac7ed79ac5a4c2cf3ed0d11552f8da7eef0a966f47985d91c	543-0.txt
Sinclair Lewis	1156	Babbitt	Babbitt_1156	fetched		743829	3fa949e3babb9083498729d9a93d434d5796517ffb8c1b9f5bcc05438f142177	1156-0.txt
Sinclair Lewis	4961	Our Mr. Wrenn: The Romantic Adventures of a Gentle Man	Our-Mr-Wrenn-The-Romantic-Adventures-of-a-Gentle-Man_4961	fetched		462001	3f38cdc2af38c796f6b644d632b4533273fbf29d1b6c4a99a1b44d7786eaaa8a	4961.txt
Sinclair Lewis	25430	The Innocents: A Story for Lovers	The-Innocents-A-Story-for-Lovers_25430	unavailable				
Sinclair Lewis	25474	The Job: An American Novel	The-Job-An-American-Novel_25474	unavailable				
Sinclair Lewis	26610	The Trail of the Hawk: A Comedy of the Seriousness of Life	The-Trail-of-the-Hawk-A-Comedy-of-the-Seriousness-of-Life_26610	unavailable				
Sinclair Lewis	26732	Free Air	Free-Air_26732	fetched		498925	7b4d62c4e4002e9dee49a6634a681de189e63bf36dd1c8f474106652012449df	26732-8.txt
Sojourner Truth	1674	The Narrative of Sojourner Truth	The-Narrative-of-Sojourner-Truth_1674	fetched		212913	7310e695e39fbb7b27a04314fb8d2db75db68ee657f67bd8564bda5616d0809c	1674.txt
Sophocles	31	Plays of Sophocles: Oedipus the King; Oedipus at Colonus; Antigone	Plays-of-Sophocles-Oedipus-the-King-Oedipus-at-Colonus-Antigone_31	unavailable				
Sophocles	806	Philoktetes	Philoktetes_806	fetched		94639	8720ea044bd5ee4688ce7a1812d62369074e4a1e896a1d9a050c6432c0193a40	806.txt
Sophocles	7073	Specimens of Greek Tragedy — Aeschylus and Sophocles	Specimens-of-Greek-Tragedy-Aeschylus-and-Sophocles_7073	fetched		267101	7d4ae4c2621c99efde936debd7de7eb0591fc7a78c23750ed2283ee7b3a706b7	7073-8.txt
Sophocles	14484	The Seven Plays in English Verse	The-Seven-Plays-in-English-Verse_14484	fetched		566554	bebf07209f213aa409b3a7213b1bf5ef092eeea76c86b1b3ffdb5d3ffa37e2bc	14484.txt
Sophocles	19559	Book of illustrations : Ancient Tragedy	Book-of-illustrations-Ancient-Tragedy_19559	unavailable				
Sophocles	27673	Oedipus King of Thebes	Oedipus-King-of-Thebes_27673	unavailable				
Stephen Leacock	3532	My Discovery of England	My-Discovery-of-England_3532	fetched		270883	9498a6c65cb14da5a93f59eab98a5d0a488a3a88b01e5de053b4cc67d520b989	3532.txt
Stephen Leacock	3533	Sunshine Sketches of a Little Town	Sunshine-Sketches-of-a-Little-Town_3533	fetched		354216	1638fe49f2b9dd141d679d74a50b92a66a88d3cc0a24c96564f1130db013ca58	3533.txt
Stephen Leacock	4020	Arcadian Adventures with the Idle Rich	Arcadian-Adventures-with-the-Idle-Rich_4020	fetched		400926	987948a4500fbe4c37696f9b7b4664f9b7f1d3b0eeba66bd1f8930d86415c919	4020.txt
Stephen Leacock	4064	Moonbeams from the Larger Lunacy	Moonbeams-from-the-Larger-Lunacy_4064	fetched		230034	9bd2214e4ec535dced7217f75e6e506a70357d63d77119852e8f0070cede3fd8	4064.txt
Stephen Leacock	4069	The Dawn of Canadian History : A Chronicle of Aboriginal Canada	The-Dawn-of-Canadian-History-A-Chronicle-of-Aboriginal-Canada_4069	unavailable				
Stephen Leacock	4077	The Mariner of St. Malo : A chronicle of the voyages of Jacques Cartier	The-Mariner-of-St-Malo-A-chronicle-of-the-voyages-of-Jacques-Cartier_4077	unavailable				
Stephen Leacock	4682	Nonsense Novels	Nonsense-Novels_4682	fetched		199038	d39817519700316182b793dbb78ada134266c65bb5ef823f54040b9551e1cecd	4682.txt
Stephen Leacock	4781	The Hohenzollerns in America	The-Hohenzollerns-in-America_4781	unavailable				
Stephen Leacock	6340	Literary Lapses	Literary-Lapses_6340	fetched		257228	ce82ef16ae230fb4c916e7589fe56dff76ab04b2f0b65ba68f6a05bccafa9498	6340.txt
Stephen Leacock	8457	Frenzied Fiction	Frenzied-Fiction_8457	fetched		298904	cb64ea6f19f308bc6cf99edf69abf7c55739235dacaacf268aaf1274b31bb225	8457-0.txt
Stephen Leacock	11504	Further Foolishness	Further-Foolishness_11504	fetched		298122	91bd586c0800de42def71607bae0cda89bb633b298ecb9794215133426b7d227	11504.txt
Stephen Leacock	20633	Winsome Winnie and other New Nonsense Novels	Winsome-Winnie-and-other-New-Nonsense-Novels_20633	fetched		245931	eff187950b3ca9c68452073b05fcfc3119cbb6d6397c50887661a646fa629db4	20633-8.txt
Stephen Leacock	22651	The Unsolved Riddle of Social Justice	The-Unsolved-Riddle-of-Social-Justice_22651	fetched		171863	92e4ec3b51e925b3b1ac418980efafc1e56dfb330af5f315cacd7c8b15763e4e	22651-8.txt
Stephen Leacock	23449	Behind the Beyond, and Other Contributions to Human Knowledge	Behind-the-Beyond-and-Other-Contributions-to-Human-Knowledge_23449	fetched		188272	7a0febf7e37fec189c2f5b7984026073cf8cfbb048b700598f6609a81bf84ae3	23449.txt
Stephen Leacock	28919	Frenzied Fiction	Frenzied-Fiction_28919	unavailable				
Stephen Leacock	30039	Adventurers of the Far North: A Chronicle of the Frozen Seas	Adventurers-of-the-Far-North-A-Chronicle-of-the-Frozen-Seas_30039	unavailable				
Stephen Leacock	58439	Index of the Project Gutenberg Works of Stephen Leacock	Index-of-the-Project-Gutenberg-Works-of-Stephen-Leacock_58439	fetched		32451	adf6dc316ffcff025f543e9db29ee4d7345a489461221c31ae8346cb94f6b56c	58439-0.txt
Susan B. Anthony	26952	Eric	Eric_26952	unavailable				
Sydney Smith	4063	Peter Plymley's Letters, and Selected Essays	Peter-Plymley-s-Letters-and-Selected-Essays_4063	fetched		325451	37dbe2a32255699a83302d808a151c66ecd58533488da49500202a831522ca7c	4063-0.txt
Tecumseh	2616	Memoirs of General William T. Sherman — Volume 1	Memoirs-of-General-William-T-Sherman-Volume-1_2616	excluded	name collision: matched William Tecumseh Sherman, not Tecumseh the Shawnee leader			
Tecumseh	2617	Memoirs of General William T. Sherman — Volume 2	Memoirs-of-General-William-T-Sherman-Volume-2_2617	excluded	name collision: matched William Tecumseh Sherman, not Tecumseh the Shawnee leader			
Tecumseh	4361	Memoirs of General William T. Sherman — Complete	Memoirs-of-General-William-T-Sherman-Complete_4361	excluded	name collision: matched William Tecumseh Sherman, not Tecumseh the Shawnee leader			
Tecumseh	4546	Memoirs of the Union's Three Great Civil War Generals	Memoirs-of-the-Union-s-Three-Great-Civil-War-Generals_4546	excluded	name collision: matched William Tecumseh Sherman, not Tecumseh the Shawnee leader			
Tecumseh	5850	Memoirs of General W. T. Sherman, Volume I., Part 1	Memoirs-of-General-W-T-Sherman-Volume-I-Part-1_5850	excluded	name collision: matched William Tecumseh Sherman, not Tecumseh the Shawnee leader			
Tecumseh	5851	Memoirs of General W. T. Sherman, Volume I., Part 2	Memoirs-of-General-W-T-Sherman-Volume-I-Part-2_5851	excluded	name collision: matched William Tecumseh Sherman, not Tecumseh the Shawnee leader			
Tecumseh	5852	Memoirs of General W. T. Sherman, Volume II., Part 3	Memoirs-of-General-W-T-Sherman-Volume-II-Part-3_5852	excluded	name collision: matched William Tecumseh Sherman, not Tecumseh the Shawnee leader			
Tecumseh	5853	Memoirs of General W. T. Sherman, Volume II., Part 4	Memoirs-of-General-W-T-Sherman-Volume-II-Part-4_5853	excluded	name collision: matched William Tecumseh Sherman, not Tecumseh the Shawnee leader			
Tecumseh	57383	Project Gutenberg Edition of The Memoirs of Four Civil War Generals	Project-Gutenberg-Edition-of-The-Memoirs-of-Four-Civil-War-Generals_57383	excluded	name collision: matched William Tecumseh Sherman, not Tecumseh the Shawnee leader			
Theodore Roosevelt	1864	Hero Tales from American History	Hero-Tales-from-American-History_1864	fetched		326352	4871baf1ec3580bf3ef6ee7dfe9d8686675bbca7e7c88de4723accd1d6294b9d	1864.txt
Theodore Roosevelt	3335	Theodore Roosevelt: An Autobiography	Theodore-Roosevelt-An-Autobiography_3335	unavailable				
Theodore Roosevelt	3337	Hunting the Grisly and Other Sketches	Hunting-the-Grisly-and-Other-Sketches_3337	unavailable				
Theodore Roosevelt	5032	State of the Union Addresses	State-of-the-Union-Addresses_5032	fetched		966924	78fcb9acf8ac5c772f10b566e5c126bc24a086663efa555c80c523d92f9bf1a5	5032.txt
Theodore Roosevelt	6467	Letters to His Children	Letters-to-His-Children_6467	fetched		253472	720de6b2cabaeb7c0b7e6ec58f4769f1bd827f39262268a7007495295865b9c0	6467.txt
Theodore Roosevelt	9104	The Naval War of 1812	The-Naval-War-of-1812_9104	unavailable				
Theodore Roosevelt	10155	The Right of the People to Rule	The-Right-of-the-People-to-Rule_10155	unavailable				
Theodore Roosevelt	11746	Through the Brazilian Wilderness	Through-the-Brazilian-Wilderness_11746	fetched		674599	0b8021dafeb27e08444648ffb9a027c695692a3fd6095fdfec46c02ed418034d	11746-8.txt
Theodore Roosevelt	11941	The Winning of the West, Volume 1	The-Winning-of-the-West-Volume-1_11941	unavailable				
Theodore Roosevelt	11942	The Winning of the West, Volume 2	The-Winning-of-the-West-Volume-2_11942	unavailable				
Theodore Roosevelt	11943	The Winning of the West, Volume 3	The-Winning-of-the-West-Volume-3_11943	unavailable				
Theodore Roosevelt	11944	The Winning of the West, Volume 4	The-Winning-of-the-West-Volume-4_11944	unavailable				
Theodore Roosevelt	13000	The Rough Riders	The-Rough-Riders_13000	fetched		384335	d1221e8efc3a6081a0dde6499162e21a787d290d3d897897637f7bdfad3b7c3d	13000.txt
Theodore Roosevelt	13891	A Compilation of the Messages and Papers of the Presidents. Section 2 (of 2) of Supplemental Volume: Theodore Roosevelt, Supplement	A-Compilation-of-the-Messages-and-Papers-of-the-Presidents-Section-2-of-2-of-Supplemental-Volume-Theodore-Roosevelt-Supplement_13891	unavailable				
Theodore Roosevelt	13930	African and European Addresses	African-and-European-Addresses_13930	fetched		337028	a1c644a7e856c56e38f97cd7d5bafb2dfb8b9bde37fa32d082df14003a2238cf	13930.txt
Theodore Roosevelt	34135	A Book-Lover's Holidays in the Open	A-Book-Lover-s-Holidays-in-the-Open_34135	fetched		501350	87ef685acb59f105a446e350830768e7910c5005eea1f06d89727cc86bba01c7	34135-0.txt
Theodore Roosevelt	36292	Average Americans	Average-Americans_36292	fetched		293794	b41022d506b7c44d0c3593074598f1b33005b489920dfc43bdb11f739b2a12e4	36292-8.txt
Theodore Roosevelt	37656	Thomas Hart Benton	Thomas-Hart-Benton_37656	fetched		525833	ef9a52ecf9d31a0ff5d5dede7dc9e506c22890d6b3e24c684283e15849260b2b	37656.txt
Theodore Roosevelt	39915	Gouverneur Morris	Gouverneur-Morris_39915	fetched		521980	e760a34901612ea4771dc5ff45941c57d14a760776dd3dc68ea6ac66799630eb	39915-8.txt
Theodore Roosevelt	53651	America and the World War	America-and-the-World-War_53651	fetched		417085	86c0c43b6b0736aa6445e053e8eb4e828ce6525f2ac04be1928ddbc83b741725	53651-0.txt
Theodore Roosevelt	58821	The Strenuous Life	The-Strenuous-Life_58821	unavailable				
Theodore Roosevelt	61935	Outdoor pastimes of an American hunter	Outdoor-pastimes-of-an-American-hunter_61935	fetched		719144	4a6059543cf71b2dcc5bd22b29609f3d9bf7465cf13dfdc3a549c5fd813fb9d0	61935-0.txt
Theodore Roosevelt	63051	Oliver Cromwell	Oliver-Cromwell_63051	fetched		414320	3433f77defba76306b4b5fcbc0443abca25b5c42118635f59c4bbf1e3e89b8f6	63051-0.txt
Theodore Roosevelt	64224	American problems	American-problems_64224	fetched		133587	a59456f1dd24be9add56a2a66fdcfeb3696de825a412cf84fa3ffa8b336079ee	64224-0.txt
Theodore Roosevelt	66890	A Square Deal	A-Square-Deal_66890	fetched		224868	14aaa34c79a33b8c7d7f26e00a4786751bc7adc4fba2619edef349a73f2d77a5	66890-0.txt
Theodore Roosevelt	67632	Good hunting; in pursuit of big game in the West	Good-hunting-in-pursuit-of-big-game-in-the-West_67632	fetched		92425	f70e1dcdc4178954cb36a81bb46d84c7a7bedbaec93507db215eb8be1644ed1d	67632-0.txt
Theodore Roosevelt	67811	Roosevelt in the Kansas City Star: War-time Editorials	Roosevelt-in-the-Kansas-City-Star-War-time-Editorials_67811	fetched		521740	e20ddb5511da4733587b95f8d1ec69a4c598699b2c2ef756b46ec99cc620d941	67811-0.txt
Theodore Roosevelt	68052	Address of President Roosevelt on the Occasion of the Laying of the Corner Stone of the Pilgrim Memorial Monument, Provincetown, Massachusetts, August 20, 1907	Address-of-President-Roosevelt-on-the-Occasion-of-the-Laying-of-the-Corner-Stone-of-the-Pilgrim-Memorial-Monument-Provincetown-Massachusetts-August-20-1907_68052	unavailable				
Theodore Roosevelt	68070	Address of President Roosevelt at Canton, Ohio, September 30, 1907	Address-of-President-Roosevelt-at-Canton-Ohio-September-30-1907_68070	fetched		33419	b3ca52da4806daf5cd167ae5db085662eda38c2187d8349153eeefc9107da1c4	68070-0.txt
Theodore Roosevelt	68081	Address of Hon. Theodore Roosevelt, delivered at Boston, Mass., Saturday, April 27, 1912	Address-of-Hon-Theodore-Roosevelt-delivered-at-Boston-Mass-Saturday-April-27-1912_68081	fetched		58639	1fb66d6946ef6926c9db6023f404c4ac7e51b43552869b2611151356d69f3f75	68081-0.txt
Theodore Roosevelt	68119	Address of President Roosevelt at Keokuk, Iowa, October 1, 1907	Address-of-President-Roosevelt-at-Keokuk-Iowa-October-1-1907_68119	fetched		47682	a601785e1e51f39732e2828e1ab0e4a361e6fc7c78f07db5da760f4546118a3c	68119-0.txt
Theodore Roosevelt	68136	Address of President Roosevelt at Cairo, Illinois, October 3, 1907	Address-of-President-Roosevelt-at-Cairo-Illinois-October-3-1907_68136	fetched		42395	a6cf68c94cb35453761dac0385e133a20c282ed6ff8db960429086d065711120	68136-0.txt
Theodore Roosevelt	68152	Americanism	Americanism_68152	fetched		57196	a9c0a377be1fa134d6e39648ceb79954720c90fbda62c9f3e7c108af1e38df04	68152-0.txt
Theodore Roosevelt	68181	Address of President Roosevelt at St. Louis, Missouri, October 2, 1907	Address-of-President-Roosevelt-at-St-Louis-Missouri-October-2-1907_68181	fetched		43805	3e0f28ce36732e1f274ee7cc36628bf6e198be8c23aba29b920f2c91fbef0ea6	68181-0.txt
Theodore Roosevelt	68266	Address of President Roosevelt at the Lincoln dinner of the Republican club of the city of New York, Waldorf-Astoria Hotel, February 13, 1905	Address-of-President-Roosevelt-at-the-Lincoln-dinner-of-the-Republican-club-of-the-city-of-New-York-Waldorf-Astoria-Hotel-February-13-1905_68266	unavailable				
Theodore Roosevelt	68309	Address of President Roosevelt at Chautauqua, New York, August 11, 1905	Address-of-President-Roosevelt-at-Chautauqua-New-York-August-11-1905_68309	fetched		46278	6398e1cb5e8159542e48e81261e02dbd5bbba906958514762799a5f95284895e	68309-0.txt
Theodore Roosevelt	68350	Address of President Roosevelt on the occasion of the celebration of the hundredth anniversary of the birth of Abraham Lincoln, Hodgenville, Ky., February 12, 1909	Address-of-President-Roosevelt-on-the-occasion-of-the-celebration-of-the-hundredth-anniversary-of-the-birth-of-Abraham-Lincoln-Hodgenville-Ky-February-12-1909_68350	unavailable				
Theodore Roosevelt	68422	Address of the President at the unveiling of the monument to General Sheridan, Wednesday, November 25, 1908	Address-of-the-President-at-the-unveiling-of-the-monument-to-General-Sheridan-Wednesday-November-25-1908_68422	unavailable				
Theodore Roosevelt	68449	Address of President Roosevelt at the laying of the corner stone of the office building of the House of Representatives, Saturday, April 14, 1906	Address-of-President-Roosevelt-at-the-laying-of-the-corner-stone-of-the-office-building-of-the-House-of-Representatives-Saturday-April-14-1906_68449	unavailable				
Thomas Aquinas	17611	Summa Theologica, Part I (Prima Pars)	Summa-Theologica-Part-I-Prima-Pars_17611	unavailable				
Thomas Aquinas	17897	Summa Theologica, Part I-II (Pars Prima Secundae)	Summa-Theologica-Part-I-II-Pars-Prima-Secundae_17897	unavailable				
Thomas Aquinas	18755	Summa Theologica, Part II-II (Secunda Secundae)	Summa-Theologica-Part-II-II-Secunda-Secundae_18755	unavailable				
Thomas Aquinas	19950	Summa Theologica, Part III (Tertia Pars)	Summa-Theologica-Part-III-Tertia-Pars_19950	unavailable				
Thomas Aquinas	22295	On Prayer and The Contemplative Life	On-Prayer-and-The-Contemplative-Life_22295	fetched		451177	36a5acd34f70dce1000a8f9c756da88cb55c987dbcbc4ab3839807852afca18e	22295.txt
Thomas Campbell	41766	The Jesuits, 1534-1921	The-Jesuits-1534-1921_41766	unavailable				
Thomas Campbell	59788	The Poetical Works of Thomas Campbell	The-Poetical-Works-of-Thomas-Campbell_59788	fetched		452574	b6daf418b9809c9dfe32905f1b8d9c851d4af71353332bd23f2b8946ecb84142	59788-0.txt
Thomas Carlyle	1051	Sartor Resartus: The Life and Opinions of Herr Teufelsdröckh	Sartor-Resartus-The-Life-and-Opinions-of-Herr-Teufelsdrockh_1051	unavailable				
Thomas Carlyle	1085	Life of John Sterling	Life-of-John-Sterling_1085	fetched		544373	1f42e71b79b519d2532227d2550789d687a97b1410245feb9856e94ac79a9e8a	1085.txt
Thomas Carlyle	1091	On Heroes, Hero-Worship, and the Heroic in History	On-Heroes-Hero-Worship-and-the-Heroic-in-History_1091	fetched		529346	71785a1369034a8b30c23994969c662768ca282da197b08025930048c181c365	1091.txt
Thomas Carlyle	1140	Latter-Day Pamphlets	Latter-Day-Pamphlets_1140	fetched		457946	6400548401f2605998d334ce0ba3a10c96cfe7049084edbe138df06299829753	1140.txt
Thomas Carlyle	1301	The French Revolution: A History	The-French-Revolution-A-History_1301	unavailable				
Thomas Carlyle	1932	Early Kings of Norway	Early-Kings-of-Norway_1932	fetched		242565	21002c35c2a5d83b53dcef5f95eac330ef26931dc77ec1926e18c20c72495e4a	1932.txt
Thomas Carlyle	2101	History of Friedrich II of Prussia — Volume 01	History-of-Friedrich-II-of-Prussia-Volume-01_2101	unavailable				
Thomas Carlyle	2102	History of Friedrich II of Prussia — Volume 02	History-of-Friedrich-II-of-Prussia-Volume-02_2102	unavailable				
Thomas Carlyle	2103	History of Friedrich II of Prussia — Volume 03	History-of-Friedrich-II-of-Prussia-Volume-03_2103	unavailable				
Thomas Carlyle	2104	History of Friedrich II of Prussia — Volume 04	History-of-Friedrich-II-of-Prussia-Volume-04_2104	unavailable				
Thomas Carlyle	2105	History of Friedrich II of Prussia — Volume 05	History-of-Friedrich-II-of-Prussia-Volume-05_2105	unavailable				
Thomas Carlyle	2106	History of Friedrich II of Prussia — Volume 06	History-of-Friedrich-II-of-Prussia-Volume-06_2106	unavailable				
Thomas Carlyle	2107	History of Friedrich II of Prussia — Volume 07	History-of-Friedrich-II-of-Prussia-Volume-07_2107	unavailable				
Thomas Carlyle	2108	History of Friedrich II of Prussia — Volume 08	History-of-Friedrich-II-of-Prussia-Volume-08_2108	unavailable				
Thomas Carlyle	2109	History of Friedrich II of Prussia — Volume 09	History-of-Friedrich-II-of-Prussia-Volume-09_2109	unavailable				
Thomas Carlyle	2110	History of Friedrich II of Prussia — Volume 10	History-of-Friedrich-II-of-Prussia-Volume-10_2110	unavailable				
Thomas Carlyle	2111	History of Friedrich II of Prussia — Volume 11	History-of-Friedrich-II-of-Prussia-Volume-11_2111	unavailable				
Thomas Carlyle	2112	History of Friedrich II of Prussia — Volume 12	History-of-Friedrich-II-of-Prussia-Volume-12_2112	unavailable				
Thomas Carlyle	2113	History of Friedrich II of Prussia — Volume 13	History-of-Friedrich-II-of-Prussia-Volume-13_2113	unavailable				
Thomas Carlyle	2114	History of Friedrich II of Prussia — Volume 14	History-of-Friedrich-II-of-Prussia-Volume-14_2114	unavailable				
Thomas Carlyle	2115	History of Friedrich II of Prussia — Volume 15	History-of-Friedrich-II-of-Prussia-Volume-15_2115	unavailable				
Thomas Carlyle	2116	History of Friedrich II of Prussia — Volume 16	History-of-Friedrich-II-of-Prussia-Volume-16_2116	unavailable				
Thomas Carlyle	2117	History of Friedrich II of Prussia — Volume 17	History-of-Friedrich-II-of-Prussia-Volume-17_2117	unavailable				
Thomas Carlyle	2118	History of Friedrich II of Prussia — Volume 18	History-of-Friedrich-II-of-Prussia-Volume-18_2118	unavailable				
Thomas Carlyle	2119	History of Friedrich II of Prussia — Volume 19	History-of-Friedrich-II-of-Prussia-Volume-19_2119	unavailable				
Thomas Carlyle	2120	History of Friedrich II of Prussia — Volume 20	History-of-Friedrich-II-of-Prussia-Volume-20_2120	unavailable				
Thomas Carlyle	2121	History of Friedrich II of Prussia — Volume 21	History-of-Friedrich-II-of-Prussia-Volume-21_2121	unavailable				
Thomas Carlyle	2122	History of Friedrich II of Prussia — Appendix	History-of-Friedrich-II-of-Prussia-Appendix_2122	unavailable				
Thomas Carlyle	13435	On the Choice of Books	On-the-Choice-of-Books_13435	fetched		235470	84f70afe048b0abb37988ad0cea047851be860bd3582e8cee2f5fa4788e170a6	13435-8.txt
Thomas Carlyle	13534	Past and Present	Past-and-Present_13534	fetched		681183	94f84eeee3f3cf7aa50b6cc3f8ad28fbf1a89ab4a2389c917eb6aed9b0d44592	13534.txt
Thomas Carlyle	20585	Sartor Resartus, and  On Heroes, Hero-Worship, and the Heroic in History	Sartor-Resartus-and-On-Heroes-Hero-Worship-and-the-Heroic-in-History_20585	fetched		1095013	a8c0fece557254e4eeeacda26b935941b534d9a6a8bf0c0c7124a16efd45d331	20585.txt
Thomas Carlyle	23209	The Life of Friedrich Schiller	The-Life-of-Friedrich-Schiller_23209	unavailable				
Thomas Carlyle	25808	History of Friedrich II. of Prussia	History-of-Friedrich-II-of-Prussia_25808	unavailable				
Thomas Carlyle	26159	Past and Present	Past-and-Present_26159	unavailable				
Thomas Carlyle	36074	Life of Robert Burns	Life-of-Robert-Burns_36074	fetched		202402	da72c7aac14b45c379c939b8570b977eae88290a3fcc91f75bbe7234d4440745	36074.txt
Thomas Carlyle	38779	Translations from the German (Vol 3 of 3): Tales by Musæus, Tieck, Richter	Translations-from-the-German-Vol-3-of-3-Tales-by-Musus-Tieck-Richter_38779	unavailable				
Thomas Carlyle	46608	Shall Turkey Live or Die?	Shall-Turkey-Live-or-Die_46608	fetched		59088	32055e71e3788ed3e94de167c81dd77c757d928bc4513b2446397deb6dd1adc8	46608-0.txt
Thomas Chandler Haliburton	5817	The Clockmaker — or, the Sayings and Doings of Samuel Slick, of Slickville	The-Clockmaker-or-the-Sayings-and-Doings-of-Samuel-Slick-of-Slickville_5817	fetched		395692	4d837c7af64e880e1987417cc23ce521eac2f1a7b3c036d7b0c1b86c81dc1b86	5817.txt
Thomas Chandler Haliburton	5868	Nothing to Eat	Nothing-to-Eat_5868	fetched		64053	fa4bfb79614c16ff2dc90480810ae275494ad3982db842780ff6c0658f919d79	5868-0.txt
Thomas Chandler Haliburton	6112	Nature and Human Nature	Nature-and-Human-Nature_6112	fetched		909194	c08d46b7c7731d5c814913f347c6de739215281dee856955a9250fe458fc5839	6112.txt
Thomas Chandler Haliburton	7821	The Attaché; or, Sam Slick in England — Volume 01	The-Attache-or-Sam-Slick-in-England-Volume-01_7821	unavailable				
Thomas Chandler Haliburton	7822	The Attaché; or, Sam Slick in England — Volume 02	The-Attache-or-Sam-Slick-in-England-Volume-02_7822	unavailable				
Thomas Chandler Haliburton	7823	The Attaché; or, Sam Slick in England — Complete	The-Attache-or-Sam-Slick-in-England-Complete_7823	unavailable				
Thomas Chandler Haliburton	9196	The Clockmaker; Or, the Sayings and Doings of Samuel Slick, of Slickville	The-Clockmaker-Or-the-Sayings-and-Doings-of-Samuel-Slick-of-Slickville_9196	fetched		405123	534da42441bce08da650271b68e8e954576517cc08d14dcbff0fc6bd1d1a82fd	9196.txt
Thomas Hardy	27	Far from the Madding Crowd	Far-from-the-Madding-Crowd_27	fetched		801066	51ee1db8f514ed11868bd71318c7252bb662ae922360ab2583f9311e531d02ab	27.txt
Thomas Hardy	107	Far from the Madding Crowd	Far-from-the-Madding-Crowd_107	fetched		816286	b169ca87e3db550d6388cae1c067f0bd040a111a17a715e0794525cd416e5584	107.txt
Thomas Hardy	110	Tess of the d'Urbervilles: A Pure Woman	Tess-of-the-d-Urbervilles-A-Pure-Woman_110	unavailable				
Thomas Hardy	122	The Return of the Native	The-Return-of-the-Native_122	fetched		831836	4897f18e4a853b898e09eacdd4556f0faa2cda50f9ee37ff5c8dd92cc85d8cdd	122-0.txt
Thomas Hardy	143	The Mayor of Casterbridge	The-Mayor-of-Casterbridge_143	fetched		694294	b1885ab92e33b263362476e9f23088670531aa2a551321540c36139524e0256d	143-0.txt
Thomas Hardy	153	Jude the Obscure	Jude-the-Obscure_153	fetched		841973	5677c1422306d5f157701f133df7f64883eb29dfb43fa5154c66daef1c2e0728	153.txt
Thomas Hardy	224	A Pair of Blue Eyes	A-Pair-of-Blue-Eyes_224	fetched		787767	0dc568337fbf729a4291e6b4e33151d4bb6013c294774cc5778bdbac843bfea0	224-0.txt
Thomas Hardy	482	The Woodlanders	The-Woodlanders_482	fetched		796999	1198421a9e8465cea82a191dbf404972ba2aa18e3df89e35d81962bbc89e05d0	482.txt
Thomas Hardy	2662	Under the Greenwood Tree; Or, The Mellstock Quire	Under-the-Greenwood-Tree-Or-The-Mellstock-Quire_2662	unavailable				
Thomas Hardy	2863	Satires of Circumstance, Lyrics and Reveries, with Miscellaneous Pieces	Satires-of-Circumstance-Lyrics-and-Reveries-with-Miscellaneous-Pieces_2863	fetched		181272	69a90336e35603e9adda16edc77eed1957a5595eae8f7639fcce40612a745ee4	2863-0.txt
Thomas Hardy	2864	The Trumpet-Major	The-Trumpet-Major_2864	fetched		668050	fbf338eb75e5733607da5c8598252d3f3e264dd5794a2a25bb59201f20b46b5b	2864.txt
Thomas Hardy	2996	The Romantic Adventures of a Milkmaid	The-Romantic-Adventures-of-a-Milkmaid_2996	fetched		214193	5b3c37c403eb38a85e33c0251ecdc985c14e5d4cd1ffbf50cc096cf8d68db658	2996-0.txt
Thomas Hardy	2997	Time's Laughingstocks, and Other Verses	Time-s-Laughingstocks-and-Other-Verses_2997	fetched		166990	f11236982aad29f7d672cc1736e2680fce7eba3f23b96d2610384d00166fa403	2997-0.txt
Thomas Hardy	3044	Desperate Remedies	Desperate-Remedies_3044	fetched		850033	cc2529756b1a28e72d67fe2b31e53a0b87126230401d08991811692d18bba34d	3044-0.txt
Thomas Hardy	3047	Life's Little Ironies	Life-s-Little-Ironies_3047	unavailable				
Thomas Hardy	3049	A Group of Noble Dames	A-Group-of-Noble-Dames_3049	fetched		417107	79d50046b3afc7a91fec92c20887520d641721f919a9e4286f21eab31d1bad62	3049.txt
Thomas Hardy	3056	Wessex Tales	Wessex-Tales_3056	fetched		482117	03ca6043b3a5786d00b99a7af71d7e99f33fa314b62b1695e5eba7d3193c70e8	3056.txt
Thomas Hardy	3058	A Changed Man, and Other Tales	A-Changed-Man-and-Other-Tales_3058	fetched		517795	5f7a707637100d3b6e02375cafc9fcfc93f1dcf2107a4374816c8a81d0fc362a	3058.txt
Thomas Hardy	3146	Two on a Tower	Two-on-a-Tower_3146	fetched		567239	1994f5e72ac9d621ea9b390d23a7958688e912af01222b60c64bb3052945d27d	3146.txt
Thomas Hardy	3167	Wessex Poems and Other Verses	Wessex-Poems-and-Other-Verses_3167	fetched		124759	361d6dcb59c03ddd36b78b0927a49668c0e3b0e8907009e580bc134f59d10324	3167-0.txt
Thomas Hardy	3168	Poems of the Past and the Present	Poems-of-the-Past-and-the-Present_3168	fetched		150650	1dd6aee05be8b61913a40908f5ec83933085c3001bacab62b60b3b76b6e08e6f	3168-0.txt
Thomas Hardy	3255	Moments of Vision and Miscellaneous Verses	Moments-of-Vision-and-Miscellaneous-Verses_3255	fetched		188130	f8e11d7e31d507e7d37fd31f9ae351a5096bf74c20e5d8dfac2d56291c9cf970	3255-0.txt
Thomas Hardy	3258	A Laodicean : A Story of To-day	A-Laodicean-A-Story-of-To-day_3258	unavailable				
Thomas Hardy	3326	The Well-Beloved: A Sketch of a Temperament	The-Well-Beloved-A-Sketch-of-a-Temperament_3326	unavailable				
Thomas Hardy	3469	The Hand of Ethelberta: A Comedy in Chapters	The-Hand-of-Ethelberta-A-Comedy-in-Chapters_3469	unavailable				
Thomas Hardy	4043	The Dynasts: An Epic-Drama of the War with Napoleon	The-Dynasts-An-Epic-Drama-of-the-War-with-Napoleon_4043	unavailable				
Thomas Hardy	4758	Late Lyrics and Earlier, With Many Other Verses	Late-Lyrics-and-Earlier-With-Many-Other-Verses_4758	fetched		215990	4575b2602c19502f7d496238cc59ee79197e7ade348a4f9dd1f99201f3103b37	4758-0.txt
Thomas Hardy	6553	Wessex Tales	Wessex-Tales_6553	unavailable				
Thomas Hardy	9416	A Changed Man and Other Tales	A-Changed-Man-and-Other-Tales_9416	unavailable				
Thomas Hardy	9417	Far from the Madding Crowd	Far-from-the-Madding-Crowd_9417	unavailable				
Thomas Hardy	9418	Desperate Remedies	Desperate-Remedies_9418	unavailable				
Thomas Hardy	9419	The Dynasts	The-Dynasts_9419	unavailable				
Thomas Hardy	9420	The Hand of Ethelberta	The-Hand-of-Ethelberta_9420	unavailable				
Thomas Hardy	9421	Jude the Obscure	Jude-the-Obscure_9421	unavailable				
Thomas Hardy	9422	A Laodicean	A-Laodicean_9422	unavailable				
Thomas Hardy	9423	Life's Little Ironies	Life-s-Little-Ironies_9423	unavailable				
Thomas Hardy	9424	Late Lyrics and Earlier	Late-Lyrics-and-Earlier_9424	unavailable				
Thomas Hardy	9425	The Mayor of Casterbridge	The-Mayor-of-Casterbridge_9425	unavailable				
Thomas Hardy	9426	Moments of Vision	Moments-of-Vision_9426	unavailable				
Thomas Hardy	9427	The Return of the Native	The-Return-of-the-Native_9427	unavailable				
Thomas Hardy	9428	A Group of Noble Dames	A-Group-of-Noble-Dames_9428	unavailable				
Thomas Hardy	9429	A Pair of Blue Eyes	A-Pair-of-Blue-Eyes_9429	unavailable				
Thomas Hardy	9430	Poems of the Past and the Present	Poems-of-the-Past-and-the-Present_9430	unavailable				
Thomas Hardy	9431	Romantic Adventures of a Milkmaid	Romantic-Adventures-of-a-Milkmaid_9431	unavailable				
Thomas Hardy	9432	Satires of Circumstance etc.	Satires-of-Circumstance-etc_9432	unavailable				
Thomas Hardy	9433	Tess of the d'Urbervilles: A Pure Woman	Tess-of-the-d-Urbervilles-A-Pure-Woman_9433	unavailable				
Thomas Hardy	9434	Time's Laughingstocks and Other Verses	Time-s-Laughingstocks-and-Other-Verses_9434	unavailable				
Thomas Hardy	9435	The Trumpet-Major	The-Trumpet-Major_9435	unavailable				
Thomas Hardy	9436	Two on a Tower	Two-on-a-Tower_9436	unavailable				
Thomas Hardy	9437	Under the Greenwood Tree	Under-the-Greenwood-Tree_9437	unavailable				
Thomas Hardy	9438	The Well-Beloved	The-Well-Beloved_9438	unavailable				
Thomas Hardy	9451	The Woodlanders	The-Woodlanders_9451	unavailable				
Thomas Hardy	9452	Wessex Poems and Other Verses	Wessex-Poems-and-Other-Verses_9452	unavailable				
Thomas Hardy	17500	The Return of the Native	The-Return-of-the-Native_17500	fetched		821989	33b08a578d4e001a8337361a601cb41f78966d6167718545655063b3f85d600f	17500.txt
Thomas Hardy	26264	The Return of the Native	The-Return-of-the-Native_26264	unavailable				
Thomas Hardy	58250	Index of the Project Gutenberg Works of Thomas Hardy	Index-of-the-Project-Gutenberg-Works-of-Thomas-Hardy_58250	fetched		2655406	890fa5728d7d5d23fbe6735fa36db1b9d525542120a5177dea3b8dbc5e7ce79a	58250-0.txt
Thomas Huxley	1315	Autobiography and Selected Essays	Autobiography-and-Selected-Essays_1315	fetched		339898	90e5416b4443db0a33e17a653d454b30d5dbbabc7b494273667ee15187179f19	1315.txt
Thomas Huxley	2089	On the Reception of the 'Origin of Species'	On-the-Reception-of-the-Origin-of-Species_2089	unavailable				
Thomas Huxley	2354	Note on the Resemblances and Differences in the Structure and the Development of the Brain in Man and Apes	Note-on-the-Resemblances-and-Differences-in-the-Structure-and-the-Development-of-the-Brain-in-Man-and-Apes_2354	unavailable				
Thomas Huxley	2627	On the Method of Zadig	On-the-Method-of-Zadig_2627	unavailable				
Thomas Huxley	2628	The Rise and Progress of Palaeontology	The-Rise-and-Progress-of-Palaeontology_2628	unavailable				
Thomas Huxley	2629	Lectures on Evolution	Lectures-on-Evolution_2629	unavailable				
Thomas Huxley	2630	The Interpreters of Genesis and the Interpreters of Nature	The-Interpreters-of-Genesis-and-the-Interpreters-of-Nature_2630	unavailable				
Thomas Huxley	2631	Mr. Gladstone and Genesis	Mr-Gladstone-and-Genesis_2631	unavailable				
Thomas Huxley	2632	The Lights of the Church and the Light of Science	The-Lights-of-the-Church-and-the-Light-of-Science_2632	unavailable				
Thomas Huxley	2633	Hasisadra's Adventure	Hasisadra-s-Adventure_2633	unavailable				
Thomas Huxley	2634	The Evolution of Theology: an Anthropological Study	The-Evolution-of-Theology-an-Anthropological-Study_2634	unavailable				
Thomas Huxley	2921	The Present Condition of Organic Nature	The-Present-Condition-of-Organic-Nature_2921	unavailable				
Thomas Huxley	2922	The Past Condition of Organic Nature	The-Past-Condition-of-Organic-Nature_2922	unavailable				
Thomas Huxley	2923	The Method by Which the Causes of the Present and Past Conditions of Organic Nature Are to Be Discovered; the Origination of Living Beings	The-Method-by-Which-the-Causes-of-the-Present-and-Past-Conditions-of-Organic-Nature-Are-to-Be-Discovered-the-Origination-of-Living-Beings_2923	unavailable				
Thomas Huxley	2924	The Perpetuation of Living Beings, Hereditary Transmission and Variation	The-Perpetuation-of-Living-Beings-Hereditary-Transmission-and-Variation_2924	unavailable				
Thomas Huxley	2925	The Conditions of Existence as Affecting the Perpetuation of Living Beings	The-Conditions-of-Existence-as-Affecting-the-Perpetuation-of-Living-Beings_2925	unavailable				
Thomas Huxley	2926	A Critical Examination of the Position of Mr. Darwin's Work, "On the Origin of Species," in Relation to the Complete Theory of the Causes of the Phenomena of Organic Nature	A-Critical-Examination-of-the-Position-of-Mr-Darwin-s-Work-On-the-Origin-of-Species-in-Relation-to-the-Complete-Theory-of-the-Causes-of-the-Phenomena-of-Organic-Nature_2926	unavailable				
Thomas Huxley	2927	The Darwinian Hypothesis	The-Darwinian-Hypothesis_2927	fetched		44674	5f5a085be813765f6550441fdd6676664daf4ca0599130a81e1b5166fef6b3fc	2927.txt
Thomas Huxley	2928	Time and Life: Mr. Darwin's "Origin of Species"	Time-and-Life-Mr-Darwin-s-Origin-of-Species_2928	fetched		38714	a53603432e2070abdbdc549ad3ff78413cc06ead7b705f37342817a8a1f2b34f	2928.txt
Thomas Huxley	2929	The Origin of Species	The-Origin-of-Species_2929	unavailable				
Thomas Huxley	2930	Criticisms on "The Origin of Species"	Criticisms-on-The-Origin-of-Species_2930	unavailable				
Thomas Huxley	2931	Evidence as to Man's Place in Nature	Evidence-as-to-Man-s-Place-in-Nature_2931	fetched		121620	3cfd3107408a35aa3a45305e599925b546700626fb67361e4d70c5c1133a6468	2931.txt
Thomas Huxley	2932	On the Relations of Man to the Lower Animals	On-the-Relations-of-Man-to-the-Lower-Animals_2932	fetched		140309	0594029373ab5e67f3e3147e68b39bc81a78866464f6f3befd163ca3ad75a8ba	2932.txt
Thomas Huxley	2933	On Some Fossil Remains of Man	On-Some-Fossil-Remains-of-Man_2933	fetched		91227	de05a030a9a647cf5e2972a00155ba0df726d602ad7ed5a41d609327261a3aaf	2933.txt
Thomas Huxley	2934	On the Advisableness of Improving Natural Knowledge	On-the-Advisableness-of-Improving-Natural-Knowledge_2934	fetched		53379	4faa585a895eac872855b7625bd3e6b2461ac3bf97316a1ff4bc99798f6a121a	2934.txt
Thomas Huxley	2935	On the Study of Zoology	On-the-Study-of-Zoology_2935	fetched		67291	5236c47cd60df16912f50e373aa4c319aa9bbd9d5ba1ebd894c9376c714134b5	2935.txt
Thomas Huxley	2936	Geological Contemporaneity and Persistent Types of Life	Geological-Contemporaneity-and-Persistent-Types-of-Life_2936	fetched		65856	369cf6e5c133574f79804b568ee7a124e6824993721cb63cc3298b8bb175c9fa	2936.txt
Thomas Huxley	2937	Coral and Coral Reefs	Coral-and-Coral-Reefs_2937	fetched		58346	080c0719b626ba14ccde887bb148994feec4822f7176c08e7b0ef2035d37a8c9	2937.txt
Thomas Huxley	2938	Yeast	Yeast_2938	fetched		56683	0a8f845e4dd9306aaad66af24f1a9dff17137d04f84e7d7a26d6b63b81f4204d	2938.txt
Thomas Huxley	2939	William Harvey and the Discovery of the Circulation of the Blood	William-Harvey-and-the-Discovery-of-the-Circulation-of-the-Blood_2939	fetched		65229	a9927dc175bbc8c5bdc7afde177aa791f23c8a659164ce79a447360a27317e04	2939.txt
Thomas Huxley	2940	Evolution and Ethics, and Other Essays	Evolution-and-Ethics-and-Other-Essays_2940	fetched		597865	beaa0bdadcfa494a86a4ff0ea8a50233eb7ef6b3724faa1fcf3189c40322024a	2940.txt
Thomas Huxley	5084	Life and Letters of Thomas Henry Huxley — Volume 1	Life-and-Letters-of-Thomas-Henry-Huxley-Volume-1_5084	fetched		785250	92ee20529f1322f2871714f921c460c6aa8a2d09dd80edf107b28636ae4b3a24	5084.txt
Thomas Huxley	5226	Life and Letters of Thomas Henry Huxley — Volume 2	Life-and-Letters-of-Thomas-Henry-Huxley-Volume-2_5226	fetched		778695	2b46746ee7bed40247e073bcdf97c4aa213ef68adb237ccedd956405abbee519	5226.txt
Thomas Huxley	5799	Life and Letters of Thomas Henry Huxley — Volume 3	Life-and-Letters-of-Thomas-Henry-Huxley-Volume-3_5799	fetched		859900	db7a6ed9e2c26209f268a1f4f60697c307d8c30f3c623a25e9ae36e6afa035bf	5799.txt
Thomas Huxley	6414	Lectures and Essays	Lectures-and-Essays_6414	fetched		989077	061fd3321799be37a4bfd47bb67fd21437bee98fcd2d07a7442b7cd68d7db9ce	6414.txt
Thomas Huxley	6919	Darwiniana : Essays — Volume 02	Darwiniana-Essays-Volume-02_6919	fetched		701620	cbe016ce19ee86f22e15e9e2b22cc3934d1967417b0c440453710f6ca8cc9dd5	6919-8.txt
Thomas Huxley	7150	Science & Education: Essays	Science-Education-Essays_7150	unavailable				
Thomas Huxley	10060	Discourses: Biological & Geological	Discourses-Biological-Geological_10060	unavailable				
Thomas Huxley	12506	Critiques and Addresses	Critiques-and-Addresses_12506	fetched		635213	f92c89b38d60934b30735d92147f79087f25480f83fec71007edebcd1540309b	12506.txt
Thomas Huxley	15253	The Advance of Science in the Last Half-Century	The-Advance-of-Science-in-the-Last-Half-Century_15253	fetched		159619	6544f160523c106ec81a7ca9df7eecb1c103d1e6d4053e61f2eb88b5355797de	15253.txt
Thomas Huxley	15905	Collected Essays, Volume V	Collected-Essays-Volume-V_15905	unavailable				
Thomas Huxley	16136	American Addresses, with a Lecture on the Study of Biology	American-Addresses-with-a-Lecture-on-the-Study-of-Biology_16136	fetched		227901	cf37655bbfecd5a4b8bf46d33eb51446764184bc5b04d2f23df6ef9da3d61036	16136.txt
Thomas Huxley	16474	Lectures and Essays	Lectures-and-Essays_16474	fetched		507797	15b2e23ec6eed4eb8659bf98733a03852db9b3430bfce16dcdc0376019f667f3	16474.txt
Thomas Huxley	16729	Lay Sermons, Addresses and Reviews	Lay-Sermons-Addresses-and-Reviews_16729	fetched		668805	ce8f0111d5c60689ae001c6bdaea7de557f227a764d4225d01f17d452498f033	16729.txt
Thomas Huxley	18819	Hume	Hume_18819	unavailable				
Thomas Huxley	20269	Has a Frog a Soul?	Has-a-Frog-a-Soul_20269	unavailable				
Thomas Huxley	34698	Essays Upon Some Controverted Questions	Essays-Upon-Some-Controverted-Questions_34698	fetched		1050026	8b14b055ca3eecde9b42e7874d1f8064a932980737fc34b9dcfe8fd44b9881a8	34698.txt
Thomas Huxley	35584	Aphorisms and Reflections from the works of T. H. Huxley	Aphorisms-and-Reflections-from-the-works-of-T-H-Huxley_35584	unavailable				
Thomas Huxley	38097	Aphorisms and Reflections from the Works of T. H. Huxley	Aphorisms-and-Reflections-from-the-Works-of-T-H-Huxley_38097	unavailable				
Thomas Huxley	40257	Man's Place in Nature, and Other Essays	Man-s-Place-in-Nature-and-Other-Essays_40257	fetched		824046	dc1ac9f7eeafb4dec4c3a90e9d79af79c863e724f6c35c47238e7fbfb673ecb8	40257.txt
Thomas Huxley	52344	Science and Culture, and Other Essays	Science-and-Culture-and-Other-Essays_52344	fetched		595694	fce815fa8e970bfc5a054db46af6d26d8614f5d5e4cb4c8513435728b1877d0e	52344-0.txt
Thomas Huxley	58924	The Crayfish: An Introduction to the Study of Zoology.	The-Crayfish-An-Introduction-to-the-Study-of-Zoology_58924	unavailable				
Thomas Huxley	60289	Science Primers, Introductory	Science-Primers-Introductory_60289	fetched		176139	352f5362b3d87f9ce9436f55aa45fcb53d0d6621d1641b19d9b2c13c1d66e3ac	60289-0.txt
Thomas Huxley	66177	Half Hours With Modern Scientists: Lectures and Essays	Half-Hours-With-Modern-Scientists-Lectures-and-Essays_66177	fetched		526142	a02bfd1a1bc2b0c5e364a4c9cfcb91d6b8cc4ac02bdd9ae7bf02d774585c125e	66177-0.txt
Thomas Jefferson	1	The Declaration of Independence of the United States of America	The-Declaration-of-Independence-of-the-United-States-of-America_1	unavailable				
Thomas Jefferson	300	United States Declaration of Independence	United-States-Declaration-of-Independence_300	fetched		30007	341c0f9802c8d56761eaa3710440054e0b2bc5b046ded28375eb1fe283d7d1b9	300.txt
Thomas Jefferson	5012	State of the Union Addresses	State-of-the-Union-Addresses_5012	fetched		146873	f73ae611c689284fd1825fa2d86eb181f50efd2041efa2b443978374443b8284	5012.txt
Thomas Jefferson	16780	The Declaration of Independence of The United States of America	The-Declaration-of-Independence-of-The-United-States-of-America_16780	fetched		31971	511b45f91b46090afd51e2a08bf82ebb2b7836e91b28c9053a82e8f2ddb4e925	16780-8.txt
Thomas Jefferson	16781	Memoir, Correspondence, and Miscellanies, From the Papers of Thomas Jefferson, Volume 1	Memoir-Correspondence-and-Miscellanies-From-the-Papers-of-Thomas-Jefferson-Volume-1_16781	fetched		1206873	7f48a38c0d2a3b6b210f3216d4ea3f9e0c865114c51c2abb7842c8177ab87228	16781-0.txt
Thomas Jefferson	16782	Memoir, Correspondence, and Miscellanies, From the Papers of Thomas Jefferson, Volume 2	Memoir-Correspondence-and-Miscellanies-From-the-Papers-of-Thomas-Jefferson-Volume-2_16782	fetched		1285584	b0f4450d3206dd2e5a4d63f51257f717cd64bdeea492065c277c861374684102	16782-0.txt
Thomas Jefferson	16783	Memoir, Correspondence, and Miscellanies, From the Papers of Thomas Jefferson, Volume 3	Memoir-Correspondence-and-Miscellanies-From-the-Papers-of-Thomas-Jefferson-Volume-3_16783	fetched		1270793	63307c277af44ae2ba0f724ea942590d4d7b4f46573d64a6baa49155048d6e88	16783-0.txt
Thomas Jefferson	16784	Memoir, Correspondence, and Miscellanies, From the Papers of Thomas Jefferson, Volume 4	Memoir-Correspondence-and-Miscellanies-From-the-Papers-of-Thomas-Jefferson-Volume-4_16784	fetched		1377900	524bd02d235046f059f8e7a0a1e3bb25d34749e91c3f2f22b1ddd27c442bc565	16784-0.txt
Thomas Jefferson	17439	Mother's Remedies	Mother-s-Remedies_17439	unavailable				
Thomas Jefferson	19785	Declaration of Independence of the United States of America	Declaration-of-Independence-of-the-United-States-of-America_19785	unavailable				
Thomas Jefferson	21002	The Writings of Thomas Jefferson	The-Writings-of-Thomas-Jefferson_21002	unavailable				
Thomas Jefferson	24205	Breakfast Dainties	Breakfast-Dainties_24205	fetched		83414	3bf6f5bc8d279784977e18f931cf64b47d653c5b9af9a63ceaba2d22d96cca90	24205-8.txt
Thomas Jefferson	24542	Fifty Salads	Fifty-Salads_24542	fetched		54193	b4dc554bbbf21483e01ab0487b5b700a22d7551379d28fd6e1b127d6504f9789	24542-8.txt
Thomas Jefferson	25007	Fifty Soups	Fifty-Soups_25007	fetched		64912	9770fd13aa681c073bee37c0b97c90287ed148b5bb942b1974fb243359fac336	25007-8.txt
Thomas Jefferson	28010	Bacon's Rebellion, 1676	Bacon-s-Rebellion-1676_28010	fetched		143813	e747a8f8d870bed1bc51f9b21fa192703d64623c8672214ccb8360c5f2053821	28010.txt
Thomas Jefferson	28472	Patrician and Plebeian	Patrician-and-Plebeian_28472	unavailable				
Thomas Jefferson	28860	The Memoirs, Correspondence, and Miscellanies, From the Papers of Thomas Jefferson	The-Memoirs-Correspondence-and-Miscellanies-From-the-Papers-of-Thomas-Jefferson_28860	unavailable				
Thomas Jefferson	30284	Virginia under the Stuarts 1607-1688	Virginia-under-the-Stuarts-1607-1688_30284	fetched		642007	1c8b3ed35b8460b6827030d9ed3a7cad97bf4453625663bb22dbd084f316d311	30284-8.txt
Thomas Jefferson	32507	The Planters of Colonial Virginia	The-Planters-of-Colonial-Virginia_32507	fetched		667037	f9f0c9a74d3efa9bfea2222860bf8780dd2d32911d7d4363d3ac8043f9c1edf0	32507-8.txt
Thomas Jefferson	34455	Give Me Liberty: The Struggle for Self-Government in Virginia	Give-Me-Liberty-The-Struggle-for-Self-Government-in-Virginia_34455	unavailable				
Thomas Jefferson	34525	Shelley at Oxford	Shelley-at-Oxford_34525	fetched		262113	0eb349634d97d6f4cab63d6ebf4336ce5a95214be79df194158307bb8b8a2233	34525-8.txt
Thomas Jefferson	38464	Tempting Curry Dishes	Tempting-Curry-Dishes_38464	fetched		54988	97d0db8974a764ba16158f4f866cac32b52d09576b00e2aa43e0842689a03e0e	38464-8.txt
Thomas Jefferson	45847	The Writings of Thomas Jefferson, Vol. 1 (of 9)	The-Writings-of-Thomas-Jefferson-Vol-1-of-9_45847	unavailable				
Thomas Jefferson	48046	Farnham's Travels in the Great Western Prairies, etc., part 1, May 21-October 16, 1839	Farnham-s-Travels-in-the-Great-Western-Prairies-etc-part-1-May-21-October-16-1839_48046	unavailable				
Thomas Jefferson	50046	The Writings of Thomas Jefferson, Vol. 2 (of 9)	The-Writings-of-Thomas-Jefferson-Vol-2-of-9_50046	unavailable				
Thomas Jefferson	52878	The Writings of Thomas Jefferson, Vol. 3 (of 9)	The-Writings-of-Thomas-Jefferson-Vol-3-of-9_52878	unavailable				
Thomas Jefferson	53521	Oysters and Fish	Oysters-and-Fish_53521	fetched		124714	6292197ad43035083a7b6f9b8090643c387e8eff1ee326d1a15e35b2eef94e9b	53521-0.txt
Thomas Jefferson	53603	The Writings of Thomas Jefferson, Vol. 4 (of 9)	The-Writings-of-Thomas-Jefferson-Vol-4-of-9_53603	unavailable				
Thomas Jefferson	53767	The Writings of Thomas Jefferson, Vol. 5 (of 9)	The-Writings-of-Thomas-Jefferson-Vol-5-of-9_53767	unavailable				
Thomas Jefferson	55075	The Writings of Thomas Jefferson, Vol. 6 (of 9)	The-Writings-of-Thomas-Jefferson-Vol-6-of-9_55075	unavailable				
Thomas Jefferson	56035	The Writings of Thomas Jefferson, Vol. 7 (of 9)	The-Writings-of-Thomas-Jefferson-Vol-7-of-9_56035	unavailable				
Thomas Jefferson	56313	The Writings of Thomas Jefferson, Vol. 8 (of 9)	The-Writings-of-Thomas-Jefferson-Vol-8-of-9_56313	unavailable				
Thomas Jefferson	56578	The Writings of Thomas Jefferson, Vol. 9 (of 9)	The-Writings-of-Thomas-Jefferson-Vol-9-of-9_56578	unavailable				
Thomas Jefferson	66130	History of the Water Supply of the World	History-of-the-Water-Supply-of-the-World_66130	unavailable				
Thomas Jefferson	67730	Farnham's Travels in the Great Western Prairies, etc., part 2, October 21-December 4, 1839	Farnham-s-Travels-in-the-Great-Western-Prairies-etc-part-2-October-21-December-4-1839_67730	unavailable				
Thomas Mann	36028	Royal Highness	Royal-Highness_36028	fetched		706809	bf27ec86f1138fc2c4148eeb8be53f6f77e98a3c45ac5fe77e2b43dc9fb18ec5	36028-8.txt
Thomas Mann	61284	Bashan and I	Bashan-and-I_61284	fetched		238443	797ed242edf77e392b7e662bea3f1cce1fd0df93436384be7169b392bce0281a	61284-0.txt
Thomas Mann	66073	Death in Venice	Death-in-Venice_66073	fetched		187098	e840f8e45a55305097d57d83f0b4c1cf9b389a4be081795f2f34336048cc7afa	66073-0.txt
Thomas Paine	147	Common Sense	Common-Sense_147	fetched		148133	e10795000c9ec0abad2bac1aad3b1eeced791c64eb21f08d256ff2b2d2489fe6	147-0.txt
Thomas Paine	3741	The Writings of Thomas Paine — Volume 1 (1774-1779): The American Crisis	The-Writings-of-Thomas-Paine-Volume-1-1774-1779-The-American-Crisis_3741	unavailable				
Thomas Paine	3742	The Writings of Thomas Paine — Volume 2 (1779-1792): The Rights of Man	The-Writings-of-Thomas-Paine-Volume-2-1779-1792-The-Rights-of-Man_3742	unavailable				
Thomas Paine	3743	The Writings of Thomas Paine — Volume 4 (1794-1796): The Age of Reason	The-Writings-of-Thomas-Paine-Volume-4-1794-1796-The-Age-of-Reason_3743	unavailable				
Thomas Paine	3755	Common Sense	Common-Sense_3755	fetched		134438	c0af5ef9b7b6bb3909aaa38b5d6d0fb6955a9ff97bc4b2939ef02c81586fe610	3755.txt
Thomas Paine	15279	A Letter Addressed to the Abbe Raynal, on the Affairs of North America, in Which the Mistakes in the Abbe's Account of the Revolution of America Are Corrected and Cleared Up	A-Letter-Addressed-to-the-Abbe-Raynal-on-the-Affairs-of-North-America-in-Which-the-Mistakes-in-the-Abbe-s-Account-of-the-Revolution-of-America-Are-Corrected-and-Cleared-Up_15279	unavailable				
Thomas Paine	31270	The Writings of Thomas Paine, Complete	The-Writings-of-Thomas-Paine-Complete_31270	unavailable				
Thomas Paine	31271	The Writings Of Thomas Paine, Volume III.	The-Writings-Of-Thomas-Paine-Volume-III_31271	unavailable				
Victor Hugo	135	Les Misérables	Les-Miserables_135	unavailable				
Victor Hugo	2523	The Memoirs of Victor Hugo	The-Memoirs-of-Victor-Hugo_2523	fetched		476452	ee641658e144367829a70d057a3d63e7d1bd373e6ccdfd97099427415b747230	2523-0.txt
Victor Hugo	2610	Notre-Dame de Paris	Notre-Dame-de-Paris_2610	fetched		1117056	ca88a0f6637222077777a058b21179c6b1d0ea314a23ea554bc00f0ddbcbb417	2610-0.txt
Victor Hugo	6539	The Hunchback of Notre Dame	The-Hunchback-of-Notre-Dame_6539	unavailable				
Victor Hugo	8775	Poems	Poems_8775	fetched		494548	64211b17587ca82df2e91aabe06b555f3b0754bfc1050e4c169dc8076b2e8eea	8775.txt
Victor Hugo	10381	The History of a Crime	The-History-of-a-Crime_10381	unavailable				
Victor Hugo	12137	La Légende des Siècles	La-Legende-des-Siecles_12137	unavailable				
Victor Hugo	12587	The Man Who Laughs: A Romance of English History	The-Man-Who-Laughs-A-Romance-of-English-History_12587	unavailable				
Victor Hugo	20580	Napoleon the Little	Napoleon-the-Little_20580	fetched		468470	5175314ca19218317a1db2d18cf57b971122609b65ebee500a26208ed1f458a2	20580.txt
Victor Hugo	32338	Toilers of the Sea	Toilers-of-the-Sea_32338	fetched		877344	33fdfef90f98b0a26f2c7b42c50836565c7d734d8378b6114d664092b89527e6	32338.txt
Victor Hugo	39133	The Dramas of Victor Hugo: Mary Tudor, Marion de Lorme, Esmeralda	The-Dramas-of-Victor-Hugo-Mary-Tudor-Marion-de-Lorme-Esmeralda_39133	unavailable				
Victor Hugo	45231	Motion Picture Operation, Stage Electrics and Illusions	Motion-Picture-Operation-Stage-Electrics-and-Illusions_45231	unavailable				
Victor Hugo	48731	Les Misérables, v. 1/5: Fantine	Les-Miserables-v-1-5-Fantine_48731	unavailable				
Victor Hugo	48732	Les Misérables, v. 2/5: Cosette	Les-Miserables-v-2-5-Cosette_48732	unavailable				
Victor Hugo	48733	Les Misérables, v. 3/5: Marius	Les-Miserables-v-3-5-Marius_48733	unavailable				
Victor Hugo	48734	Les Misérables, v. 4/5: The Idyll and the Epic	Les-Miserables-v-4-5-The-Idyll-and-the-Epic_48734	unavailable				
Victor Hugo	48735	Les Misérables, v. 5/5: Jean Valjean	Les-Miserables-v-5-5-Jean-Valjean_48735	unavailable				
Victor Hugo	49372	Ninety-Three	Ninety-Three_49372	fetched		757138	80be01af17a8410a7ba208eda455f61ec5a6eea306edf82dcf96d8e5a7ecc7f9	49372-8.txt
Victor Hugo	50010	Under Sentence of Death; Or, a Criminal's Last Hours	Under-Sentence-of-Death-Or-a-Criminal-s-Last-Hours_50010	fetched		489331	41d9fee6ceb598a3ee662564ef3f2958b425e2233bdc588c1bbad9414d1694ba	50010-0.txt
Victor Hugo	53490	William Shakespeare	William-Shakespeare_53490	fetched		620771	807255945c3984f4a66eb36fabbe043682afa90951f1eaa5570e801136afab62	53490-0.txt
Victor Hugo	57702	Index of the Project Gutenberg Works of Victor Hugo	Index-of-the-Project-Gutenberg-Works-of-Victor-Hugo_57702	fetched		62686	7bf7175c81ef5283a5be6bce4544a16506f721bbfbd0166eb14137eb9bea84b6	57702-0.txt
Victor Hugo	65214	Hans of Iceland, Vol. 1 of 2	Hans-of-Iceland-Vol-1-of-2_65214	fetched		477537	3e1c18ab6da3e72d3102579f61a953f3cc8ef03aaeabd4485490840c57bbb8c3	65214-0.txt
Victor Hugo	65215	Hans of Iceland, Vol. 2 of 2; The Last Day of a Condemned	Hans-of-Iceland-Vol-2-of-2-The-Last-Day-of-a-Condemned_65215	fetched		473202	9dbadebfa7fbe727c55fa73de64e123aa476252b024f54408896cb5bd1cbc571	65215-0.txt
Vincent Van Gogh	40393	The Letters of a Post-Impressionist	The-Letters-of-a-Post-Impressionist_40393	unavailable				
Virginia Woolf	144	The Voyage Out	The-Voyage-Out_144	fetched		799814	d1659d4f6e5894ef0a1a4ce4141717dd6031e486917bc57daf43632728060124	144-0.txt
Virginia Woolf	1245	Night and Day	Night-and-Day_1245	fetched		1001342	653e8c18b6e011df7e8291d32a49b221f759eb3bcbfef0248fb483c8bee5ed5d	1245-0.txt
Virginia Woolf	5670	Jacob's Room	Jacob-s-Room_5670	fetched		340092	653adf3c608c4d461e8a311691536f7cbc44f8e3f018cff571a5a05fcc65c86c	5670.txt
Virginia Woolf	26584	Night and Day	Night-and-Day_26584	unavailable				
Virginia Woolf	29220	Monday or Tuesday	Monday-or-Tuesday_29220	fetched		125059	29da7240d63882f8d42f264c2a381c9f28b2a68a95e012825918953d7805226b	29220-8.txt
Virginia Woolf	63022	Mr. Bennett and Mrs. Brown	Mr-Bennett-and-Mrs-Brown_63022	unavailable				
Virginia Woolf	63107	Mrs Dalloway in Bond Street	Mrs-Dalloway-in-Bond-Street_63107	fetched		38009	f527bc31bd1b276cdb35b79a0ecbb10a427cb8b14aae267d0f3265cd8a1fe460	63107.txt
Virginia Woolf	63230	Two Stories	Two-Stories_63230	fetched		58363	b073d3d5f71bd3a8ca9c656cb3aa2472ae414d1d37d1756d5a3462a79b51f84b	63230.txt
Virginia Woolf	64457	The Common Reader	The-Common-Reader_64457	fetched		494407	d316f5386c0de1f728ad7e0297f32a98ada32b21f34f64f508fd14f03b2ac2a7	64457-0.txt
Vladimir Lenin	35232	A Letter to American Workingmen, from the Socialist Soviet Republic of Russia	A-Letter-to-American-Workingmen-from-the-Socialist-Soviet-Republic-of-Russia_35232	unavailable				
Voltaire	2445	Letters on England	Letters-on-England_2445	fetched		240543	655e2640862d678dfe5f94ed534467d7c45edb7ab475e92e6bf856e533b60a13	2445.txt
Voltaire	4683	Socrates	Socrates_4683	fetched		72175	615d6f03b8c13154ea0807907463df9331850e197639356f2aabded65c622188	4683.txt
Voltaire	18569	Voltaire's Philosophical Dictionary	Voltaire-s-Philosophical-Dictionary_18569	fetched		521891	eb4b13838a6f2e395802ff2d03c1262e95ae2a106e3fc7c5c1e50d602f2dd56e	18569.txt
Voltaire	18972	Zadig; Or, The Book of Fate	Zadig-Or-The-Book-of-Fate_18972	unavailable				
Voltaire	19942	Candide	Candide_19942	fetched		229683	2ff4023f920db4e787e9ac6834867086db1ce3c3124d9a0472841ba93f0d6c91	19942-8.txt
Voltaire	20144	The Fourth Book of Virgil's Aeneid and the Ninth Book of Voltaire's Henriad	The-Fourth-Book-of-Virgil-s-Aeneid-and-the-Ninth-Book-of-Voltaire-s-Henriad_20144	fetched		100503	2bb70174958caf182bd2b3cef1c0dc0582e593b001751f5ecf19868ed629767c	20144.txt
Voltaire	26228	Candide	Candide_26228	unavailable				
Voltaire	30123	Micromegas	Micromegas_30123	fetched		65194	32ed8ccf908bdaa557ff8a391550f9c4c5ab1f5933679d9b0c296247469a651d	30123-8.txt
Voltaire	35595	Voltaire's Romances, Complete in One Volume	Voltaire-s-Romances-Complete-in-One-Volume_35595	fetched		1072732	b6254d3ec873b451f82c03ae843c91f73e6da84a05d92d7da4f9f595f6c7e7dc	35595-0.txt
Voltaire	35621	A Philosophical Dictionary, Volume 01	A-Philosophical-Dictionary-Volume-01_35621	unavailable				
Voltaire	35622	A Philosophical Dictionary, Volume 02	A-Philosophical-Dictionary-Volume-02_35622	unavailable				
Voltaire	35623	A Philosophical Dictionary, Volume 03	A-Philosophical-Dictionary-Volume-03_35623	unavailable				
Voltaire	35624	A Philosophical Dictionary, Volume 04	A-Philosophical-Dictionary-Volume-04_35624	unavailable				
Voltaire	35625	A Philosophical Dictionary, Volume 05	A-Philosophical-Dictionary-Volume-05_35625	unavailable				
Voltaire	35626	A Philosophical Dictionary, Volume 06	A-Philosophical-Dictionary-Volume-06_35626	unavailable				
Voltaire	35627	A Philosophical Dictionary, Volume 07	A-Philosophical-Dictionary-Volume-07_35627	unavailable				
Voltaire	35628	A Philosophical Dictionary, Volume 08	A-Philosophical-Dictionary-Volume-08_35628	unavailable				
Voltaire	35629	A Philosophical Dictionary, Volume 09	A-Philosophical-Dictionary-Volume-09_35629	unavailable				
Voltaire	35630	A Philosophical Dictionary, Volume 10	A-Philosophical-Dictionary-Volume-10_35630	fetched		460332	fe3aaf6671aed8712954787f17c19538638520f2639e43928df27a6db8b0a168	35630-0.txt
Voltaire	42540	The History of Peter the Great, Emperor of Russia	The-History-of-Peter-the-Great-Emperor-of-Russia_42540	fetched		759382	3a6ca64b26f5e2954022e8ff198fac822146fa56eb93f23c99aea9a864c9bf45	42540.txt
Voltaire	49726	The Works of Voltaire, Vol. IV of XLIII.	The-Works-of-Voltaire-Vol-IV-of-XLIII_49726	unavailable				
Voltaire	57958	Index of the PG Works of Voltaire in English	Index-of-the-PG-Works-of-Voltaire-in-English_57958	fetched		39469	98b53b8b7d1f01f09cd4e6f749abb0e0acc64af62b796d1c0d0a6f4d1e0350f8	57958-0.txt
Voltaire	64858	Toleration and other essays	Toleration-and-other-essays_64858	fetched		450789	271b1b6ae35ac20464162e252292e91fc1f7bcc422609109e16e1fffa0f55773	64858-0.txt
W.C. Fields	4345	Sparrows: The Story of an Unprotected Girl	Sparrows-The-Story-of-an-Unprotected-Girl_4345	unavailable				
W.C. Fields	12902	A Textbook of Theosophy	A-Textbook-of-Theosophy_12902	fetched		277017	eb66aebcd2742498ded6ac2e7356cb9edf1d8275c81f9bc0886743918c7ffb0d	12902.txt
W.C. Fields	15130	The Fugitive Blacksmith	The-Fugitive-Blacksmith_15130	unavailable				
W.C. Fields	15602	Statistical, Historical and Political Description of the Colony of New South Wales and its Dependent Settlements in Van Diemen's Land	Statistical-Historical-and-Political-Description-of-the-Colony-of-New-South-Wales-and-its-Dependent-Settlements-in-Van-Diemen-s-Land_15602	unavailable				
W.C. Fields	16058	Occult Chemistry: Clairvoyant Observations on the Chemical Elements	Occult-Chemistry-Clairvoyant-Observations-on-the-Chemical-Elements_16058	unavailable				
W.C. Fields	16269	Thought-Forms	Thought-Forms_16269	fetched		149644	82ddbc9090640a76c351b75e1bb980685b574130ded295f45adefe92c072a30d	16269-8.txt
W.C. Fields	17244	French Art: Classic and Contemporary Painting and Sculpture	French-Art-Classic-and-Contemporary-Painting-and-Sculpture_17244	unavailable				
W.C. Fields	18390	Letters from France	Letters-from-France_18390	fetched		286251	41827a64a1b75e05e4576be272334b4ec8d860d7f2a18bb4f158391f3745c4b6	18390.txt
W.C. Fields	19848	Woman and Womanhood: A Search for Principles	Woman-and-Womanhood-A-Search-for-Principles_19848	unavailable				
W.C. Fields	20491	Kafir Stories: Seven Short Stories	Kafir-Stories-Seven-Short-Stories_20491	unavailable				
W.C. Fields	20527	The Sherwood Foresters in the Great War 1914 - 1919	The-Sherwood-Foresters-in-the-Great-War-1914-1919_20527	unavailable				
W.C. Fields	21080	The Astral Plane	The-Astral-Plane_21080	unavailable				
W.C. Fields	21616	The Ape, the Idiot & Other People	The-Ape-the-Idiot-Other-People_21616	unavailable				
W.C. Fields	23177	The Inmate Of The Dungeon	The-Inmate-Of-The-Dungeon_23177	unavailable				
W.C. Fields	23638	Reminiscences of a South African Pioneer	Reminiscences-of-a-South-African-Pioneer_23638	fetched		376073	fa76fad4f96b3424c44c67a2d25c801abc6365d24887d198424c6fb79b6d6759	23638.txt
W.C. Fields	24671	Making a Garden of Perennials	Making-a-Garden-of-Perennials_24671	fetched		67546	6a9d3161ee99993806ede2ff6def5d302f1f9a5770bf7b947d933de727b1da7d	24671-8.txt
W.C. Fields	26020	Apis Mellifica; or, The Poison of the Honey-Bee, Considered as a Therapeutic Agent	Apis-Mellifica-or-The-Poison-of-the-Honey-Bee-Considered-as-a-Therapeutic-Agent_26020	unavailable				
W.C. Fields	28674	Babylonian and Assyrian Laws, Contracts and Letters	Babylonian-and-Assyrian-Laws-Contracts-and-Letters_28674	fetched		902191	0113aea6d6909118f5ddab4b505ebcbc8a75efb822cb5807eb4957fef0c69cef	28674-0.txt
W.C. Fields	29399	Clairvoyance	Clairvoyance_29399	fetched		273824	48198b2e3e473bbee6c91f9d9898610739b670be20aae908853c5a029864af7f	29399.txt
W.C. Fields	35644	The Taming of the Jungle	The-Taming-of-the-Jungle_35644	fetched		202208	a48c980101074b25ecc7bdf0beabf1b67ab7cadee10deaf0c7b48d26386ea963	35644-8.txt
W.C. Fields	36219	Sawdust & Spangles: Stories & Secrets of the Circus	Sawdust-Spangles-Stories-Secrets-of-the-Circus_36219	unavailable				
W.C. Fields	36340	From Chart House to Bush Hut	From-Chart-House-to-Bush-Hut_36340	unavailable				
W.C. Fields	36419	The White Hecatomb, and Other Stories	The-White-Hecatomb-and-Other-Stories_36419	fetched		376637	6032dc7d6d55f423007d3056cb0e759b8a56dcbf228a6b5a22d87c43ea5929f3	36419.txt
W.C. Fields	36420	Between Sun and Sand: A Tale of an African Desert	Between-Sun-and-Sand-A-Tale-of-an-African-Desert_36420	unavailable				
W.C. Fields	36421	By Veldt and Kopje	By-Veldt-and-Kopje_36421	fetched		455367	c240e21d22fe2c7026b22771a635aa1f697d6e2d1fc047f226cf062214c6d738	36421.txt
W.C. Fields	36422	Lodges in the Wilderness	Lodges-in-the-Wilderness_36422	fetched		300033	30b5d35d57c89713e46ebfada62fbd28a832d1e8b013560722b85c485570e178	36422.txt
W.C. Fields	36601	A Vendetta of the Desert	A-Vendetta-of-the-Desert_36601	fetched		316489	bc0307931bb67f25e0795c1ff21957325077171762d899f48b14260bc77887f1	36601.txt
W.C. Fields	37041	Preservation of Bull Semen at Sub-Zero Temperatures	Preservation-of-Bull-Semen-at-Sub-Zero-Temperatures_37041	fetched		104293	ba3a379d20f99b9a83877d57b1c7480336c162b706865dd0e78e8a9ec18c9e60	37041.txt
W.C. Fields	39497	A Breeze from the Woods, 2nd Ed.	A-Breeze-from-the-Woods-2nd-Ed_39497	unavailable				
W.C. Fields	42913	Parenthood and Race Culture: An Outline of Eugenics	Parenthood-and-Race-Culture-An-Outline-of-Eugenics_42913	unavailable				
W.C. Fields	45583	Scapa and a Camera	Scapa-and-a-Camera_45583	unavailable				
W.C. Fields	46050	The Relations between the Laws of Babylonia and the Laws of the Hebrew Peoples	The-Relations-between-the-Laws-of-Babylonia-and-the-Laws-of-the-Hebrew-Peoples_46050	unavailable				
W.C. Fields	48301	From Snotty to Sub	From-Snotty-to-Sub_48301	fetched		169048	9d6302ffa9a974deb776afc5b37e34f33919bf280291843a7d470aeb949364d8	48301-0.txt
W.C. Fields	49243	From Dartmouth to the Dardanelles: A Midshipman's Log	From-Dartmouth-to-the-Dardanelles-A-Midshipman-s-Log_49243	fetched		192660	9f45223533fd878ac15c950b0ee99f5cc4f3a7ac5bfe47a44fb66a2f87e14708	49243-0.txt
W.C. Fields	49895	Manual of Library Economy	Manual-of-Library-Economy_49895	unavailable				
W.C. Fields	50495	Bohemian Paris of To-day	Bohemian-Paris-of-To-day_50495	unavailable				
W.C. Fields	50504	The Battle of Gettysburg: The Country, the Contestants, the Results	The-Battle-of-Gettysburg-The-Country-the-Contestants-the-Results_50504	fetched		211982	6a3848d7216b4a27cd620d2389444c335e51d6d2d5aed7cf8322bbb5631b5b50	50504-0.txt
W.C. Fields	50531	On Sulphonfluoresceïn and Some of Its Derivatives	On-Sulphonfluorescein-and-Some-of-Its-Derivatives_50531	fetched		71430	a88a58b893181665c5815fedb62e0db1c04a8804bf6cd603e8cd3e11514ec75d	50531-0.txt
W.C. Fields	51915	Lentala of the South Seas: The Romantic Tale of a Lost Colony	Lentala-of-the-South-Seas-The-Romantic-Tale-of-a-Lost-Colony_51915	fetched		433929	8e41f6bbbff53e375cc6720948000a6416f3c5dbcbb7b9fc985a9ce6597d312e	51915-0.txt
W.C. Fields	51954	A Man: His Mark. A Romance	A-Man-His-Mark-A-Romance_51954	unavailable				
W.C. Fields	57659	Iceland: Horseback tours in saga land	Iceland-Horseback-tours-in-saga-land_57659	fetched		577695	de954f3cca1dc400c4eef50b3aab5b69df092582d9bb2c7961ac42386d147dda	57659-0.txt
W.C. Fields	58500	Some Experiences of a New Guinea Resident Magistrate	Some-Experiences-of-a-New-Guinea-Resident-Magistrate_58500	fetched		961438	02bc9d947ca54dbf29cc5705bc04e6e0b8a8a3bda590a33686b0bfb503d10995	58500-0.txt
W.C. Fields	60022	The Log of the Water Wagon; or, The Cruise of the Good Ship "Lithia"	The-Log-of-the-Water-Wagon-or-The-Cruise-of-the-Good-Ship-Lithia_60022	fetched		74301	42d58e5c945164bba7c0d8d83b91714db620b96af42ca8e4f95a834ca2997b58	60022-0.txt
W.C. Fields	64284	Spawn of the Desert	Spawn-of-the-Desert_64284	fetched		117094	a0fa838cd253880018eeecda6f7642e194d6d19a1e97de284a4c1e59a6939102	64284-0.txt
W.C. Fields	65759	The Devil's Dooryard	The-Devil-s-Dooryard_65759	fetched		114029	ed3c7956fd8c805c67e330965fe84be0730f1fdd939f45d79a769b153968d7f7	65759-0.txt
W.C. Fields	65933	All Wool	All-Wool_65933	fetched		44868	85b50c02028c6d29676d1f8bdb6882be1dbdf11b4ceb9355ad7abf02faf7a400	65933-0.txt
W.C. Fields	65947	The Color of His Boots	The-Color-of-His-Boots_65947	fetched		62977	a81a91fadab58da2a85c74ee147f6ff6fb5ddb4055308d1c3ae84daa2d8b2795	65947-0.txt
W.C. Fields	65949	Psychology and Copper	Psychology-and-Copper_65949	fetched		37308	95f710b80536f8cf5f6334178f1e26b42950ad8555934cb239d22113defd147f	65949-0.txt
W.C. Fields	65961	When Oscar Went Wild	When-Oscar-Went-Wild_65961	fetched		44301	2a6c880765fd54d084b8ed51e9ba4e607fbb24d1793ca37c2f33536844829e32	65961-0.txt
W.C. Fields	65982	Flames of the Storm	Flames-of-the-Storm_65982	fetched		151481	1cbbf8ab96b3ea9ce6819c642651879ddf6fac4e859bf0859b42323d256e64d2	65982-0.txt
W.C. Fields	66024	Bearly Reasonable	Bearly-Reasonable_66024	fetched		78139	772e4bede717218b5a9ab10d155534ddaf1e0c175a6d9b6ad0320874110c5517	66024-0.txt
W.C. Fields	66044	Cinders	Cinders_66044	fetched		41563	692ddbf853d0f09340475254ba57dc6be23837d8183b1e43ffb498a763f0c5d8	66044-0.txt
W.C. Fields	66045	Creepin’ Tintypes	Creepin-Tintypes_66045	fetched		60559	841c409b7e30e458616243b0d2f91d20cae718c6bdb4e48b2654f7bf1124735b	66045-0.txt
W.C. Fields	66050	Dirty Work for Doughgod	Dirty-Work-for-Doughgod_66050	fetched		56716	650bbe951cfcbdea2690c7e074a7d8f9518e94b0fb3bef6193010af83ad04d61	66050-0.txt
W.C. Fields	66441	Reputation	Reputation_66441	fetched		34415	5b1e6548359714ef0e281a5c54fa308604352f64b139e36e5da29fd31338369f	66441-0.txt
W.C. Fields	66588	A Man-Sized Pet	A-Man-Sized-Pet_66588	fetched		44480	af9c1d993885762a4ab914d2b874df2e6442a4628d399d2e94d4759e0cfc904f	66588-0.txt
W.C. Fields	66722	Loco or Love	Loco-or-Love_66722	fetched		57476	d911286ab60bb5a2c5fb7de8a554e9d9c2983f0150a2b15658057f0c38e6f1e2	66722-0.txt
W.C. Fields	66821	The Dead-Line	The-Dead-Line_66821	fetched		328404	97638d8a2e19e018cc019210589ad073489f2d19aaa890ff18501128a62a5ce2	66821-0.txt
W.C. Fields	66823	Wise Men and a Mule	Wise-Men-and-a-Mule_66823	fetched		66746	9dd92974ef1048a9b8b32dbdbb5298c21bec5243d6e78f307584cc6c03113950	66823-0.txt
W.C. Fields	66832	Tied Up for Tombstone	Tied-Up-for-Tombstone_66832	fetched		57079	e9de923c84e33d7d3d1e15c2b059399e0a65ff866ef1eb202f8b9443c6b5402e	66832-0.txt
W.C. Fields	66857	A Prevaricated Parade	A-Prevaricated-Parade_66857	fetched		73477	ab4b382f66c7e6e0b471464f4a8324a308326fd1cf86e441ee455c2bb25b6afb	66857-0.txt
W.C. Fields	66898	Dough or Dynamite	Dough-or-Dynamite_66898	fetched		67763	a73a05c96e879748a1c961f0154e4a61cbe1fcc5267296fef30ea51c9e3b4190	66898-0.txt
W.C. Fields	66976	Upside Down or Backwards	Upside-Down-or-Backwards_66976	fetched		60835	cad95ac61d9096c18b34c26f779b2228aa716e68abcada90fe80ea4ca9980017	66976-0.txt
W.C. Fields	66981	Law Rustlers	Law-Rustlers_66981	fetched		98470	39eee1b14dc05343185e145c423c8684bc7e958fe3526792a8b296417908a258	66981-0.txt
W.C. Fields	67060	Making Good for Muley	Making-Good-for-Muley_67060	fetched		66387	049e098b8fab4021babb9428d0bccbd0d532ed7e10e80c14da103a30a8ad86db	67060-0.txt
W.C. Fields	67118	Playing Safe in Piperock	Playing-Safe-in-Piperock_67118	fetched		80178	a74eb519a2923be6ff57cc7d7a1b640470d6eac6b36997221d806017da6a78cf	67118-0.txt
W.C. Fields	67139	Shepherds for Science	Shepherds-for-Science_67139	fetched		75061	e72d3fc90b066f92f81014291184e7f3ed960899da05983ced00fff586a70c61	67139-0.txt
W.C. Fields	67426	Bantu Beliefs and Magic	Bantu-Beliefs-and-Magic_67426	unavailable				
W.C. Fields	67431	The Buckaroo of Blue Wells	The-Buckaroo-of-Blue-Wells_67431	fetched		347343	55b832a6538b4791b3936dc684c7afd5145586cd86974f273a533c2140b99613	67431-0.txt
W.C. Fields	68426	Two fares east	Two-fares-east_68426	fetched		295507	822cfe329208852f1ca79b74b34a1f90e733805dbbad8709aacbd582e4874271	68426-0.txt
Walt Whitman	1322	Leaves of Grass	Leaves-of-Grass_1322	fetched		775645	3670a70ed46264f6efdbbbef78f594dcbea6bde8c98b07c89fd183bb2c960a1c	1322.txt
Walt Whitman	8388	Poems by Walt Whitman	Poems-by-Walt-Whitman_8388	fetched		419455	6aa7ffda70227079774ec35308a58e1530d7b4a434b65f5e28ff69203476529e	8388-8.txt
Walt Whitman	8801	Drum-Taps	Drum-Taps_8801	fetched		112093	2b0c9a233860567ca4b24053897db0b554cbb6a521481c9e9643cad855db0e5e	8801-8.txt
Walt Whitman	8813	Complete Prose Works	Complete-Prose-Works_8813	unavailable				
Walt Whitman	12717	When Lilacs Last in the Dooryard Bloom'd	When-Lilacs-Last-in-the-Dooryard-Bloom-d_12717	unavailable				
Walt Whitman	12718	Song of Myself Selections	Song-of-Myself-Selections_12718	unavailable				
Walt Whitman	19571	A Noiseless Patient Spider	A-Noiseless-Patient-Spider_19571	unavailable				
Walt Whitman	23979	Leaves of Grass	Leaves-of-Grass_23979	unavailable				
Walt Whitman	27494	The Patriotic Poems of Walt Whitman	The-Patriotic-Poems-of-Walt-Whitman_27494	fetched		198884	c5c97cfa40d64218d04e91b912737895d8887efceff2940fd4f540534d0335c7	27494-8.txt
Walt Whitman	35395	The Letters of Anne Gilchrist and Walt Whitman	The-Letters-of-Anne-Gilchrist-and-Walt-Whitman_35395	fetched		393956	beb032652394ddd03bfd388f8f2766b0790d8c863d5fdd29cdfd498cfe5b6a20	35395-8.txt
Walt Whitman	35725	The Wound Dresser	The-Wound-Dresser_35725	unavailable				
Walt Whitman	58843	Index of the Project Gutenberg Works of Walt Whitman	Index-of-the-Project-Gutenberg-Works-of-Walt-Whitman_58843	fetched		34570	047e758b726202b65b632c71158c1d7a05509f8fbbbd731cb4ba8dfddc2b98d0	58843-0.txt
Walt Whitman	60505	Memories of Lincoln	Memories-of-Lincoln_60505	fetched		55089	64ab3e987f93ff150834d0cb8042bbca4c9d12fb4eca4e53ff768c8a4a02e311	60505-0.txt
Walter Bagehot	4350	Physics and Politics, or, Thoughts on the application of the principles of "natural selection" and "inheritance" to political society	Physics-and-Politics-or-Thoughts-on-the-application-of-the-principles-of-natural-selection-and-inheritance-to-political-society_4350	unavailable				
Walter Bagehot	4351	The English Constitution	The-English-Constitution_4351	fetched		589402	65862f2dfc242e2a986554a587cf1b2c66bf8313ae778ce79b25323f94e8f488	4351-8.txt
Walter Bagehot	4359	Lombard Street: A Description of the Money Market	Lombard-Street-A-Description-of-the-Money-Market_4359	unavailable				
Walter Lippmann	6456	Public Opinion	Public-Opinion_6456	fetched		664457	23efd9ef88af900c15a68c2d1b7712063f6b61f3b85682cc80c73fdf965c9dc9	6456-8.txt
Walter Lippmann	20125	A Preface to Politics	A-Preface-to-Politics_20125	fetched		424323	03074d8c0bc4bae7e1f524ffd28bb411df416d574dfa9534ddf6893bfb274640	20125.txt
Washington Irving	41	The Legend of Sleepy Hollow	The-Legend-of-Sleepy-Hollow_41	fetched		90994	9dbaa83e29c71f1e40fd986c470f5ad97412413ba05052c059885bc3e46c491b	41-0.txt
Washington Irving	877	Little Britain	Little-Britain_877	fetched		50010	09e9a58e458f94bfe20f02b13ab8d2fcf3470f58e8707fadb7a569118e0e6288	877-0.txt
Washington Irving	1371	Astoria; Or, Anecdotes of an Enterprise Beyond the Rocky Mountains	Astoria-Or-Anecdotes-of-an-Enterprise-Beyond-the-Rocky-Mountains_1371	unavailable				
Washington Irving	1372	The Adventures of Captain Bonneville, U. S. A., in the Rocky Mountains and the Far West	The-Adventures-of-Captain-Bonneville-U-S-A-in-the-Rocky-Mountains-and-the-Far-West_1372	unavailable				
Washington Irving	1850	Old Christmas	Old-Christmas_1850	fetched		129986	5f738ac222b0fc421f80479bb20082b7229aa7f65409b0f60eea99450f34acd1	1850.txt
Washington Irving	2048	The Sketch-Book of Geoffrey Crayon	The-Sketch-Book-of-Geoffrey-Crayon_2048	fetched		780390	be903122b2cee60cb8cf5a588f85b71b8c38c19c2f5fa1d4b62febd315cdb8fa	2048-0.txt
Washington Irving	3293	Chronicle of the Conquest of Granada, from the mss. of Fray Antonio Agapida	Chronicle-of-the-Conquest-of-Granada-from-the-mss-of-Fray-Antonio-Agapida_3293	unavailable				
Washington Irving	7002	Life of George Washington — Volume 01	Life-of-George-Washington-Volume-01_7002	unavailable				
Washington Irving	7948	Abbotsford and Newstead Abbey	Abbotsford-and-Newstead-Abbey_7948	fetched		306444	5a76a6da363f5d3c084752178acbc19d2c22e4d9c6061325b343d9972257eb94	7948.txt
Washington Irving	7993	Oliver Goldsmith: A Biography	Oliver-Goldsmith-A-Biography_7993	unavailable				
Washington Irving	7994	The Crayon Papers	The-Crayon-Papers_7994	fetched		505186	9d74e2a0c0ad23fcf6fbf9be4dedd1f207bd93b1dddc9587d1739d6e42afd3d0	7994-8.txt
Washington Irving	8519	The Life and Voyages of Christopher Columbus (Volume II)	The-Life-and-Voyages-of-Christopher-Columbus-Volume-II_8519	unavailable				
Washington Irving	8571	Wolfert's Roost, and Miscellanies	Wolfert-s-Roost-and-Miscellanies_8571	fetched		399035	ca464e404eb2246649c97a9e56aa0e4bf8ad13099da4c5e0e4340ff19181509e	8571-8.txt
Washington Irving	13042	Knickerbocker's History of New York, Complete	Knickerbocker-s-History-of-New-York-Complete_13042	fetched		744579	ff412d51174bf6e920b5701d2a0f675eaa652ed05c89b7dbd0406f0ff1fdd00b	13042.txt
Washington Irving	13514	Tales of a Traveller	Tales-of-a-Traveller_13514	fetched		672077	aaa05dfb297df026420130082d1dd27255f6f4a6348e6a276514f66dcf84d4ce	13514-8.txt
Washington Irving	13515	Bracebridge Hall, or The Humorists	Bracebridge-Hall-or-The-Humorists_13515	fetched		806007	1761443e862bd554745adac1268ef165be503821693bf7b6e470c54d29a33ec0	13515-8.txt
Washington Irving	14228	Bracebridge Hall	Bracebridge-Hall_14228	fetched		294546	362612fd9f2baa4cc8c666c72986200efcb453dd35f842d95ead16d9b13ec07d	14228.txt
Washington Irving	20656	Old Christmas: from the Sketch Book of Washington Irving	Old-Christmas-from-the-Sketch-Book-of-Washington-Irving_20656	fetched		143223	03be49fcfef733ac0a6612014fd0d1a5fa2f02af069be762c80cbde6762661c4	20656-8.txt
Washington Irving	23898	Old Christmas	Old-Christmas_23898	unavailable				
Washington Irving	23965	The Legend of Sleepy Hollow	The-Legend-of-Sleepy-Hollow_23965	unavailable				
Washington Irving	32987	The Student's Life of Washington; Condensed from the Larger Work of Washington Irving	The-Student-s-Life-of-Washington-Condensed-from-the-Larger-Work-of-Washington-Irving_32987	unavailable				
Washington Irving	49872	The Alhambra	The-Alhambra_49872	fetched		665040	63f9a5e1e7397b96ebc258b5f3c945e3c2345fd4929149d577705ab47a41a762	49872-0.txt
Washington Irving	49947	The Alhambra	The-Alhambra_49947	fetched		733206	f02c144a5636821029e8bcec209438088d13b196854249b7980366408d13c6dc	49947-0.txt
Washington Irving	50352	Spanish Papers	Spanish-Papers_50352	fetched		746553	aa306c2a71bbfececa657fdc135db3f0f5b26378c8cda3f1336b4bee361def4f	50352-0.txt
Washington Irving	52361	Christmas Day	Christmas-Day_52361	fetched		47825	b77404ab60288eb49c850854cf5dc17e254c095989c5e535bedb6ae9c58d501b	52361-0.txt
Washington Irving	55888	Pennsylvania Dutch Rip Van Winkle: A romantic drama in two acts	Pennsylvania-Dutch-Rip-Van-Winkle-A-romantic-drama-in-two-acts_55888	fetched		92149	fe71f70a50cef6d116f88c08cd042d6139317c353cc45290db23ba58b4e94989	55888-0.txt
Washington Irving	58172	Index of the Project Gutenberg Works of Washington Irving	Index-of-the-Project-Gutenberg-Works-of-Washington-Irving_58172	fetched		103841	f8fdf31e9e3a87bf352c3f72b4af9cc86d311313062c89d3c0b760735473a6ba	58172-0.txt
Washington Irving	60976	Rip Van Winkle	Rip-Van-Winkle_60976	fetched		71979	c86ea15247e7a4b2187cd07bea0e0123b8387ef8c6dcfef9ecd7b3ec73c19a9d	60976-0.txt
Washington Irving	64092	The Christmas dinner, from "The sketch book"	The-Christmas-dinner-from-The-sketch-book_64092	fetched		46981	244bad941db2f8896878c3edaff5331567993061c32192282beb6050b716ca43	64092-0.txt
Washington Irving	64636	Rip Van Winkle	Rip-Van-Winkle_64636	fetched		65590	203f79e2f6459eef4ee47f6ecc48d3bea44007f41cc04fd79109af16618fd2f6	64636-0.txt
Will Rogers	20566	Rogers-isms, the Cowboy Philosopher on the Peace Conference	Rogers-isms-the-Cowboy-Philosopher-on-the-Peace-Conference_20566	fetched		45992	c8228d80dc25a4f3cb52b14921f09f9ae43dd598fcc51208266cb7b682f078da	20566.txt
Willa Cather	24	O Pioneers!	O-Pioneers_24	unavailable				
Willa Cather	44	The Song of the Lark	The-Song-of-the-Lark_44	fetched		874867	c5fbba48a2b99fb3d541eb2ee9eef832a7dbf6aed172c629688a604d364ec827	44-0.txt
Willa Cather	94	Alexander's Bridge	Alexander-s-Bridge_94	fetched		183125	e0db7ae6b5849c222cb00c7d4dac602111f2153c5b74aabb52261fff8c89c49a	94-0.txt
Willa Cather	242	My Antonia	My-Antonia_242	fetched		475021	2184bc90b85c927c7122f263be903cd254edf11085da09c95d60337702b0ac35	242-0.txt
Willa Cather	346	The Troll Garden, and Selected Stories	The-Troll-Garden-and-Selected-Stories_346	fetched		502353	d5947b192edc6d2f42793e0d376c13a318d8cbe952186948cab3b37b002f3428	346-0.txt
Willa Cather	2369	One of Ours	One-of-Ours_2369	fetched		725000	18029d01ffd9854d94ab32a7f53e24254c87ec55ce4280879a87f2033a777abe	2369-8.txt
Willa Cather	13555	Youth and the Bright Medusa	Youth-and-the-Bright-Medusa_13555	fetched		400733	3e4a12c7f8eff64e48d6f94c50a533dad6b280ce69e780601888dc739e0a1658	13555.txt
Willa Cather	19810	My Ántonia	My-Antonia_19810	unavailable				
Willa Cather	22348	Alexander's Bridge	Alexander-s-Bridge_22348	unavailable				
Willa Cather	22448	O Pioneers!	O-Pioneers_22448	unavailable				
Willa Cather	25586	A Collection of Stories, Reviews and Essays	A-Collection-of-Stories-Reviews-and-Essays_25586	fetched		560081	cd311c999dc87a976e92634428ef2daae7b1c71b7968fa025aaa178033b76431	25586-8.txt
Willa Cather	64318	April twilights, and other poems	April-twilights-and-other-poems_64318	fetched		71275	8729215699d68a61e29519f09a9b631e9b8105d1d196883d2b67c97a532ddb68	64318-0.txt
Willa Cather	65465	The Professor's House	The-Professor-s-House_65465	fetched		356114	7fa65adea6ad5d3b6e7f3ba8b7d98b69a63ebd8ac72ce18eb035dd6ad9f337e9	65465-0.txt
Willa Cather	65636	A Lost Lady	A-Lost-Lady_65636	fetched		210390	78e45d5069477d6f207910be7a9e65a20032b9f448a85d9a4f869e5f1e9b8ba0	65636-0.txt
William Adams	45796	Twenty-Six Years Reminiscences of Scotch Grouse Moors	Twenty-Six-Years-Reminiscences-of-Scotch-Grouse-Moors_45796	fetched		166271	24bf17ad657c59c53c3f6f56cc71758ba71c5f887c15fa10a21aca02ec0e4815	45796.txt
William Adams	47150	A Book of Burlesque: Sketches of English Stage Travestie and Parody	A-Book-of-Burlesque-Sketches-of-English-Stage-Travestie-and-Parody_47150	fetched		405026	5982326a56a44112e5a78b7243c00acf815dad2cc53735ab3fe83a4ccfddd681	47150.txt
William Adams	60367	Shibusawa; or, The passing of old Japan	Shibusawa-or-The-passing-of-old-Japan_60367	fetched		462131	76bfa7cf398be3c2333639fcbdaee140e1077e4f2def513c2ce77bf3e0569a49	60367-8.txt
William Adams	62919	Yodogima: In Feudalistic Japan	Yodogima-In-Feudalistic-Japan_62919	fetched		430071	6705a76e94e491ccc1a49c479231ac3be89a54f6ddd7675e3c360ed9474e79c9	62919-0.txt
William Adams	63571	Exploits and Adventures of a Soldier Ashore and Afloat	Exploits-and-Adventures-of-a-Soldier-Ashore-and-Afloat_63571	fetched		342425	d122c0d5cb1450a39d66f03c49370acb76bfe8442999384e3e35cf9c71043738	63571-0.txt
William Blake	574	Poems of William Blake	Poems-of-William-Blake_574	fetched		61245	c46efb8dab4f445eaba88e59fe826f6d308972bf34ce2ec812535e27d783b204	574.txt
William Blake	1934	Songs of Innocence and of Experience	Songs-of-Innocence-and-of-Experience_1934	unavailable				
William Blake	21160	Songs of Innocence, and Songs of Experience	Songs-of-Innocence-and-Songs-of-Experience_21160	unavailable				
William Blake	21177	The Tiger	The-Tiger_21177	unavailable				
William Blake	21178	The Voice of the Ancient Bard	The-Voice-of-the-Ancient-Bard_21178	unavailable				
William Blake	30526	Illustrations of The Book of Job	Illustrations-of-The-Book-of-Job_30526	fetched		31125	7b4c9005664d7b4426c6dba0053006f96400b89ea821e442a84b190952dac598	30526.txt
William Blake	45315	The Marriage of Heaven and Hell	The-Marriage-of-Heaven-and-Hell_45315	fetched		46722	21b3f5d65bcd9e3f7512cc6c6998d79a3299a121336bc5efa0831d3ef5799fc1	45315.txt
William Blake	64374	Twenty-Seven Drawings by William Blake	Twenty-Seven-Drawings-by-William-Blake_64374	unavailable				
William Butler Yeats	5167	The Countess Cathleen	The-Countess-Cathleen_5167	fetched		98836	9395816f9b552036e45a200c11e54b713373009d8b61c34c815dc1f8ad411d68	5167.txt
William Butler Yeats	5168	The Land of Heart's Desire	The-Land-of-Heart-s-Desire_5168	fetched		41778	1be4e3a38a04a26c09787247fa44b936c38d4cd491bf6ebfe05f86e466da3e02	5168.txt
William Butler Yeats	5793	Stories of Red Hanrahan	Stories-of-Red-Hanrahan_5793	fetched		94554	d104ec02e2d1098c82e7fc444cafc80ebe6924e7ae52aed6701d44e014ab4156	5793.txt
William Butler Yeats	5794	Rosa Alchemica	Rosa-Alchemica_5794	fetched		62907	fef4bbd22ded9a21f05319318d74d38bc3e630a705b0ae0d8ca7fa29aa1cfe2b	5794.txt
William Butler Yeats	5795	The Secret Rose	The-Secret-Rose_5795	fetched		138297	37df14f6fc8e1ab3fe7b6b1f8ee2adce061acdb936d61d11029a98c7989e5b33	5795.txt
William Butler Yeats	6865	Four Years	Four-Years_6865	fetched		141938	3096c7f22ae12025638594ef44b0524f8388c9b279a48c56d82584cbee73a22c	6865.txt
William Butler Yeats	7448	The Hour Glass	The-Hour-Glass_7448	fetched		44210	ed8c003bd6b0d5efbb5f09ab9f610a736420a260be0062dc4e29e6b845a051bd	7448.txt
William Butler Yeats	8557	Synge and the Ireland of His Time	Synge-and-the-Ireland-of-His-Time_8557	fetched		80666	04e9209f4b03483b905fb6c86c7f7225058959fbe27b2170250b3d942ba74e69	8557.txt
William Butler Yeats	10459	The Celtic Twilight	The-Celtic-Twilight_10459	fetched		231305	105052152327a566ae2b84c03eea6e0239d4f9e77de959d50356ca264cbebd68	10459.txt
William Butler Yeats	15153	The Land of Heart's Desire	The-Land-of-Heart-s-Desire_15153	fetched		44727	c7663d47b001aef1f10ec29e756f38a8122948636bd02db1522fce399c8f3b36	15153.txt
William Butler Yeats	15401	The Great Lone Land	The-Great-Lone-Land_15401	unavailable				
William Butler Yeats	20591	Aedh Wishes for the Cloths of Heaven	Aedh-Wishes-for-the-Cloths-of-Heaven_20591	unavailable				
William Butler Yeats	26144	The Unicorn from the Stars and Other Plays	The-Unicorn-from-the-Stars-and-Other-Plays_26144	fetched		158470	2027c69554be4a3a06d83a48bfd056ea0d50f4a072828ba261bc60bd7a9af5f4	26144-8.txt
William Butler Yeats	30488	The Green Helmet and Other Poems	The-Green-Helmet-and-Other-Poems_30488	fetched		59887	b365ea2c45fab139c05910b5c80c816e6af6d1e49734be9b6b1cef15d9b37543	30488.txt
William Butler Yeats	30652	In The Seven Woods: Being Poems Chiefly of the Irish Heroic Age	In-The-Seven-Woods-Being-Poems-Chiefly-of-the-Irish-Heroic-Age_30652	unavailable				
William Butler Yeats	31959	Seven Poems and a Fragment	Seven-Poems-and-a-Fragment_31959	fetched		40282	0620f5dcbb205fb14eb703f18b4511b488700dcdffb9b436f91224d5b53ddba3	31959.txt
William Butler Yeats	32233	The Wind Among the Reeds	The-Wind-Among-the-Reeds_32233	fetched		85010	f681ff92169ab781a4be498f3a0540914a3f06e349eff16495b08b035776ca75	32233-8.txt
William Butler Yeats	32491	The Wild Swans at Coole	The-Wild-Swans-at-Coole_32491	fetched		78632	56fab1a80e7a77f426e1dbb5e9ea706c2bc1592f0a7e70b1457ca970e66472a7	32491.txt
William Butler Yeats	32884	Ideas of Good and Evil	Ideas-of-Good-and-Evil_32884	fetched		340411	1cec08d63b55b40c70b0f7ca892fb3968465e4ab477521be52e1ead1bd6592df	32884.txt
William Butler Yeats	33087	Discoveries: A Volume of Essays	Discoveries-A-Volume-of-Essays_33087	unavailable				
William Butler Yeats	33094	The Cutting of an Agate	The-Cutting-of-an-Agate_33094	fetched		282422	bd1938639557e401ed7723bb7eaa22f1d8ed59373c2c60422fc64b0b26d3c08c	33094.txt
William Butler Yeats	33321	Two plays for dancers	Two-plays-for-dancers_33321	fetched		59948	0ac46129d4dde04fe1b93c9b16a306a0ced1d78f9f07c00ee888933aedc00cc8	33321.txt
William Butler Yeats	33338	Per Amica Silentia Lunae	Per-Amica-Silentia-Lunae_33338	fetched		96414	028628d4ceb53f36117706739465ec26bfc3b416f278b5b8f329758ebefe6657	33338-8.txt
William Butler Yeats	33348	Reveries over Childhood and Youth	Reveries-over-Childhood-and-Youth_33348	fetched		192978	eee7ad96edb78a252b5a6701e9238a9b70571d21eb900ad322e4f8b3a9d9b406	33348-8.txt
William Butler Yeats	33430	Mosada: A dramatic poem	Mosada-A-dramatic-poem_33430	unavailable				
William Butler Yeats	33505	The Trembling of the Veil	The-Trembling-of-the-Veil_33505	fetched		424636	897a0a69fa105b899db8624fd3e62d59c4b494d7ceee5902a0808dd35c399dcb	33505-8.txt
William Butler Yeats	36865	Responsibilities, and other poems	Responsibilities-and-other-poems_36865	unavailable				
William Butler Yeats	38349	Where There is Nothing	Where-There-is-Nothing_38349	unavailable				
William Butler Yeats	38877	Poems	Poems_38877	fetched		246515	42d85155d7b73bdea3a44306da30925ba07cba96ac44af1ecd83373dbeac98ba	38877-8.txt
William Butler Yeats	41102	The King's Threshold; and On Baile's Strand	The-King-s-Threshold-and-On-Baile-s-Strand_41102	unavailable				
William Butler Yeats	42255	A Little Fleet	A-Little-Fleet_42255	fetched		45328	929d1920d06bbfc93aefef4cc4d31e32291f617f341347f7b3ceabb30aeccf50	42255-8.txt
William Butler Yeats	43611	The Tables of the Law; & The Adoration of the Magi	The-Tables-of-the-Law-The-Adoration-of-the-Magi_43611	unavailable				
William Butler Yeats	47887	Sir Charles Napier	Sir-Charles-Napier_47887	fetched		382144	27d08c47fb226a1d7f2df5ebfd37eae7ccd15e38cbc09fa7b309a27d077cf99d	47887.txt
William Butler Yeats	49109	John Sherman; and, Dhoya	John-Sherman-and-Dhoya_49109	fetched		161780	5b5e76652f5537202fb7b3f4c7883a2e90c959f75edb9e366d4403ac42f71eed	49109-0.txt
William Butler Yeats	49608	The Collected Works in Verse and Prose of William Butler Yeats, Vol. 1 (of 8)	The-Collected-Works-in-Verse-and-Prose-of-William-Butler-Yeats-Vol-1-of-8_49608	unavailable				
William Butler Yeats	49609	The Collected Works in Verse and Prose of William Butler Yeats, Vol. 2 (of 8)	The-Collected-Works-in-Verse-and-Prose-of-William-Butler-Yeats-Vol-2-of-8_49609	unavailable				
William Butler Yeats	49610	The Collected Works in Verse and Prose of William Butler Yeats, Vol. 3 (of 8)	The-Collected-Works-in-Verse-and-Prose-of-William-Butler-Yeats-Vol-3-of-8_49610	unavailable				
William Butler Yeats	49611	The Collected Works in Verse and Prose of William Butler Yeats, Vol. 4 (of 8)	The-Collected-Works-in-Verse-and-Prose-of-William-Butler-Yeats-Vol-4-of-8_49611	unavailable				
William Butler Yeats	49612	The Collected Works in Verse and Prose of William Butler Yeats, Vol. 5 (of 8)	The-Collected-Works-in-Verse-and-Prose-of-William-Butler-Yeats-Vol-5-of-8_49612	unavailable				
William Butler Yeats	49613	The Collected Works in Verse and Prose of William Butler Yeats, Vol. 6 (of 8)	The-Collected-Works-in-Verse-and-Prose-of-William-Butler-Yeats-Vol-6-of-8_49613	unavailable				
William Butler Yeats	49614	The Collected Works in Verse and Prose of William Butler Yeats, Vol. 7 (of 8)	The-Collected-Works-in-Verse-and-Prose-of-William-Butler-Yeats-Vol-7-of-8_49614	unavailable				
William Butler Yeats	49615	The Collected Works in Verse and Prose of William Butler Yeats, Vol. 8 (of 8)	The-Collected-Works-in-Verse-and-Prose-of-William-Butler-Yeats-Vol-8-of-8_49615	unavailable				
William Butler Yeats	57113	Red Cloud, the Solitary Sioux: A Story of the Great Prairie	Red-Cloud-the-Solitary-Sioux-A-Story-of-the-Great-Prairie_57113	unavailable				
William Butler Yeats	59768	Index of the Project Gutenberg Works of William Butler Yeats	Index-of-the-Project-Gutenberg-Works-of-William-Butler-Yeats_59768	fetched		44040	28c5fc14361b53e114ba1482a2e1f7b81700202e0501875a83a7cc24c06e2ddf	59768-0.txt
William Butler Yeats	62893	Early memories; some chapters of autobiography	Early-memories-some-chapters-of-autobiography_62893	fetched		157482	16ae6a7685633aa23dd3c3cd36ddeb65f52d2dfb3f413ae0e02c3537ba61391c	62893-0.txt
William Butler Yeats	62939	Essays Irish and American	Essays-Irish-and-American_62939	fetched		144680	be47e61e8006fe8a1fab0a1b159db71b5103468ec12f3cb910d44dcec05ae7fa	62939-0.txt
William Butler Yeats	66296	The Wild North Land	The-Wild-North-Land_66296	unavailable				
William Congreve	1191	The Double-Dealer: A Comedy	The-Double-Dealer-A-Comedy_1191	unavailable				
William Congreve	1192	The Old Bachelor: A Comedy	The-Old-Bachelor-A-Comedy_1192	unavailable				
William Congreve	1244	Love for Love: A Comedy	Love-for-Love-A-Comedy_1244	unavailable				
William Congreve	1292	The Way of the World	The-Way-of-the-World_1292	fetched		187259	041e13fd378f1dbc999fc4ed31df8c71eafab0a70f6c7fce14a919339f336f22	1292-0.txt
William Congreve	2363	Incognita; Or, Love and Duty Reconcil'd	Incognita-Or-Love-and-Duty-Reconcil-d_2363	unavailable				
William Congreve	24215	The Comedies of William Congreve: Volume 1 [of 2]	The-Comedies-of-William-Congreve-Volume-1-of-2_24215	unavailable				
William Congreve	27606	The Library of William Congreve	The-Library-of-William-Congreve_27606	fetched		303805	c2b0be3ffbdaa6fe36afb5bb0cfbb8f56262e97e33a2664ecbb94889e0af512b	27606-0.txt
William Congreve	57791	The Details of the Rocket System	The-Details-of-the-Rocket-System_57791	fetched		122126	ae86a1a9c1da8cdd79f837bc79502ace58c015d0d1fa7fc92bb3562ff3cbce1b	57791-0.txt
William Cullen Bryant	10141	A Discourse on the Life, Character and Writings of Gulian Crommelin Verplanck	A-Discourse-on-the-Life-Character-and-Writings-of-Gulian-Crommelin-Verplanck_10141	unavailable				
William Cullen Bryant	11013	Letters of a Traveller; Or, Notes of Things Seen in Europe and America	Letters-of-a-Traveller-Or-Notes-of-Things-Seen-in-Europe-and-America_11013	unavailable				
William Cullen Bryant	16341	Poems by William Cullen Bryant	Poems-by-William-Cullen-Bryant_16341	fetched		316469	092289024ffd20b32d5e1ed55e423364947d689c909e9762279dab3c4727ebff	16341.txt
William Cullen Bryant	22406	The Little People of the Snow	The-Little-People-of-the-Snow_22406	fetched		40591	78865f5a6e045c6bf00f921ac6857e81ff2d99d63c8e75435f344852f7bf794e	22406.txt
William Cullen Bryant	29700	Poetical Works of William Cullen Bryant	Poetical-Works-of-William-Cullen-Bryant_29700	unavailable				
William Dampier	15675	A Voyage to New Holland, Etc. in the Year 1699	A-Voyage-to-New-Holland-Etc-in-the-Year-1699_15675	unavailable				
William Dampier	15685	A Continuation of a Voyage to New Holland, Etc. in the Year 1699	A-Continuation-of-a-Voyage-to-New-Holland-Etc-in-the-Year-1699_15685	unavailable				
William E. Gladstone	408	The Souls of Black Folk	The-Souls-of-Black-Folk_408	fetched		428531	4995fcdaae56025b9243fcd787ad9864ffe3380705198d26954973452d5c38a2	408.txt
William E. Gladstone	706	The Amateur Cracksman	The-Amateur-Cracksman_706	fetched		307532	08d073c211e50ad8a0fec4f071039bde5ce39b913a1e49a87237cde4209a842a	706.txt
William E. Gladstone	707	Raffles: Further Adventures of the Amateur Cracksman	Raffles-Further-Adventures-of-the-Amateur-Cracksman_707	unavailable				
William E. Gladstone	1703	Dead Men Tell No Tales	Dead-Men-Tell-No-Tales_1703	fetched		325957	fd7e84e378c59ad0e13ebc455c5df770db2fccd9913cf16cc9de65a044c5ce9e	1703-0.txt
William E. Gladstone	2098	A Thief in the Night: A Book of Raffles' Adventures	A-Thief-in-the-Night-A-Book-of-Raffles-Adventures_2098	unavailable				
William E. Gladstone	3426	On Books and the Housing of Them	On-Books-and-the-Housing-of-Them_3426	fetched		57176	fa953d0a2cd0b8ef74a03583510f3ba3cc9acd47253b1c0fbd3b6f939f955d87	3426.txt
William E. Gladstone	5685	The Conservation of Races	The-Conservation-of-Races_5685	fetched		42401	7a5faf3ccac0549b2e3b988fc321d893e2670f69aeadfb695a79a0489364ff19	5685.txt
William E. Gladstone	6874	Canada and the States	Canada-and-the-States_6874	fetched		830384	d440251ad9f6578072c863f7cc8819ef461c6a93db6f52919a8d26187ad03c8a	6874.txt
William E. Gladstone	9806	Mr. Justice Raffles	Mr-Justice-Raffles_9806	unavailable				
William E. Gladstone	11153	No Hero	No-Hero_11153	fetched		233569	ebcf7f089014a6417496b2ea70a145d7cddd3fd04c56f07578c41cbf62cdf6f3	11153-8.txt
William E. Gladstone	12415	Byways Around San Francisco Bay	Byways-Around-San-Francisco-Bay_12415	fetched		114377	b51bc3e10331d00ee9e7f1f7d6f875994413422973fbcdde2471d73459da3a51	12415-8.txt
William E. Gladstone	12590	The Shadow of the Rope	The-Shadow-of-the-Rope_12590	fetched		456646	e76c9dc239f1c9769d66816d2f9ff79a740c1b99863663246ef56440b9542324	12590-8.txt
William E. Gladstone	13762	Report of Mr. W. E. Cormack's journey in search of the Red Indians in Newfoundland	Report-of-Mr-W-E-Cormack-s-journey-in-search-of-the-Red-Indians-in-Newfoundland_13762	unavailable				
William E. Gladstone	15210	Darkwater: Voices from Within the Veil	Darkwater-Voices-from-Within-the-Veil_15210	unavailable				
William E. Gladstone	15265	The Quest of the Silver Fleece: A Novel	The-Quest-of-the-Silver-Fleece-A-Novel_15265	unavailable				
William E. Gladstone	15359	The Negro	The-Negro_15359	fetched		371139	1f72f9a3798af1a68a6cf478b96275d9d604cfef7911b3cb2f2c9c9bb4f829bd	15359.txt
William E. Gladstone	15443	Heiress of Haddon	Heiress-of-Haddon_15443	fetched		478410	4579b8bab7ffcea208457649d16b4e0c0e19e9cdcac0dc34368d2f809a5b1877	15443-8.txt
William E. Gladstone	15956	Vellenaux	Vellenaux_15956	unavailable				
William E. Gladstone	16184	His Life: A Complete Story in the Words of the Four Gospels	His-Life-A-Complete-Story-in-the-Words-of-the-Four-Gospels_16184	unavailable				
William E. Gladstone	16460	From Aldershot to Pretoria	From-Aldershot-to-Pretoria_16460	unavailable				
William E. Gladstone	17700	The Suppression of the African Slave Trade to the United States of America	The-Suppression-of-the-African-Slave-Trade-to-the-United-States-of-America_17700	unavailable				
William E. Gladstone	20012	The Hawarden Visitors' Hand-Book	The-Hawarden-Visitors-Hand-Book_20012	unavailable				
William E. Gladstone	20592	The Amateur Cracksman	The-Amateur-Cracksman_20592	unavailable				
William E. Gladstone	26526	Stingaree	Stingaree_26526	fetched		351809	66bb1d487e065026f4df207b02d31e923d693cdd5d47ce9054e9edee715f1b64	26526.txt
William E. Gladstone	28844	The Souls of Black Folk	The-Souls-of-Black-Folk_28844	unavailable				
William E. Gladstone	30096	The Camera Fiend	The-Camera-Fiend_30096	fetched		432091	3c14d8db4f48da0b7858480617401180c804065d8841177825bfa45becea0798	30096-0.txt
William E. Gladstone	30561	His Last Week	His-Last-Week_30561	unavailable				
William E. Gladstone	30726	Cole's Funny Picture Book No. 1	Cole-s-Funny-Picture-Book-No-1_30726	unavailable				
William E. Gladstone	31049	Bugle Blasts	Bugle-Blasts_31049	unavailable				
William E. Gladstone	31254	The Conservation of Races	The-Conservation-of-Races_31254	unavailable				
William E. Gladstone	31705	The Social Direction of Evolution: An Outline of the Science of Eugenics	The-Social-Direction-of-Evolution-An-Outline-of-the-Science-of-Eugenics_31705	unavailable				
William E. Gladstone	32316	The Honored Prophet	The-Honored-Prophet_32316	fetched		35719	b61162596c29e5ded1ab1e5445111c3b1dc92b21b9d42665200c87b3b3f34e6e	32316.txt
William E. Gladstone	33173	A Thief in the Night: Further adventures of A. J. Raffles, Cricketer and Cracksman	A-Thief-in-the-Night-Further-adventures-of-A-J-Raffles-Cricketer-and-Cracksman_33173	unavailable				
William E. Gladstone	33237	The Call of the World; or, Every Man's Supreme Opportunity	The-Call-of-the-World-or-Every-Man-s-Supreme-Opportunity_33237	unavailable				
William E. Gladstone	33651	The Shadow of a Man	The-Shadow-of-a-Man_33651	fetched		231838	9652497c693688ad72e0418441b652361ca453d2cd7bf5959adaf6b4c3aa2340	33651-8.txt
William E. Gladstone	33971	Witching Hill	Witching-Hill_33971	fetched		336173	2e18cafa68606c6c605293b621b63ee92ae14990cebd14efc830007a3922784b	33971-8.txt
William E. Gladstone	34188	With Our Fighting Men	With-Our-Fighting-Men_34188	unavailable				
William E. Gladstone	35684	At Large	At-Large_35684	fetched		558769	8789b0749adb688ee9a7f1552650afac64409de8d6352f99a282629db529e7c7	35684-8.txt
William E. Gladstone	36115	Peccavi	Peccavi_36115	fetched		601139	46b0f4817dec8ade37a6ae0a4c4bcc35af378bbfed84ce4bbefefd9fd0ddca07	36115-0.txt
William E. Gladstone	36746	The Mountains of Oregon	The-Mountains-of-Oregon_36746	fetched		177790	3d3184e5d1d0301eaf8fd5a1610e2b0408c9c2d5b12332df13f3a3b3c3a75a46	36746.txt
William E. Gladstone	37062	The Thousandth Woman	The-Thousandth-Woman_37062	fetched		200957	49889ded6880e2fc91270a9991f6f0a607312be95ae8e1559defadb90a26e50d	37062-8.txt
William E. Gladstone	37063	George Morland: Sixteen examples in colour of the artist's work	George-Morland-Sixteen-examples-in-colour-of-the-artist-s-work_37063	unavailable				
William E. Gladstone	37320	Tiny Luttrell	Tiny-Luttrell_37320	fetched		415727	4b4515a197a9f62fe1041281adfbf9da0906576b3734242658e4ea1063fb9bfb	37320-0.txt
William E. Gladstone	37331	Notes of a Camp-Follower on the Western Front	Notes-of-a-Camp-Follower-on-the-Western-Front_37331	fetched		316386	2d022a3a90847a968e65e81d3fe2cd7a56225ab89ef16ecfb141b79cdcc0abd4	37331-8.txt
William E. Gladstone	37337	My Lord Duke	My-Lord-Duke_37337	fetched		361202	16c9c6524427b87b62a84954a2ba43f4ff9f2a2646b83c0caf45029850e7fbf5	37337-8.txt
William E. Gladstone	37338	The Crime Doctor	The-Crime-Doctor_37338	fetched		357618	d08b444ada858545360a3bf7f08239f26636c08b14e7ccaa3eaeeaecc0d73a23	37338.txt
William E. Gladstone	37598	Denis Dent: A Novel	Denis-Dent-A-Novel_37598	unavailable				
William E. Gladstone	38388	A Bride from the Bush	A-Bride-from-the-Bush_38388	fetched		279376	3c0b4d19bc10883a81a4ac4a210672ee7c12e73a056f74f2ea050dd397cee15e	38388.txt
William E. Gladstone	38721	The Roman Empire in the Light of Prophecy	The-Roman-Empire-in-the-Light-of-Prophecy_38721	unavailable				
William E. Gladstone	39674	Buffalo Land	Buffalo-Land_39674	unavailable				
William E. Gladstone	40677	Lives of Illustrious Shoemakers	Lives-of-Illustrious-Shoemakers_40677	fetched		635466	4875e7ab33e6b1f60d0a43960f6af1c0bcce2c65f1b2ccbecd57cf9860135411	40677.txt
William E. Gladstone	41194	The Speeches (In Full) of the Rt. Hon. W. E. Gladstone, M.P., and William O'Brien, M.P., on Home Rule, Delivered in Parliament, Feb. 16 and 17, 1888.	The-Speeches-In-Full-of-the-Rt-Hon-W-E-Gladstone-M-P-and-William-O-Brien-M-P-on-Home-Rule-Delivered-in-Parliament-Feb-16-and-17-1888_41194	unavailable				
William E. Gladstone	41658	The Boss of Taroomba	The-Boss-of-Taroomba_41658	fetched		288667	be0de141fb62c0dc0f526f5bf80ec4a36f3b19ef77bad6754c87ee839feaeaa7	41658-8.txt
William E. Gladstone	41749	Practical Graining, with Description of Colors Employed and Tools Used	Practical-Graining-with-Description-of-Colors-Employed-and-Tools-Used_41749	unavailable				
William E. Gladstone	41938	Principles and Practice of Fur Dressing and Fur Dyeing	Principles-and-Practice-of-Fur-Dressing-and-Fur-Dyeing_41938	fetched		364345	b9da9e551fe1ef235daee3b0770ac71579761c0c65377316fe01ea392f3cdef5	41938-0.txt
William E. Gladstone	42902	Young Blood	Young-Blood_42902	fetched		508815	7d748359e02121839a03189ce6fd390493163515cd3de2cc286e3cf335ba842a	42902-8.txt
William E. Gladstone	44864	Coaching Days & Ways	Coaching-Days-Ways_44864	unavailable				
William E. Gladstone	45732	Some Persons Unknown	Some-Persons-Unknown_45732	fetched		395070	837c80dad34c8a4e6f480f725e792eb47c7205082bddf0db0ed38a85976264e8	45732.txt
William E. Gladstone	45952	The Evolution of Old Testament Religion	The-Evolution-of-Old-Testament-Religion_45952	fetched		412643	6ba4fe2eeceed229d75ea8b25df24fc573f6ab5217f5c5d99cdf013c74e4d124	45952.txt
William E. Gladstone	46170	Fathers of Men	Fathers-of-Men_46170	fetched		639859	cf69d56aa5465182dbb3a28ad5c2b6a16554e43aa1ab17ab257213f365645818	46170-0.txt
William E. Gladstone	47356	Studies on Homer and the Homeric Age, Vol. 1 of 3	Studies-on-Homer-and-the-Homeric-Age-Vol-1-of-3_47356	unavailable				
William E. Gladstone	47862	Chapter of Autobiography	Chapter-of-Autobiography_47862	fetched		123395	54781f4baf78ab5837b921c112c12ac8879685a4a17af3a338595e026c7cae02	47862-8.txt
William E. Gladstone	48123	Echoes of Old Lancashire	Echoes-of-Old-Lancashire_48123	fetched		374842	b158cd7e20c1c4faf9cca15760269975efcd45696c5b065b336670bb3ace339e	48123-0.txt
William E. Gladstone	49018	The Witness of the Stars	The-Witness-of-the-Stars_49018	fetched		356027	9e4e37290e0ce49c68e2951b14e7e84493a03655ce29b5f738f492b9f0d27279	49018.txt
William E. Gladstone	49858	Studies on Homer and the Homeric Age, Vol. 2 of 3	Studies-on-Homer-and-the-Homeric-Age-Vol-2-of-3_49858	unavailable				
William E. Gladstone	50153	"Wanted, a Young Lady" : A Farce, in One Act	Wanted-a-Young-Lady-A-Farce-in-One-Act_50153	unavailable				
William E. Gladstone	52559	The Ballad of Ensign Joy	The-Ballad-of-Ensign-Joy_52559	fetched		39680	2c537731ba9a868f66afa5f2165708c1677a70a34a0d0fa8f00065db04902af7	52559.txt
William E. Gladstone	52561	The Young Guard	The-Young-Guard_52561	fetched		80083	07c82289569eed4295320f37ce79c254fbbeb20446f9261a1a076364baa6b25c	52561-8.txt
William E. Gladstone	52562	The Unbidden Guest	The-Unbidden-Guest_52562	fetched		347771	2d85ae9785d4c0470639d536015a39f0b68aa90598a7ad64f02fb11757777a45	52562-0.txt
William E. Gladstone	53004	Studies on Homer and the Homeric Age, Vol. 3 of 3	Studies-on-Homer-and-the-Homeric-Age-Vol-3-of-3_53004	unavailable				
William E. Gladstone	53447	The Fishing Industry	The-Fishing-Industry_53447	fetched		243338	2c0c172a08ae84f234d1fdf3e6e585a9b95107a57109d328f1f9c2d201f1bb14	53447-0.txt
William E. Gladstone	54276	Physiology and histology of the Cubomedusæ	Physiology-and-histology-of-the-Cubomedus_54276	unavailable				
William E. Gladstone	58560	Index of the Project Gutenberg Works of E. W. Hornung	Index-of-the-Project-Gutenberg-Works-of-E-W-Hornung_58560	fetched		37887	a41fc14092e16762435d63e552422aabd7742c99de26cf827ec2eff884e1b765	58560-0.txt
William E. Gladstone	60996	The Soul of Abraham Lincoln	The-Soul-of-Abraham-Lincoln_60996	fetched		860971	268e877738e9e9c41709e0575dba044f18fe215fd8f7be39d4ddb10e51f36404	60996-8.txt
William E. Gladstone	62257	Practical Organ Building	Practical-Organ-Building_62257	fetched		267792	f51fdcb9cb94131512aec8ab91d35a95ddf5b6e794ffadf000849073f8bcfa7b	62257-8.txt
William E. Gladstone	62582	The social evolution of the Black South	The-social-evolution-of-the-Black-South_62582	fetched		43748	7e27a493f4de9c32a2c5bc1bf7e959fae71cf57723b8160ec6695adeafa4019b	62582-0.txt
William E. Gladstone	62799	John Brown	John-Brown_62799	fetched		624017	792115dfd30de676d75b40f4fe6fedb149d2036443a545cad7c02dfb1565fe9d	62799-0.txt
William E. Gladstone	64122	The Story of a Pumpkin Pie	The-Story-of-a-Pumpkin-Pie_64122	fetched		36687	cb3a67ecea3c0b71bb677a9e2a62c354dc390855d195aa177e5c65b444495173	64122-0.txt
William E. Gladstone	64285	Reminiscences of a Private, Company "G", First Arkansas Regiment Infantry: May, 1861 to 1865	Reminiscences-of-a-Private-Company-G-First-Arkansas-Regiment-Infantry-May-1861-to-1865_64285	fetched		177495	cec1b0ca7c6b316304ae3521d806a495b42544a6f562db7c5fee16640981b113	64285-0.txt
William E. Gladstone	66398	The Gift of Black Folk: The Negroes in the Making of America	The-Gift-of-Black-Folk-The-Negroes-in-the-Making-of-America_66398	fetched		500274	2877cadac4cce93728c5bf72b549d1a365c7ba4cfe7438ca1d9a9d1bd77398f9	66398-0.txt
William E. Gladstone	67505	The Life of Clara Barton, Founder of the American Red Cross (Vol. 1 of 2)	The-Life-of-Clara-Barton-Founder-of-the-American-Red-Cross-Vol-1-of-2_67505	unavailable				
William E. Gladstone	67954	The Life of Clara Barton, Founder of the American Red Cross (Vol. 2 of 2)	The-Life-of-Clara-Barton-Founder-of-the-American-Red-Cross-Vol-2-of-2_67954	unavailable				
William E. Gladstone	68205	John Jasper: The unmatched Negro philosopher and preacher	John-Jasper-The-unmatched-Negro-philosopher-and-preacher_68205	fetched		260964	8b5936717f21a394235788ee12dc1804d32d2e78d69c88477d7260015606a44f	68205-0.txt
William Falconer	8695	The Poetical Works of Beattie, Blair, and Falconer	The-Poetical-Works-of-Beattie-Blair-and-Falconer_8695	unavailable				
William Falconer	24944	Mushrooms: how to grow them	Mushrooms-how-to-grow-them_24944	unavailable				
William Falconer	57705	An Universal Dictionary of the Marine	An-Universal-Dictionary-of-the-Marine_57705	unavailable				
William Hamilton	17016	Division of Words	Division-of-Words_17016	unavailable				
William Hamilton	17093	Camp Life in the Woods and the Tricks of Trapping and Trap Making	Camp-Life-in-the-Woods-and-the-Tricks-of-Trapping-and-Trap-Making_17093	fetched		625144	73492b4b8dd0db4d87b61b11170cc3c8b122412d227ea4cd4b4788cce3472e2d	17093-8.txt
William Hamilton	20374	Capitals	Capitals_20374	unavailable				
William Hamilton	20787	Punctuation	Punctuation_20787	unavailable				
William Hamilton	22165	My Studio Neighbors	My-Studio-Neighbors_22165	fetched		263789	a4f6853ca18864f34d5863b35f20fd050316231632e48f9a61ebec30241a56f5	22165.txt
William Hamilton	24829	The Uses of Italic	The-Uses-of-Italic_24829	unavailable				
William Hamilton	30036	Word Study and English Grammar	Word-Study-and-English-Grammar_30036	unavailable				
William Hamilton	30803	Books Before Typography	Books-Before-Typography_30803	unavailable				
William Hamilton	30847	Compound Words	Compound-Words_30847	unavailable				
William Hamilton	32675	The Strife of the Roses and Days of the Tudors in the West	The-Strife-of-the-Roses-and-Days-of-the-Tudors-in-the-West_32675	fetched		713474	6cf47653372e357ea36975593e15256fd677a2f68238dbca43d116c16ebbe293	32675.txt
William Hamilton	33828	Abbreviations and Signs	Abbreviations-and-Signs_33828	unavailable				
William Hamilton	35433	Observations on Mount Vesuvius, Mount Etna, and Other Volcanos	Observations-on-Mount-Vesuvius-Mount-Etna-and-Other-Volcanos_35433	fetched		202351	932110259790114d2af0b7e683d771a33bd3628ef4db05ec097cb67a79183f9d	35433.txt
William Hamilton	36247	The Red Mouse: A Mystery Romance	The-Red-Mouse-A-Mystery-Romance_36247	unavailable				
William Hamilton	38954	Eye Spy: Afield with Nature Among Flowers and Animate Things	Eye-Spy-Afield-with-Nature-Among-Flowers-and-Animate-Things_38954	unavailable				
William Hamilton	41278	Pastoral Days; or, Memories of a New England Year	Pastoral-Days-or-Memories-of-a-New-England-Year_41278	unavailable				
William Hamilton	46514	Our Edible Toadstools and Mushrooms and How to Distinguish Them	Our-Edible-Toadstools-and-Mushrooms-and-How-to-Distinguish-Them_46514	unavailable				
William Hamilton	46864	The Fortunes of Hector O'Halloran, and His Man, Mark Antony O'Toole	The-Fortunes-of-Hector-O-Halloran-and-His-Man-Mark-Antony-O-Toole_46864	fetched		1277823	ae5fd346d95f0e4305bce29ce5cf30a662a1c63d19b923e1b3b67a3c5629b72d	46864-0.txt
William Hamilton	49683	Cruikshank's Water Colours	Cruikshank-s-Water-Colours_49683	unavailable				
William Hamilton	53702	The Field Book: or, Sports and pastimes of the United Kingdom	The-Field-Book-or-Sports-and-pastimes-of-the-United-Kingdom_53702	unavailable				
William Hamilton	56689	The Victories of Wellington and the British Armies	The-Victories-of-Wellington-and-the-British-Armies_56689	fetched		1258854	6ed189aee488d56f03df38b01f168560db0543fe3bf3710cfe87f30a3189a9c9	56689-0.txt
William Hamilton	61840	The Running Fight	The-Running-Fight_61840	fetched		472300	edfd33f29329b0c415e2804dce62cddb78fa96879fc984ed273231d4e19f5e99	61840.txt
William Hamilton	61989	Some Artists at the Fair	Some-Artists-at-the-Fair_61989	fetched		141389	0f2a84cdce1dfab633f5ad9818a200f040282e24abb14e52cf8fcd8b69807a13	61989-0.txt
William Hamilton	62062	The Three Stages of Clarinda Thorbald	The-Three-Stages-of-Clarinda-Thorbald_62062	fetched		228594	247f4c24bbc085e321cdb344fbb9d182c582eaf6026c275ff72a0d0f7a915b16	62062-0.txt
William Hamilton	65585	A Brief History of Printing. Part II: The Economic History of Printing	A-Brief-History-of-Printing-Part-II-The-Economic-History-of-Printing_65585	fetched		193994	38b6f0ae906cfc4f214b0bf8ff2e633a41c6c9cf8cda580954d03e30cad5d959	65585-0.txt
William Hamilton	65596	A Brief History of Printing in England	A-Brief-History-of-Printing-in-England_65596	unavailable				
William Hamilton	67428	Type and Presses in America	Type-and-Presses-in-America_67428	unavailable				
William Hamilton	67471	The Invention of Typography	The-Invention-of-Typography_67471	unavailable				
William Hazlitt	2049	Liber Amoris, Or, The New Pygmalion	Liber-Amoris-Or-The-New-Pygmalion_2049	fetched		183890	a7415a78c2918d52bd0e9e960477e60de1e4af044577d88458c940f4a4a17255	2049.txt
William Hazlitt	3020	Table Talk: Essays on Men and Manners	Table-Talk-Essays-on-Men-and-Manners_3020	unavailable				
William Hazlitt	5085	Characters of Shakespeare's Plays	Characters-of-Shakespeare-s-Plays_5085	fetched		530343	638a7fe508dfe9822a8e3d4161a5b5887f7201706a32b9f18e1c567cbcfd4fd7	5085.txt
William Hazlitt	11068	The Spirit of the Age; Or, Contemporary Portraits	The-Spirit-of-the-Age-Or-Contemporary-Portraits_11068	unavailable				
William Hazlitt	12293	Old Cookery Books and Ancient Cuisine	Old-Cookery-Books-and-Ancient-Cuisine_12293	fetched		300721	fbd417ae9bd4aceaa9f6c6069b0b260210edb1a9f5e03b8c0f5afbb370370d5c	12293-8.txt
William Hazlitt	16209	Lectures on the English Poets; Delivered at the Surrey Institution	Lectures-on-the-English-Poets-Delivered-at-the-Surrey-Institution_16209	unavailable				
William Hazlitt	28225	The Book-Collector	The-Book-Collector_28225	unavailable				
William Hazlitt	31132	Hazlitt on English Literature: An Introduction to the Appreciation of Literature	Hazlitt-on-English-Literature-An-Introduction-to-the-Appreciation-of-Literature_31132	unavailable				
William Hazlitt	38017	Schools, School-Books and Schoolmasters	Schools-School-Books-and-Schoolmasters_38017	unavailable				
William Hazlitt	39269	Winterslow: Essays and Characters Written There	Winterslow-Essays-and-Characters-Written-There_39269	unavailable				
William Hazlitt	41393	The Confessions of a Collector	The-Confessions-of-a-Collector_41393	fetched		470298	7e24228907d1ec959e6a4d5b6529bb2500359724c937ed0b45269e5f40085e32	41393.txt
William Hazlitt	55932	The Collected Works of William Hazlitt, Vol. 01 (of 12)	The-Collected-Works-of-William-Hazlitt-Vol-01-of-12_55932	unavailable				
William Hazlitt	57385	The Collected Works of William Hazlitt, Vol. 09 (of 12)	The-Collected-Works-of-William-Hazlitt-Vol-09-of-12_57385	unavailable				
William Hazlitt	58408	The Collected Works of William Hazlitt, Vol. 07 (of 12)	The-Collected-Works-of-William-Hazlitt-Vol-07-of-12_58408	unavailable				
William Hazlitt	59256	The Collected Works of William Hazlitt, Vol. 02 (of 12)	The-Collected-Works-of-William-Hazlitt-Vol-02-of-12_59256	unavailable				
William Hazlitt	59506	The Collected Works of William Hazlitt, Vol. 08 (of 12)	The-Collected-Works-of-William-Hazlitt-Vol-08-of-12_59506	unavailable				
William Hazlitt	60286	The Collected Works of William Hazlitt, Vol. 03 (of 12)	The-Collected-Works-of-William-Hazlitt-Vol-03-of-12_60286	fetched		1336801	44c5023997045ec8d5e8630c6404e9ccecf92ee6dd54fcd91964a74e8f670f98	60286-0.txt
William Hazlitt	61763	The Collected Works of William Hazlitt, Vol. 04 (of 12)	The-Collected-Works-of-William-Hazlitt-Vol-04-of-12_61763	fetched		1267982	005c81f4cdfa3b31006042e868971fe41f6fb0a249dd2b180aa930fd0e07e146	61763-0.txt
William Hazlitt	64823	The Collected Works of William Hazlitt, Vol. 05 (of 12)	The-Collected-Works-of-William-Hazlitt-Vol-05-of-12_64823	fetched		1120715	2d91458fcd200f0bf3a86103b504dac5eaf8d87b6326b8375c9f443ecff10dc4	64823-0.txt
William Hazlitt	66129	The Collected Works of William Hazlitt, Vol. 06 (of 12)	The-Collected-Works-of-William-Hazlitt-Vol-06-of-12_66129	fetched		1526280	6966e1b7a3299f189c9a700aefdb35757d28f26cb2950e4b5b0a3d02c5c1f1e8	66129-0.txt
William Hazlitt	66734	The Collected Works of William Hazlitt, Vol. 10 (of 12)	The-Collected-Works-of-William-Hazlitt-Vol-10-of-12_66734	fetched		1265405	dc2e128c210ebbf7f1e52faf412aff285905661ed1b0eba64c4bf03d23695873	66734-0.txt
William James	621	The Varieties of Religious Experience: A Study in Human Nature	The-Varieties-of-Religious-Experience-A-Study-in-Human-Nature_621	unavailable				
William James	907	Flying Machines: Construction and Operation	Flying-Machines-Construction-and-Operation_907	unavailable				
William James	923	A Sketch of the Life of Brig. Gen. Francis Marion and a History of His Brigade	A-Sketch-of-the-Life-of-Brig-Gen-Francis-Marion-and-a-History-of-His-Brigade_923	unavailable				
William James	5116	Pragmatism: A New Name for Some Old Ways of Thinking	Pragmatism-A-New-Name-for-Some-Old-Ways-of-Thinking_5116	unavailable				
William James	5117	The Meaning of Truth	The-Meaning-of-Truth_5117	fetched		361848	dc6d6de21bbdfc8dad6accd8ff7d05918bc4eb1550d506bfea0915852b1d42f7	5117.txt
William James	11546	The Autobiography of a Journalist, Volume I	The-Autobiography-of-a-Journalist-Volume-I_11546	fetched		596095	8b4992868fca63175cd3e71a1e69cb5c0ca7b2be1c8aac5af522a2636a58b57a	11546.txt
William James	11594	The Autobiography of a Journalist, Volume II	The-Autobiography-of-a-Journalist-Volume-II_11594	fetched		587263	927bb297a25406d8abb0d4bad688a72fe51b2ded121efdd54e273bb3bc240da7	11594.txt
William James	11984	A Pluralistic Universe	A-Pluralistic-Universe_11984	unavailable				
William James	13979	For The Admiral	For-The-Admiral_13979	fetched		471563	8e5d72afd85f280a73034f07c5c428fa40d1d81793c27f0c77df2998667d21c1	13979-8.txt
William James	16287	Talks To Teachers On Psychology; And To Students On Some Of Life's Ideals	Talks-To-Teachers-On-Psychology-And-To-Students-On-Some-Of-Life-s-Ideals_16287	unavailable				
William James	16879	Some One Like You	Some-One-Like-You_16879	fetched		22687	86d14ba66f0fa03fcc27700fc500762f20b0404c187c96c1ce15990ad5f32197	16879.txt
William James	17246	The Quest of the Simple Life	The-Quest-of-the-Simple-Life_17246	fetched		296438	68fb2e09f187fc3d6872c573f79eae88d8ef1ab8ebca71062d5efaf45b1e8f96	17246.txt
William James	17485	History and Comprehensive Description of Loudoun County, Virginia	History-and-Comprehensive-Description-of-Loudoun-County-Virginia_17485	fetched		394594	be70e82d6cb3c4a1a066470c123b09770a6fc0222a12a40175124198932f877f	17485.txt
William James	17751	Direct Legislation by the Citizenship through the Initiative and Referendum	Direct-Legislation-by-the-Citizenship-through-the-Initiative-and-Referendum_17751	fetched		218890	54caabb6a88dc3859e10845fa066a59b930771f56e4c6151df5d9149ff6c246d	17751-8.txt
William James	19134	The Empire of Love	The-Empire-of-Love_19134	fetched		160966	3169cbc50a3a8a143c43a8f29e710664ab548bfd85a0f9570ea99a1d470fe965	19134-8.txt
William James	19958	Some Forerunners of Italian Opera	Some-Forerunners-of-Italian-Opera_19958	fetched		245003	cb4f8ba3d912037a4f587132f8540df0fedd51d8594c2af1d6c59fafd63d8589	19958.txt
William James	20768	Memories and Studies	Memories-and-Studies_20768	fetched		413967	54957f0facd7e59ed7934033a1688d8f49a50a4f5641cbd2cbed7dc0486b0fac	20768.txt
William James	26158	Seed Dispersal	Seed-Dispersal_26158	fetched		135170	bee30d93d5f42c604f1aeaae35f21b973459f5d145c6ae367bb07e5dd7dc7eba	26158-8.txt
William James	26659	The Will to Believe, and Other Essays in Popular Philosophy	The-Will-to-Believe-and-Other-Essays-in-Popular-Philosophy_26659	fetched		623558	c6f99faa952fbe31034c896099da98fd9048ceb61a18d28ec1a835d3c4f65b13	26659.txt
William James	29850	Woodrow Wilson's Administration and Achievements	Woodrow-Wilson-s-Administration-and-Achievements_29850	fetched		268368	617ddad25bcb7b2627de589c95647714d33128ab1131137c7e74a6b34f076cc9	29850.txt
William James	30888	The American Church Dictionary and Cyclopedia	The-American-Church-Dictionary-and-Cyclopedia_30888	fetched		486412	de0de5e35139ea8922d56396e2a65948836990832a3263ce970b9ccc041dff24	30888.txt
William James	31055	Twenty-Five Years in the Black Belt	Twenty-Five-Years-in-the-Black-Belt_31055	fetched		246099	a789e5c173d1e5b714198ec6749d7fa9d047b4433fd6be9df06233c280068325	31055.txt
William James	31999	The Natural Philosophy of William Gilbert and His Predecessors	The-Natural-Philosophy-of-William-Gilbert-and-His-Predecessors_31999	fetched		109628	3db949c93d9801f8267f04fe6573c3e24a32fac627ea1544457be91cef0f22d3	31999-8.txt
William James	32547	Essays in Radical Empiricism	Essays-in-Radical-Empiricism_32547	fetched		356546	f353f7e5247f840dd926ebf1ceca51abcf36f63b2b091791754301894edfb66c	32547.txt
William James	33679	Seeds of Michigan Weeds	Seeds-of-Michigan-Weeds_33679	unavailable				
William James	34859	The Origin of Finger-Printing	The-Origin-of-Finger-Printing_34859	fetched		70249	f4bad2726fc71cbb8ae7ed11e60060503ee60863ce591b1cb1c6d257cb299b77	34859.txt
William James	35608	Masterman and Son	Masterman-and-Son_35608	fetched		546196	a1c4ad7d8acd322c637a6105348e1896b50b8a745d9b75796f6964fea946cd8b	35608-8.txt
William James	38091	The Letters of William James, Vol. 2	The-Letters-of-William-James-Vol-2_38091	unavailable				
William James	40307	The Letters of William James, Vol. 1	The-Letters-of-William-James-Vol-1_40307	unavailable				
William James	40847	A Short History of H.M.S. Victory	A-Short-History-of-H-M-S-Victory_40847	unavailable				
William James	41911	The Australian Army Medical Corps in Egypt	The-Australian-Army-Medical-Corps-in-Egypt_41911	unavailable				
William James	42010	The Barrel Mystery	The-Barrel-Mystery_42010	fetched		298107	3b830e09d5200a624d214fd947baa84f77372a258906b48c9ac5d2dc6a022ca4	42010.txt
William James	42876	Memlinc	Memlinc_42876	fetched		86914	e5d935e0522d0593e9c30b71b60f16d175fb1fb7d55eaeafc43b44ceed715c9b	42876-0.txt
William James	43467	How Music Developed	How-Music-Developed_43467	unavailable				
William James	44767	Richard Wagner His Life and His Dramas	Richard-Wagner-His-Life-and-His-Dramas_44767	unavailable				
William James	46927	Life and marvelous adventures of Wild Bill, the Scout	Life-and-marvelous-adventures-of-Wild-Bill-the-Scout_46927	unavailable				
William James	47463	Wintering in the Riviera	Wintering-in-the-Riviera_47463	unavailable				
William James	49103	The First Printed Translations into English of the Great Foreign Classics	The-First-Printed-Translations-into-English-of-the-Great-Foreign-Classics_49103	unavailable				
William James	49956	The Cretan Insurrection of 1866-7-8	The-Cretan-Insurrection-of-1866-7-8_49956	fetched		364391	11e75054157c682f72ce184bd0e7b231b66c9e882efa6794b0465e2fdfbd796e	49956-0.txt
William James	53052	Our Benevolent Feudalism	Our-Benevolent-Feudalism_53052	fetched		342270	a946424c6c2295add1101ea29edf5b58e1b1b6caa03ca724a24af9589f6ae375	53052-0.txt
William James	54151	Shakespeare the Boy	Shakespeare-the-Boy_54151	unavailable				
William James	54426	Modern Musical Drift	Modern-Musical-Drift_54426	fetched		295768	f30773be9dc352903c6d1dadb3e9eee3424c02fcbee9cb10d6bc3fb46c5b58b2	54426-8.txt
William James	55262	Psychology: Briefer Course	Psychology-Briefer-Course_55262	fetched		981949	1df5f244b3ea3c32c3fb2f56dcd1a75cb1d08ebbb1dc004202fea384099e0147	55262-0.txt
William James	55786	World Stories Retold for Modern Boys and Girls	World-Stories-Retold-for-Modern-Boys-and-Girls_55786	unavailable				
William James	57628	The Principles of Psychology, Volume 1 (of 2)	The-Principles-of-Psychology-Volume-1-of-2_57628	fetched		1698509	4ceca1c2509a79855b64e5fc1c39b2f4848cdcced85e33251c7f59fa4d00517e	57628-0.txt
William James	57634	The Principles of Psychology, Volume 2 (of 2)	The-Principles-of-Psychology-Volume-2-of-2_57634	fetched		1704413	467139f801786ad72c6c474c7cef5b6570af2fda4c203adda32db4017fb8a841	57634-0.txt
William James	58810	The Heavens Above: A Popular Handbook of Astronomy	The-Heavens-Above-A-Popular-Handbook-of-Astronomy_58810	fetched		519218	8133b8e41d3f71318b10f1c740f8e95a681171163e2e94476bf0d68956104169	58810-8.txt
William James	59923	Colorado Outings	Colorado-Outings_59923	fetched		107484	9093843faa2596b6c40afa90d30b439bd08d1bdf45f3044e993581d7f6062895	59923-0.txt
William James	60051	Glimpses of America	Glimpses-of-America_60051	unavailable				
William James	60453	The Border Bandits	The-Border-Bandits_60453	unavailable				
William James	61025	On the track of Ulysses; Together with an excursion in quest of the so-called Venus of Melos	On-the-track-of-Ulysses-Together-with-an-excursion-in-quest-of-the-so-called-Venus-of-Melos_61025	unavailable				
William James	62044	Billy and Hans, My Squirrel Friends: A True History	Billy-and-Hans-My-Squirrel-Friends-A-True-History_62044	fetched		78983	876d349059868672581f40b7ddb39363c0f5374835a21c918e2ae1c0d3529fb1	62044-0.txt
William James	63514	Boys and Girls	Boys-and-Girls_63514	unavailable				
William James	64196	Into the Frozen South	Into-the-Frozen-South_64196	fetched		479965	3ff3261f8db09b7539d602f43c1241247dd7fd0fac555806b420f4ffbf439484	64196-0.txt
William James	65569	Histology of medicinal plants	Histology-of-medicinal-plants_65569	fetched		398559	7315d6cc3581c66d57ae6d7644cef26d17bbe227568a90a37c478361dec3218a	65569-0.txt
William Lloyd Garrison	24194	No Compromise with Slavery	No-Compromise-with-Slavery_24194	unavailable				
William Lloyd Garrison	31178	Thoughts on African Colonization	Thoughts-on-African-Colonization_31178	fetched		725380	61670f0a75b61d917786882109daf3dc55f500ab25936bcc7fca0ee2e5fa57c6	31178-8.txt
William Lloyd Garrison	38064	Aw-Aw-Tam Indian Nights: Being the Myths and Legends of the Pimas of Arizona	Aw-Aw-Tam-Indian-Nights-Being-the-Myths-and-Legends-of-the-Pimas-of-Arizona_38064	unavailable				
William Makepeace Thackeray	599	Vanity Fair	Vanity-Fair_599	fetched		1765734	f87d4d8827cae32ddd94bea0558baaf48af26885a35777b5cb88c7aecf1297a9	599.txt
William Makepeace Thackeray	897	The Rose and the Ring	The-Rose-and-the-Ring_897	fetched		193060	89ffbe45bd23bf6ddf1cb4108ea7df89db77713094c53b064be843febd290253	897-0.txt
William Makepeace Thackeray	1462	Some Roundabout Papers	Some-Roundabout-Papers_1462	fetched		77048	9ae981ec711e45c201894cacad399b1d80a890befc8db0941e962832cb22c5ab	1462-0.txt
William Makepeace Thackeray	1863	Notes on a Journey from Cornhill to Grand Cairo	Notes-on-a-Journey-from-Cornhill-to-Grand-Cairo_1863	fetched		389813	e53c426d7aff8f33f3ad81d644b3230e94bcd1a3b0399c0686331f4c04e6e9df	1863.txt
William Makepeace Thackeray	1933	The History of Samuel Titmarsh and the Great Hoggarty Diamond	The-History-of-Samuel-Titmarsh-and-the-Great-Hoggarty-Diamond_1933	fetched		296046	ffb677cfd13b3911732937862920ce900c59cfecb9a3b4c896529102bb23321c	1933.txt
William Makepeace Thackeray	1935	The Tremendous Adventures of Major Gahagan	The-Tremendous-Adventures-of-Major-Gahagan_1935	fetched		175841	5a92ed5c54923e6b5fe743323c500366eacb8e94659bff951d2ff8ba55ea59b2	1935.txt
William Makepeace Thackeray	1969	Catherine: A Story	Catherine-A-Story_1969	unavailable				
William Makepeace Thackeray	1985	Men's Wives	Men-s-Wives_1985	fetched		399601	fc978e12ac33feb360de41121a0535dfe5825ef92c2f87c00e68bfc2ba1cb1f2	1985-0.txt
William Makepeace Thackeray	1990	The Bedford-Row Conspiracy	The-Bedford-Row-Conspiracy_1990	fetched		124669	9b770b532558227722779a55bf4d607a0f834f1db47bdff926644288d8c66684	1990-0.txt
William Makepeace Thackeray	2511	The History of Henry Esmond, Esq., a Colonel in the Service of Her Majesty Queen Anne	The-History-of-Henry-Esmond-Esq-a-Colonel-in-the-Service-of-Her-Majesty-Queen-Anne_2511	unavailable				
William Makepeace Thackeray	2608	Roundabout Papers	Roundabout-Papers_2608	fetched		707794	9b280f9b730823f378c309db68ac0fe8917ce1bbd01e777bc78ac187dee22d88	2608-0.txt
William Makepeace Thackeray	2645	The Second Funeral of Napoleon	The-Second-Funeral-of-Napoleon_2645	fetched		121841	a5fb31b61f1fbdfe149eebcbe5630b8ad1803815d2cba31154d60ca5a7e66d92	2645.txt
William Makepeace Thackeray	2646	John Leech's Pictures of Life and Character	John-Leech-s-Pictures-of-Life-and-Character_2646	fetched		49517	f9afd911c32f10ea4c458652a19e7436d163e548251f844bb66d9da8a67e9bf0	2646.txt
William Makepeace Thackeray	2648	George Cruikshank	George-Cruikshank_2648	fetched		113922	bbf71161707ae27d339c627a9ebc0b5882451d42c99e2eec648f519a47feeb07	2648.txt
William Makepeace Thackeray	2675	Burlesques	Burlesques_2675	fetched		932793	7cdb276fdac12f886af8cca3681f8f71525d5fadb457382ad9d18794aec03838	2675-0.txt
William Makepeace Thackeray	2686	The Book of Snobs	The-Book-of-Snobs_2686	fetched		390690	10cd85b6a70cab02a7d2c2162db7cec7f9d94e1cab5bdea5015dca230e043894	2686-0.txt
William Makepeace Thackeray	2731	The Christmas Books of Mr. M.A. Titmarsh	The-Christmas-Books-of-Mr-M-A-Titmarsh_2731	unavailable				
William Makepeace Thackeray	2732	Ballads	Ballads_2732	fetched		262477	5f8ce6a72a765080117aeb7dfc7142c588065a26c0bea46e932e13c15430dc84	2732-8.txt
William Makepeace Thackeray	2768	The Paris Sketch Book of Mr. M. A. Titmarsh	The-Paris-Sketch-Book-of-Mr-M-A-Titmarsh_2768	unavailable				
William Makepeace Thackeray	2796	The Memoirs of Mr. Charles J. Yellowplush	The-Memoirs-of-Mr-Charles-J-Yellowplush_2796	unavailable				
William Makepeace Thackeray	2797	The Wolves and the Lamb	The-Wolves-and-the-Lamb_2797	fetched		128897	667db70a264ab1f233bc4d50309a2559c7bd3d488096f920a0fd5bc627760e30	2797.txt
William Makepeace Thackeray	2823	The Fitz-Boodle Papers	The-Fitz-Boodle-Papers_2823	fetched		196958	39751da6f664b0a23c1b72665db991a054e3d9781f624877083dc17036edebea	2823-0.txt
William Makepeace Thackeray	2843	Little Travels and Roadside Sketches	Little-Travels-and-Roadside-Sketches_2843	fetched		106256	2062d378994e6788b95f33a40d692a6f015fca293e9a4835cb08f5c563efa3e8	2843.txt
William Makepeace Thackeray	2844	The Fatal Boots	The-Fatal-Boots_2844	fetched		123205	671cff9b38c96015ffbc4f3226339767557fcd238a1993fb94285e3f978d3a2a	2844-0.txt
William Makepeace Thackeray	2859	A Little Dinner at Timmins's	A-Little-Dinner-at-Timmins-s_2859	fetched		82734	8deb0785f0e76c020834d8b0a4aed89a61b36211911d94cd19a7a1051fd1ceaf	2859-0.txt
William Makepeace Thackeray	4558	Barry Lyndon	Barry-Lyndon_4558	fetched		732032	12d4d4978816abce822cae95c978ef82295125b80e2fdacedb2298bf813e17ce	4558-0.txt
William Makepeace Thackeray	7265	The History of Pendennis	The-History-of-Pendennis_7265	fetched		2057829	d039aec890b627643eb868cddebbbb44f9ec389355ca16819a7a329f917c7ba0	7265-0.txt
William Makepeace Thackeray	7467	The Newcomes: Memoirs of a Most Respectable Family	The-Newcomes-Memoirs-of-a-Most-Respectable-Family_7467	unavailable				
William Makepeace Thackeray	8123	The Virginians	The-Virginians_8123	fetched		2053223	3d746b38919d8fc9cc78ab088a96b82361fb5c2792f03ce34b2354bf89b6c9e7	8123-0.txt
William Makepeace Thackeray	9517	The Second Funeral of Napoleon	The-Second-Funeral-of-Napoleon_9517	unavailable				
William Makepeace Thackeray	9518	The Paris Sketch Book of Mr. M. A. Titmarsh	The-Paris-Sketch-Book-of-Mr-M-A-Titmarsh_9518	unavailable				
William Makepeace Thackeray	9519	A Little Dinner at Timmins's	A-Little-Dinner-at-Timmins-s_9519	unavailable				
William Makepeace Thackeray	9520	The Bedford-Row Conspiracy	The-Bedford-Row-Conspiracy_9520	unavailable				
William Makepeace Thackeray	9521	Burlesques	Burlesques_9521	unavailable				
William Makepeace Thackeray	9522	Barry Lyndon	Barry-Lyndon_9522	unavailable				
William Makepeace Thackeray	9523	The Christmas Books of Mr. M.A. Titmarsh	The-Christmas-Books-of-Mr-M-A-Titmarsh_9523	unavailable				
William Makepeace Thackeray	9524	Notes on a Journey from Cornhill to Grand Cairo	Notes-on-a-Journey-from-Cornhill-to-Grand-Cairo_9524	unavailable				
William Makepeace Thackeray	9525	George Cruikshank	George-Cruikshank_9525	unavailable				
William Makepeace Thackeray	9526	Catherine: a Story	Catherine-a-Story_9526	unavailable				
William Makepeace Thackeray	9527	The Fatal Boots	The-Fatal-Boots_9527	unavailable				
William Makepeace Thackeray	9528	The Fitz-Boodle Papers	The-Fitz-Boodle-Papers_9528	unavailable				
William Makepeace Thackeray	9529	The History of Samuel Titmarsh and the Great Hoggarty Diamond	The-History-of-Samuel-Titmarsh-and-the-Great-Hoggarty-Diamond_9529	unavailable				
William Makepeace Thackeray	9530	The History of Henry Esmond, Esq.	The-History-of-Henry-Esmond-Esq_9530	unavailable				
William Makepeace Thackeray	9531	John Leech's Pictures of Life and Character	John-Leech-s-Pictures-of-Life-and-Character_9531	unavailable				
William Makepeace Thackeray	9533	Little Travels and Roadside Sketches	Little-Travels-and-Roadside-Sketches_9533	unavailable				
William Makepeace Thackeray	9534	The Tremendous Adventures of Major Gahagan	The-Tremendous-Adventures-of-Major-Gahagan_9534	unavailable				
William Makepeace Thackeray	9535	Men's Wives	Men-s-Wives_9535	unavailable				
William Makepeace Thackeray	9536	The Newcomes	The-Newcomes_9536	unavailable				
William Makepeace Thackeray	9537	The History of Pendennis	The-History-of-Pendennis_9537	unavailable				
William Makepeace Thackeray	9538	Roundabout Papers	Roundabout-Papers_9538	unavailable				
William Makepeace Thackeray	9539	The Rose and the Ring	The-Rose-and-the-Ring_9539	unavailable				
William Makepeace Thackeray	9540	The Book of Snobs	The-Book-of-Snobs_9540	unavailable				
William Makepeace Thackeray	9541	The Wolves and the Lamb	The-Wolves-and-the-Lamb_9541	unavailable				
William Makepeace Thackeray	9607	From Boyhood to Manhood: Life of Benjamin Franklin	From-Boyhood-to-Manhood-Life-of-Benjamin-Franklin_9607	unavailable				
William Makepeace Thackeray	9904	The History of Pendennis, Volume 2	The-History-of-Pendennis-Volume-2_9904	unavailable				
William Makepeace Thackeray	10558	Audio: Vanity Fair	Audio-Vanity-Fair_10558	unavailable				
William Makepeace Thackeray	15618	The Loving Ballad of Lord Bateman	The-Loving-Ballad-of-Lord-Bateman_15618	fetched		38092	8325a66aa8afe7851be1b4ed7a47db197d0c6608153f791bb3767b1a740e37cd	15618.txt
William Makepeace Thackeray	19875	The Bobbin Boy; or, How Nat Got His learning	The-Bobbin-Boy-or-How-Nat-Got-His-learning_19875	unavailable				
William Makepeace Thackeray	26295	The Printer Boy; Or, How Benjamin Franklin Made His Mark	The-Printer-Boy-Or-How-Benjamin-Franklin-Made-His-Mark_26295	unavailable				
William Makepeace Thackeray	28618	From Farm House to the White House	From-Farm-House-to-the-White-House_28618	unavailable				
William Makepeace Thackeray	29363	Henry Esmond; The English Humourists; The Four Georges	Henry-Esmond-The-English-Humourists-The-Four-Georges_29363	unavailable				
William Makepeace Thackeray	34922	A History of Pendennis, Volume 1	A-History-of-Pendennis-Volume-1_34922	unavailable				
William Makepeace Thackeray	42890	The Paris Sketch Book of Mr. M. A. Titmarsh; and the Irish Sketch Book	The-Paris-Sketch-Book-of-Mr-M-A-Titmarsh-and-the-Irish-Sketch-Book_42890	unavailable				
William Makepeace Thackeray	45554	Doctor Birch and His Young Friends	Doctor-Birch-and-His-Young-Friends_45554	fetched		73275	14116deee6aa75ac6599e5acf6e292a9dee261374996d36f9a3b8c6b6a1ad8ec	45554-8.txt
William Makepeace Thackeray	45921	The Mahogany Tree	The-Mahogany-Tree_45921	fetched		23846	dcd2ddac0a0b85288ba6db2cd85926177371a89dad0275468338ed05d975765d	45921.txt
William Makepeace Thackeray	52203	The Comic Almanack, Volume 1	The-Comic-Almanack-Volume-1_52203	unavailable				
William Makepeace Thackeray	52204	The Comic Almanack, Volume 2	The-Comic-Almanack-Volume-2_52204	unavailable				
William Makepeace Thackeray	57966	Index of the Project Gutenberg Works of Thackeray	Index-of-the-Project-Gutenberg-Works-of-Thackeray_57966	fetched		70806	294fb1748e0f67b3d07a7c315caf59ca807a1a46438409358f021340554dea1c	57966-0.txt
William Makepeace Thackeray	61072	"Our Street"	Our-Street_61072	fetched		84569	16dd609c085aa940b0b7d70a9d0d6de62f775db96a2c2f3e610f7a405d0d06cc	61072-0.txt
William Osler	1566	The Evolution of Modern Medicine	The-Evolution-of-Modern-Medicine_1566	unavailable				
William Osler	36926	Man's Redemption of Man: A Lay Sermon	Man-s-Redemption-of-Man-A-Lay-Sermon_36926	unavailable				
William Osler	48994	The Old Humanities and the New Science	The-Old-Humanities-and-the-New-Science_48994	fetched		97268	065b8ceb2476c491ce5550d7166ff9732b42714cb6404a268a9e59c5a33c6717	48994-8.txt
William Penn	14183	There is No Harm in Dancing	There-is-No-Harm-in-Dancing_14183	fetched		89576	75e52c9f32cd2f7ec20c658587df6e315f8cdfe565d6282c97106a37c7d4111f	14183.txt
William Penn	19377	A Brief Account of the Rise and Progress of the People Called Quakers	A-Brief-Account-of-the-Rise-and-Progress-of-the-People-Called-Quakers_19377	fetched		167775	f6e5be3fc72f3e2f358fe3b9baab85435eb966a45cccdfaee6aeae77a6c73c51	19377.txt
William Penn	20534	A Sermon Preached at the Quaker's Meeting House, in Gracechurch-Street, London, Eighth Month 12th, 1694.	A-Sermon-Preached-at-the-Quaker-s-Meeting-House-in-Gracechurch-Street-London-Eighth-Month-12th-1694_20534	unavailable				
William Penn	44895	No Cross, No Crown	No-Cross-No-Crown_44895	unavailable				
William Ralph Inge	4664	Light, Life, and Love: Selections from the German Mystics of the Middle Ages	Light-Life-and-Love-Selections-from-the-German-Mystics-of-the-Middle-Ages_4664	fetched		391615	ad2066c79d09c319236e8911804ca0669cbfbe59b391ae3029d5438f190b3869	4664.txt
William Ralph Inge	14596	Christian Mysticism	Christian-Mysticism_14596	fetched		704147	6bc9f07a7541603a02c2b1353c00c0d8d7469955fc34e5933e7b53d6afa6f24b	14596.txt
William Ralph Inge	15249	Outspoken Essays	Outspoken-Essays_15249	fetched		638764	48707ebd3df6e559e3f9e4c6cf3f20ec94c579bf2161d346ce3f8b3fe156672f	15249.txt
William Ralph Inge	36072	The Victorian Age: The Rede Lecture for 1922	The-Victorian-Age-The-Rede-Lecture-for-1922_36072	unavailable				
William Shakespeare	100	The Complete Works of William Shakespeare	The-Complete-Works-of-William-Shakespeare_100	fetched		5852404	17d47ae375676f7576feb3d931784223865403a18537707f9a567247015d6781	100-0.txt
William Shakespeare	1041	Shakespeare's Sonnets	Shakespeare-s-Sonnets_1041	fetched		122808	e3580b25135e2d89467dd4cef0ccdcdd5f50f8779247fc24612ef653d27dc9d5	1041.txt
William Shakespeare	1045	Venus and Adonis	Venus-and-Adonis_1045	fetched		86118	63f8be0f401b80f6d4cd43998285fbdef062614cb1ebeee1b623c1f922e65e05	1045.txt
William Shakespeare	1100	The First Part of Henry the Sixth	The-First-Part-of-Henry-the-Sixth_1100	unavailable				
William Shakespeare	1101	The Second Part of King Henry the Sixth	The-Second-Part-of-King-Henry-the-Sixth_1101	unavailable				
William Shakespeare	1102	The Third Part of King Henry the Sixth	The-Third-Part-of-King-Henry-the-Sixth_1102	unavailable				
William Shakespeare	1103	King Richard III	King-Richard-III_1103	fetched		219947	dafb20ed797d5f7b05bd3895361c25ebe5b5e21f83ffa32684aa8d80c1d8dae1	1103.txt
William Shakespeare	1104	The Comedy of Errors	The-Comedy-of-Errors_1104	fetched		105284	b1d5ea4a6e2d802eea21e7b10ee1fa44ee0c86dc1c14d742e36c667353c3d62b	1104.txt
William Shakespeare	1105	The Sonnets	The-Sonnets_1105	unavailable				
William Shakespeare	1106	The Tragedy of Titus Andronicus	The-Tragedy-of-Titus-Andronicus_1106	unavailable				
William Shakespeare	1107	The Taming of the Shrew	The-Taming-of-the-Shrew_1107	fetched		149297	057e4cfb160edb36f2b221557c42668b08a325e65ad8062ccbd63fdfac7b064e	1107.txt
William Shakespeare	1108	The Two Gentlemen of Verona	The-Two-Gentlemen-of-Verona_1108	unavailable				
William Shakespeare	1109	Love's Labour's Lost	Love-s-Labour-s-Lost_1109	fetched		154243	7bd7acaff51852d80f380b0980b5745edde176b18854897d627f97e9314381ff	1109.txt
William Shakespeare	1110	King John	King-John_1110	fetched		145417	ccdf7d5103390fee8f8b66565a5673825a2a0e046b260dee3c8874dfbd869888	1110.txt
William Shakespeare	1111	King Richard the Second	King-Richard-the-Second_1111	unavailable				
William Shakespeare	1112	The Tragedy of Romeo and Juliet	The-Tragedy-of-Romeo-and-Juliet_1112	fetched		179010	6f7bb5e21646d33b4962b7afe759a65d7fb607469791914572b75d84b788fe5f	1112.txt
William Shakespeare	1113	A Midsummer Night's Dream	A-Midsummer-Night-s-Dream_1113	fetched		121197	a6f4b763417d901a67af1928b86e239b9198d2fe5bdc74a1926e8fdfbbf6741e	1113.txt
William Shakespeare	1114	The Merchant of Venice	The-Merchant-of-Venice_1114	fetched		145235	cb1f49f8f14067b190651940af45473937ee2fc8dafad6a6818e319d69dceca6	1114.txt
William Shakespeare	1115	The First Part of King Henry the Fourth	The-First-Part-of-King-Henry-the-Fourth_1115	unavailable				
William Shakespeare	1116	The Merry Wives of Windsor	The-Merry-Wives-of-Windsor_1116	fetched		154483	311e9dfbcb5a261e45a1e96b11753123aa92251a1c9f176aad0b3df1a80ea690	1116.txt
William Shakespeare	1117	Second Part of King Henry IV	Second-Part-of-King-Henry-IV_1117	unavailable				
William Shakespeare	1118	Much Ado about Nothing	Much-Ado-about-Nothing_1118	fetched		158500	bc52b9052b4c90673eed141c1b51d605c652912b6708ae4169ec45bcbc07e21f	1118.txt
William Shakespeare	1119	The Life of King Henry the Fifth	The-Life-of-King-Henry-the-Fifth_1119	unavailable				
William Shakespeare	1120	The Tragedy of Julius Caesar	The-Tragedy-of-Julius-Caesar_1120	unavailable				
William Shakespeare	1121	As You Like It	As-You-Like-It_1121	fetched		162278	c7b74e1f32aec2090cf755e86205c2821859cfcb3a5fe8526010a04d9cc93e71	1121.txt
William Shakespeare	1122	The Tragedy of Hamlet, Prince of Denmark	The-Tragedy-of-Hamlet-Prince-of-Denmark_1122	unavailable				
William Shakespeare	1123	Twelfth Night; Or, What You Will	Twelfth-Night-Or-What-You-Will_1123	unavailable				
William Shakespeare	1124	The History of Troilus and Cressida	The-History-of-Troilus-and-Cressida_1124	unavailable				
William Shakespeare	1125	All's Well That Ends Well	All-s-Well-That-Ends-Well_1125	fetched		160588	6de0353bcbcb14b15c5f9c5da74926a2c37a87c78c33834b4ed6ee35febdbb81	1125.txt
William Shakespeare	1126	Measure for Measure	Measure-for-Measure_1126	fetched		151626	93f4d2f16e622f7193432adac0fb407698bd435c77c74a844d72cb3c17e8f8f4	1126.txt
William Shakespeare	1127	The Tragedy of Othello, Moor of Venice	The-Tragedy-of-Othello-Moor-of-Venice_1127	unavailable				
William Shakespeare	1128	The Tragedy of King Lear	The-Tragedy-of-King-Lear_1128	unavailable				
William Shakespeare	1129	The Tragedy of Macbeth	The-Tragedy-of-Macbeth_1129	fetched		128840	ed03b9d37ba0c6c73413c8e2ad8cee3809795732eea5334d7c281cffdd761be1	1129.txt
William Shakespeare	1130	The Tragedy of Antony and Cleopatra	The-Tragedy-of-Antony-and-Cleopatra_1130	unavailable				
William Shakespeare	1131	The Tragedy of Coriolanus	The-Tragedy-of-Coriolanus_1131	fetched		195451	70102c49bf15ed243e9ae70f327d48038d82cdb7de7524873bf35a0b72b15c04	1131.txt
William Shakespeare	1132	The Life of Timon of Athens	The-Life-of-Timon-of-Athens_1132	fetched		135647	2bbec9e87148b0a8997da13754d6268d8d317d2b2657664bb96b45cc1ea36821	1132.txt
William Shakespeare	1133	Cymbeline	Cymbeline_1133	fetched		191006	fbd098c9d69326d6c8bde2b829358f92f89894c4775e73d03d01d414c8b4397a	1133.txt
William Shakespeare	1134	The Winter's Tale	The-Winter-s-Tale_1134	fetched		172103	7eaa01ab893f47198ff90c498dd6ba7758891dda8713b8acc4c75e7b919d23db	1134.txt
William Shakespeare	1135	The Tempest	The-Tempest_1135	fetched		122435	4cf581c74ebda9e6849ab48cc463cb4c41a83135302e32dd9e3d99810bed5ca3	1135.txt
William Shakespeare	1136	King Henry the Eighth	King-Henry-the-Eighth_1136	unavailable				
William Shakespeare	1137	A Lover's Complaint	A-Lover-s-Complaint_1137	fetched		25270	cf059b61b09ba25fd9e5f988ed1154a38fbfccfeea6abb3757fbd47a61dabe76	1137.txt
William Shakespeare	1430	Beautiful Stories from Shakespeare	Beautiful-Stories-from-Shakespeare_1430	fetched		307509	f7120435725db2ae4aa8b74dd123550de8464ca73e512a7279019fd0b2a40907	1430-0.txt
William Shakespeare	1500	King Henry VI, First Part	King-Henry-VI-First-Part_1500	fetched		146809	10d876af3b61ea943cdfbc5f601688193024748d0858be75bbb23cea064590ee	1500.txt
William Shakespeare	1501	History of King Henry the Sixth, Second Part	History-of-King-Henry-the-Sixth-Second-Part_1501	fetched		165848	0c238ac1392eed5df57370a150b852e4ecdcc549a3ca0a0eb59b03af78028d37	1501.txt
William Shakespeare	1502	The History of King Henry the Sixth, Third Part	The-History-of-King-Henry-the-Sixth-Third-Part_1502	fetched		162151	4b61b8c3357dbdba1060e18530902ecedefcb45b7b1e3ef0f7b25bb99b1a88d2	1502.txt
William Shakespeare	1503	The Tragedy of King Richard III	The-Tragedy-of-King-Richard-III_1503	fetched		194512	867c86e0470a9d416d570e41254c154c91035e2fe3e6be77c2db5201f279c6c7	1503.txt
William Shakespeare	1504	The Comedy of Errors	The-Comedy-of-Errors_1504	fetched		103763	0e90825fa6026d6f7074b9574868cf5a069d3c0a6802955df4590f7eb77715a0	1504.txt
William Shakespeare	1505	The Rape of Lucrece	The-Rape-of-Lucrece_1505	fetched		100657	1c5f20a2a1fe7edcb9c95cd25228b0e8cdef6cc0e6840ef4077f012c1970463e	1505.txt
William Shakespeare	1506	The Rape of Lucrece	The-Rape-of-Lucrece_1506	fetched		100395	7af2a670877047c4002e89a7697df28e30f421900717a5bed79e079b047c2db6	1506.txt
William Shakespeare	1507	The Tragedy of Titus Andronicus	The-Tragedy-of-Titus-Andronicus_1507	fetched		136698	2eef594555da1d244d5b92ec1176e91beaa6a1a97a641182db780ddf56ac8db3	1507.txt
William Shakespeare	1508	The Taming of the Shrew	The-Taming-of-the-Shrew_1508	fetched		144779	e99caf5469aea9f7f40e254b55231246e1b867e625c614086157706b16c2a12c	1508-0.txt
William Shakespeare	1509	The Two Gentlemen of Verona	The-Two-Gentlemen-of-Verona_1509	fetched		117616	a4ccade7953914a13e54a385da27699453b901e91b21a65188367337b1ed25e3	1509.txt
William Shakespeare	1510	Love's Labour's Lost	Love-s-Labour-s-Lost_1510	fetched		145071	34df48e7a14804ccf478c09c885aff57dad515d9db0c14f49ce76c919f54c8c9	1510.txt
William Shakespeare	1511	King John	King-John_1511	fetched		137478	b8fd1fdade75609a4ea31289b3992f97f2285f654a06003d54eadf69dc4f69f7	1511.txt
William Shakespeare	1512	The Tragedy of King Richard the Second	The-Tragedy-of-King-Richard-the-Second_1512	fetched		146974	3fd37554061daea690e3524667354d20b8f66ad04856617215614a17806a9986	1512.txt
William Shakespeare	1513	Romeo and Juliet	Romeo-and-Juliet_1513	fetched		169928	e2ad1b1ca0350566f32760e31422fdc2437bc5a698f7277628c20b3fd42d5b83	1513-0.txt
William Shakespeare	1514	A Midsummer Night's Dream	A-Midsummer-Night-s-Dream_1514	fetched		112128	e34f93c0ae2514212474155440d64e821e8d5adfe8f268ac726179dd3e6f67e5	1514.txt
William Shakespeare	1515	The Merchant of Venice	The-Merchant-of-Venice_1515	fetched		137040	26138572d6dd6cc316f61f8fe972d2568e8dce20541a9e275be275500a9bbeb1	1515.txt
William Shakespeare	1516	King Henry IV, the First Part	King-Henry-IV-the-First-Part_1516	fetched		155330	8f75cdd0489091f94685d46c7ca36ad922f95efcb43f2be724d9f8377b844884	1516.txt
William Shakespeare	1517	The Merry Wives of Windsor	The-Merry-Wives-of-Windsor_1517	fetched		148191	68c719c7ddf6fedaad579eb6b0bcd49c6fef723cadd6eeda16c4eb71a512cd09	1517.txt
William Shakespeare	1518	King Henry IV, Second Part	King-Henry-IV-Second-Part_1518	fetched		170753	4f7867c1c0ff8c0da3cc2f4221e190b2dc02254de4c6dfcb80c2b9df6ad7dc84	1518.txt
William Shakespeare	1519	Much Ado about Nothing	Much-Ado-about-Nothing_1519	fetched		143737	4b172653bcc3d05d9094ef749f10685dc5d9c4ee67b72db01143607d3043347d	1519-0.txt
William Shakespeare	1520	Much Ado about Nothing	Much-Ado-about-Nothing_1520	fetched		137235	898da7bb78215a6e6aac3853132b9e7992e08e24db2c50e1842a806e2a5617e7	1520.txt
William Shakespeare	1521	The Life of King Henry V	The-Life-of-King-Henry-V_1521	fetched		169670	3cc1c0291efbc4c3cf32d5201ef278c3d895c13d0e3fe8eff0821978da251c95	1521.txt
William Shakespeare	1522	Julius Caesar	Julius-Caesar_1522	fetched		142783	bd30080e9eb3ce04bbcaca017347d32f345ceef888004d6a7ea7fe44c6d4580a	1522-0.txt
William Shakespeare	1523	As You Like It	As-You-Like-It_1523	fetched		142079	3da8cf10587fdaa4c7c0ec0162ca3e4f14600191e85bd4ebd39afb48bd0788a4	1523.txt
William Shakespeare	1524	Hamlet, Prince of Denmark	Hamlet-Prince-of-Denmark_1524	fetched		204885	00f62c672e4d07718799eb98e97b7a13449e6ece7a84b4224307da99ee96f358	1524-0.txt
William Shakespeare	1525	The Phoenix and the Turtle	The-Phoenix-and-the-Turtle_1525	fetched		22577	f2a93ac5fdf73fa2d1e42e62e95b7e756d8890d364bcf57910a4416575433917	1525-0.txt
William Shakespeare	1526	Twelfth Night; Or, What You Will	Twelfth-Night-Or-What-You-Will_1526	fetched		131813	ab1ebdceb0edb8e8ffb7d94d31d04523dced42179d78488ec32bbc769bf2685a	1526.txt
William Shakespeare	1527	Twelfth Night; Or, What You Will	Twelfth-Night-Or-What-You-Will_1527	fetched		131127	b8ce7369c8fed2cb0cd4ece5f71ee6a50df1e3e46d9964b866fa099a93a94417	1527.txt
William Shakespeare	1528	The History of Troilus and Cressida	The-History-of-Troilus-and-Cressida_1528	fetched		185222	8f930b348efe51605f5b9a5af411f04961a2aef5ce14591d7f44557c792281ff	1528-0.txt
William Shakespeare	1529	All's Well That Ends Well	All-s-Well-That-Ends-Well_1529	fetched		151112	48ce656c2387e61bd42a6d268098bf2d227619c42bee19e2c6f74d408c0b4820	1529.txt
William Shakespeare	1530	Measure for Measure	Measure-for-Measure_1530	fetched		143263	9ac0d0bd46fd92a4b92577db67cfc7249d6bc0f05a0b431d2895f197eb2f3fcc	1530.txt
William Shakespeare	1531	Othello, the Moor of Venice	Othello-the-Moor-of-Venice_1531	fetched		180534	06e31b8e88e5137cbcbe471575c1802b6aee091a415985f117add405da862500	1531.txt
William Shakespeare	1532	The Tragedy of King Lear	The-Tragedy-of-King-Lear_1532	fetched		183841	fe6cd38be59d24e46e6e14320b90368ba7a94b0cc6c19aca2a3b8166d7c4e35c	1532-0.txt
William Shakespeare	1533	Macbeth	Macbeth_1533	fetched		119888	5a5a16cd133ef886f05fefddb17459131c746fae0ea7c01fcb8771bea99bc0c6	1533.txt
William Shakespeare	1534	Antony and Cleopatra	Antony-and-Cleopatra_1534	fetched		170470	f69b9cd68d470a32ff2780ddf360c61a63096ff3c399dd26580cdca4efaf5ab3	1534.txt
William Shakespeare	1535	The Tragedy of Coriolanus	The-Tragedy-of-Coriolanus_1535	fetched		183398	acebce76fa4228f31aa2a8fb037bfa7eede61801ce66c8c18fc24bbf403d459f	1535.txt
William Shakespeare	1536	The Life of Timon of Athens	The-Life-of-Timon-of-Athens_1536	fetched		127790	eddc36ba5d46c648c730fa0182f3c7db15980f1c7e88a80354d564a4b35ed54d	1536.txt
William Shakespeare	1537	Pericles, Prince of Tyre	Pericles-Prince-of-Tyre_1537	fetched		131059	2bd473b0c6a8f1d2948e37befe9379b7798e451f7c7f8b5df9a12b0df94a72f4	1537-0.txt
William Shakespeare	1538	Cymbeline	Cymbeline_1538	fetched		114394	794913d5d0094aecc166f2f57726b37b077d4f5d386c0c842c04fdeb5fabe1ef	1538.txt
William Shakespeare	1539	The Winter's Tale	The-Winter-s-Tale_1539	fetched		177705	907010f8905f96459c867e43ba95489b3a9ad2bc62532bf41994b79a75c073d2	1539.txt
William Shakespeare	1540	The Tempest	The-Tempest_1540	fetched		114552	a3d93e285291f09c524c15d146d7e581a9df81bab8831082067d7129698180b4	1540.txt
William Shakespeare	1541	The Life of Henry the Eighth	The-Life-of-Henry-the-Eighth_1541	fetched		160912	caa2777c6b86049ebd184d2c156b092b0b1ae82c03ada859dca5248d1627867d	1541.txt
William Shakespeare	1543	A Lover's Complaint	A-Lover-s-Complaint_1543	fetched		27128	6312ad3db078734ac1f628928e3a26097aaac47c0fb79406b7e6a41361414926	1543.txt
William Shakespeare	1544	The Passionate Pilgrim	The-Passionate-Pilgrim_1544	fetched		21129	95fce674246c5c197c962b595593ed106384832e8a122644f8255a672851fafd	1544.txt
William Shakespeare	1545	The Passionate Pilgrim	The-Passionate-Pilgrim_1545	fetched		22331	99788745880e6d6878c1c31ff62f4b60d1a29543fa5a4324015e577a30a77373	1545.txt
William Shakespeare	1546	Sonnets on Sundry Notes of Music	Sonnets-on-Sundry-Notes-of-Music_1546	fetched		20038	571f6df78fbdd22f2a3bdace108c6ce526a14c135ed476589ba8088265b876d2	1546.txt
William Shakespeare	1765	Henry VI, Part 1	Henry-VI-Part-1_1765	fetched		160433	5b548b3911a6cab9f9eadd9f84df457b86b3c0d4e2bb989d5542e54b7b1f3a7e	1765.txt
William Shakespeare	1768	King Richard III	King-Richard-III_1768	fetched		208226	697cdf2b160afb872ec1c33c384abfba42475901fbad67e32f9bf1017f078782	1768.txt
William Shakespeare	1769	The Comedy of Errors	The-Comedy-of-Errors_1769	fetched		105294	309b22d557c98609e26578b6f970768dd1e78531c2a885732d91110de3237933	1769.txt
William Shakespeare	1771	Titus Andronicus	Titus-Andronicus_1771	fetched		146429	2665d59df398de94842a0edbed0f257dc23a9de7efd8081410e905f17449bedb	1771.txt
William Shakespeare	1772	The Taming of the Shrew	The-Taming-of-the-Shrew_1772	fetched		149300	2c87845db761f5664ea1568e5e40da381907256f73906bc4bc2c64cf19a53869	1772.txt
William Shakespeare	1773	Two Gentlemen of Verona	Two-Gentlemen-of-Verona_1773	fetched		123630	1e1d2c12b7c502df5583f781c87a6c9a95e0db158af3620810ff2d80d727c5df	1773.txt
William Shakespeare	1774	Love's Labour's Lost	Love-s-Labour-s-Lost_1774	fetched		154256	4eb69a9d6cb7514de784b9ba30a6f6a5ab1461126a734d18bba73c59a0562c8d	1774.txt
William Shakespeare	1775	King John	King-John_1775	fetched		145409	0b5294d8014d96a8b6151c1ab9482082c8a8853b42d3fd8f7a47d42d97564d68	1775.txt
William Shakespeare	1776	King Richard II	King-Richard-II_1776	fetched		156953	9c37313e30289007491df5f6fd14959830a15f15954f6a380fd8a2bc7c547024	1776.txt
William Shakespeare	1777	Romeo and Juliet	Romeo-and-Juliet_1777	fetched		168890	eb9dc126f9c2a398a4ae8d8a40cfcfc66f2fca966f87fbba9b82ef21ef2a5aa3	1777.txt
William Shakespeare	1778	A Midsummer Night's Dream	A-Midsummer-Night-s-Dream_1778	fetched		121227	8bdf39bd549c8e1740f0d20ab0bab1370f9f3e8dbaf9e68935a39b59ea2ab6eb	1778.txt
William Shakespeare	1779	The Merchant of Venice	The-Merchant-of-Venice_1779	fetched		145477	0cdb66e1cbe0df7d1c3db62a900579f59fab7acf6b1c7a9feb5b799a1c1c87b9	1779.txt
William Shakespeare	1780	King Henry IV, Part 1	King-Henry-IV-Part-1_1780	fetched		166977	7a61c7b63af49351d5f5b05c51b95bfb66f68da37ebd89282f89e8a4eaab029b	1780.txt
William Shakespeare	1781	The Merry Wives of Windsor	The-Merry-Wives-of-Windsor_1781	fetched		154490	db00bd8ef28b758f55d76d20821727252b838adc38fa4a32ec9a31b0ce4837d3	1781.txt
William Shakespeare	1782	King Henry IV, Part 2	King-Henry-IV-Part-2_1782	fetched		182008	e0e2e3fdc25b7c59a0dbe99735aef2ee1b1997dd26324785182615092896232e	1782.txt
William Shakespeare	1783	Much Ado about Nothing	Much-Ado-about-Nothing_1783	fetched		138903	82ceac76433b5ff5d6c07a673696c53e3e44814b022f32e779822b7cf9044af1	1783.txt
William Shakespeare	1784	King Henry V	King-Henry-V_1784	fetched		182171	918fff730d4eadbc72cdcd08cdf0b39ad9056831ab318b1a22390a9bb462984b	1784.txt
William Shakespeare	1785	Julius Caesar	Julius-Caesar_1785	fetched		141502	c10b0ffe7a836c48aab7a886adff44d63be560552171cef9123ac6bcf65f3a28	1785.txt
William Shakespeare	1786	As You Like It	As-You-Like-It_1786	fetched		150265	3e187fabaa24bce6f973df269cc2c3028b548f23276aec3c409ab686d6a6f6a3	1786.txt
William Shakespeare	1787	Hamlet	Hamlet_1787	fetched		210707	142f56b3e489d73ca9936af9113378a84abab041450716130d1c93b5b43b1764	1787.txt
William Shakespeare	1790	Troilus and Cressida	Troilus-and-Cressida_1790	fetched		185195	3e315958c2a02d3e978a7dc26f753e4d7a54e1953c9373283ace8f2933a6a720	1790.txt
William Shakespeare	1791	All's Well That Ends Well	All-s-Well-That-Ends-Well_1791	fetched		160622	6a47f4f2a17ffed1f47e11e4650342591a1c45f63fd0c0f0464d9db184686e66	1791.txt
William Shakespeare	1792	Measure for Measure	Measure-for-Measure_1792	fetched		151624	60090e2e1e8c6d2da037596c36a0caf6847cf5b02ecac898fdec60aa9f0b04a4	1792.txt
William Shakespeare	1793	Othello	Othello_1793	fetched		188633	c195c9c91b0d81be2d0b736267f72d463144df32beeb7e880ff008c5930276c4	1793.txt
William Shakespeare	1794	King Lear	King-Lear_1794	fetched		185961	abc2c5aca6ca506bf5703b4e706fb989935dc26423eac6d5f3fc9c845a315081	1794.txt
William Shakespeare	1795	Macbeth	Macbeth_1795	fetched		128865	b9de1b7113f6d9537873dfd28ef8e3c9a66b25b129893395d55b4c18758968ca	1795.txt
William Shakespeare	1796	Antony and Cleopatra	Antony-and-Cleopatra_1796	fetched		182221	52f05537c14ab6f7f4b6fd350ce654283ea55876a810c2dec0d400b469a58f2f	1796.txt
William Shakespeare	1797	Coriolanus	Coriolanus_1797	fetched		195462	f27233d684514e2884e2c8339d3e7f9370dcc36f4aba288e87d6f622c2c15b0d	1797.txt
William Shakespeare	1798	Timon of Athens	Timon-of-Athens_1798	fetched		135609	6d81095fc5ece73afcb75f1b20debc8a4ead37eec9fbd97c41a61ed6cffec131	1798.txt
William Shakespeare	1799	Cymbeline	Cymbeline_1799	fetched		190992	fc4a09c78c781d99b4355184eb8a40d2e93289dbb96544703fb446518df7426a	1799.txt
William Shakespeare	1800	The Winter's Tale	The-Winter-s-Tale_1800	fetched		171610	8c97d79fc45e1ca818759d2d30958461ae3e173b8a64df07d066b0b6da247c74	1800.txt
William Shakespeare	1801	The Tempest	The-Tempest_1801	fetched		122527	dcc911724e15f8990cb382e2d486bd0f8971c45da7ccffdc501f9cdc77815bd9	1801.txt
William Shakespeare	1802	King Henry VIII	King-Henry-VIII_1802	fetched		171827	910706ea56dff98f90f0cd7e783b664455d606321dac5782ab13d3def01d63e7	1802.txt
William Shakespeare	2235	The Tempest	The-Tempest_2235	fetched		115536	bb5b7fc9d2a2db3967cf5a5a4229e88b29e394b9a7aec6f8daecad95b95258b6	2235.txt
William Shakespeare	2236	The Two Gentlemen of Verona	The-Two-Gentlemen-of-Verona_2236	fetched		117820	713599b5c0d1885d691d176bfef3ea2cc4405418da6d9ef10e4adad7d99dd6ab	2236.txt
William Shakespeare	2237	The Merry Wives of Windsor	The-Merry-Wives-of-Windsor_2237	fetched		142755	15fc387f970261945d693e13f63b3287b893fdfcd4f8955acc70b7f6b69fd891	2237.txt
William Shakespeare	2238	Measure for Measure	Measure-for-Measure_2238	fetched		143798	67a7385bc29ee3d7c605ff89a6dc78610c87e90e77fa2b929f46569764a0165c	2238.txt
William Shakespeare	2239	The Comedy of Errors	The-Comedy-of-Errors_2239	fetched		101228	106b263a70f61f0f53c9b1e7178842c36a9cdc62c6dea798e888c4ce697f6330	2239.txt
William Shakespeare	2240	Much Ado about Nothing	Much-Ado-about-Nothing_2240	fetched		138868	43ee83c180529f3ce0c792b860b53e26f3c26a55769b6fb331ef074e08b8fbc5	2240.txt
William Shakespeare	2241	Love's Labour's Lost	Love-s-Labour-s-Lost_2241	fetched		143660	7734a9da82d154ae2e842c0932a2a5ca19a16898a0f326a2a7eb7b490a740c5f	2241.txt
William Shakespeare	2242	A Midsummer Night's Dream	A-Midsummer-Night-s-Dream_2242	fetched		112139	85b4d7acaf4ae71bca7e07308aca6b141744c573da28b634160d114a8ffaa385	2242.txt
William Shakespeare	2243	The Merchant of Venice	The-Merchant-of-Venice_2243	fetched		137181	31b86b85374e2227dd1fd48982ea4068a7c43182b21c9beb4b992b6f93f6e93e	2243.txt
William Shakespeare	2244	As You Like It	As-You-Like-It_2244	fetched		140456	a3858c863a833df621d5494b29e54ed0da0ca644e243a4856f787efd7544d6ac	2244.txt
William Shakespeare	2245	The Taming of the Shrew	The-Taming-of-the-Shrew_2245	fetched		138233	817c1947fd7aa90848d903babe3a3d31dcb370247eda28ead68dae49cff024b1	2245.txt
William Shakespeare	2246	All's Well That Ends Well	All-s-Well-That-Ends-Well_2246	fetched		150405	96442180d13d70852264926a7e32c34be1cba0e892a7b94a7a14889514c6fe11	2246.txt
William Shakespeare	2247	Twelfth Night	Twelfth-Night_2247	fetched		130477	81304f061722b8c7ce78f10124ff837023cf1d5e4b76d55b879b1605ea1b6587	2247.txt
William Shakespeare	2248	The Winter's Tale	The-Winter-s-Tale_2248	fetched		161513	229b647d1ed6f72776585e209b59d82fc8657887f75fbaa49a9a1ec9ecd154c5	2248.txt
William Shakespeare	2249	King John	King-John_2249	fetched		137693	84f3ea162feac95bb8cbbb6e214ddcea6e798ef71f427b24f3cf225b9dc7dba0	2249.txt
William Shakespeare	2250	Richard II	Richard-II_2250	fetched		144939	8ef43dca7f603deb701046d5f8800472a8084c3d4f53bc3ff2f03243d219b0e8	2250.txt
William Shakespeare	2251	Henry IV, Part 1	Henry-IV-Part-1_2251	fetched		159036	3c8fc1c10e56f7ec4e662a765e60736bc1cbd97eb3585c9838c69d26c65d3035	2251.txt
William Shakespeare	2252	Much Ado About Nothing	Much-Ado-About-Nothing_2252	unavailable				
William Shakespeare	2253	Henry V	Henry-V_2253	fetched		170341	a266aea9c7382a9df0ed58b4929c5ef2d22f22e1d3287ee528f4ef0bf0b9080f	2253.txt
William Shakespeare	2254	Henry VI, Part 1	Henry-VI-Part-1_2254	fetched		146745	7b2ae338924c3ba0698e533917754869225ee1effd7fe36496ef3e0db56fecbc	2254.txt
William Shakespeare	2255	Henry VI, Part 2	Henry-VI-Part-2_2255	fetched		166666	29e6fbc70877945bfbaa5f245a4cb44610e1246483d53b3f4edf62853ad3c74c	2255.txt
William Shakespeare	2256	Henry VI, Part 3	Henry-VI-Part-3_2256	fetched		161646	1ffc02bdefdfd8b970bc1aaedfef7d3cc476bcfe084dc9a83f021c2bc58eacae	2256.txt
William Shakespeare	2257	Richard III	Richard-III_2257	fetched		189240	368f2f6d4a1f46e52730399ec8268611574a5ff5d4118bdfb862832fb3d57a73	2257.txt
William Shakespeare	2258	Henry VIII	Henry-VIII_2258	fetched		160728	b6b510781a9cf969a7cbdcfae20a9c85f78b73d2cddf7c1177ada79985bd619a	2258.txt
William Shakespeare	2259	Coriolanus	Coriolanus_2259	fetched		181233	1aff6b4c1a7d2b5887d69d74c6ee5a1f3f66ac335c2222eabfebfb17054e031a	2259.txt
William Shakespeare	2260	Titus Andronicus	Titus-Andronicus_2260	fetched		136513	c57c5d22b9180e14cfb8b5484e4f5581c38cca19b97cf3208f3d83d642944b54	2260.txt
William Shakespeare	2261	Romeo and Juliet	Romeo-and-Juliet_2261	fetched		156142	fc599e1b51060acb0f527eec2bcdee7ed40fe295ad3d495ddf28cd28d857b8f2	2261.txt
William Shakespeare	2262	Timon of Athens	Timon-of-Athens_2262	fetched		126357	2f50290353a1ce88b43abd207721f3b1e4427cb15cf4a9e24b73fb57f1cb5389	2262.txt
William Shakespeare	2263	Julius Caesar	Julius-Caesar_2263	fetched		132060	c820c4b4f8a7a25c8570a5b2b755886c55fb5b7df82e4bbfc874cd2b1c1aaca9	2263.txt
William Shakespeare	2264	Macbeth	Macbeth_2264	fetched		119845	13922bfc477f0b54d61929ab51df58f3bd782405acef3d960a8b686e8622e06b	2264.txt
William Shakespeare	2265	Hamlet	Hamlet_2265	fetched		184006	db1606311cdedcec7433e3e3db5fd0c9481aa83465264334f39238bee1af0ab3	2265.txt
William Shakespeare	2266	King Lear	King-Lear_2266	fetched		157869	07b9d9ec959d379f37a091a5844991931f16578733aea2e94e81e56db10490db	2266.txt
William Shakespeare	2267	Othello	Othello_2267	fetched		171894	54dae37362af54a15da7a944b0f720eafaeb47ba3babaa0bd798d2c8f971c1af	2267.txt
William Shakespeare	2268	Antony and Cleopatra	Antony-and-Cleopatra_2268	fetched		165781	2d9848c576f665929d5ed3e0ed9da6733f8ce802db939b7e516274acc28d5e6f	2268.txt
William Shakespeare	2269	Cymbeline	Cymbeline_2269	fetched		177104	55cc63b16b7f9b2738b1c2cf30d7dd672d8d25492edfc18796bc09d1b179c419	2269.txt
William Shakespeare	2270	Shakespeare's First Folio	Shakespeare-s-First-Folio_2270	fetched		4651730	8e92205d240d096f170da1b49428c44f76855fb8e3296a49b3595fc83bd06240	2270.txt
William Shakespeare	8609	A Midsummer Night's Dream	A-Midsummer-Night-s-Dream_8609	unavailable				
William Shakespeare	9077	The Tragicall Historie of Hamlet, Prince of Denmarke	The-Tragicall-Historie-of-Hamlet-Prince-of-Denmarke_9077	unavailable				
William Shakespeare	10281	Antony's Address over the Body of Caesar	Antony-s-Address-over-the-Body-of-Caesar_10281	unavailable				
William Shakespeare	10606	The Tragedie of Hamlet, Prince of Denmark	The-Tragedie-of-Hamlet-Prince-of-Denmark_10606	unavailable				
William Shakespeare	12578	Shakespeare's play of the Merchant of Venice	Shakespeare-s-play-of-the-Merchant-of-Venice_12578	unavailable				
William Shakespeare	12719	Sonnet # 29	Sonnet-29_12719	unavailable				
William Shakespeare	12720	Sonnet #40	Sonnet-40_12720	unavailable				
William Shakespeare	12721	Sonnet #55	Sonnet-55_12721	unavailable				
William Shakespeare	12722	Sonnet #100	Sonnet-100_12722	unavailable				
William Shakespeare	12723	Sonnet #106	Sonnet-106_12723	unavailable				
William Shakespeare	12724	Sonnet #116	Sonnet-116_12724	unavailable				
William Shakespeare	22791	King Henry the Fifth	King-Henry-the-Fifth_22791	unavailable				
William Shakespeare	23041	The Works of William Shakespeare [Cambridge Edition] [Vol. 1 of 9]	The-Works-of-William-Shakespeare-Cambridge-Edition-Vol-1-of-9_23041	unavailable				
William Shakespeare	23042	The Tempest	The-Tempest_23042	unavailable				
William Shakespeare	23043	Two Gentlemen of Verona	Two-Gentlemen-of-Verona_23043	unavailable				
William Shakespeare	23044	The Merry Wives of Windsor	The-Merry-Wives-of-Windsor_23044	unavailable				
William Shakespeare	23045	Measure for Measure	Measure-for-Measure_23045	unavailable				
William Shakespeare	23046	The Comedy of Errors	The-Comedy-of-Errors_23046	unavailable				
William Shakespeare	23935	Sonnet 23	Sonnet-23_23935	unavailable				
William Shakespeare	23970	Sonnets	Sonnets_23970	unavailable				
William Shakespeare	24036	Sonnet 130	Sonnet-130_24036	unavailable				
William Shakespeare	26224	King Lear	King-Lear_26224	unavailable				
William Shakespeare	26268	Romeo and Juliet	Romeo-and-Juliet_26268	unavailable				
William Shakespeare	27761	Hamlet, Prince of Denmark	Hamlet-Prince-of-Denmark_27761	fetched		228309	5862a0a82355e181e418e38b12aaece942d1f25e209988cb2267ae9d3599b689	27761-0.txt
William Shakespeare	28334	The New Hudson Shakespeare: Julius Cæsar	The-New-Hudson-Shakespeare-Julius-Csar_28334	unavailable				
William Shakespeare	38901	Twelfth Night; or, What You Will	Twelfth-Night-or-What-You-Will_38901	unavailable				
William Shakespeare	45128	The Works of William Shakespeare [Cambridge Edition] [Vol. 2 of 9]	The-Works-of-William-Shakespeare-Cambridge-Edition-Vol-2-of-9_45128	unavailable				
William Shakespeare	47518	Shakespeare's Comedy of The Tempest	Shakespeare-s-Comedy-of-The-Tempest_47518	fetched		135464	9b17ada3edd2af4ac606f236ed582a890a5388e69fa049dec487b14b0d81b3ae	47518.txt
William Shakespeare	47715	The Works of William Shakespeare [Cambridge Edition] [Vol. 7 of 9]	The-Works-of-William-Shakespeare-Cambridge-Edition-Vol-7-of-9_47715	fetched		1194537	063c8ccf7daced8d42e405f509f598337ea4ed227cc1088030a5ea3e0610a941	47715-8.txt
William Shakespeare	47960	Shakespeare's Tragedy of Romeo and Juliet	Shakespeare-s-Tragedy-of-Romeo-and-Juliet_47960	fetched		493810	e09c8bedcab1326e94c05aadf51cea09b1b5d044c0bd7f1a47e22ce032b3a5a3	47960-0.txt
William Shakespeare	49007	The Works of William Shakespeare [Cambridge Edition] [Vol. 6 of 9]	The-Works-of-William-Shakespeare-Cambridge-Edition-Vol-6-of-9_49007	unavailable				
William Shakespeare	49008	The Works of William Shakespeare [Cambridge Edition] [Vol. 8 of 9]	The-Works-of-William-Shakespeare-Cambridge-Edition-Vol-8-of-9_49008	unavailable				
William Shakespeare	49146	The Shakespeare Story-Book	The-Shakespeare-Story-Book_49146	fetched		666841	11e6e756695585a6fae77a2fcc1949560ef8c35841f6d5357a04de5b5a972bc4	49146-0.txt
William Shakespeare	49297	The Works of William Shakespeare [Cambridge Edition] [Vol. 5 of 9]	The-Works-of-William-Shakespeare-Cambridge-Edition-Vol-5-of-9_49297	unavailable				
William Shakespeare	50095	The Works of William Shakespeare [Cambridge Edition] [Vol. 4 of 9]	The-Works-of-William-Shakespeare-Cambridge-Edition-Vol-4-of-9_50095	unavailable				
William Shakespeare	50559	The Works of William Shakespeare [Cambridge Edition] [Vol. 3 of 9]	The-Works-of-William-Shakespeare-Cambridge-Edition-Vol-3-of-9_50559	unavailable				
William Shakespeare	56851	Shakspeare's Mental Photographs	Shakspeare-s-Mental-Photographs_56851	fetched		51414	2a15ea33a0c483f572e1839cce20af4258a7aa26135f145a19ff0ef1954ab582	56851-0.txt
William Shakespeare	64102	Flowers from Shakespeare's Garden: A Posy from the Plays	Flowers-from-Shakespeare-s-Garden-A-Posy-from-the-Plays_64102	fetched		25170	cd9d3df0a45a078498883b5f6b7520f726a40193c702e1f650f2b313d23104d3	64102-0.txt
William Wordsworth	8774	Poems in Two Volumes, Volume 1	Poems-in-Two-Volumes-Volume-1_8774	fetched		106961	ff77bf6bb105bd0686d92cd82cdbfef4eceadf63733f75db85e921b7e27c0f87	8774.txt
William Wordsworth	8824	Poems in Two Volumes, Volume 2	Poems-in-Two-Volumes-Volume-2_8824	fetched		113634	8860911fbcff4b9828a1e8622693dac6378e1d8f8ba3c64902d353ea4190213c	8824.txt
William Wordsworth	8905	Lyrical Ballads, with Other Poems, 1800, Volume 1	Lyrical-Ballads-with-Other-Poems-1800-Volume-1_8905	fetched		181423	b4c91491ff68f9753513b595ad33ca2884ee4d61e3a3816aa52cda0fb8e7077e	8905-8.txt
William Wordsworth	8912	Lyrical Ballads with Other Poems, 1800, Volume 2	Lyrical-Ballads-with-Other-Poems-1800-Volume-2_8912	fetched		159261	dc6e03ba93aa5f2154013a48fbd651aa345223d3bc496aa2316a3333a0f0d1d3	8912.txt
William Wordsworth	9622	Lyrical Ballads, With a Few Other Poems (1798)	Lyrical-Ballads-With-a-Few-Other-Poems-1798_9622	unavailable				
William Wordsworth	10219	The Poetical Works of William Wordsworth — Volume 1 (of 8)	The-Poetical-Works-of-William-Wordsworth-Volume-1-of-8_10219	unavailable				
William Wordsworth	12145	The Poetical Works of William Wordsworth — Volume 2 (of 8)	The-Poetical-Works-of-William-Wordsworth-Volume-2-of-8_12145	unavailable				
William Wordsworth	12383	The Poetical Works of William Wordsworth — Volume 3 (of 8)	The-Poetical-Works-of-William-Wordsworth-Volume-3-of-8_12383	unavailable				
William Wordsworth	14952	Selections from Wordsworth and Tennyson	Selections-from-Wordsworth-and-Tennyson_14952	fetched		276274	363672c830b613772e061ac3f0414112eca90cd035426ef29a5898cdcf94bd6f	14952.txt
William Wordsworth	16550	The Prose Works of William Wordsworth	The-Prose-Works-of-William-Wordsworth_16550	unavailable				
William Wordsworth	32459	The Poetical Works of William Wordsworth — Volume 4 (of 8)	The-Poetical-Works-of-William-Wordsworth-Volume-4-of-8_32459	unavailable				
William Wordsworth	47143	The Poetical Works of William Wordsworth — Volume 7 (of 8)	The-Poetical-Works-of-William-Wordsworth-Volume-7-of-8_47143	unavailable				
William Wordsworth	47651	The Poetical Works of William Wordsworth — Volume 6 (of 8)	The-Poetical-Works-of-William-Wordsworth-Volume-6-of-8_47651	unavailable				
William Wordsworth	52836	The Poetical Works of William Wordsworth — Volume 8 (of 8)	The-Poetical-Works-of-William-Wordsworth-Volume-8-of-8_52836	fetched		926087	93ead6e227e43f6039edfaac63a1c464ffa0f915a0f17ce0c6e7b226f9b76741	52836-0.txt
William Wordsworth	56361	The Poetical Works of William Wordsworth — Volume 5 (of 8)	The-Poetical-Works-of-William-Wordsworth-Volume-5-of-8_56361	fetched		840734	c41d5cfd4d42b073b17773fd52223c0af9e9a469bd599abd92f6a9a31f214618	56361-0.txt
Woodrow Wilson	5034	State of the Union Addresses	State-of-the-Union-Addresses_5034	fetched		225741	619937bc67255756866737e90996c1797775f88f280fe6eab08c600f81f039ca	5034.txt
Woodrow Wilson	5068	On Being Human	On-Being-Human_5068	fetched		53625	732dec22b2ef486be10b7a79990a43b1bf6570601dc9382328da0f1e03a3668c	5068.txt
Woodrow Wilson	5078	When a Man Comes to Himself	When-a-Man-Comes-to-Himself_5078	fetched		42015	8a086f69aca14df01a136151469de8a3a6e8e58112966a8b06c72a93649832bf	5078.txt
Woodrow Wilson	6870	Why We Are at War : Messages to the Congress January to April 1917	Why-We-Are-at-War-Messages-to-the-Congress-January-to-April-1917_6870	unavailable				
Woodrow Wilson	14811	The New Freedom: A Call For the Emancipation of the Generous Energies of a People	The-New-Freedom-A-Call-For-the-Emancipation-of-the-Generous-Energies-of-a-People_14811	unavailable				
Woodrow Wilson	17418	The Black Pearl	The-Black-Pearl_17418	fetched		501349	11f6dccf5fd239bfad4c5cc9b259c1e697031713400505b9d1c3eff600ba6c9f	17418.txt
Woodrow Wilson	17427	President Wilson's Addresses	President-Wilson-s-Addresses_17427	fetched		574619	594c9186050f33c2909fb8e0fdf3344dcf1aa60b002ff3704516c9ba8dd2bc7d	17427.txt
Woodrow Wilson	24668	In Our First Year of the War	In-Our-First-Year-of-the-War_24668	unavailable				
Woodrow Wilson	25820	The Silver Butterfly	The-Silver-Butterfly_25820	fetched		339056	69e59582d9c98f4353e9b1b32508fa556c16d75fa902feb09857ded27d9fcb84	25820-8.txt
Woodrow Wilson	35861	Congressional Government: A Study in American Politics	Congressional-Government-A-Study-in-American-Politics_35861	unavailable				
Woodrow Wilson	37549	The Beauty	The-Beauty_37549	fetched		356946	1d9e5554ba73600c60058f6360a515d40a9de5d1d7337d69a8251a03fad61ef3	37549-8.txt
Woodrow Wilson	59019	The Road Away from Revolution	The-Road-Away-from-Revolution_59019	fetched		27354	fcfbf079ef2d48bf7b1b9d1762236c5b7cfa3de375f99c178dccfb252341bb16	59019-0.txt
Woodrow Wilson	66074	Mere Literature, and Other Essays	Mere-Literature-and-Other-Essays_66074	fetched		342827	1d4d40c1b6ee4cdedf0a7eb33fa68382c39cd95aa6557746d1d937721a07e053	66074-0.txt
